news_date,n_articles,n_pred_climate,climate_share,climate_intensity_mean,climate_intensity_sum,log_n_articles,log_n_pred_climate,log_climate_intensity_sum,is_core_climate,is_policy_regulation,is_physical_risk,is_energy_geopolitics,is_cleantech,is_activism_litigation
2015-02-18,4,1,0.25,0.25159535,1.0063814,1.6094379124341003,0.6931471805599453,0.6963328,1.0,0.0,0.0,0.5,0.0,0.0
2015-02-19,3,2,0.6666666666666666,0.66896653,2.0068996,1.3862943611198906,1.0986122886681098,1.1009095,1.0,0.0,0.0,0.0,0.0,0.0
2015-02-20,2,2,1.0,0.9992551,1.9985102,1.0986122886681098,1.0986122886681098,1.0981156,1.0,0.0,0.0,0.5,0.0,0.0
2015-02-21,4,2,0.5,0.498187,1.992748,1.6094379124341003,1.0986122886681098,1.0961921,0.75,0.0,0.25,0.25,0.0,0.0
2015-02-22,1,0,0.0,0.018276349,0.018276349,0.6931471805599453,0.0,0.018111344,0.0,0.0,1.0,0.0,0.0,0.0
2015-02-23,2,1,0.5,0.49492192,0.98984385,1.0986122886681098,0.6931471805599453,0.6880562,0.0,0.0,1.0,0.0,0.0,0.0
2015-02-24,4,0,0.0,0.0021651073,0.008660429,1.6094379124341003,0.0,0.008623143,0.0,0.0,1.0,0.0,0.0,0.0
2015-03-10,4,3,0.75,0.78505844,3.1402338,1.6094379124341003,1.3862943611198906,1.4207523,1.0,1.0,0.5,1.0,0.0,0.0
2015-03-11,2,1,0.5,0.71237326,1.4247465,1.0986122886681098,0.6931471805599453,0.885727,0.5,0.5,0.5,0.5,0.5,0.0
2015-03-12,5,4,0.8,0.80739677,4.036984,1.791759469228055,1.6094379124341003,1.6168075,1.0,0.2,0.4,0.2,0.0,0.0
2015-03-13,2,2,1.0,0.9981785,1.996357,1.0986122886681098,1.0986122886681098,1.0973972,1.0,0.5,0.5,0.5,0.0,0.0
2015-03-15,3,1,0.3333333333333333,0.3276188,0.9828564,1.3862943611198906,0.6931471805599453,0.6845384,0.0,0.0,1.0,0.0,0.0,0.0
2015-03-17,2,1,0.5,0.5651252,1.1302505,1.0986122886681098,0.6931471805599453,0.75623953,1.0,0.5,0.0,0.0,0.0,0.0
2015-03-18,2,1,0.5,0.500397,1.000794,1.0986122886681098,0.6931471805599453,0.69354415,0.5,0.0,1.0,0.0,0.0,0.0
2015-03-19,1,1,1.0,0.9996063,0.9996063,0.6931471805599453,0.6931471805599453,0.6929503,1.0,0.0,0.0,0.0,0.0,0.0
2015-03-20,2,1,0.5,0.5588281,1.1176562,1.0986122886681098,0.6931471805599453,0.75030994,0.5,0.0,0.5,0.0,0.0,0.0
2015-03-21,2,1,0.5,0.50069207,1.0013841,1.0986122886681098,0.6931471805599453,0.693839,1.0,0.0,0.5,0.0,0.0,0.0
2015-03-22,3,0,0.0,0.0011707693,0.003512308,1.3862943611198906,0.0,0.0035061543,1.0,0.0,0.0,0.0,0.0,0.0
2015-03-23,2,1,0.5,0.5011212,1.0022424,1.0986122886681098,0.6931471805599453,0.69426775,0.5,0.0,1.0,0.0,0.0,0.0
2015-03-24,2,2,1.0,0.9993311,1.9986622,1.0986122886681098,1.0986122886681098,1.0981662,1.0,0.5,1.0,0.5,0.5,0.0
2015-03-25,5,3,0.6,0.5995404,2.9977021,1.791759469228055,1.3862943611198906,1.3857198,0.6,0.2,0.8,0.2,0.2,0.0
2015-03-26,5,2,0.4,0.39956644,1.9978322,1.791759469228055,1.0986122886681098,1.0978894,0.6,0.4,0.6,0.0,0.2,0.0
2015-03-27,1,1,1.0,0.9990395,0.9990395,0.6931471805599453,0.6931471805599453,0.6926668,1.0,0.0,0.0,1.0,0.0,0.0
2015-03-28,1,0,0.0,0.0011453076,0.0011453076,0.6931471805599453,0.0,0.0011446521,0.0,0.0,1.0,0.0,0.0,0.0
2015-03-29,2,2,1.0,0.9965217,1.9930434,1.0986122886681098,1.0986122886681098,1.0962907,1.0,0.5,0.5,0.0,0.0,0.0
2015-03-30,1,0,0.0,0.0011170034,0.0011170034,0.6931471805599453,0.0,0.00111638,0.0,0.0,1.0,0.0,0.0,0.0
2015-03-31,1,0,0.0,0.0010923565,0.0010923565,0.6931471805599453,0.0,0.0010917604,0.0,0.0,1.0,0.0,0.0,0.0
2015-04-01,3,0,0.0,0.0010930919,0.0032792757,1.3862943611198906,0.0,0.0032739106,0.0,0.0,1.0,0.0,0.0,0.0
2015-04-02,4,0,0.0,0.0016778713,0.0067114853,1.6094379124341003,0.0,0.0066890637,0.0,0.0,1.0,0.0,0.0,0.0
2015-04-03,4,2,0.5,0.47469658,1.8987863,1.6094379124341003,1.0986122886681098,1.0642922,0.25,0.25,1.0,0.0,0.0,0.0
2015-04-04,1,0,0.0,0.0030633146,0.0030633146,0.6931471805599453,0.0,0.0030586321,1.0,0.0,0.0,0.0,0.0,0.0
2015-04-06,2,1,0.5,0.43770313,0.87540627,1.0986122886681098,0.6931471805599453,0.6288253,0.5,0.0,1.0,0.0,0.0,0.0
2015-04-07,1,1,1.0,0.9995327,0.9995327,0.6931471805599453,0.6931471805599453,0.69291353,1.0,1.0,0.0,0.0,0.0,0.0
2015-04-08,4,1,0.25,0.25141814,1.0056726,1.6094379124341003,0.6931471805599453,0.6959795,0.75,0.5,0.25,0.0,0.0,0.0
2015-04-09,2,1,0.5,0.5061896,1.0123792,1.0986122886681098,0.6931471805599453,0.6993177,0.5,0.5,0.5,0.0,0.0,0.0
2015-04-10,4,2,0.5,0.58566606,2.3426642,1.6094379124341003,1.0986122886681098,1.2067682,0.25,0.25,0.75,0.0,0.25,0.0
2015-04-11,2,2,1.0,0.9992451,1.9984902,1.0986122886681098,1.0986122886681098,1.0981089,1.0,0.5,0.0,0.0,0.0,0.0
2015-04-12,2,2,1.0,0.8193077,1.6386154,1.0986122886681098,1.0986122886681098,0.9702543,0.5,0.5,1.0,0.5,0.5,0.0
2015-04-13,1,0,0.0,0.0027470915,0.0027470915,0.6931471805599453,0.0,0.0027433252,1.0,1.0,0.0,1.0,1.0,0.0
2015-04-16,3,2,0.6666666666666666,0.71780366,2.153411,1.3862943611198906,1.0986122886681098,1.1484847,0.6666666666666666,0.3333333333333333,0.6666666666666666,0.3333333333333333,0.0,0.0
2015-04-17,5,3,0.6,0.6117236,3.058618,1.791759469228055,1.3862943611198906,1.4008425,1.0,0.4,0.8,0.4,0.4,0.0
2015-04-18,3,3,1.0,0.999578,2.998734,1.3862943611198906,1.3862943611198906,1.3859779,1.0,1.0,0.6666666666666666,0.6666666666666666,0.0,0.0
2015-04-20,4,2,0.5,0.5247987,2.0991948,1.6094379124341003,1.0986122886681098,1.1311424,0.75,0.25,0.25,0.25,0.0,0.0
2015-04-21,1,0,0.0,0.003827557,0.003827557,0.6931471805599453,0.0,0.0038202505,0.0,0.0,1.0,0.0,0.0,0.0
2015-04-22,1,0,0.0,0.0024040889,0.0024040889,0.6931471805599453,0.0,0.0024012036,1.0,1.0,1.0,1.0,0.0,0.0
2015-04-23,2,0,0.0,0.0035671983,0.0071343966,1.0986122886681098,0.0,0.0071090674,0.0,0.0,1.0,0.0,0.5,0.0
2015-04-24,1,1,1.0,0.9995289,0.9995289,0.6931471805599453,0.6931471805599453,0.6929116,1.0,1.0,1.0,1.0,1.0,0.0
2015-04-25,1,0,0.0,0.1723851,0.1723851,0.6931471805599453,0.0,0.15904021,0.0,0.0,1.0,0.0,0.0,0.0
2015-04-26,1,1,1.0,0.99927527,0.99927527,0.6931471805599453,0.6931471805599453,0.6927847,1.0,0.0,0.0,0.0,0.0,0.0
2015-04-27,2,1,0.5,0.4999859,0.9999718,1.0986122886681098,0.6931471805599453,0.69313306,1.0,0.0,0.5,0.0,0.0,0.0
2015-04-28,2,0,0.0,0.017103259,0.034206517,1.0986122886681098,0.0,0.033634484,0.5,0.0,1.0,0.0,0.0,0.0
2015-04-29,4,0,0.0,0.00362221,0.01448884,1.6094379124341003,0.0,0.01438488,0.0,0.0,1.0,0.0,0.0,0.0
2015-04-30,1,1,1.0,0.9996176,0.9996176,0.6931471805599453,0.6931471805599453,0.692956,1.0,0.0,1.0,0.0,0.0,0.0
2015-05-01,4,3,0.75,0.7088191,2.8352764,1.6094379124341003,1.3862943611198906,1.3442415,0.5,0.5,0.75,0.25,0.0,0.0
2015-05-02,2,0,0.0,0.0014461983,0.0028923966,1.0986122886681098,0.0,0.0028882218,0.0,0.0,1.0,0.0,0.0,0.0
2015-05-03,4,2,0.5,0.49436525,1.977461,1.6094379124341003,1.0986122886681098,1.0910709,1.0,0.5,0.75,0.25,0.25,0.0
2015-05-04,4,2,0.5,0.5006313,2.002525,1.6094379124341003,1.0986122886681098,1.0994537,0.0,0.0,1.0,0.0,0.0,0.0
2015-05-05,4,2,0.5,0.4762811,1.9051244,1.6094379124341003,1.0986122886681098,1.0664762,0.25,0.25,0.75,0.25,0.0,0.0
2015-05-06,1,1,1.0,0.9996141,0.9996141,0.6931471805599453,0.6931471805599453,0.69295424,1.0,0.0,1.0,0.0,0.0,0.0
2015-05-07,1,0,0.0,0.012488404,0.012488404,0.6931471805599453,0.0,0.012411067,0.0,1.0,1.0,1.0,0.0,0.0
2015-05-12,1,0,0.0,0.004890343,0.004890343,0.6931471805599453,0.0,0.004878424,1.0,0.0,0.0,0.0,0.0,0.0
2015-05-14,2,2,1.0,0.99892986,1.9978597,1.0986122886681098,1.0986122886681098,1.0978986,1.0,1.0,0.0,0.0,0.0,0.0
2015-05-15,3,1,0.3333333333333333,0.33490965,1.0047289,1.3862943611198906,0.6931471805599453,0.69550884,0.6666666666666666,0.3333333333333333,0.6666666666666666,0.0,0.0,0.0
2015-05-16,2,0,0.0,0.002966619,0.005933238,1.0986122886681098,0.0,0.005915706,0.0,0.0,1.0,0.0,0.0,0.0
2015-05-17,8,6,0.75,0.80235624,6.41885,2.1972245773362196,1.9459101490553132,2.004024,0.875,0.75,0.25,0.0,0.0,0.0
2015-05-18,4,0,0.0,0.0044382717,0.017753087,1.6094379124341003,0.0,0.017597342,0.25,0.0,0.75,0.0,0.0,0.0
2015-05-19,2,1,0.5,0.5543345,1.108669,1.0986122886681098,0.6931471805599453,0.746057,0.5,0.5,0.5,0.0,0.0,0.0
2015-05-20,3,2,0.6666666666666666,0.6675732,2.0027196,1.3862943611198906,1.0986122886681098,1.0995184,0.6666666666666666,0.3333333333333333,0.3333333333333333,0.3333333333333333,0.3333333333333333,0.0
2015-05-21,2,0,0.0,0.0015229327,0.0030458653,1.0986122886681098,0.0,0.0030412362,0.0,0.0,1.0,0.0,0.0,0.0
2015-05-22,1,1,1.0,0.9995147,0.9995147,0.6931471805599453,0.6931471805599453,0.69290453,1.0,0.0,1.0,0.0,0.0,0.0
2015-05-24,1,1,1.0,0.9991561,0.9991561,0.6931471805599453,0.6931471805599453,0.6927252,1.0,0.0,0.0,0.0,0.0,0.0
2015-05-27,3,0,0.0,0.10443595,0.31330785,1.3862943611198906,0.0,0.27254903,0.3333333333333333,0.0,1.0,0.0,0.0,0.0
2015-05-29,1,0,0.0,0.0010728167,0.0010728167,0.6931471805599453,0.0,0.0010722416,0.0,0.0,1.0,0.0,0.0,0.0
2015-05-30,1,0,0.0,0.38027686,0.38027686,0.6931471805599453,0.0,0.3222841,1.0,0.0,0.0,0.0,0.0,0.0
2015-05-31,4,2,0.5,0.5006958,2.0027833,1.6094379124341003,1.0986122886681098,1.0995396,0.75,0.25,1.0,0.0,0.0,0.0
2015-06-01,2,2,1.0,0.999244,1.998488,1.0986122886681098,1.0986122886681098,1.0981082,0.0,0.0,1.0,0.0,0.5,0.0
2015-06-02,4,1,0.25,0.35215288,1.4086115,1.6094379124341003,0.6931471805599453,0.8790505,0.75,0.0,0.25,0.0,0.0,0.0
2015-06-03,1,0,0.0,0.0039904094,0.0039904094,0.6931471805599453,0.0,0.003982469,1.0,1.0,0.0,1.0,1.0,0.0
2015-06-06,3,1,0.3333333333333333,0.3935953,1.1807859,1.3862943611198906,0.6931471805599453,0.7796853,0.3333333333333333,0.0,0.6666666666666666,0.0,0.0,0.0
2015-06-07,1,0,0.0,0.1034727,0.1034727,0.6931471805599453,0.0,0.09846221,1.0,0.0,1.0,0.0,1.0,0.0
2015-06-08,3,2,0.6666666666666666,0.64913505,1.9474051,1.3862943611198906,1.0986122886681098,1.0809252,0.6666666666666666,0.3333333333333333,0.6666666666666666,0.0,0.0,0.0
2015-06-09,1,0,0.0,0.002835165,0.002835165,0.6931471805599453,0.0,0.0028311536,0.0,0.0,1.0,0.0,0.0,0.0
2015-06-10,5,1,0.2,0.23186867,1.1593434,1.791759469228055,0.6931471805599453,0.7698042,0.4,0.2,0.6,0.2,0.2,0.0
2015-06-11,4,2,0.5,0.5003172,2.0012689,1.6094379124341003,1.0986122886681098,1.0990351,0.5,0.25,0.75,0.0,0.0,0.0
2015-06-12,3,0,0.0,0.0076326653,0.022897996,1.3862943611198906,0.0,0.022639772,0.3333333333333333,0.6666666666666666,0.6666666666666666,0.6666666666666666,0.0,0.0
2015-06-13,1,0,0.0,0.0057203607,0.0057203607,0.6931471805599453,0.0,0.0057040616,0.0,1.0,1.0,1.0,0.0,0.0
2015-06-16,1,0,0.0,0.0023906026,0.0023906026,0.6931471805599453,0.0,0.0023877497,0.0,0.0,1.0,0.0,0.0,0.0
2015-06-17,1,0,0.0,0.0011192582,0.0011192582,0.6931471805599453,0.0,0.0011186324,0.0,0.0,1.0,0.0,0.0,0.0
2015-06-18,1,1,1.0,0.99958116,0.99958116,0.6931471805599453,0.6931471805599453,0.69293773,1.0,1.0,1.0,1.0,1.0,0.0
2015-06-19,2,0,0.0,0.0019772444,0.003954489,1.0986122886681098,0.0,0.0039466904,0.0,0.0,1.0,0.0,0.0,0.0
2015-06-21,4,2,0.5,0.4728476,1.8913904,1.6094379124341003,1.0986122886681098,1.0617375,0.5,0.25,0.75,0.25,0.0,0.0
2015-06-22,4,3,0.75,0.7488339,2.9953356,1.6094379124341003,1.3862943611198906,1.3851275,0.75,0.75,0.25,0.0,0.0,0.0
2015-06-23,3,3,1.0,0.97098994,2.9129698,1.3862943611198906,1.3862943611198906,1.3642967,0.3333333333333333,1.0,0.6666666666666666,0.6666666666666666,0.0,0.0
2015-06-24,1,1,1.0,0.9975908,0.9975908,0.6931471805599453,0.6931471805599453,0.69194186,1.0,1.0,1.0,1.0,0.0,0.0
2015-06-28,1,1,1.0,0.99961495,0.99961495,0.6931471805599453,0.6931471805599453,0.69295466,1.0,0.0,1.0,0.0,0.0,0.0
2015-06-29,1,0,0.0,0.0012843608,0.0012843608,0.6931471805599453,0.0,0.0012835367,1.0,0.0,1.0,0.0,0.0,0.0
2015-06-30,2,2,1.0,0.99960524,1.9992105,1.0986122886681098,1.0986122886681098,1.0983491,1.0,0.5,1.0,0.5,0.0,0.0
2015-07-01,4,3,0.75,0.66831005,2.6732402,1.6094379124341003,1.3862943611198906,1.3010741,0.75,0.75,0.75,0.0,0.0,0.0
2015-07-02,2,1,0.5,0.5006864,1.0013728,1.0986122886681098,0.6931471805599453,0.69383335,0.5,0.5,1.0,0.0,0.0,0.0
2015-07-03,1,0,0.0,0.037612572,0.037612572,0.6931471805599453,0.0,0.03692247,1.0,1.0,1.0,0.0,0.0,0.0
2015-07-04,1,1,1.0,0.9995271,0.9995271,0.6931471805599453,0.6931471805599453,0.69291073,1.0,1.0,1.0,1.0,1.0,0.0
2015-07-06,4,3,0.75,0.6345001,2.5380003,1.6094379124341003,1.3862943611198906,1.2635617,0.75,0.25,0.25,0.0,0.0,0.0
2015-07-07,3,0,0.0,0.0017463049,0.005238915,1.3862943611198906,0.0,0.0052252393,0.0,0.0,1.0,0.0,0.0,0.0
2015-07-09,2,0,0.0,0.0025611417,0.0051222835,1.0986122886681098,0.0,0.005109209,0.0,1.0,1.0,0.0,0.0,0.0
2015-07-10,5,3,0.6,0.40175408,2.0087705,1.791759469228055,1.3862943611198906,1.1015315,1.0,0.8,0.2,0.8,0.0,0.0
2015-07-11,3,0,0.0,0.0022259154,0.0066777463,1.3862943611198906,0.0,0.0066555487,0.3333333333333333,0.6666666666666666,0.6666666666666666,0.6666666666666666,0.0,0.0
2015-07-12,1,1,1.0,0.99937147,0.99937147,0.6931471805599453,0.6931471805599453,0.6928329,0.0,1.0,1.0,0.0,0.0,0.0
2015-07-13,1,0,0.0,0.0026785922,0.0026785922,0.6931471805599453,0.0,0.0026750113,0.0,0.0,1.0,0.0,0.0,0.0
2015-07-14,3,1,0.3333333333333333,0.39594603,1.1878381,1.3862943611198906,0.6931471805599453,0.78291386,0.3333333333333333,0.0,0.6666666666666666,0.0,0.0,0.0
2015-07-15,3,2,0.6666666666666666,0.66599,1.99797,1.3862943611198906,1.0986122886681098,1.0979354,1.0,1.0,0.0,0.0,0.0,0.0
2015-07-16,1,1,1.0,0.99953866,0.99953866,0.6931471805599453,0.6931471805599453,0.6929165,1.0,1.0,0.0,0.0,0.0,0.0
2015-07-17,1,1,1.0,0.99943954,0.99943954,0.6931471805599453,0.6931471805599453,0.6928669,1.0,1.0,0.0,1.0,0.0,0.0
2015-07-18,4,1,0.25,0.25132248,1.0052899,1.6094379124341003,0.6931471805599453,0.6957886,0.25,0.5,1.0,0.0,0.25,0.0
2015-07-19,2,1,0.5,0.7268912,1.4537824,1.0986122886681098,0.6931471805599453,0.8976307,1.0,1.0,0.5,0.5,0.0,0.0
2015-07-21,3,1,0.3333333333333333,0.33404326,1.0021298,1.3862943611198906,0.6931471805599453,0.6942115,0.3333333333333333,0.0,1.0,0.0,0.0,0.0
2015-07-22,2,1,0.5,0.5004902,1.0009804,1.0986122886681098,0.6931471805599453,0.69363725,0.5,0.5,1.0,0.0,0.0,0.0
2015-07-24,3,0,0.0,0.23451091,0.70353276,1.3862943611198906,0.0,0.5327042,0.3333333333333333,0.6666666666666666,1.0,0.0,0.0,0.0
2015-07-25,1,0,0.0,0.0011881054,0.0011881054,0.6931471805599453,0.0,0.0011874002,1.0,1.0,0.0,0.0,0.0,0.0
2015-07-26,1,1,1.0,0.99674666,0.99674666,0.6931471805599453,0.6931471805599453,0.6915192,1.0,1.0,1.0,0.0,0.0,0.0
2015-07-27,1,0,0.0,0.0010694625,0.0010694625,0.6931471805599453,0.0,0.001068891,0.0,0.0,1.0,0.0,0.0,0.0
2015-07-29,1,1,1.0,0.9994413,0.9994413,0.6931471805599453,0.6931471805599453,0.6928678,1.0,1.0,0.0,1.0,0.0,0.0
2015-07-30,1,1,1.0,0.99963844,0.99963844,0.6931471805599453,0.6931471805599453,0.6929664,1.0,1.0,1.0,0.0,0.0,0.0
2015-08-05,1,0,0.0,0.0018458237,0.0018458237,0.6931471805599453,0.0,0.0018441223,0.0,0.0,1.0,0.0,0.0,0.0
2015-08-06,2,1,0.5,0.5002186,1.0004371,1.0986122886681098,0.6931471805599453,0.69336575,0.5,0.5,0.5,0.0,0.5,0.0
2015-08-07,1,0,0.0,0.0013464347,0.0013464347,0.6931471805599453,0.0,0.0013455291,0.0,1.0,1.0,0.0,0.0,0.0
2015-08-09,2,0,0.0,0.003472881,0.006945762,1.0986122886681098,0.0,0.006921751,1.0,0.0,0.0,0.0,0.0,0.0
2015-08-10,1,1,1.0,0.9993487,0.9993487,0.6931471805599453,0.6931471805599453,0.6928215,1.0,1.0,0.0,0.0,0.0,0.0
2015-08-12,1,1,1.0,0.98316526,0.98316526,0.6931471805599453,0.6931471805599453,0.6846942,1.0,1.0,1.0,0.0,0.0,0.0
2015-08-13,2,2,1.0,0.9966348,1.9932696,1.0986122886681098,1.0986122886681098,1.0963663,1.0,0.5,0.5,0.0,0.0,0.0
2015-08-14,2,0,0.0,0.0010511633,0.0021023266,1.0986122886681098,0.0,0.0021001198,1.0,1.0,0.0,0.0,1.0,0.0
2015-08-16,1,0,0.0,0.0011682665,0.0011682665,0.6931471805599453,0.0,0.0011675847,0.0,0.0,1.0,0.0,0.0,0.0
2015-08-17,1,0,0.0,0.028134692,0.028134692,0.6931471805599453,0.0,0.027746182,1.0,1.0,1.0,1.0,1.0,0.0
2015-08-18,2,2,1.0,0.9996208,1.9992416,1.0986122886681098,1.0986122886681098,1.0983595,1.0,1.0,0.5,0.0,0.0,0.0
2015-08-19,1,1,1.0,0.99938285,0.99938285,0.6931471805599453,0.6931471805599453,0.69283855,1.0,1.0,0.0,0.0,1.0,0.0
2015-08-22,1,0,0.0,0.0035364188,0.0035364188,0.6931471805599453,0.0,0.0035301803,0.0,0.0,1.0,0.0,1.0,0.0
2015-08-24,1,1,1.0,0.9986241,0.9986241,0.6931471805599453,0.6931471805599453,0.692459,1.0,1.0,1.0,0.0,0.0,0.0
2015-08-26,4,4,1.0,0.9969407,3.9877627,1.6094379124341003,1.6094379124341003,1.6069875,0.5,1.0,0.75,0.75,0.0,0.0
2015-08-27,1,1,1.0,0.9994273,0.9994273,0.6931471805599453,0.6931471805599453,0.6928608,1.0,1.0,1.0,0.0,0.0,0.0
2015-08-28,2,1,0.5,0.55619293,1.1123859,1.0986122886681098,0.6931471805599453,0.74781805,0.0,0.0,1.0,0.0,0.0,0.0
2015-08-30,2,0,0.0,0.03154066,0.06308132,1.0986122886681098,0.0,0.06117159,0.5,0.5,1.0,0.0,0.0,0.0
2015-09-01,3,1,0.3333333333333333,0.38633665,1.1590099,1.3862943611198906,0.6931471805599453,0.76964974,0.6666666666666666,0.0,0.6666666666666666,0.0,0.0,0.0
2015-09-02,3,0,0.0,0.004507233,0.013521699,1.3862943611198906,0.0,0.013431096,0.0,0.0,1.0,0.0,0.0,0.0
2015-09-03,2,1,0.5,0.4999824,0.9999648,1.0986122886681098,0.6931471805599453,0.69312954,0.5,0.5,0.5,0.0,0.0,0.0
2015-09-04,4,4,1.0,0.8911971,3.5647883,1.6094379124341003,1.6094379124341003,1.5183722,0.5,0.25,0.75,0.5,0.5,0.0
2015-09-05,1,0,0.0,0.0074481475,0.0074481475,0.6931471805599453,0.0,0.007420547,1.0,1.0,1.0,0.0,0.0,0.0
2015-09-06,1,1,1.0,0.9908467,0.9908467,0.6931471805599453,0.6931471805599453,0.68856,1.0,1.0,1.0,0.0,0.0,0.0
2015-09-07,1,0,0.0,0.0012508692,0.0012508692,0.6931471805599453,0.0,0.0012500875,0.0,0.0,1.0,0.0,0.0,0.0
2015-09-13,1,0,0.0,0.002805723,0.002805723,0.6931471805599453,0.0,0.0028017943,1.0,0.0,0.0,0.0,0.0,0.0
2015-09-14,1,1,1.0,0.9995635,0.9995635,0.6931471805599453,0.6931471805599453,0.6929289,1.0,0.0,1.0,0.0,0.0,0.0
2015-09-18,3,1,0.3333333333333333,0.3346654,1.0039961,1.3862943611198906,0.6931471805599453,0.6951433,0.3333333333333333,0.0,0.6666666666666666,0.0,0.0,0.0
2015-09-19,1,0,0.0,0.0054433,0.0054433,0.6931471805599453,0.0,0.005428539,0.0,0.0,1.0,0.0,0.0,0.0
2015-09-21,1,1,1.0,0.9818981,0.9818981,0.6931471805599453,0.6931471805599453,0.68405503,0.0,0.0,1.0,0.0,0.0,0.0
2015-09-23,4,3,0.75,0.76187414,3.0474966,1.6094379124341003,1.3862943611198906,1.3980986,1.0,0.75,0.25,0.25,0.25,0.0
2015-09-24,1,1,1.0,0.9995802,0.9995802,0.6931471805599453,0.6931471805599453,0.69293725,1.0,0.0,1.0,0.0,0.0,0.0
2015-09-26,1,1,1.0,0.9996227,0.9996227,0.6931471805599453,0.6931471805599453,0.69295853,1.0,1.0,1.0,0.0,0.0,0.0
2015-09-28,3,1,0.3333333333333333,0.4259304,1.2777913,1.3862943611198906,0.6931471805599453,0.82320625,0.6666666666666666,0.0,0.3333333333333333,0.0,0.0,0.0
2015-09-30,1,0,0.0,0.0017008715,0.0017008715,0.6931471805599453,0.0,0.0016994267,0.0,0.0,1.0,0.0,0.0,0.0
2015-10-01,6,0,0.0,0.0027761597,0.016656958,1.9459101490553132,0.0,0.016519751,0.8333333333333334,0.5,0.6666666666666666,0.0,0.0,0.0
2015-10-03,1,1,1.0,0.945398,0.945398,0.6931471805599453,0.6931471805599453,0.66546655,1.0,0.0,0.0,0.0,0.0,0.0
2015-10-04,2,0,0.0,0.050219197,0.10043839,1.0986122886681098,0.0,0.09570864,0.0,0.0,1.0,0.0,0.0,0.0
2015-10-06,1,0,0.0,0.001529163,0.001529163,0.6931471805599453,0.0,0.001527995,0.0,0.0,1.0,0.0,0.0,0.0
2015-10-07,1,0,0.0,0.002544915,0.002544915,0.6931471805599453,0.0,0.0025416822,0.0,0.0,1.0,0.0,0.0,0.0
2015-10-08,1,0,0.0,0.046521697,0.046521697,0.6931471805599453,0.0,0.045471996,0.0,0.0,1.0,0.0,0.0,0.0
2015-10-10,2,2,1.0,0.98767364,1.9753473,1.0986122886681098,1.0986122886681098,1.0903608,0.5,1.0,0.5,0.0,0.0,0.0
2015-10-11,5,3,0.6,0.6002743,3.0013716,1.791759469228055,1.3862943611198906,1.3866372,1.0,0.6,0.2,0.0,0.0,0.0
2015-10-12,6,3,0.5,0.50089836,3.0053902,1.9459101490553132,1.3862943611198906,1.387641,0.8333333333333334,0.5,0.3333333333333333,0.0,0.0,0.0
2015-10-13,2,1,0.5,0.5003573,1.0007145,1.0986122886681098,0.6931471805599453,0.6935044,0.5,0.0,1.0,0.0,0.0,0.0
2015-10-14,1,0,0.0,0.0018538384,0.0018538384,0.6931471805599453,0.0,0.0018521223,1.0,0.0,1.0,0.0,0.0,0.0
2015-10-19,1,1,1.0,0.99847573,0.99847573,0.6931471805599453,0.6931471805599453,0.6923848,1.0,1.0,0.0,0.0,0.0,0.0
2015-10-20,1,0,0.0,0.003040696,0.003040696,0.6931471805599453,0.0,0.0030360825,1.0,0.0,1.0,0.0,0.0,0.0
2015-10-21,2,2,1.0,0.9995037,1.9990073,1.0986122886681098,1.0986122886681098,1.0982814,1.0,0.0,0.0,0.0,0.0,0.0
2015-10-22,4,3,0.75,0.7468924,2.9875696,1.6094379124341003,1.3862943611198906,1.3831819,0.75,0.75,0.75,0.5,0.75,0.0
2015-10-23,1,1,1.0,0.99932146,0.99932146,0.6931471805599453,0.6931471805599453,0.69280785,1.0,0.0,0.0,0.0,0.0,0.0
2015-10-25,3,1,0.3333333333333333,0.33457887,1.0037366,1.3862943611198906,0.6931471805599453,0.69501376,1.0,0.0,1.0,0.0,0.0,0.0
2015-10-26,1,1,1.0,0.99957246,0.99957246,0.6931471805599453,0.6931471805599453,0.6929334,1.0,1.0,1.0,0.0,0.0,0.0
2015-10-29,1,0,0.0,0.0020353051,0.0020353051,0.6931471805599453,0.0,0.0020332367,1.0,1.0,0.0,1.0,0.0,0.0
2015-10-30,1,0,0.0,0.0009657181,0.0009657181,0.6931471805599453,0.0,0.0009652521,0.0,0.0,1.0,0.0,0.0,0.0
2015-10-31,3,2,0.6666666666666666,0.54448044,1.6334413,1.3862943611198906,1.0986122886681098,0.96829146,0.6666666666666666,0.6666666666666666,0.3333333333333333,0.0,0.0,0.0
2015-11-01,1,1,1.0,0.9830983,0.9830983,0.6931471805599453,0.6931471805599453,0.68466043,1.0,0.0,0.0,0.0,0.0,0.0
2015-11-02,2,0,0.0,0.010396848,0.020793697,1.0986122886681098,0.0,0.02058046,1.0,1.0,0.0,0.0,0.0,0.0
2015-11-05,2,2,1.0,0.8805678,1.7611356,1.0986122886681098,1.0986122886681098,1.015642,0.5,0.5,0.5,0.0,0.0,0.0
2015-11-08,2,0,0.0,0.07493433,0.14986867,1.0986122886681098,0.0,0.13964772,0.0,0.5,1.0,0.5,0.0,0.0
2015-11-09,1,1,1.0,0.9991879,0.9991879,0.6931471805599453,0.6931471805599453,0.69274104,1.0,1.0,1.0,0.0,0.0,0.0
2015-11-10,2,1,0.5,0.5003336,1.0006672,1.0986122886681098,0.6931471805599453,0.69348073,0.5,0.5,1.0,0.0,0.0,0.0
2015-11-11,1,1,1.0,0.99956256,0.99956256,0.6931471805599453,0.6931471805599453,0.69292843,1.0,1.0,1.0,1.0,1.0,0.0
2015-11-12,4,2,0.5,0.608796,2.435184,1.6094379124341003,1.0986122886681098,1.2340705,0.5,0.25,0.75,0.0,0.0,0.0
2015-11-16,1,1,1.0,0.99952984,0.99952984,0.6931471805599453,0.6931471805599453,0.6929121,1.0,1.0,0.0,0.0,1.0,0.0
2015-11-17,8,5,0.625,0.6489066,5.1912527,2.1972245773362196,1.791759469228055,1.8231375,0.875,0.75,0.75,0.125,0.25,0.0
2015-11-19,1,1,1.0,0.9994856,0.9994856,0.6931471805599453,0.6931471805599453,0.6928899,1.0,1.0,0.0,0.0,1.0,0.0
2015-11-20,3,3,1.0,0.93755364,2.812661,1.3862943611198906,1.3862943611198906,1.3383274,0.3333333333333333,0.0,1.0,0.0,0.0,0.0
2015-11-21,4,3,0.75,0.76743984,3.0697594,1.6094379124341003,1.3862943611198906,1.4035839,1.0,0.75,0.5,0.0,0.25,0.0
2015-11-23,4,3,0.75,0.7544955,3.017982,1.6094379124341003,1.3862943611198906,1.3907797,0.75,0.75,1.0,0.25,0.25,0.0
2015-11-25,4,4,1.0,0.9982924,3.9931695,1.6094379124341003,1.6094379124341003,1.6080709,1.0,1.0,0.0,0.0,0.0,0.0
2015-11-26,2,1,0.5,0.5007148,1.0014296,1.0986122886681098,0.6931471805599453,0.6938617,1.0,0.0,0.0,0.0,0.0,0.0
2015-11-27,2,0,0.0,0.0022480125,0.004496025,1.0986122886681098,0.0,0.004485948,0.5,0.5,1.0,0.0,0.0,0.0
2015-11-29,3,2,0.6666666666666666,0.669497,2.008491,1.3862943611198906,1.0986122886681098,1.1014386,1.0,0.0,0.0,0.0,0.0,0.0
2015-11-30,2,2,1.0,0.99963146,1.9992629,1.0986122886681098,1.0986122886681098,1.0983666,1.0,1.0,1.0,0.0,0.0,0.0
2015-12-01,2,1,0.5,0.501698,1.003396,1.0986122886681098,0.6931471805599453,0.69484377,0.5,1.0,0.5,0.5,0.5,0.0
2015-12-02,5,2,0.4,0.4004592,2.002296,1.791759469228055,1.0986122886681098,1.0993774,1.0,0.8,0.4,0.6,0.0,0.0
2015-12-03,3,0,0.0,0.012957037,0.038871113,1.3862943611198906,0.0,0.038134657,1.0,1.0,0.0,0.6666666666666666,0.0,0.0
2015-12-04,4,3,0.75,0.6781688,2.712675,1.6094379124341003,1.3862943611198906,1.3117527,1.0,0.5,0.25,0.5,0.0,0.0
2015-12-05,4,0,0.0,0.12698361,0.50793445,1.6094379124341003,0.0,0.41074082,0.75,0.0,0.75,0.0,0.0,0.0
2015-12-06,1,1,1.0,0.97581136,0.97581136,0.6931471805599453,0.6931471805599453,0.68097913,0.0,0.0,1.0,0.0,0.0,0.0
2015-12-07,3,0,0.0,0.020240353,0.06072106,1.3862943611198906,0.0,0.05894892,0.6666666666666666,0.3333333333333333,0.6666666666666666,0.3333333333333333,0.3333333333333333,0.0
2015-12-08,1,0,0.0,0.001013003,0.001013003,0.6931471805599453,0.0,0.0010124904,1.0,1.0,0.0,0.0,0.0,0.0
2015-12-09,3,0,0.0,0.0009884831,0.0029654494,1.3862943611198906,0.0,0.0029610612,0.0,0.0,1.0,0.0,0.0,0.0
2015-12-10,3,1,0.3333333333333333,0.33360267,1.000808,1.3862943611198906,0.6931471805599453,0.6935511,0.3333333333333333,0.0,0.6666666666666666,0.0,0.0,0.0
2015-12-11,2,2,1.0,0.99958706,1.9991741,1.0986122886681098,1.0986122886681098,1.0983369,1.0,0.5,0.5,0.0,0.0,0.0
2015-12-13,3,0,0.0,0.007234665,0.021703996,1.3862943611198906,0.0,0.021471817,0.6666666666666666,0.3333333333333333,0.3333333333333333,0.0,0.0,0.0
2015-12-14,1,1,1.0,0.9996474,0.9996474,0.6931471805599453,0.6931471805599453,0.6929709,1.0,1.0,1.0,0.0,0.0,0.0
2015-12-17,3,1,0.3333333333333333,0.3343034,1.0029103,1.3862943611198906,0.6931471805599453,0.69460124,0.6666666666666666,0.3333333333333333,0.6666666666666666,0.0,0.0,0.0
2015-12-18,1,1,1.0,0.99963343,0.99963343,0.6931471805599453,0.6931471805599453,0.6929639,1.0,1.0,1.0,0.0,0.0,0.0
2015-12-19,1,0,0.0,0.00406707,0.00406707,0.6931471805599453,0.0,0.0040588216,0.0,1.0,1.0,0.0,0.0,0.0
2015-12-20,2,1,0.5,0.27445212,0.54890424,1.0986122886681098,0.6931471805599453,0.43754774,0.0,0.5,1.0,0.0,0.0,0.0
2015-12-21,2,1,0.5,0.5010008,1.0020016,1.0986122886681098,0.6931471805599453,0.6941475,0.5,1.0,0.5,0.0,0.5,0.0
2015-12-22,4,3,0.75,0.7097839,2.8391356,1.6094379124341003,1.3862943611198906,1.3452473,0.75,0.75,0.75,0.25,0.25,0.0
2015-12-24,1,0,0.0,0.001337905,0.001337905,0.6931471805599453,0.0,0.0013370108,0.0,0.0,1.0,0.0,0.0,0.0
2015-12-25,1,0,0.0,0.0033287895,0.0033287895,0.6931471805599453,0.0,0.0033232614,0.0,1.0,1.0,1.0,0.0,0.0
2015-12-26,1,1,1.0,0.76509994,0.76509994,0.6931471805599453,0.6931471805599453,0.5682073,0.0,1.0,1.0,0.0,0.0,0.0
2015-12-27,1,1,1.0,0.9979755,0.9979755,0.6931471805599453,0.6931471805599453,0.69213444,1.0,0.0,1.0,0.0,0.0,0.0
2015-12-30,5,2,0.4,0.3928622,1.964311,1.791759469228055,1.0986122886681098,1.0866446,0.2,0.2,1.0,0.4,0.2,0.0
2015-12-31,3,0,0.0,0.0012330035,0.0036990102,1.3862943611198906,0.0,0.0036921857,0.3333333333333333,0.6666666666666666,0.6666666666666666,0.0,0.0,0.0
2016-01-01,1,1,1.0,0.5632551,0.5632551,0.6931471805599453,0.6931471805599453,0.44677025,0.0,0.0,1.0,0.0,1.0,0.0
2016-01-04,3,1,0.3333333333333333,0.48212448,1.4463735,1.3862943611198906,0.6931471805599453,0.8946067,0.6666666666666666,1.0,0.6666666666666666,0.3333333333333333,0.3333333333333333,0.0
2016-01-05,2,0,0.0,0.0013750484,0.0027500968,1.0986122886681098,0.0,0.0027463222,0.5,0.5,0.5,0.0,0.0,0.0
2016-01-07,2,0,0.0,0.14240195,0.2848039,1.0986122886681098,0.0,0.2506061,1.0,1.0,0.0,1.0,0.0,0.0
2016-01-08,1,1,1.0,0.9996216,0.9996216,0.6931471805599453,0.6931471805599453,0.692958,1.0,1.0,0.0,0.0,0.0,0.0
2016-01-09,1,0,0.0,0.11214393,0.11214393,0.6931471805599453,0.0,0.10628962,0.0,1.0,1.0,0.0,0.0,0.0
2016-01-10,4,4,1.0,0.99909514,3.9963806,1.6094379124341003,1.6094379124341003,1.6087137,1.0,0.75,1.0,0.25,0.25,0.0
2016-01-11,2,2,1.0,0.9187732,1.8375463,1.0986122886681098,1.0986122886681098,1.0429397,1.0,1.0,1.0,0.0,0.0,0.0
2016-01-12,6,4,0.6666666666666666,0.7475078,4.485047,1.9459101490553132,1.6094379124341003,1.7020257,1.0,1.0,0.5,0.16666666666666666,0.16666666666666666,0.0
2016-01-14,2,1,0.5,0.5032698,1.0065396,1.0986122886681098,0.6931471805599453,0.69641167,0.5,1.0,0.5,0.5,0.0,0.0
2016-01-15,1,0,0.0,0.017323554,0.017323554,0.6931471805599453,0.0,0.01717521,1.0,1.0,1.0,1.0,0.0,0.0
2016-01-16,1,0,0.0,0.0045522354,0.0045522354,0.6931471805599453,0.0,0.004541905,0.0,1.0,1.0,1.0,0.0,0.0
2016-01-17,6,5,0.8333333333333334,0.8329919,4.9979515,1.9459101490553132,1.791759469228055,1.7914181,1.0,1.0,0.16666666666666666,0.6666666666666666,0.0,0.0
2016-01-18,2,2,1.0,0.98979735,1.9795947,1.0986122886681098,1.0986122886681098,1.0917873,0.5,1.0,0.5,0.5,0.0,0.0
2016-01-19,5,4,0.8,0.71457547,3.5728774,1.791759469228055,1.6094379124341003,1.5201427,1.0,0.8,0.2,0.0,0.0,0.0
2016-01-20,3,3,1.0,0.99805564,2.9941669,1.3862943611198906,1.3862943611198906,1.384835,0.6666666666666666,0.6666666666666666,0.3333333333333333,0.3333333333333333,0.0,0.0
2016-01-21,1,0,0.0,0.0018778229,0.0018778229,0.6931471805599453,0.0,0.001876062,1.0,0.0,1.0,0.0,0.0,0.0
2016-01-22,2,1,0.5,0.49808797,0.99617594,1.0986122886681098,0.6931471805599453,0.69123334,0.5,1.0,1.0,0.0,0.0,0.0
2016-01-23,2,0,0.0,0.07213864,0.14427727,1.0986122886681098,0.0,0.13477322,0.0,0.5,1.0,0.0,0.0,0.0
2016-01-24,2,2,1.0,0.9992923,1.9985846,1.0986122886681098,1.0986122886681098,1.0981404,1.0,0.5,0.5,0.0,0.5,0.0
2016-01-25,1,1,1.0,0.99688464,0.99688464,0.6931471805599453,0.6931471805599453,0.6915883,1.0,1.0,0.0,0.0,0.0,0.0
2016-01-26,2,1,0.5,0.5076546,1.0153092,1.0986122886681098,0.6931471805599453,0.70077264,1.0,1.0,0.5,0.0,0.0,0.0
2016-01-28,1,0,0.0,0.002449867,0.002449867,0.6931471805599453,0.0,0.002446871,0.0,1.0,1.0,0.0,0.0,0.0
2016-01-30,1,1,1.0,0.96585923,0.96585923,0.6931471805599453,0.6931471805599453,0.6759294,0.0,1.0,1.0,0.0,0.0,0.0
2016-01-31,2,1,0.5,0.50073636,1.0014727,1.0986122886681098,0.6931471805599453,0.69388324,0.5,0.5,1.0,0.5,0.0,0.0
2016-02-01,2,0,0.0,0.0017076503,0.0034153005,1.0986122886681098,0.0,0.0034094816,0.0,0.5,1.0,0.0,0.0,0.0
2016-02-03,2,1,0.5,0.50263953,1.0052791,1.0986122886681098,0.6931471805599453,0.69578326,1.0,1.0,0.0,1.0,0.0,0.0
2016-02-04,1,1,1.0,0.9993629,0.9993629,0.6931471805599453,0.6931471805599453,0.6928286,1.0,1.0,1.0,0.0,0.0,0.0
2016-02-06,1,0,0.0,0.0014326954,0.0014326954,0.6931471805599453,0.0,0.00143167,0.0,1.0,1.0,0.0,0.0,0.0
2016-02-10,1,1,1.0,0.97758394,0.97758394,0.6931471805599453,0.6931471805599453,0.6818759,0.0,1.0,1.0,1.0,0.0,0.0
2016-02-13,2,1,0.5,0.5047937,1.0095874,1.0986122886681098,0.6931471805599453,0.69792944,1.0,0.5,0.0,0.0,0.0,0.0
2016-02-14,1,1,1.0,0.99959654,0.99959654,0.6931471805599453,0.6931471805599453,0.6929454,1.0,1.0,0.0,0.0,0.0,0.0
2016-02-15,8,5,0.625,0.6252133,5.0017066,2.1972245773362196,1.791759469228055,1.7920439,0.75,1.0,0.25,0.125,0.125,0.0
2016-02-16,4,2,0.5,0.50045013,2.0018005,1.6094379124341003,1.0986122886681098,1.0992123,0.75,0.75,0.5,0.25,0.5,0.0
2016-02-18,2,1,0.5,0.5002773,1.0005546,1.0986122886681098,0.6931471805599453,0.6934244,0.5,0.5,0.5,0.0,0.5,0.0
2016-02-20,1,0,0.0,0.0022175142,0.0022175142,0.6931471805599453,0.0,0.0022150592,1.0,0.0,0.0,0.0,0.0,0.0
2016-02-21,1,0,0.0,0.039070632,0.039070632,0.6931471805599453,0.0,0.03832669,0.0,1.0,1.0,0.0,1.0,0.0
2016-02-23,2,0,0.0,0.008362178,0.016724356,1.0986122886681098,0.0,0.016586043,0.0,1.0,1.0,0.0,0.0,0.0
2016-02-25,1,0,0.0,0.0018657738,0.0018657738,0.6931471805599453,0.0,0.0018640354,0.0,0.0,1.0,0.0,0.0,0.0
2016-03-01,1,0,0.0,0.023076113,0.023076113,0.6931471805599453,0.0,0.022813886,0.0,1.0,1.0,0.0,0.0,0.0
2016-03-02,1,0,0.0,0.0075617526,0.0075617526,0.6931471805599453,0.0,0.007533306,0.0,1.0,1.0,0.0,0.0,0.0
2016-03-03,1,1,1.0,0.9994855,0.9994855,0.6931471805599453,0.6931471805599453,0.69288987,1.0,1.0,0.0,0.0,1.0,0.0
2016-03-04,2,1,0.5,0.47934058,0.95868117,1.0986122886681098,0.6931471805599453,0.6722714,0.0,0.5,1.0,0.0,0.0,0.0
2016-03-07,3,2,0.6666666666666666,0.666805,2.000415,1.3862943611198906,1.0986122886681098,1.0987506,0.6666666666666666,1.0,0.3333333333333333,1.0,0.0,0.0
2016-03-09,3,1,0.3333333333333333,0.3345505,1.0036515,1.3862943611198906,0.6931471805599453,0.69497126,0.3333333333333333,0.3333333333333333,1.0,0.0,0.0,0.0
2016-03-10,3,1,0.3333333333333333,0.47143093,1.4142928,1.3862943611198906,0.6931471805599453,0.8814064,1.0,1.0,0.3333333333333333,0.3333333333333333,0.3333333333333333,0.0
2016-03-12,1,1,1.0,0.9990343,0.9990343,0.6931471805599453,0.6931471805599453,0.6926642,1.0,1.0,0.0,0.0,0.0,0.0
2016-03-14,1,1,1.0,0.8990481,0.8990481,0.6931471805599453,0.6931471805599453,0.6413528,1.0,1.0,0.0,0.0,0.0,0.0
2016-03-15,2,2,1.0,0.99948263,1.9989653,1.0986122886681098,1.0986122886681098,1.0982673,1.0,0.5,0.0,0.0,0.0,0.0
2016-03-16,2,0,0.0,0.063578755,0.12715751,1.0986122886681098,0.0,0.11969898,1.0,0.5,0.5,0.0,0.0,0.0
2016-03-17,2,1,0.5,0.49957305,0.9991461,1.0986122886681098,0.6931471805599453,0.6927201,1.0,1.0,0.5,0.0,0.0,0.0
2016-03-19,2,1,0.5,0.26819858,0.53639716,1.0986122886681098,0.6931471805599453,0.42944017,0.5,0.5,0.5,0.0,0.5,0.0
2016-03-21,3,2,0.6666666666666666,0.66669863,2.0000958,1.3862943611198906,1.0986122886681098,1.0986443,0.6666666666666666,0.3333333333333333,0.6666666666666666,0.0,0.3333333333333333,0.0
2016-03-22,3,2,0.6666666666666666,0.67169136,2.015074,1.3862943611198906,1.0986122886681098,1.1036243,1.0,1.0,0.3333333333333333,0.0,0.0,0.0
2016-03-23,2,2,1.0,0.99712723,1.9942545,1.0986122886681098,1.0986122886681098,1.0966953,1.0,1.0,0.0,0.5,0.0,0.0
2016-03-25,2,1,0.5,0.5016067,1.0032134,1.0986122886681098,0.6931471805599453,0.6947526,0.5,0.5,0.5,0.0,0.0,0.0
2016-03-26,2,1,0.5,0.5025037,1.0050074,1.0986122886681098,0.6931471805599453,0.6956478,0.5,0.5,0.5,0.0,0.0,0.0
2016-03-27,6,5,0.8333333333333334,0.83326477,4.9995885,1.9459101490553132,1.791759469228055,1.7916908,1.0,1.0,1.0,0.0,0.0,0.0
2016-03-28,1,1,1.0,0.9995766,0.9995766,0.6931471805599453,0.6931471805599453,0.69293547,1.0,1.0,1.0,0.0,0.0,0.0
2016-03-29,2,2,1.0,0.9994757,1.9989514,1.0986122886681098,1.0986122886681098,1.0982628,1.0,1.0,0.5,0.0,0.5,0.0
2016-03-30,1,1,1.0,0.9992968,0.9992968,0.6931471805599453,0.6931471805599453,0.6927955,1.0,1.0,0.0,0.0,0.0,0.0
2016-03-31,1,1,1.0,0.9984263,0.9984263,0.6931471805599453,0.6931471805599453,0.69236004,1.0,1.0,0.0,0.0,0.0,0.0
2016-04-02,1,1,1.0,0.9994599,0.9994599,0.6931471805599453,0.6931471805599453,0.6928771,1.0,1.0,0.0,0.0,0.0,0.0
2016-04-03,1,0,0.0,0.0015804537,0.0015804537,0.6931471805599453,0.0,0.0015792061,0.0,1.0,1.0,0.0,1.0,0.0
2016-04-04,1,0,0.0,0.002615538,0.002615538,0.6931471805599453,0.0,0.0026121235,1.0,1.0,1.0,0.0,0.0,0.0
2016-04-05,2,0,0.0,0.0025090617,0.0050181234,1.0986122886681098,0.0,0.005005575,0.0,0.0,1.0,0.0,0.0,0.0
2016-04-07,1,1,1.0,0.99960464,0.99960464,0.6931471805599453,0.6931471805599453,0.6929495,1.0,1.0,1.0,0.0,0.0,0.0
2016-04-14,1,0,0.0,0.0040034424,0.0040034424,0.6931471805599453,0.0,0.0039954497,1.0,1.0,0.0,0.0,0.0,0.0
2016-04-20,1,0,0.0,0.109515175,0.109515175,0.6931471805599453,0.0,0.103923135,0.0,0.0,1.0,0.0,0.0,0.0
2016-04-27,2,0,0.0,0.0038391217,0.0076782433,1.0986122886681098,0.0,0.0076489155,0.0,0.0,1.0,0.0,0.5,0.0
2016-04-28,3,1,0.3333333333333333,0.3343909,1.0031728,1.3862943611198906,0.6931471805599453,0.6947323,0.6666666666666666,0.6666666666666666,0.6666666666666666,0.0,0.6666666666666666,0.0
2016-04-30,2,0,0.0,0.0015257478,0.0030514956,1.0986122886681098,0.0,0.0030468493,1.0,0.5,0.5,0.0,0.0,0.0
2016-05-02,2,0,0.0,0.018608801,0.037217602,1.0986122886681098,0.0,0.036541745,1.0,1.0,0.5,0.0,0.0,0.0
2016-05-03,2,0,0.0,0.011226294,0.022452587,1.0986122886681098,0.0,0.022204239,0.5,0.5,0.5,0.0,0.0,0.0
2016-05-05,1,0,0.0,0.00093088095,0.00093088095,0.6931471805599453,0.0,0.00093044795,0.0,0.0,1.0,0.0,0.0,0.0
2016-05-10,1,0,0.0,0.0038178512,0.0038178512,0.6931471805599453,0.0,0.0038105818,0.0,0.0,1.0,0.0,0.0,0.0
2016-05-11,2,0,0.0,0.0029470373,0.0058940747,1.0986122886681098,0.0,0.0058767726,0.0,0.5,1.0,0.0,0.0,0.0
2016-05-16,3,0,0.0,0.04122672,0.12368015,1.3862943611198906,0.0,0.11660914,0.3333333333333333,1.0,0.6666666666666666,0.0,0.0,0.0
2016-05-17,2,1,0.5,0.5005935,1.001187,1.0986122886681098,0.6931471805599453,0.6937405,0.5,1.0,0.5,0.0,0.0,0.0
2016-05-20,2,2,1.0,0.9994675,1.998935,1.0986122886681098,1.0986122886681098,1.0982573,1.0,0.5,1.0,0.0,0.0,0.0
2016-05-24,1,1,1.0,0.99965155,0.99965155,0.6931471805599453,0.6931471805599453,0.69297296,1.0,1.0,1.0,0.0,0.0,0.0
2016-05-26,3,0,0.0,0.0012082647,0.0036247943,1.3862943611198906,0.0,0.0036182406,0.3333333333333333,0.3333333333333333,0.6666666666666666,0.0,0.0,0.0
2016-05-27,3,1,0.3333333333333333,0.33395442,1.0018632,1.3862943611198906,0.6931471805599453,0.6940784,0.3333333333333333,0.0,0.6666666666666666,0.0,0.0,0.0
2016-05-28,1,0,0.0,0.009299635,0.009299635,0.6931471805599453,0.0,0.00925666,0.0,1.0,1.0,0.0,0.0,0.0
2016-05-29,1,0,0.0,0.03756617,0.03756617,0.6931471805599453,0.0,0.036877748,0.0,0.0,1.0,0.0,0.0,0.0
2016-06-04,1,1,1.0,0.99960536,0.99960536,0.6931471805599453,0.6931471805599453,0.69294983,1.0,1.0,1.0,0.0,0.0,0.0
2016-06-06,1,1,1.0,0.98982006,0.98982006,0.6931471805599453,0.6931471805599453,0.6880442,0.0,0.0,1.0,0.0,0.0,0.0
2016-06-07,2,1,0.5,0.50038046,1.0007609,1.0986122886681098,0.6931471805599453,0.6935276,1.0,1.0,0.0,0.0,0.0,0.0
2016-06-10,1,0,0.0,0.0020568578,0.0020568578,0.6931471805599453,0.0,0.0020547453,0.0,1.0,1.0,0.0,0.0,0.0
2016-06-11,1,0,0.0,0.28955406,0.28955406,0.6931471805599453,0.0,0.25429645,1.0,1.0,0.0,0.0,0.0,0.0
2016-06-12,2,1,0.5,0.50066936,1.0013387,1.0986122886681098,0.6931471805599453,0.6938163,1.0,0.5,0.5,0.5,0.0,0.0
2016-06-13,2,0,0.0,0.0127239,0.0254478,1.0986122886681098,0.0,0.025129396,0.5,0.0,1.0,0.0,0.5,0.0
2016-06-14,3,1,0.3333333333333333,0.24331182,0.72993547,1.3862943611198906,0.6931471805599453,0.5480841,0.0,0.0,1.0,0.0,0.0,0.0
2016-06-15,1,0,0.0,0.0015474315,0.0015474315,0.6931471805599453,0.0,0.0015462354,0.0,0.0,1.0,0.0,0.0,0.0
2016-06-16,1,0,0.0,0.006532354,0.006532354,0.6931471805599453,0.0,0.0065111103,0.0,0.0,1.0,0.0,0.0,0.0
2016-06-17,1,1,1.0,0.77802265,0.77802265,0.6931471805599453,0.6931471805599453,0.57550186,1.0,1.0,0.0,0.0,0.0,0.0
2016-06-18,1,0,0.0,0.0032725888,0.0032725888,0.6931471805599453,0.0,0.0032672456,0.0,1.0,1.0,0.0,0.0,0.0
2016-06-19,1,1,1.0,0.99787414,0.99787414,0.6931471805599453,0.6931471805599453,0.6920837,1.0,0.0,1.0,0.0,1.0,0.0
2016-06-23,2,0,0.0,0.0015904435,0.003180887,1.0986122886681098,0.0,0.0031758389,1.0,1.0,1.0,0.0,0.0,0.0
2016-06-27,2,0,0.0,0.014479893,0.028959787,1.0986122886681098,0.0,0.028548377,0.5,0.0,0.5,0.0,0.0,0.0
2016-06-28,2,1,0.5,0.5007053,1.0014106,1.0986122886681098,0.6931471805599453,0.69385225,0.5,1.0,1.0,0.0,0.0,0.0
2016-06-30,1,0,0.0,0.06556628,0.06556628,0.6931471805599453,0.0,0.06350637,1.0,0.0,1.0,0.0,0.0,0.0
2016-07-01,2,0,0.0,0.0017456396,0.0034912792,1.0986122886681098,0.0,0.0034851988,0.5,0.0,0.5,0.0,0.0,0.0
2016-07-06,1,0,0.0,0.0028416393,0.0028416393,0.6931471805599453,0.0,0.0028376095,0.0,1.0,1.0,0.0,0.0,0.0
2016-07-07,2,0,0.0,0.0010500147,0.0021000295,1.0986122886681098,0.0,0.0020978276,0.0,1.0,1.0,0.0,0.0,0.0
2016-07-08,1,0,0.0,0.0018914641,0.0018914641,0.6931471805599453,0.0,0.0018896776,1.0,0.0,0.0,0.0,0.0,0.0
2016-07-13,1,0,0.0,0.0036683988,0.0036683988,0.6931471805599453,0.0,0.0036616866,0.0,1.0,1.0,0.0,0.0,0.0
2016-07-14,1,0,0.0,0.002733555,0.002733555,0.6931471805599453,0.0,0.0027298254,0.0,0.0,1.0,0.0,0.0,0.0
2016-07-15,1,0,0.0,0.0033180425,0.0033180425,0.6931471805599453,0.0,0.00331255,1.0,0.0,1.0,0.0,0.0,0.0
2016-07-16,1,1,1.0,0.9992612,0.9992612,0.6931471805599453,0.6931471805599453,0.6927777,1.0,1.0,0.0,0.0,0.0,0.0
2016-07-18,1,1,1.0,0.99964523,0.99964523,0.6931471805599453,0.6931471805599453,0.6929698,1.0,1.0,0.0,0.0,0.0,0.0
2016-07-19,2,1,0.5,0.36866826,0.7373365,1.0986122886681098,0.6931471805599453,0.5523532,0.0,0.5,1.0,0.0,0.0,0.0
2016-07-20,4,1,0.25,0.26944035,1.0777614,1.6094379124341003,0.6931471805599453,0.73129106,0.5,1.0,0.5,0.0,0.25,0.0
2016-07-21,1,1,1.0,0.97481614,0.97481614,0.6931471805599453,0.6931471805599453,0.6804753,1.0,1.0,0.0,0.0,0.0,0.0
2016-07-23,1,0,0.0,0.015203408,0.015203408,0.6931471805599453,0.0,0.015088994,0.0,1.0,1.0,0.0,0.0,0.0
2016-07-26,2,0,0.0,0.16389027,0.32778054,1.0986122886681098,0.0,0.28350878,0.5,0.5,1.0,0.0,0.0,0.0
2016-07-27,2,1,0.5,0.70787317,1.4157463,1.0986122886681098,0.6931471805599453,0.8820083,0.5,0.5,0.5,0.0,0.0,0.0
2016-07-28,3,1,0.3333333333333333,0.33364213,1.0009264,1.3862943611198906,0.6931471805599453,0.69361025,0.3333333333333333,0.0,1.0,0.0,0.3333333333333333,0.0
2016-07-30,1,0,0.0,0.01189725,0.01189725,0.6931471805599453,0.0,0.011827034,1.0,1.0,0.0,0.0,0.0,0.0
2016-07-31,2,1,0.5,0.50045204,1.0009041,1.0986122886681098,0.6931471805599453,0.6935991,0.5,0.5,0.5,0.0,0.0,0.0
2016-08-03,1,0,0.0,0.0017641817,0.0017641817,0.6931471805599453,0.0,0.0017626273,0.0,1.0,1.0,0.0,0.0,0.0
2016-08-04,2,0,0.0,0.0012379506,0.0024759013,1.0986122886681098,0.0,0.0024728412,0.0,0.0,1.0,0.0,0.0,0.0
2016-08-06,1,0,0.0,0.013159917,0.013159917,0.6931471805599453,0.0,0.013074078,1.0,1.0,1.0,0.0,0.0,0.0
2016-08-07,1,0,0.0,0.0010248485,0.0010248485,0.6931471805599453,0.0,0.0010243237,0.0,0.0,1.0,0.0,0.0,0.0
2016-08-10,2,1,0.5,0.48280793,0.96561587,1.0986122886681098,0.6931471805599453,0.6758056,0.0,0.5,1.0,0.0,0.0,0.0
2016-08-11,5,0,0.0,0.0018350134,0.009175067,1.791759469228055,0.0,0.009133232,0.0,0.0,1.0,0.0,0.0,0.0
2016-08-12,1,1,1.0,0.99949944,0.99949944,0.6931471805599453,0.6931471805599453,0.69289684,1.0,1.0,1.0,0.0,0.0,0.0
2016-08-15,1,0,0.0,0.013515189,0.013515189,0.6931471805599453,0.0,0.013424674,1.0,1.0,0.0,0.0,0.0,0.0
2016-08-16,2,0,0.0,0.0014635166,0.0029270332,1.0986122886681098,0.0,0.0029227578,0.0,0.5,1.0,0.0,0.0,0.0
2016-08-18,2,0,0.0,0.0012241376,0.0024482752,1.0986122886681098,0.0,0.002445283,0.0,0.0,1.0,0.0,0.0,0.0
2016-08-19,2,2,1.0,0.9901879,1.9803758,1.0986122886681098,1.0986122886681098,1.0920494,1.0,1.0,0.0,0.0,0.0,0.0
2016-08-22,3,0,0.0,0.002854636,0.008563908,1.3862943611198906,0.0,0.008527446,0.0,0.3333333333333333,1.0,0.0,0.0,0.0
2016-08-23,1,1,1.0,0.9994842,0.9994842,0.6931471805599453,0.6931471805599453,0.6928892,1.0,1.0,0.0,0.0,0.0,0.0
2016-08-24,1,0,0.0,0.0021463109,0.0021463109,0.6931471805599453,0.0,0.0021440107,0.0,0.0,1.0,0.0,0.0,0.0
2016-08-25,1,0,0.0,0.002892895,0.002892895,0.6931471805599453,0.0,0.0028887186,0.0,0.0,1.0,0.0,0.0,0.0
2016-08-26,1,0,0.0,0.0014645435,0.0014645435,0.6931471805599453,0.0,0.0014634721,0.0,1.0,1.0,0.0,0.0,0.0
2016-08-27,1,0,0.0,0.0030366424,0.0030366424,0.6931471805599453,0.0,0.0030320412,0.0,0.0,1.0,0.0,0.0,0.0
2016-08-29,1,0,0.0,0.0014590437,0.0014590437,0.6931471805599453,0.0,0.0014579804,0.0,0.0,1.0,0.0,0.0,0.0
2016-08-30,1,0,0.0,0.009568247,0.009568247,0.6931471805599453,0.0,0.009522761,0.0,0.0,1.0,0.0,0.0,0.0
2016-09-01,1,0,0.0,0.0020953144,0.0020953144,0.6931471805599453,0.0,0.0020931223,0.0,0.0,1.0,0.0,0.0,0.0
2016-09-02,1,0,0.0,0.003037987,0.003037987,0.6931471805599453,0.0,0.0030333817,0.0,0.0,1.0,0.0,1.0,0.0
2016-09-03,1,1,1.0,0.9993389,0.9993389,0.6931471805599453,0.6931471805599453,0.6928166,1.0,1.0,1.0,0.0,0.0,0.0
2016-09-05,1,0,0.0,0.0016120678,0.0016120678,0.6931471805599453,0.0,0.0016107698,0.0,0.0,1.0,0.0,0.0,0.0
2016-09-07,3,2,0.6666666666666666,0.6642425,1.9927275,1.3862943611198906,1.0986122886681098,1.0961852,0.6666666666666666,0.3333333333333333,0.3333333333333333,0.0,0.0,0.0
2016-09-08,2,1,0.5,0.50066984,1.0013397,1.0986122886681098,0.6931471805599453,0.6938168,1.0,1.0,0.0,0.0,0.0,0.0
2016-09-10,1,0,0.0,0.0010295411,0.0010295411,0.6931471805599453,0.0,0.0010290116,1.0,0.0,0.0,0.0,0.0,0.0
2016-09-17,1,0,0.0,0.0011191666,0.0011191666,0.6931471805599453,0.0,0.0011185408,0.0,1.0,1.0,0.0,0.0,0.0
2016-09-18,1,0,0.0,0.0013344485,0.0013344485,0.6931471805599453,0.0,0.0013335589,0.0,0.0,1.0,0.0,0.0,0.0
2016-09-19,4,2,0.5,0.47056425,1.882257,1.6094379124341003,1.0986122886681098,1.0585737,0.5,1.0,0.75,0.0,0.0,0.0
2016-09-20,2,1,0.5,0.5039993,1.0079986,1.0986122886681098,0.6931471805599453,0.6971385,0.5,0.5,0.5,0.0,0.0,0.0
2016-09-21,2,0,0.0,0.0024142743,0.0048285485,1.0986122886681098,0.0,0.0048169284,0.0,0.5,1.0,0.0,0.0,0.0
2016-09-22,1,0,0.0,0.007253418,0.007253418,0.6931471805599453,0.0,0.0072272387,1.0,1.0,1.0,0.0,0.0,0.0
2016-09-23,2,2,1.0,0.99966484,1.9993297,1.0986122886681098,1.0986122886681098,1.0983889,1.0,1.0,1.0,0.0,0.0,0.0
2016-09-26,1,0,0.0,0.001202964,0.001202964,0.6931471805599453,0.0,0.001202241,0.0,1.0,1.0,0.0,0.0,0.0
2016-09-27,2,1,0.5,0.50026304,1.0005261,1.0986122886681098,0.6931471805599453,0.69341016,0.5,0.5,0.5,0.0,0.0,0.0
2016-09-29,2,1,0.5,0.5007056,1.0014112,1.0986122886681098,0.6931471805599453,0.69385254,0.5,0.5,1.0,0.0,0.0,0.0
2016-09-30,2,1,0.5,0.49799782,0.99599564,1.0986122886681098,0.6931471805599453,0.691143,0.5,1.0,0.5,0.5,0.0,0.0
2016-10-04,1,0,0.0,0.0017240216,0.0017240216,0.6931471805599453,0.0,0.0017225372,0.0,0.0,1.0,0.0,0.0,0.0
2016-10-06,4,0,0.0,0.0013125227,0.0052500907,1.6094379124341003,0.0,0.005236357,0.25,0.25,0.75,0.0,0.0,0.0
2016-10-07,1,0,0.0,0.002145137,0.002145137,0.6931471805599453,0.0,0.0021428394,0.0,0.0,1.0,0.0,0.0,0.0
2016-10-10,3,1,0.3333333333333333,0.20973928,0.62921786,1.3862943611198906,0.6931471805599453,0.48810005,0.3333333333333333,0.6666666666666666,1.0,0.0,0.0,0.0
2016-10-11,2,0,0.0,0.0014009648,0.0028019296,1.0986122886681098,0.0,0.0027980115,0.0,0.5,1.0,0.5,0.0,0.0
2016-10-13,2,0,0.0,0.17803897,0.35607794,1.0986122886681098,0.0,0.30459663,0.5,0.5,1.0,0.0,0.0,0.0
2016-10-14,1,0,0.0,0.0012586892,0.0012586892,0.6931471805599453,0.0,0.0012578977,0.0,0.0,1.0,0.0,0.0,0.0
2016-10-15,2,1,0.5,0.49478766,0.9895753,1.0986122886681098,0.6931471805599453,0.6879212,0.5,0.5,0.5,0.5,0.0,0.0
2016-10-17,1,0,0.0,0.0018713458,0.0018713458,0.6931471805599453,0.0,0.001869597,1.0,0.0,1.0,0.0,0.0,0.0
2016-10-20,1,1,1.0,0.99837565,0.99837565,0.6931471805599453,0.6931471805599453,0.69233465,1.0,0.0,0.0,0.0,0.0,0.0
2016-10-21,1,0,0.0,0.001384937,0.001384937,0.6931471805599453,0.0,0.0013839789,1.0,1.0,0.0,0.0,0.0,0.0
2016-10-24,1,0,0.0,0.007354973,0.007354973,0.6931471805599453,0.0,0.007328057,1.0,1.0,0.0,0.0,0.0,0.0
2016-10-25,3,1,0.3333333333333333,0.33413863,1.0024159,1.3862943611198906,0.6931471805599453,0.6943544,0.3333333333333333,1.0,1.0,0.3333333333333333,0.3333333333333333,0.0
2016-10-26,1,0,0.0,0.028406303,0.028406303,0.6931471805599453,0.0,0.028010326,1.0,0.0,1.0,0.0,0.0,0.0
2016-10-27,2,0,0.0,0.0036591187,0.0073182373,1.0986122886681098,0.0,0.007291589,0.0,1.0,1.0,0.0,0.0,0.0
2016-10-29,1,0,0.0,0.001311579,0.001311579,0.6931471805599453,0.0,0.0013107196,0.0,0.0,1.0,0.0,0.0,0.0
2016-10-31,1,0,0.0,0.0026846293,0.0026846293,0.6931471805599453,0.0,0.002681032,0.0,0.0,1.0,0.0,0.0,0.0
2016-11-01,2,1,0.5,0.5007331,1.0014662,1.0986122886681098,0.6931471805599453,0.69387996,1.0,1.0,0.0,0.0,0.0,0.0
2016-11-03,2,1,0.5,0.50077695,1.0015539,1.0986122886681098,0.6931471805599453,0.69392383,0.5,1.0,0.5,0.0,0.0,0.0
2016-11-04,2,0,0.0,0.001620023,0.003240046,1.0986122886681098,0.0,0.0032348086,0.0,0.5,1.0,0.0,0.0,0.0
2016-11-05,1,0,0.0,0.0026284645,0.0026284645,0.6931471805599453,0.0,0.002625016,0.0,0.0,1.0,0.0,0.0,0.0
2016-11-06,2,1,0.5,0.5021512,1.0043024,1.0986122886681098,0.6931471805599453,0.69529605,1.0,1.0,0.5,0.0,0.0,0.0
2016-11-08,3,1,0.3333333333333333,0.33601987,1.0080596,1.3862943611198906,0.6931471805599453,0.6971689,0.6666666666666666,1.0,0.3333333333333333,0.3333333333333333,0.0,0.0
2016-11-09,1,1,1.0,0.99965286,0.99965286,0.6931471805599453,0.6931471805599453,0.6929736,1.0,1.0,0.0,0.0,0.0,0.0
2016-11-10,2,1,0.5,0.5002466,1.0004932,1.0986122886681098,0.6931471805599453,0.6933937,1.0,0.5,0.0,0.0,0.0,0.0
2016-11-11,2,0,0.0,0.17772269,0.35544538,1.0986122886681098,0.0,0.3041301,0.5,0.5,1.0,0.0,0.0,0.0
2016-11-14,1,1,1.0,0.99900144,0.99900144,0.6931471805599453,0.6931471805599453,0.69264776,1.0,1.0,0.0,1.0,1.0,0.0
2016-11-15,2,0,0.0,0.08267863,0.16535726,1.0986122886681098,0.0,0.1530277,0.0,0.0,1.0,0.0,0.0,0.0
2016-11-16,4,1,0.25,0.2555049,1.0220196,1.6094379124341003,0.6931471805599453,0.70409685,0.5,0.5,0.5,0.0,0.0,0.0
2016-11-18,2,1,0.5,0.4205224,0.8410448,1.0986122886681098,0.6931471805599453,0.6103332,0.0,0.5,1.0,0.0,0.5,0.0
2016-11-19,4,2,0.5,0.43709558,1.7483823,1.6094379124341003,1.0986122886681098,1.0110126,0.25,0.5,0.75,0.0,0.0,0.0
2016-11-20,1,0,0.0,0.042671364,0.042671364,0.6931471805599453,0.0,0.041786037,1.0,0.0,0.0,0.0,0.0,0.0
2016-11-21,1,1,1.0,0.9870252,0.9870252,0.6931471805599453,0.6931471805599453,0.68663865,0.0,1.0,1.0,0.0,0.0,0.0
2016-11-22,2,2,1.0,0.99960244,1.9992049,1.0986122886681098,1.0986122886681098,1.0983472,1.0,1.0,0.5,0.0,0.0,0.0
2016-11-23,1,0,0.0,0.0015220011,0.0015220011,0.6931471805599453,0.0,0.0015208441,0.0,1.0,1.0,0.0,0.0,0.0
2016-11-24,1,0,0.0,0.0023876384,0.0023876384,0.6931471805599453,0.0,0.0023847925,0.0,0.0,1.0,0.0,0.0,0.0
2016-11-25,1,0,0.0,0.0020351326,0.0020351326,0.6931471805599453,0.0,0.0020330646,0.0,1.0,1.0,0.0,0.0,0.0
2016-11-29,2,0,0.0,0.36326385,0.7265277,1.0986122886681098,0.0,0.5461123,0.5,0.5,0.5,0.0,0.0,0.0
2016-12-01,2,1,0.5,0.4982462,0.9964924,1.0986122886681098,0.6931471805599453,0.6913918,0.0,0.0,1.0,0.0,0.0,0.0
2016-12-04,1,0,0.0,0.0018983397,0.0018983397,0.6931471805599453,0.0,0.0018965402,1.0,1.0,0.0,0.0,0.0,0.0
2016-12-06,3,0,0.0,0.4070342,1.2211026,1.3862943611198906,0.0,0.79800373,1.0,1.0,0.0,0.0,0.0,0.0
2016-12-07,4,1,0.25,0.25076744,1.0030698,1.6094379124341003,0.6931471805599453,0.69468087,0.25,0.5,1.0,0.0,0.0,0.0
2016-12-08,1,0,0.0,0.009779932,0.009779932,0.6931471805599453,0.0,0.009732418,0.0,0.0,1.0,0.0,0.0,0.0
2016-12-19,2,0,0.0,0.0015920828,0.0031841656,1.0986122886681098,0.0,0.0031791069,0.5,1.0,0.5,0.0,0.0,0.0
2016-12-20,1,0,0.0,0.0017807395,0.0017807395,0.6931471805599453,0.0,0.0017791559,0.0,0.0,1.0,0.0,0.0,0.0
2016-12-21,3,2,0.6666666666666666,0.62037057,1.8611118,1.3862943611198906,1.0986122886681098,1.0512103,1.0,1.0,0.0,0.0,0.0,0.0
2016-12-22,4,2,0.5,0.49313682,1.9725473,1.6094379124341003,1.0986122886681098,1.0894192,0.75,1.0,0.75,0.0,0.0,0.0
2016-12-23,1,1,1.0,0.99873,0.99873,0.6931471805599453,0.6931471805599453,0.692512,1.0,0.0,0.0,0.0,0.0,0.0
2016-12-24,1,0,0.0,0.0010731315,0.0010731315,0.6931471805599453,0.0,0.001072556,0.0,1.0,1.0,0.0,0.0,0.0
2017-01-03,3,0,0.0,0.0013992178,0.0041976534,1.3862943611198906,0.0,0.0041888678,0.3333333333333333,0.6666666666666666,0.6666666666666666,0.0,0.0,0.0
2017-01-04,3,1,0.3333333333333333,0.42266044,1.2679813,1.3862943611198906,0.6931471805599453,0.81889015,0.6666666666666666,0.6666666666666666,0.3333333333333333,0.0,0.0,0.0
2017-01-05,1,0,0.0,0.0012328794,0.0012328794,0.6931471805599453,0.0,0.00123212,0.0,1.0,1.0,0.0,0.0,0.0
2017-01-06,1,0,0.0,0.02972821,0.02972821,0.6931471805599453,0.0,0.029294893,1.0,1.0,0.0,0.0,0.0,0.0
2017-01-08,1,0,0.0,0.001141076,0.001141076,0.6931471805599453,0.0,0.0011404254,0.0,1.0,1.0,0.0,0.0,0.0
2017-01-09,2,0,0.0,0.0014760627,0.0029521254,1.0986122886681098,0.0,0.0029477763,0.0,0.5,1.0,0.0,0.0,0.0
2017-01-10,2,0,0.0,0.0010527343,0.0021054687,1.0986122886681098,0.0,0.0021032554,0.0,0.0,1.0,1.0,0.0,0.0
2017-01-11,2,0,0.0,0.12901872,0.25803745,1.0986122886681098,0.0,0.22955294,0.5,0.5,0.5,0.0,0.0,0.0
2017-01-14,1,1,1.0,0.9995222,0.9995222,0.6931471805599453,0.6931471805599453,0.6929083,1.0,1.0,1.0,0.0,0.0,0.0
2017-01-17,6,5,0.8333333333333334,0.81932956,4.9159775,1.9459101490553132,1.791759469228055,1.7776568,0.8333333333333334,0.5,0.8333333333333334,0.16666666666666666,0.0,0.0
2017-01-18,3,2,0.6666666666666666,0.66181815,1.9854544,1.3862943611198906,1.0986122886681098,1.093752,0.3333333333333333,0.3333333333333333,1.0,0.0,0.0,0.0
2017-01-21,1,1,1.0,0.999613,0.999613,0.6931471805599453,0.6931471805599453,0.69295365,1.0,1.0,1.0,0.0,0.0,0.0
2017-01-23,1,1,1.0,0.99879384,0.99879384,0.6931471805599453,0.6931471805599453,0.6925439,1.0,0.0,0.0,0.0,0.0,0.0
2017-01-24,1,1,1.0,0.8332104,0.8332104,0.6931471805599453,0.6931471805599453,0.60606873,1.0,1.0,0.0,1.0,0.0,0.0
2017-01-25,1,0,0.0,0.15514961,0.15514961,0.6931471805599453,0.0,0.14422986,0.0,1.0,1.0,0.0,0.0,0.0
2017-01-26,2,0,0.0,0.0047131367,0.009426273,1.0986122886681098,0.0,0.009382123,1.0,1.0,0.0,0.0,0.0,0.0
2017-01-27,1,0,0.0,0.0035112926,0.0035112926,0.6931471805599453,0.0,0.0035051424,1.0,1.0,0.0,0.0,0.0,0.0
2017-01-29,1,1,1.0,0.99960965,0.99960965,0.6931471805599453,0.6931471805599453,0.692952,1.0,1.0,1.0,0.0,0.0,0.0
2017-02-01,2,1,0.5,0.5003805,1.000761,1.0986122886681098,0.6931471805599453,0.69352764,1.0,1.0,0.5,1.0,0.0,0.0
2017-02-02,3,2,0.6666666666666666,0.66671824,2.0001547,1.3862943611198906,1.0986122886681098,1.0986638,0.6666666666666666,1.0,1.0,0.0,0.0,0.0
2017-02-03,1,0,0.0,0.0015008019,0.0015008019,0.6931471805599453,0.0,0.0014996768,0.0,1.0,1.0,0.0,0.0,0.0
2017-02-04,1,0,0.0,0.07475263,0.07475263,0.6931471805599453,0.0,0.07209052,0.0,1.0,1.0,1.0,0.0,0.0
2017-02-05,1,1,1.0,0.9996486,0.9996486,0.6931471805599453,0.6931471805599453,0.69297147,1.0,1.0,1.0,0.0,0.0,0.0
2017-02-06,1,0,0.0,0.0041481797,0.0041481797,0.6931471805599453,0.0,0.0041396,0.0,0.0,1.0,0.0,0.0,0.0
2017-02-07,4,1,0.25,0.2228845,0.891538,1.6094379124341003,0.6931471805599453,0.63739026,0.75,0.5,0.75,0.0,0.0,0.0
2017-02-09,2,0,0.0,0.24819869,0.49639738,1.0986122886681098,0.0,0.4030605,0.5,0.0,0.5,0.0,0.0,0.0
2017-02-10,3,2,0.6666666666666666,0.7280204,2.1840613,1.3862943611198906,1.0986122886681098,1.1581576,0.6666666666666666,1.0,0.6666666666666666,0.6666666666666666,0.0,0.0
2017-02-11,2,0,0.0,0.0026095596,0.005219119,1.0986122886681098,0.0,0.0052055465,0.0,0.5,1.0,0.0,0.0,0.0
2017-02-14,2,2,1.0,0.99378717,1.9875743,1.0986122886681098,1.0986122886681098,1.0944618,1.0,1.0,1.0,0.0,1.0,0.0
2017-02-15,6,3,0.5,0.4989225,2.993535,1.9459101490553132,1.3862943611198906,1.3846768,0.8333333333333334,0.8333333333333334,0.8333333333333334,0.0,0.16666666666666666,0.0
2017-02-27,3,2,0.6666666666666666,0.5376398,1.6129193,1.3862943611198906,1.0986122886681098,0.9604681,0.3333333333333333,1.0,1.0,0.0,0.0,0.0
2017-02-28,1,0,0.0,0.006476907,0.006476907,0.6931471805599453,0.0,0.006456022,0.0,0.0,1.0,0.0,0.0,0.0
2017-03-01,1,1,1.0,0.99907684,0.99907684,0.6931471805599453,0.6931471805599453,0.6926855,1.0,0.0,0.0,0.0,0.0,0.0
2017-03-05,1,1,1.0,0.9520119,0.9520119,0.6931471805599453,0.6931471805599453,0.66886055,1.0,1.0,0.0,0.0,0.0,0.0
2017-03-06,1,0,0.0,0.037310135,0.037310135,0.6931471805599453,0.0,0.036630955,1.0,1.0,1.0,0.0,0.0,0.0
2017-03-15,2,0,0.0,0.0026981859,0.0053963717,1.0986122886681098,0.0,0.0053818636,0.0,0.5,1.0,0.0,0.0,0.0
2017-03-16,1,1,1.0,0.9995647,0.9995647,0.6931471805599453,0.6931471805599453,0.6929295,1.0,1.0,1.0,0.0,1.0,0.0
2017-03-18,1,0,0.0,0.002241878,0.002241878,0.6931471805599453,0.0,0.0022393689,0.0,1.0,1.0,0.0,0.0,0.0
2017-03-19,2,1,0.5,0.49878713,0.99757427,1.0986122886681098,0.6931471805599453,0.6919336,0.5,1.0,1.0,0.0,0.0,0.0
2017-03-20,2,0,0.0,0.008579107,0.017158214,1.0986122886681098,0.0,0.017012674,0.0,1.0,1.0,0.0,0.0,0.0
2017-03-21,1,0,0.0,0.0022963479,0.0022963479,0.6931471805599453,0.0,0.0022937153,0.0,0.0,1.0,0.0,0.0,0.0
2017-03-23,2,0,0.0,0.35102665,0.7020533,1.0986122886681098,0.0,0.5318353,1.0,1.0,0.0,0.0,0.0,0.0
2017-03-25,1,1,1.0,0.99964166,0.99964166,0.6931471805599453,0.6931471805599453,0.692968,1.0,1.0,1.0,0.0,0.0,0.0
2017-03-31,1,0,0.0,0.0025093378,0.0025093378,0.6931471805599453,0.0,0.0025061946,0.0,0.0,1.0,0.0,0.0,0.0
2017-04-04,1,0,0.0,0.17071246,0.17071246,0.6931471805599453,0.0,0.1576125,1.0,1.0,1.0,0.0,0.0,0.0
2017-04-05,2,0,0.0,0.0034765278,0.0069530555,1.0986122886681098,0.0,0.0069289943,0.0,0.0,1.0,0.0,0.0,0.0
2017-04-06,1,1,1.0,0.999519,0.999519,0.6931471805599453,0.6931471805599453,0.6929067,1.0,0.0,1.0,0.0,0.0,0.0
2017-04-08,3,0,0.0,0.07724872,0.23174617,1.3862943611198906,0.0,0.20843282,0.3333333333333333,1.0,0.6666666666666666,0.0,0.0,0.0
2017-04-09,1,1,1.0,0.9995882,0.9995882,0.6931471805599453,0.6931471805599453,0.69294125,1.0,1.0,1.0,0.0,0.0,0.0
2017-04-10,2,1,0.5,0.48895547,0.97791094,1.0986122886681098,0.6931471805599453,0.6820412,0.0,0.5,1.0,0.0,0.0,0.0
2017-04-11,1,0,0.0,0.006893149,0.006893149,0.6931471805599453,0.0,0.0068695,0.0,0.0,1.0,0.0,0.0,0.0
2017-04-13,3,0,0.0,0.001123029,0.0033690871,1.3862943611198906,0.0,0.0033634244,0.0,0.0,1.0,0.0,0.0,0.0
2017-04-14,3,1,0.3333333333333333,0.27807698,0.83423096,1.3862943611198906,0.6931471805599453,0.6066253,0.6666666666666666,1.0,0.6666666666666666,0.3333333333333333,0.0,0.0
2017-04-15,1,0,0.0,0.0031512952,0.0031512952,0.6931471805599453,0.0,0.0031463404,1.0,1.0,0.0,0.0,0.0,0.0
2017-04-16,1,0,0.0,0.2722073,0.2722073,0.6931471805599453,0.0,0.24075343,0.0,1.0,1.0,0.0,0.0,0.0
2017-04-17,5,1,0.2,0.21489458,1.0744729,1.791759469228055,0.6931471805599453,0.7297071,0.4,0.8,1.0,0.0,0.0,0.0
2017-04-18,1,0,0.0,0.0010364639,0.0010364639,0.6931471805599453,0.0,0.0010359271,0.0,1.0,1.0,0.0,0.0,0.0
2017-04-19,1,1,1.0,0.9994634,0.9994634,0.6931471805599453,0.6931471805599453,0.69287884,1.0,1.0,1.0,0.0,0.0,0.0
2017-04-21,2,0,0.0,0.010852637,0.021705274,1.0986122886681098,0.0,0.021473069,0.0,0.5,1.0,0.0,0.0,0.0
2017-04-22,1,0,0.0,0.0010358633,0.0010358633,0.6931471805599453,0.0,0.0010353272,0.0,0.0,1.0,0.0,0.0,0.0
2017-04-25,2,0,0.0,0.0013917449,0.0027834899,1.0986122886681098,0.0,0.0027796233,0.0,0.0,1.0,0.0,0.0,0.0
2017-04-27,1,1,1.0,0.99937636,0.99937636,0.6931471805599453,0.6931471805599453,0.69283533,1.0,1.0,1.0,0.0,0.0,0.0
2017-04-28,2,0,0.0,0.09606026,0.19212052,1.0986122886681098,0.0,0.17573367,0.5,0.5,1.0,0.0,0.0,0.0
2017-04-29,3,1,0.3333333333333333,0.3396076,1.0188228,1.3862943611198906,0.6931471805599453,0.7025146,0.0,0.3333333333333333,1.0,0.0,0.0,0.0
2017-04-30,1,0,0.0,0.00570135,0.00570135,0.6931471805599453,0.0,0.005685159,0.0,1.0,1.0,0.0,0.0,0.0
2017-05-01,3,0,0.0,0.047235038,0.14170511,1.3862943611198906,0.0,0.13252285,0.3333333333333333,0.3333333333333333,1.0,0.0,0.0,0.0
2017-05-02,2,1,0.5,0.5009483,1.0018966,1.0986122886681098,0.6931471805599453,0.694095,0.5,0.5,0.5,0.5,0.5,0.0
2017-05-03,2,0,0.0,0.0013696,0.0027392,1.0986122886681098,0.0,0.002735455,0.0,0.5,1.0,0.0,0.0,0.0
2017-05-04,2,2,1.0,0.99934304,1.9986861,1.0986122886681098,1.0986122886681098,1.0981742,1.0,1.0,0.5,0.5,0.0,0.0
2017-05-05,1,1,1.0,0.99933237,0.99933237,0.6931471805599453,0.6931471805599453,0.69281334,1.0,0.0,0.0,0.0,0.0,0.0
2017-05-09,1,0,0.0,0.005295295,0.005295295,0.6931471805599453,0.0,0.005281324,1.0,1.0,0.0,0.0,0.0,0.0
2017-05-10,3,2,0.6666666666666666,0.64253753,1.9276125,1.3862943611198906,1.0986122886681098,1.0741873,0.6666666666666666,0.6666666666666666,0.3333333333333333,0.0,0.6666666666666666,0.0
2017-05-11,2,1,0.5,0.5015666,1.0031332,1.0986122886681098,0.6931471805599453,0.6947125,0.0,0.0,1.0,0.0,0.0,0.0
2017-05-12,1,0,0.0,0.0013564883,0.0013564883,0.6931471805599453,0.0,0.0013555691,1.0,1.0,0.0,0.0,0.0,0.0
2017-05-22,3,3,1.0,0.9996397,2.998919,1.3862943611198906,1.3862943611198906,1.3860241,1.0,1.0,1.0,0.0,0.0,0.0
2017-05-24,1,1,1.0,0.99948055,0.99948055,0.6931471805599453,0.6931471805599453,0.6928874,1.0,1.0,0.0,0.0,0.0,0.0
2017-05-25,3,2,0.6666666666666666,0.6677999,2.0033996,1.3862943611198906,1.0986122886681098,1.0997448,0.3333333333333333,0.6666666666666666,1.0,0.0,0.0,0.0
2017-05-26,1,0,0.0,0.0015128843,0.0015128843,0.6931471805599453,0.0,0.0015117411,0.0,1.0,1.0,0.0,0.0,0.0
2017-05-27,3,0,0.0,0.0018914399,0.00567432,1.3862943611198906,0.0,0.0056582815,0.0,0.3333333333333333,1.0,0.0,0.0,0.0
2017-05-31,1,1,1.0,0.99925727,0.99925727,0.6931471805599453,0.6931471805599453,0.6927757,0.0,0.0,1.0,0.0,0.0,0.0
2017-06-01,1,1,1.0,0.9980288,0.9980288,0.6931471805599453,0.6931471805599453,0.6921611,0.0,1.0,1.0,0.0,0.0,0.0
2017-06-02,1,0,0.0,0.0039362167,0.0039362167,0.6931471805599453,0.0,0.00392849,0.0,1.0,1.0,0.0,0.0,0.0
2017-06-03,1,0,0.0,0.0013724255,0.0013724255,0.6931471805599453,0.0,0.0013714846,0.0,1.0,1.0,0.0,0.0,0.0
2017-06-04,2,2,1.0,0.9988924,1.9977849,1.0986122886681098,1.0986122886681098,1.0978737,0.0,1.0,1.0,0.0,0.0,0.0
2017-06-06,1,1,1.0,0.9990777,0.9990777,0.6931471805599453,0.6931471805599453,0.6926859,0.0,1.0,1.0,1.0,0.0,0.0
2017-06-07,1,1,1.0,0.9994918,0.9994918,0.6931471805599453,0.6931471805599453,0.692893,1.0,1.0,0.0,1.0,0.0,0.0
2017-06-08,3,2,0.6666666666666666,0.6664464,1.9993391,1.3862943611198906,1.0986122886681098,1.098392,0.6666666666666666,1.0,1.0,0.0,0.6666666666666666,0.0
2017-06-09,1,1,1.0,0.9996019,0.9996019,0.6931471805599453,0.6931471805599453,0.6929481,1.0,1.0,1.0,0.0,0.0,0.0
2017-06-10,2,1,0.5,0.50723046,1.0144609,1.0986122886681098,0.6931471805599453,0.70035166,0.5,0.5,0.5,0.5,0.5,0.0
2017-06-11,2,1,0.5,0.5092562,1.0185124,1.0986122886681098,0.6931471805599453,0.7023608,1.0,1.0,0.0,0.0,0.0,0.0
2017-06-12,4,1,0.25,0.25118756,1.0047503,1.6094379124341003,0.6931471805599453,0.6955195,0.5,0.25,0.75,0.0,0.0,0.0
2017-06-13,6,2,0.3333333333333333,0.39393067,2.363584,1.9459101490553132,1.0986122886681098,1.2130071,0.5,0.6666666666666666,0.8333333333333334,0.0,0.16666666666666666,0.0
2017-06-14,1,0,0.0,0.0025305501,0.0025305501,0.6931471805599453,0.0,0.0025273536,0.0,1.0,1.0,0.0,0.0,0.0
2017-06-15,3,0,0.0,0.02926693,0.087800786,1.3862943611198906,0.0,0.084158026,1.0,1.0,0.0,0.0,0.0,0.0
2017-06-16,5,0,0.0,0.004561707,0.022808535,1.791759469228055,0.0,0.02255231,1.0,0.2,0.0,0.0,0.0,0.0
2017-06-17,3,0,0.0,0.0019192239,0.005757672,1.3862943611198906,0.0,0.00574116,0.3333333333333333,0.3333333333333333,0.6666666666666666,0.0,0.0,0.0
2017-06-20,3,1,0.3333333333333333,0.3406805,1.0220416,1.3862943611198906,0.6931471805599453,0.7041077,0.6666666666666666,0.6666666666666666,0.6666666666666666,0.0,0.0,0.0
2017-06-21,1,0,0.0,0.011394664,0.011394664,0.6931471805599453,0.0,0.011330234,0.0,0.0,1.0,0.0,0.0,0.0
2017-06-22,3,1,0.3333333333333333,0.33484808,1.0045443,1.3862943611198906,0.6931471805599453,0.69541675,0.3333333333333333,0.6666666666666666,1.0,0.0,0.0,0.0
2017-06-23,1,1,1.0,0.9412563,0.9412563,0.6931471805599453,0.6931471805599453,0.6633353,0.0,0.0,1.0,0.0,0.0,0.0
2017-06-24,3,2,0.6666666666666666,0.583523,1.7505689,1.3862943611198906,1.0986122886681098,1.0118077,0.6666666666666666,0.3333333333333333,0.3333333333333333,0.3333333333333333,0.0,0.0
2017-06-26,3,0,0.0,0.05177891,0.15533672,1.3862943611198906,0.0,0.14439183,0.3333333333333333,1.0,0.6666666666666666,0.0,0.0,0.0
2017-06-27,3,2,0.6666666666666666,0.5462952,1.6388857,1.3862943611198906,1.0986122886681098,0.97035676,0.3333333333333333,0.6666666666666666,0.6666666666666666,0.3333333333333333,0.0,0.0
2017-06-28,3,2,0.6666666666666666,0.65899366,1.9769809,1.3862943611198906,1.0986122886681098,1.0909097,0.6666666666666666,1.0,0.6666666666666666,0.3333333333333333,0.0,0.0
2017-06-29,2,1,0.5,0.50395757,1.0079151,1.0986122886681098,0.6931471805599453,0.69709694,1.0,0.5,0.5,0.0,0.0,0.0
2017-06-30,1,0,0.0,0.08099394,0.08099394,0.6931471805599453,0.0,0.077880934,0.0,0.0,1.0,0.0,0.0,0.0
2017-07-01,2,0,0.0,0.20498112,0.40996224,1.0986122886681098,0.0,0.34356293,0.0,0.5,1.0,0.0,0.0,0.0
2017-07-02,1,1,1.0,0.99964225,0.99964225,0.6931471805599453,0.6931471805599453,0.6929683,1.0,1.0,1.0,0.0,0.0,0.0
2017-07-07,1,1,1.0,0.9996525,0.9996525,0.6931471805599453,0.6931471805599453,0.69297343,1.0,0.0,1.0,0.0,0.0,0.0
2017-07-08,1,1,1.0,0.9995086,0.9995086,0.6931471805599453,0.6931471805599453,0.69290143,1.0,1.0,0.0,0.0,1.0,0.0
2017-07-12,3,0,0.0,0.004143398,0.012430194,1.3862943611198906,0.0,0.012353573,0.6666666666666666,0.3333333333333333,0.3333333333333333,0.0,0.3333333333333333,0.0
2017-07-15,1,0,0.0,0.0034494102,0.0034494102,0.6931471805599453,0.0,0.0034434746,0.0,0.0,1.0,0.0,0.0,0.0
2017-07-16,1,0,0.0,0.0010755529,0.0010755529,0.6931471805599453,0.0,0.0010749749,0.0,1.0,1.0,0.0,0.0,0.0
2017-07-17,2,0,0.0,0.0011339023,0.0022678047,1.0986122886681098,0.0,0.002265237,0.0,0.5,1.0,0.0,0.0,0.0
2017-07-18,2,0,0.0,0.19878747,0.39757493,1.0986122886681098,0.0,0.33473852,0.5,0.5,1.0,0.0,0.0,0.0
2017-07-19,1,0,0.0,0.0021681592,0.0021681592,0.6931471805599453,0.0,0.002165812,0.0,0.0,1.0,0.0,0.0,0.0
2017-07-28,2,0,0.0,0.08408162,0.16816324,1.0986122886681098,0.0,0.15543263,0.5,0.5,0.5,0.0,0.0,0.0
2017-07-29,2,0,0.0,0.014825422,0.029650845,1.0986122886681098,0.0,0.02921976,0.5,1.0,0.5,0.0,0.0,0.0
2017-07-30,1,1,1.0,0.6927325,0.6927325,0.6931471805599453,0.6931471805599453,0.52634406,0.0,1.0,1.0,0.0,0.0,0.0
2017-07-31,1,1,1.0,0.9994943,0.9994943,0.6931471805599453,0.6931471805599453,0.6928943,0.0,1.0,1.0,0.0,0.0,0.0
2017-08-01,3,2,0.6666666666666666,0.64334,1.93002,1.3862943611198906,1.0986122886681098,1.0750092,0.0,1.0,1.0,0.0,0.0,0.0
2017-08-04,1,0,0.0,0.00306622,0.00306622,0.6931471805599453,0.0,0.0030615288,1.0,0.0,0.0,0.0,0.0,0.0
2017-08-09,5,1,0.2,0.21166888,1.0583444,1.791759469228055,0.6931471805599453,0.72190195,0.6,0.8,0.4,0.0,0.0,0.0
2017-08-11,1,0,0.0,0.051262647,0.051262647,0.6931471805599453,0.0,0.04999196,1.0,0.0,0.0,0.0,0.0,0.0
2017-08-12,1,0,0.0,0.004984975,0.004984975,0.6931471805599453,0.0,0.004972591,0.0,0.0,1.0,0.0,0.0,0.0
2017-08-14,1,1,1.0,0.9983134,0.9983134,0.6931471805599453,0.6931471805599453,0.69230354,1.0,0.0,0.0,0.0,0.0,0.0
2017-08-15,2,1,0.5,0.5077052,1.0154104,1.0986122886681098,0.6931471805599453,0.7008229,0.5,1.0,0.5,0.0,0.0,0.0
2017-08-21,1,0,0.0,0.005138772,0.005138772,0.6931471805599453,0.0,0.0051256134,1.0,0.0,0.0,0.0,0.0,0.0
2017-08-22,3,3,1.0,0.9984967,2.99549,1.3862943611198906,1.3862943611198906,1.3851663,0.6666666666666666,0.6666666666666666,0.3333333333333333,0.0,0.0,0.0
2017-08-23,1,0,0.0,0.005202515,0.005202515,0.6931471805599453,0.0,0.0051890286,0.0,0.0,1.0,0.0,0.0,0.0
2017-08-24,6,2,0.3333333333333333,0.3558587,2.1351523,1.9459101490553132,1.0986122886681098,1.1426778,0.16666666666666666,0.8333333333333334,0.8333333333333334,0.16666666666666666,0.16666666666666666,0.0
2017-08-25,2,2,1.0,0.9915094,1.9830188,1.0986122886681098,1.0986122886681098,1.0929358,0.0,0.0,1.0,0.0,0.0,0.0
2017-08-27,1,1,1.0,0.9563028,0.9563028,0.6931471805599453,0.6931471805599453,0.6710564,0.0,0.0,1.0,0.0,0.0,0.0
2017-08-28,4,2,0.5,0.49239293,1.9695717,1.6094379124341003,1.0986122886681098,1.0884178,0.0,0.25,1.0,0.25,0.0,0.0
2017-08-30,3,1,0.3333333333333333,0.33551225,1.0065367,1.3862943611198906,0.6931471805599453,0.69641024,0.3333333333333333,0.3333333333333333,0.6666666666666666,0.0,0.0,0.0
2017-08-31,2,1,0.5,0.40662777,0.81325555,1.0986122886681098,0.6931471805599453,0.5951239,0.0,0.0,1.0,0.0,0.0,0.0
2017-09-01,7,0,0.0,0.009699648,0.067897536,2.0794415416798357,0.0,0.06569179,0.0,1.0,1.0,0.0,0.0,0.0
2017-09-02,1,0,0.0,0.013840147,0.013840147,0.6931471805599453,0.0,0.013745247,1.0,0.0,1.0,0.0,1.0,0.0
2017-09-03,1,0,0.0,0.005903497,0.005903497,0.6931471805599453,0.0,0.0058861393,0.0,0.0,1.0,0.0,0.0,0.0
2017-09-04,5,2,0.4,0.38280833,1.9140416,1.791759469228055,1.0986122886681098,1.069541,0.4,0.4,1.0,0.0,0.0,0.0
2017-09-05,1,0,0.0,0.001449081,0.001449081,0.6931471805599453,0.0,0.0014480321,0.0,0.0,1.0,0.0,0.0,0.0
2017-09-08,2,0,0.0,0.07816209,0.15632418,1.0986122886681098,0.0,0.14524616,0.0,0.0,1.0,0.0,0.0,0.0
2017-09-10,1,0,0.0,0.0022813594,0.0022813594,0.6931471805599453,0.0,0.002278761,0.0,1.0,1.0,0.0,0.0,0.0
2017-09-11,1,0,0.0,0.0016321244,0.0016321244,0.6931471805599453,0.0,0.0016307939,0.0,0.0,1.0,0.0,0.0,0.0
2017-09-12,3,2,0.6666666666666666,0.63659954,1.9097986,1.3862943611198906,1.0986122886681098,1.0680839,0.3333333333333333,0.3333333333333333,1.0,0.0,0.0,0.0
2017-09-14,4,0,0.0,0.0016551489,0.0066205957,1.6094379124341003,0.0,0.0065987757,0.0,0.5,1.0,0.0,0.0,0.0
2017-09-18,3,1,0.3333333333333333,0.34680462,1.0404139,1.3862943611198906,0.6931471805599453,0.71315265,0.0,0.3333333333333333,1.0,0.0,0.0,0.0
2017-09-20,1,0,0.0,0.48749053,0.48749053,0.6931471805599453,0.0,0.3970905,0.0,0.0,1.0,0.0,0.0,0.0
2017-09-21,1,1,1.0,0.9771921,0.9771921,0.6931471805599453,0.6931471805599453,0.6816777,0.0,0.0,1.0,0.0,0.0,0.0
2017-09-22,1,0,0.0,0.0060274084,0.0060274084,0.6931471805599453,0.0,0.006009316,0.0,0.0,1.0,0.0,0.0,0.0
2017-09-23,1,0,0.0,0.0026826027,0.0026826027,0.6931471805599453,0.0,0.002679011,1.0,0.0,1.0,0.0,0.0,0.0
2017-09-24,1,0,0.0,0.0014252116,0.0014252116,0.6931471805599453,0.0,0.0014241969,0.0,0.0,1.0,0.0,0.0,0.0
2017-09-25,1,0,0.0,0.38021338,0.38021338,0.6931471805599453,0.0,0.3222381,0.0,0.0,1.0,0.0,0.0,0.0
2017-09-27,5,0,0.0,0.06753869,0.33769348,1.791759469228055,0.0,0.29094684,1.0,0.4,1.0,0.0,0.0,0.0
2017-09-28,2,1,0.5,0.5960139,1.1920278,1.0986122886681098,0.6931471805599453,0.78482705,0.5,0.5,0.5,0.0,0.0,0.0
2017-09-29,3,1,0.3333333333333333,0.3298858,0.98965746,1.3862943611198906,0.6931471805599453,0.6879625,0.3333333333333333,0.3333333333333333,1.0,0.0,0.0,0.0
2017-10-01,5,0,0.0,0.040736996,0.20368497,1.791759469228055,0.0,0.18538766,0.0,0.8,1.0,0.8,0.0,0.0
2017-10-03,1,0,0.0,0.016651137,0.016651137,0.6931471805599453,0.0,0.016514026,0.0,1.0,1.0,0.0,0.0,0.0
2017-10-04,1,0,0.0,0.014435351,0.014435351,0.6931471805599453,0.0,0.014332153,0.0,1.0,1.0,0.0,0.0,0.0
2017-10-05,2,1,0.5,0.29915315,0.5983063,1.0986122886681098,0.6931471805599453,0.4689445,0.0,0.5,1.0,0.0,0.0,0.0
2017-10-06,1,0,0.0,0.24908508,0.24908508,0.6931471805599453,0.0,0.22241136,0.0,1.0,1.0,0.0,0.0,0.0
2017-10-08,1,0,0.0,0.010750092,0.010750092,0.6931471805599453,0.0,0.01069272,0.0,0.0,1.0,0.0,0.0,0.0
2017-10-09,6,2,0.3333333333333333,0.33513913,2.0108347,1.9459101490553132,1.0986122886681098,1.1022174,0.16666666666666666,0.6666666666666666,1.0,0.0,0.0,0.0
2017-10-10,2,0,0.0,0.0016211632,0.0032423264,1.0986122886681098,0.0,0.0032370815,0.0,0.0,1.0,0.0,0.5,0.0
2017-10-11,2,1,0.5,0.49867564,0.9973513,1.0986122886681098,0.6931471805599453,0.69182193,0.0,1.0,1.0,0.0,0.0,0.0
2017-10-12,1,0,0.0,0.0027441618,0.0027441618,0.6931471805599453,0.0,0.0027404034,1.0,1.0,1.0,0.0,1.0,0.0
2017-10-13,1,0,0.0,0.002405938,0.002405938,0.6931471805599453,0.0,0.0024030483,0.0,0.0,1.0,0.0,0.0,0.0
2017-10-14,1,0,0.0,0.001797806,0.001797806,0.6931471805599453,0.0,0.0017961919,0.0,1.0,1.0,0.0,0.0,0.0
2017-10-17,2,1,0.5,0.50727427,1.0145485,1.0986122886681098,0.6931471805599453,0.7003951,0.5,1.0,1.0,0.0,0.5,0.0
2017-10-18,1,0,0.0,0.0018111153,0.0018111153,0.6931471805599453,0.0,0.0018094772,0.0,1.0,1.0,0.0,0.0,0.0
2017-10-19,3,2,0.6666666666666666,0.66498524,1.9949558,1.3862943611198906,1.0986122886681098,1.0969296,0.3333333333333333,0.3333333333333333,1.0,0.0,0.0,0.0
2017-10-20,3,1,0.3333333333333333,0.334355,1.003065,1.3862943611198906,0.6931471805599453,0.6946785,0.3333333333333333,0.3333333333333333,1.0,0.0,0.0,0.0
2017-10-21,3,1,0.3333333333333333,0.34302935,1.029088,1.3862943611198906,0.6931471805599453,0.70758647,0.3333333333333333,0.6666666666666666,0.6666666666666666,0.0,0.0,0.0
2017-10-22,1,0,0.0,0.0014661709,0.0014661709,0.6931471805599453,0.0,0.0014650971,0.0,0.0,1.0,0.0,0.0,0.0
2017-10-23,1,1,1.0,0.99967194,0.99967194,0.6931471805599453,0.6931471805599453,0.69298315,1.0,1.0,1.0,0.0,0.0,0.0
2017-10-24,1,1,1.0,0.99947196,0.99947196,0.6931471805599453,0.6931471805599453,0.69288313,1.0,1.0,0.0,1.0,0.0,0.0
2017-10-25,2,1,0.5,0.50020385,1.0004077,1.0986122886681098,0.6931471805599453,0.69335103,1.0,1.0,0.0,1.0,0.0,0.0
2017-10-26,1,0,0.0,0.0024908956,0.0024908956,0.6931471805599453,0.0,0.0024877985,0.0,1.0,1.0,1.0,0.0,0.0
2017-10-27,2,0,0.0,0.0013927133,0.0027854266,1.0986122886681098,0.0,0.0027815544,0.0,0.5,1.0,0.0,0.0,0.0
2017-10-28,1,1,1.0,0.93315023,0.93315023,0.6931471805599453,0.6931471805599453,0.6591509,1.0,1.0,0.0,0.0,0.0,0.0
2017-10-30,2,0,0.0,0.0037674669,0.0075349337,1.0986122886681098,0.0,0.007506688,0.5,0.5,0.5,0.0,0.5,0.0
2017-10-31,1,1,1.0,0.9230428,0.9230428,0.6931471805599453,0.6931471805599453,0.6539087,1.0,0.0,0.0,0.0,0.0,0.0
2017-11-01,1,1,1.0,0.99942195,0.99942195,0.6931471805599453,0.6931471805599453,0.6928581,1.0,1.0,1.0,0.0,0.0,0.0
2017-11-02,1,1,1.0,0.99963033,0.99963033,0.6931471805599453,0.6931471805599453,0.69296235,1.0,1.0,1.0,0.0,0.0,0.0
2017-11-03,4,0,0.0,0.0014297327,0.0057189306,1.6094379124341003,0.0,0.0057026395,0.0,1.0,1.0,0.0,0.0,0.0
2017-11-06,1,0,0.0,0.0011546364,0.0011546364,0.6931471805599453,0.0,0.0011539703,0.0,1.0,1.0,0.0,0.0,0.0
2017-11-11,2,2,1.0,0.92196846,1.8439369,1.0986122886681098,1.0986122886681098,1.0451894,1.0,1.0,0.0,0.5,0.0,0.0
2017-11-12,2,1,0.5,0.50532496,1.0106499,1.0986122886681098,0.6931471805599453,0.698458,1.0,0.5,0.0,0.0,0.0,0.0
2017-11-13,4,3,0.75,0.75048774,3.001951,1.6094379124341003,1.3862943611198906,1.386782,0.75,0.5,1.0,0.0,0.25,0.0
2017-11-14,1,1,1.0,0.9989454,0.9989454,0.6931471805599453,0.6931471805599453,0.69261974,1.0,1.0,0.0,0.0,0.0,0.0
2017-11-15,1,0,0.0,0.0011770776,0.0011770776,0.6931471805599453,0.0,0.0011763854,0.0,1.0,1.0,0.0,0.0,0.0
2017-11-17,2,1,0.5,0.4960651,0.9921302,1.0986122886681098,0.6931471805599453,0.6892045,0.5,0.5,0.5,0.0,0.0,0.0
2017-11-19,3,1,0.3333333333333333,0.33413407,1.0024022,1.3862943611198906,0.6931471805599453,0.69434756,0.3333333333333333,0.3333333333333333,0.6666666666666666,0.0,0.0,0.0
2017-11-21,2,1,0.5,0.50125223,1.0025045,1.0986122886681098,0.6931471805599453,0.69439864,1.0,1.0,0.0,1.0,0.0,0.0
2017-11-22,7,6,0.8571428571428571,0.85672855,5.9971,2.0794415416798357,1.9459101490553132,1.9454957,1.0,1.0,0.0,1.0,0.0,0.0
2017-11-23,2,1,0.5,0.50030214,1.0006043,1.0986122886681098,0.6931471805599453,0.69344926,1.0,1.0,0.0,1.0,0.0,0.0
2017-11-24,1,1,1.0,0.99960524,0.99960524,0.6931471805599453,0.6931471805599453,0.6929498,1.0,1.0,0.0,0.0,0.0,0.0
2017-11-25,1,1,1.0,0.99965703,0.99965703,0.6931471805599453,0.6931471805599453,0.6929757,1.0,1.0,1.0,0.0,0.0,0.0
2017-11-26,1,0,0.0,0.009564241,0.009564241,0.6931471805599453,0.0,0.009518794,0.0,0.0,1.0,0.0,0.0,0.0
2017-11-27,4,0,0.0,0.0047322214,0.018928885,1.6094379124341003,0.0,0.018751964,0.0,1.0,1.0,0.0,0.0,0.0
2017-11-30,1,0,0.0,0.23781042,0.23781042,0.6931471805599453,0.0,0.21334404,0.0,0.0,1.0,0.0,0.0,0.0
2017-12-02,1,0,0.0,0.0019072074,0.0019072074,0.6931471805599453,0.0,0.001905391,0.0,0.0,1.0,0.0,0.0,0.0
2017-12-03,2,0,0.0,0.08217879,0.16435757,1.0986122886681098,0.0,0.1521695,0.0,0.0,1.0,0.0,0.0,0.0
2017-12-06,4,3,0.75,0.7118095,2.847238,1.6094379124341003,1.3862943611198906,1.3473555,0.0,0.25,1.0,0.0,0.0,0.0
2017-12-07,2,0,0.0,0.0011265426,0.0022530851,1.0986122886681098,0.0,0.0022505508,0.0,0.5,1.0,0.0,0.0,0.0
2017-12-08,2,1,0.5,0.49530938,0.99061877,1.0986122886681098,0.6931471805599453,0.6884455,0.0,1.0,1.0,0.0,0.0,0.0
2017-12-10,1,0,0.0,0.0016856069,0.0016856069,0.6931471805599453,0.0,0.0016841879,0.0,0.0,1.0,0.0,0.0,0.0
2017-12-11,1,0,0.0,0.0028493847,0.0028493847,0.6931471805599453,0.0,0.002845333,1.0,1.0,0.0,1.0,1.0,0.0
2017-12-12,3,1,0.3333333333333333,0.3544555,1.0633665,1.3862943611198906,0.6931471805599453,0.7243389,0.6666666666666666,0.6666666666666666,0.6666666666666666,0.3333333333333333,0.0,0.0
2017-12-15,1,0,0.0,0.0016551834,0.0016551834,0.6931471805599453,0.0,0.001653815,0.0,1.0,1.0,0.0,0.0,0.0
2017-12-17,1,0,0.0,0.0014974624,0.0014974624,0.6931471805599453,0.0,0.0014963424,0.0,0.0,1.0,0.0,0.0,0.0
2017-12-18,2,2,1.0,0.9994549,1.9989098,1.0986122886681098,1.0986122886681098,1.0982488,1.0,1.0,0.5,0.0,0.0,0.0
2017-12-20,4,2,0.5,0.4162014,1.6648057,1.6094379124341003,1.0986122886681098,0.98013115,0.75,0.5,0.5,0.0,0.5,0.0
2017-12-22,2,1,0.5,0.5004684,1.0009367,1.0986122886681098,0.6931471805599453,0.69361544,0.0,0.0,1.0,0.0,0.5,0.0
2017-12-25,1,0,0.0,0.00258965,0.00258965,0.6931471805599453,0.0,0.0025863026,0.0,0.0,1.0,0.0,0.0,0.0
2017-12-26,1,0,0.0,0.11534925,0.11534925,0.6931471805599453,0.0,0.109167576,0.0,0.0,1.0,0.0,0.0,0.0
2017-12-27,1,1,1.0,0.9994566,0.9994566,0.6931471805599453,0.6931471805599453,0.69287544,1.0,1.0,0.0,1.0,0.0,0.0
2017-12-28,2,1,0.5,0.37401187,0.74802375,1.0986122886681098,0.6931471805599453,0.55848587,1.0,1.0,0.5,0.0,0.0,0.0
2017-12-30,2,1,0.5,0.49745685,0.9949137,1.0986122886681098,0.6931471805599453,0.6906008,0.5,0.5,1.0,0.0,0.0,0.0
2017-12-31,1,1,1.0,0.9930229,0.9930229,0.6931471805599453,0.6931471805599453,0.68965256,1.0,0.0,0.0,0.0,0.0,0.0
2018-01-02,1,1,1.0,0.99871147,0.99871147,0.6931471805599453,0.6931471805599453,0.69250274,0.0,1.0,1.0,0.0,1.0,0.0
2018-01-04,4,0,0.0,0.003196395,0.01278558,1.6094379124341003,0.0,0.012704534,0.75,0.25,0.25,0.0,0.0,0.0
2018-01-05,1,0,0.0,0.0019126431,0.0019126431,0.6931471805599453,0.0,0.0019108163,0.0,1.0,1.0,0.0,0.0,0.0
2018-01-06,3,1,0.3333333333333333,0.33442342,1.0032703,1.3862943611198906,0.6931471805599453,0.694781,0.6666666666666666,0.6666666666666666,0.6666666666666666,0.0,0.0,0.0
2018-01-07,6,3,0.5,0.4731014,2.8386085,1.9459101490553132,1.3862943611198906,1.3451099,0.16666666666666666,0.6666666666666666,0.8333333333333334,0.0,0.0,0.0
2018-01-09,1,0,0.0,0.0010795787,0.0010795787,0.6931471805599453,0.0,0.0010789963,0.0,1.0,1.0,0.0,0.0,0.0
2018-01-10,2,0,0.0,0.0017693291,0.0035386581,1.0986122886681098,0.0,0.0035324118,0.0,0.0,1.0,0.0,0.0,0.0
2018-01-11,1,0,0.0,0.0018001298,0.0018001298,0.6931471805599453,0.0,0.0017985115,0.0,0.0,1.0,0.0,0.0,0.0
2018-01-12,2,1,0.5,0.48486787,0.96973574,1.0986122886681098,0.6931471805599453,0.6778994,0.0,1.0,1.0,0.0,0.5,0.0
2018-01-13,1,0,0.0,0.0055148774,0.0055148774,0.6931471805599453,0.0,0.005499726,0.0,0.0,1.0,0.0,0.0,0.0
2018-01-14,1,0,0.0,0.052247383,0.052247383,0.6931471805599453,0.0,0.050928243,0.0,1.0,1.0,0.0,0.0,0.0
2018-01-15,1,0,0.0,0.017652906,0.017652906,0.6931471805599453,0.0,0.017498903,0.0,1.0,1.0,0.0,1.0,0.0
2018-01-16,3,3,1.0,0.91382504,2.741475,1.3862943611198906,1.3862943611198906,1.31948,0.6666666666666666,1.0,1.0,0.0,0.3333333333333333,0.0
2018-01-17,2,2,1.0,0.99922746,1.9984549,1.0986122886681098,1.0986122886681098,1.0980971,1.0,1.0,1.0,0.0,0.0,0.0
2018-01-18,1,0,0.0,0.002194551,0.002194551,0.6931471805599453,0.0,0.0021921466,0.0,1.0,1.0,0.0,0.0,0.0
2018-01-19,3,1,0.3333333333333333,0.3297929,0.9893787,1.3862943611198906,0.6931471805599453,0.6878224,0.6666666666666666,0.6666666666666666,0.3333333333333333,0.0,0.0,0.0
2018-01-21,1,1,1.0,0.9988618,0.9988618,0.6931471805599453,0.6931471805599453,0.6925779,1.0,0.0,0.0,0.0,0.0,0.0
2018-02-04,2,2,1.0,0.9815031,1.9630063,1.0986122886681098,1.0986122886681098,1.0862044,1.0,1.0,0.5,0.0,0.0,0.0
2018-02-05,1,0,0.0,0.0009364122,0.0009364122,0.6931471805599453,0.0,0.000935974,0.0,0.0,1.0,0.0,0.0,0.0
2018-02-06,8,7,0.875,0.87467635,6.997411,2.1972245773362196,2.0794415416798357,2.0791178,1.0,1.0,0.125,0.75,0.0,0.0
2018-02-09,1,0,0.0,0.0009829229,0.0009829229,0.6931471805599453,0.0,0.0009824401,0.0,1.0,1.0,0.0,0.0,0.0
2018-02-10,3,0,0.0,0.001837253,0.005511759,1.3862943611198906,0.0,0.005496625,0.3333333333333333,0.6666666666666666,1.0,0.0,0.0,0.0
2018-02-11,2,0,0.0,0.0014687292,0.0029374585,1.0986122886681098,0.0,0.0029331525,0.0,0.0,1.0,0.0,0.0,0.0
2018-02-12,7,1,0.14285714285714285,0.14562382,1.0193667,2.0794415416798357,0.6931471805599453,0.70278394,0.14285714285714285,0.2857142857142857,1.0,0.0,0.0,0.0
2018-02-13,2,0,0.0,0.0014427742,0.0028855484,1.0986122886681098,0.0,0.0028813933,0.0,0.5,1.0,0.5,0.0,0.0
2018-02-14,3,0,0.0,0.0011423981,0.0034271944,1.3862943611198906,0.0,0.003421335,0.0,1.0,1.0,0.0,0.0,0.0
2018-02-16,7,0,0.0,0.06674473,0.4672131,2.0794415416798357,0.0,0.38336477,0.14285714285714285,0.5714285714285714,0.8571428571428571,0.0,0.0,0.0
2018-02-18,1,1,1.0,0.99442214,0.99442214,0.6931471805599453,0.6931471805599453,0.69035435,1.0,0.0,1.0,0.0,1.0,0.0
2018-02-20,2,1,0.5,0.5010274,1.0020548,1.0986122886681098,0.6931471805599453,0.69417405,0.5,0.0,0.5,0.0,0.0,0.0
2018-02-21,2,1,0.5,0.5020119,1.0040238,1.0986122886681098,0.6931471805599453,0.69515705,0.5,1.0,1.0,0.0,0.0,0.0
2018-02-22,3,1,0.3333333333333333,0.25156176,0.7546853,1.3862943611198906,0.6931471805599453,0.5622895,0.3333333333333333,0.3333333333333333,1.0,0.0,0.3333333333333333,0.0
2018-02-24,3,2,0.6666666666666666,0.66685027,2.0005507,1.3862943611198906,1.0986122886681098,1.0987959,1.0,0.6666666666666666,0.3333333333333333,0.0,0.0,0.0
2018-02-25,2,0,0.0,0.0013321305,0.002664261,1.0986122886681098,0.0,0.0026607183,0.0,0.5,1.0,0.0,0.5,0.0
2018-02-26,4,1,0.25,0.3333246,1.3332984,1.6094379124341003,0.6931471805599453,0.8472829,0.5,0.5,0.75,0.0,0.0,0.0
2018-02-27,2,1,0.5,0.49779388,0.99558777,1.0986122886681098,0.6931471805599453,0.69093865,0.5,0.5,0.5,0.0,0.0,0.0
2018-03-02,1,1,1.0,0.99962175,0.99962175,0.6931471805599453,0.6931471805599453,0.69295806,0.0,0.0,1.0,0.0,0.0,0.0
2018-03-03,2,2,1.0,0.9954992,1.9909984,1.0986122886681098,1.0986122886681098,1.0956073,0.0,0.0,1.0,0.0,1.0,0.0
2018-03-04,1,1,1.0,0.99100304,0.99100304,0.6931471805599453,0.6931471805599453,0.68863857,1.0,0.0,0.0,0.0,0.0,0.0
2018-03-05,1,0,0.0,0.0016152498,0.0016152498,0.6931471805599453,0.0,0.0016139466,0.0,1.0,1.0,0.0,0.0,0.0
2018-03-07,2,0,0.0,0.0013753474,0.0027506948,1.0986122886681098,0.0,0.0027469185,0.0,0.0,1.0,0.0,0.0,0.0
2018-03-08,2,1,0.5,0.5004307,1.0008614,1.0986122886681098,0.6931471805599453,0.69357777,1.0,0.5,0.5,0.5,0.5,0.0
2018-03-09,4,0,0.0,0.03400854,0.13603416,1.6094379124341003,0.0,0.12754339,0.25,0.5,0.75,0.0,0.0,0.0
2018-03-10,1,0,0.0,0.0028011783,0.0028011783,0.6931471805599453,0.0,0.0027972623,0.0,0.0,1.0,0.0,0.0,0.0
2018-03-12,5,1,0.2,0.21757181,1.087859,1.791759469228055,0.6931471805599453,0.7361392,0.8,0.0,1.0,0.0,0.8,0.0
2018-03-13,6,4,0.6666666666666666,0.6704268,4.0225606,1.9459101490553132,1.6094379124341003,1.6139399,1.0,0.8333333333333334,1.0,0.0,1.0,0.0
2018-03-14,1,1,1.0,0.999,0.999,0.6931471805599453,0.6931471805599453,0.69264704,1.0,1.0,1.0,0.0,1.0,0.0
2018-03-15,4,1,0.25,0.36118132,1.4447253,1.6094379124341003,0.6931471805599453,0.89393276,0.75,0.5,0.75,0.0,0.25,0.0
2018-03-17,5,0,0.0,0.010343617,0.051718086,1.791759469228055,0.0,0.050425097,0.8,1.0,0.2,0.0,0.0,0.0
2018-03-18,1,0,0.0,0.0018750384,0.0018750384,0.6931471805599453,0.0,0.0018732827,0.0,0.0,1.0,0.0,1.0,0.0
2018-03-19,2,2,1.0,0.99931026,1.9986205,1.0986122886681098,1.0986122886681098,1.0981524,1.0,0.0,0.0,0.0,0.0,0.0
2018-03-20,3,1,0.3333333333333333,0.37698293,1.1309488,1.3862943611198906,0.6931471805599453,0.7565673,0.6666666666666666,0.3333333333333333,0.6666666666666666,0.3333333333333333,0.0,0.0
2018-03-21,2,1,0.5,0.5002676,1.0005352,1.0986122886681098,0.6931471805599453,0.69341475,0.5,1.0,0.5,0.5,0.0,0.0
2018-03-22,2,0,0.0,0.0028465483,0.0056930967,1.0986122886681098,0.0,0.005676952,0.0,0.5,1.0,0.0,0.0,0.0
2018-03-23,6,3,0.5,0.45081905,2.7049143,1.9459101490553132,1.3862943611198906,1.3096602,0.5,0.5,1.0,0.0,0.16666666666666666,0.0
2018-03-24,6,3,0.5,0.5056532,3.033919,1.9459101490553132,1.3862943611198906,1.3947384,0.6666666666666666,0.16666666666666666,0.8333333333333334,0.0,0.0,0.0
2018-03-25,1,0,0.0,0.0013060829,0.0013060829,0.6931471805599453,0.0,0.0013052308,1.0,1.0,1.0,0.0,0.0,0.0
2018-03-26,3,0,0.0,0.072360516,0.21708155,1.3862943611198906,0.0,0.19645582,0.3333333333333333,0.6666666666666666,1.0,0.3333333333333333,0.0,0.0
2018-03-28,2,0,0.0,0.0011178127,0.0022356254,1.0986122886681098,0.0,0.0022331302,0.5,0.5,1.0,0.0,0.0,0.0
2018-03-30,3,2,0.6666666666666666,0.6666489,1.9999467,1.3862943611198906,1.0986122886681098,1.0985945,0.6666666666666666,0.3333333333333333,0.3333333333333333,0.0,0.3333333333333333,0.0
2018-03-31,2,1,0.5,0.5001006,1.0002012,1.0986122886681098,0.6931471805599453,0.6932478,0.5,0.5,0.5,0.5,0.0,0.0
2018-04-01,1,1,1.0,0.9991819,0.9991819,0.6931471805599453,0.6931471805599453,0.69273806,1.0,0.0,0.0,0.0,0.0,0.0
2018-04-02,1,0,0.0,0.0027789867,0.0027789867,0.6931471805599453,0.0,0.0027751324,0.0,0.0,1.0,0.0,1.0,0.0
2018-04-03,3,1,0.3333333333333333,0.33498642,1.0049592,1.3862943611198906,0.6931471805599453,0.69562376,0.6666666666666666,0.6666666666666666,1.0,0.0,0.3333333333333333,0.0
2018-04-04,4,0,0.0,0.04913049,0.19652195,1.6094379124341003,0.0,0.17941898,0.25,0.5,0.75,0.25,0.0,0.0
2018-04-05,1,0,0.0,0.0011658774,0.0011658774,0.6931471805599453,0.0,0.0011651984,0.0,0.0,1.0,0.0,0.0,0.0
2018-04-06,1,0,0.0,0.007579486,0.007579486,0.6931471805599453,0.0,0.007550906,0.0,0.0,1.0,0.0,1.0,0.0
2018-04-07,2,1,0.5,0.50134104,1.0026821,1.0986122886681098,0.6931471805599453,0.69448733,0.5,1.0,0.5,0.0,0.0,0.0
2018-04-08,3,2,0.6666666666666666,0.63823336,1.9147,1.3862943611198906,1.0986122886681098,1.0697669,0.6666666666666666,0.6666666666666666,0.3333333333333333,0.0,0.0,0.0
2018-04-09,3,2,0.6666666666666666,0.6204789,1.8614368,1.3862943611198906,1.0986122886681098,1.0513239,0.3333333333333333,1.0,0.6666666666666666,0.0,0.0,0.0
2018-04-10,4,3,0.75,0.7117428,2.8469713,1.6094379124341003,1.3862943611198906,1.3472861,1.0,0.5,0.5,0.0,0.25,0.0
2018-04-11,4,2,0.5,0.44696358,1.7878543,1.6094379124341003,1.0986122886681098,1.0252723,0.5,0.75,0.5,0.0,0.25,0.0
2018-04-12,2,0,0.0,0.0013036956,0.0026073912,1.0986122886681098,0.0,0.002603998,1.0,1.0,0.0,0.0,0.0,0.0
2018-04-13,2,0,0.0,0.03095331,0.06190662,1.0986122886681098,0.0,0.060065992,0.5,1.0,0.5,0.0,0.0,0.0
2018-04-15,2,0,0.0,0.04469259,0.08938518,1.0986122886681098,0.0,0.08561348,1.0,0.5,0.0,0.0,0.0,0.0
2018-04-16,1,0,0.0,0.001493723,0.001493723,0.6931471805599453,0.0,0.0014926086,0.0,0.0,1.0,0.0,0.0,0.0
2018-04-17,4,1,0.25,0.1930906,0.7723624,1.6094379124341003,0.6931471805599453,0.57231337,0.5,0.5,0.5,0.25,0.5,0.0
2018-04-18,3,2,0.6666666666666666,0.6145975,1.8437924,1.3862943611198906,1.0986122886681098,1.0451386,0.6666666666666666,0.6666666666666666,0.6666666666666666,0.3333333333333333,0.0,0.0
2018-04-19,3,0,0.0,0.0031340357,0.009402107,1.3862943611198906,0.0,0.009358183,0.3333333333333333,0.6666666666666666,0.6666666666666666,0.0,0.0,0.0
2018-04-20,5,3,0.6,0.5944426,2.972213,1.791759469228055,1.3862943611198906,1.3793234,0.6,0.8,0.6,0.2,0.0,0.0
2018-04-21,1,0,0.0,0.002747651,0.002747651,0.6931471805599453,0.0,0.002743883,0.0,0.0,1.0,0.0,1.0,0.0
2018-04-23,1,1,1.0,0.9931132,0.9931132,0.6931471805599453,0.6931471805599453,0.68969786,1.0,1.0,1.0,0.0,0.0,0.0
2018-04-24,1,1,1.0,0.9995603,0.9995603,0.6931471805599453,0.6931471805599453,0.6929273,1.0,1.0,1.0,0.0,0.0,0.0
2018-04-25,3,1,0.3333333333333333,0.33449435,1.003483,1.3862943611198906,0.6931471805599453,0.6948872,1.0,0.3333333333333333,0.0,0.0,0.0,0.0
2018-04-27,2,1,0.5,0.4907761,0.9815522,1.0986122886681098,0.6931471805599453,0.68388045,1.0,0.5,0.0,0.0,0.0,0.0
2018-04-28,2,1,0.5,0.5003016,1.0006032,1.0986122886681098,0.6931471805599453,0.6934487,0.5,1.0,0.5,0.0,0.0,0.0
2018-04-29,4,1,0.25,0.2035515,0.814206,1.6094379124341003,0.6931471805599453,0.59564793,0.25,0.5,1.0,0.0,0.0,0.0
2018-04-30,2,0,0.0,0.008695218,0.017390436,1.0986122886681098,0.0,0.017240953,0.0,0.0,1.0,0.0,0.0,0.0
2018-05-01,5,2,0.4,0.4005362,2.002681,1.791759469228055,1.0986122886681098,1.0995055,0.6,0.8,0.6,0.4,0.0,0.0
2018-05-02,4,1,0.25,0.2513346,1.0053384,1.6094379124341003,0.6931471805599453,0.6958128,0.25,0.5,1.0,0.25,0.0,0.0
2018-05-04,1,0,0.0,0.0042608217,0.0042608217,0.6931471805599453,0.0,0.00425177,0.0,1.0,1.0,0.0,0.0,0.0
2018-05-06,2,0,0.0,0.016263178,0.032526355,1.0986122886681098,0.0,0.03200857,1.0,1.0,0.0,0.5,0.0,0.0
2018-05-07,3,1,0.3333333333333333,0.3813072,1.1439216,1.3862943611198906,0.6931471805599453,0.76263666,0.6666666666666666,0.6666666666666666,0.6666666666666666,0.0,0.0,0.0
2018-05-09,1,0,0.0,0.003225135,0.003225135,0.6931471805599453,0.0,0.0032199454,1.0,1.0,0.0,1.0,0.0,0.0
2018-05-10,3,1,0.3333333333333333,0.33591434,1.007743,1.3862943611198906,0.6931471805599453,0.69701123,0.6666666666666666,0.6666666666666666,0.3333333333333333,0.3333333333333333,0.0,0.0
2018-05-12,1,0,0.0,0.0075120106,0.0075120106,0.6931471805599453,0.0,0.007483936,0.0,0.0,1.0,0.0,0.0,0.0
2018-05-13,2,1,0.5,0.6998522,1.3997045,1.0986122886681098,0.6931471805599453,0.8753456,1.0,0.5,1.0,0.0,0.0,0.0
2018-05-14,3,0,0.0,0.0016388795,0.0049166386,1.3862943611198906,0.0,0.0049045915,0.0,0.3333333333333333,1.0,0.0,0.0,0.0
2018-05-15,2,0,0.0,0.004559848,0.009119696,1.0986122886681098,0.0,0.009078363,1.0,1.0,1.0,0.0,0.0,0.0
2018-05-16,2,0,0.0,0.0024085497,0.0048170993,1.0986122886681098,0.0,0.004805534,0.0,0.0,1.0,0.0,0.0,0.0
2018-05-17,5,1,0.2,0.20625499,1.0312749,1.791759469228055,0.6931471805599453,0.70866364,0.4,0.8,0.6,0.0,0.2,0.0
2018-05-18,4,0,0.0,0.0021689762,0.008675905,1.6094379124341003,0.0,0.008638485,0.0,0.75,1.0,0.0,0.0,0.0
2018-05-19,2,1,0.5,0.5010093,1.0020186,1.0986122886681098,0.6931471805599453,0.69415593,0.5,1.0,0.5,0.5,0.0,0.0
2018-05-21,2,0,0.0,0.008100712,0.016201423,1.0986122886681098,0.0,0.01607158,0.0,0.0,1.0,0.0,0.0,0.0
2018-05-24,1,0,0.0,0.002225671,0.002225671,0.6931471805599453,0.0,0.0022231978,0.0,1.0,1.0,0.0,0.0,0.0
2018-05-25,4,1,0.25,0.24224372,0.9689749,1.6094379124341003,0.6931471805599453,0.67751306,0.0,0.0,1.0,0.0,0.0,0.0
2018-05-27,2,0,0.0,0.0141701605,0.028340321,1.0986122886681098,0.0,0.027946163,0.0,0.0,1.0,0.0,0.0,0.0
2018-05-30,2,0,0.0,0.018774586,0.03754917,1.0986122886681098,0.0,0.036861368,0.0,0.5,1.0,0.0,0.0,0.0
2018-05-31,3,1,0.3333333333333333,0.39870366,1.196111,1.3862943611198906,0.6931471805599453,0.786688,0.6666666666666666,0.3333333333333333,1.0,0.0,0.0,0.0
2018-06-01,1,1,1.0,0.9995017,0.9995017,0.6931471805599453,0.6931471805599453,0.692898,1.0,1.0,0.0,0.0,0.0,0.0
2018-06-02,1,0,0.0,0.016613279,0.016613279,0.6931471805599453,0.0,0.016476788,0.0,1.0,1.0,0.0,0.0,0.0
2018-06-03,2,1,0.5,0.5008276,1.0016552,1.0986122886681098,0.6931471805599453,0.69397444,0.5,0.5,1.0,0.0,0.0,0.0
2018-06-05,5,0,0.0,0.0036377937,0.018188968,1.791759469228055,0.0,0.018025529,0.0,1.0,1.0,0.0,0.0,0.0
2018-06-06,3,1,0.3333333333333333,0.26998225,0.8099467,1.3862943611198906,0.6931471805599453,0.5932974,0.6666666666666666,1.0,0.6666666666666666,0.0,0.3333333333333333,0.0
2018-06-07,6,2,0.3333333333333333,0.33790156,2.0274093,1.9459101490553132,1.0986122886681098,1.1077073,0.5,0.8333333333333334,0.6666666666666666,0.0,0.3333333333333333,0.0
2018-06-08,2,2,1.0,0.9991536,1.9983072,1.0986122886681098,1.0986122886681098,1.0980479,1.0,1.0,1.0,0.0,0.0,0.0
2018-06-27,1,0,0.0,0.0014628995,0.0014628995,0.6931471805599453,0.0,0.0014618305,0.0,0.0,1.0,0.0,0.0,0.0
2018-06-28,1,1,1.0,0.9995128,0.9995128,0.6931471805599453,0.6931471805599453,0.6929036,1.0,1.0,0.0,0.0,0.0,0.0
2018-06-29,1,0,0.0,0.0012342336,0.0012342336,0.6931471805599453,0.0,0.0012334726,0.0,1.0,1.0,0.0,0.0,0.0
2018-07-03,2,2,1.0,0.9913151,1.9826303,1.0986122886681098,1.0986122886681098,1.0928056,0.0,0.0,1.0,0.0,0.0,0.0
2018-07-04,4,0,0.0,0.11545572,0.46182287,1.6094379124341003,0.0,0.3796842,0.0,1.0,1.0,0.0,0.0,0.0
2018-07-05,4,0,0.0,0.038772985,0.15509194,1.6094379124341003,0.0,0.14417994,0.25,1.0,1.0,0.0,0.0,0.0
2018-07-06,2,1,0.5,0.5002798,1.0005596,1.0986122886681098,0.6931471805599453,0.6934269,0.5,0.5,0.5,0.0,0.0,0.0
2018-07-08,1,1,1.0,0.99955183,0.99955183,0.6931471805599453,0.6931471805599453,0.69292307,1.0,1.0,0.0,0.0,0.0,0.0
2018-07-11,2,1,0.5,0.5007087,1.0014174,1.0986122886681098,0.6931471805599453,0.69385564,0.5,1.0,0.5,0.0,0.0,0.0
2018-07-13,2,2,1.0,0.9941956,1.9883912,1.0986122886681098,1.0986122886681098,1.0947351,1.0,1.0,1.0,1.0,0.0,0.0
2018-07-14,4,0,0.0,0.029258708,0.11703483,1.6094379124341003,0.0,0.1106777,0.0,0.75,1.0,0.0,0.0,0.0
2018-07-15,2,1,0.5,0.36549234,0.7309847,1.0986122886681098,0.6931471805599453,0.54869044,0.0,0.5,1.0,0.0,0.0,0.0
2018-07-16,2,0,0.0,0.0013312243,0.0026624487,1.0986122886681098,0.0,0.0026589106,0.5,0.5,1.0,0.0,0.0,0.0
2018-07-18,3,2,0.6666666666666666,0.66664773,1.9999433,1.3862943611198906,1.0986122886681098,1.0985934,0.6666666666666666,0.6666666666666666,0.3333333333333333,0.0,0.0,0.0
2018-07-19,2,0,0.0,0.0038796738,0.0077593476,1.0986122886681098,0.0,0.0077293986,0.0,0.5,1.0,0.0,0.0,0.0
2018-07-20,3,0,0.0,0.001773573,0.005320719,1.3862943611198906,0.0,0.005306614,0.3333333333333333,0.3333333333333333,0.6666666666666666,0.0,0.0,0.0
2018-07-21,1,0,0.0,0.0011008056,0.0011008056,0.6931471805599453,0.0,0.0011002001,0.0,1.0,1.0,0.0,0.0,0.0
2018-07-22,2,1,0.5,0.28462875,0.5692575,1.0986122886681098,0.6931471805599453,0.4506026,0.0,1.0,1.0,0.5,0.0,0.0
2018-07-24,1,1,1.0,0.99948066,0.99948066,0.6931471805599453,0.6931471805599453,0.6928875,1.0,0.0,0.0,0.0,0.0,0.0
2018-07-25,2,2,1.0,0.99941635,1.9988327,1.0986122886681098,1.0986122886681098,1.0982231,1.0,0.0,0.0,0.0,0.0,0.0
2018-07-26,2,0,0.0,0.2305892,0.4611784,1.0986122886681098,0.0,0.37924325,0.0,0.5,1.0,0.0,0.0,0.0
2018-07-27,1,0,0.0,0.002653887,0.002653887,0.6931471805599453,0.0,0.0026503718,0.0,1.0,1.0,0.0,0.0,0.0
2018-07-28,1,1,1.0,0.9992471,0.9992471,0.6931471805599453,0.6931471805599453,0.69277066,1.0,0.0,0.0,0.0,0.0,0.0
2018-07-29,3,3,1.0,0.99931115,2.9979334,1.3862943611198906,1.3862943611198906,1.3857776,1.0,0.0,0.0,0.0,0.0,0.0
2018-07-30,2,0,0.0,0.0015101791,0.0030203583,1.0986122886681098,0.0,0.0030158062,0.0,0.0,1.0,0.0,0.0,0.0
2018-08-01,4,0,0.0,0.0027907859,0.011163143,1.6094379124341003,0.0,0.011101295,0.25,0.5,0.75,0.0,0.0,0.0
2018-08-02,1,1,1.0,0.99956924,0.99956924,0.6931471805599453,0.6931471805599453,0.6929318,1.0,0.0,0.0,0.0,0.0,0.0
2018-08-04,1,1,1.0,0.7066606,0.7066606,0.6931471805599453,0.6931471805599453,0.5345386,0.0,0.0,1.0,0.0,0.0,0.0
2018-08-06,1,0,0.0,0.0027983682,0.0027983682,0.6931471805599453,0.0,0.0027944602,0.0,1.0,1.0,0.0,0.0,0.0
2018-08-07,3,2,0.6666666666666666,0.67183566,2.015507,1.3862943611198906,1.0986122886681098,1.103768,0.6666666666666666,0.0,0.6666666666666666,0.0,0.0,0.0
2018-08-08,1,1,1.0,0.98284274,0.98284274,0.6931471805599453,0.6931471805599453,0.68453157,0.0,0.0,1.0,0.0,0.0,0.0
2018-08-09,2,0,0.0,0.0017671429,0.0035342858,1.0986122886681098,0.0,0.0035280548,0.0,0.5,1.0,0.0,0.0,0.0
2018-08-10,1,0,0.0,0.0012098479,0.0012098479,0.6931471805599453,0.0,0.0012091165,0.0,1.0,1.0,0.0,0.0,0.0
2018-08-11,1,1,1.0,0.9995993,0.9995993,0.6931471805599453,0.6931471805599453,0.6929468,1.0,1.0,1.0,0.0,0.0,0.0
2018-08-12,1,0,0.0,0.001836435,0.001836435,0.6931471805599453,0.0,0.0018347509,0.0,1.0,1.0,0.0,0.0,0.0
2018-08-13,1,0,0.0,0.07653448,0.07653448,0.6931471805599453,0.0,0.07374707,1.0,1.0,0.0,1.0,0.0,0.0
2018-08-14,2,0,0.0,0.004136262,0.008272524,1.0986122886681098,0.0,0.008238494,0.0,0.0,1.0,0.0,0.0,0.0
2018-08-16,1,0,0.0,0.0023348103,0.0023348103,0.6931471805599453,0.0,0.002332089,0.0,0.0,1.0,0.0,0.0,0.0
2018-08-18,1,0,0.0,0.008039402,0.008039402,0.6931471805599453,0.0,0.008007258,0.0,0.0,1.0,0.0,0.0,0.0
2018-08-20,2,0,0.0,0.0033516246,0.006703249,1.0986122886681098,0.0,0.006680882,0.0,0.0,1.0,0.0,0.0,0.0
2018-08-21,4,3,0.75,0.7450186,2.9800744,1.6094379124341003,1.3862943611198906,1.3813006,0.0,0.0,1.0,0.0,0.0,0.0
2018-08-22,1,1,1.0,0.99953675,0.99953675,0.6931471805599453,0.6931471805599453,0.69291556,1.0,1.0,1.0,0.0,0.0,0.0
2018-08-23,3,2,0.6666666666666666,0.66343135,1.990294,1.3862943611198906,1.0986122886681098,1.0953717,0.3333333333333333,0.6666666666666666,1.0,0.0,0.0,0.0
2018-08-24,3,0,0.0,0.002446482,0.007339446,1.3862943611198906,0.0,0.0073126433,0.0,0.3333333333333333,1.0,0.0,0.3333333333333333,0.0
2018-08-25,3,2,0.6666666666666666,0.651381,1.954143,1.3862943611198906,1.0986122886681098,1.0832086,0.0,0.0,1.0,0.0,0.0,0.0
2018-08-26,2,0,0.0,0.21313378,0.42626756,1.0986122886681098,0.0,0.35506094,0.0,1.0,1.0,0.0,0.5,0.0
2018-08-27,1,1,1.0,0.9740925,0.9740925,0.6931471805599453,0.6931471805599453,0.6801088,0.0,0.0,1.0,0.0,0.0,0.0
2018-08-29,1,0,0.0,0.0010381899,0.0010381899,0.6931471805599453,0.0,0.0010376513,0.0,1.0,1.0,0.0,0.0,0.0
2018-08-30,1,1,1.0,0.99964,0.99964,0.6931471805599453,0.6931471805599453,0.6929672,0.0,0.0,1.0,0.0,0.0,0.0
2018-09-01,2,1,0.5,0.40517327,0.81034654,1.0986122886681098,0.6931471805599453,0.59351826,0.5,1.0,0.5,0.0,0.0,0.0
2018-09-02,2,1,0.5,0.5011611,1.0023222,1.0986122886681098,0.6931471805599453,0.6943076,0.5,1.0,1.0,0.0,0.0,0.0
2018-09-03,1,0,0.0,0.03320947,0.03320947,0.6931471805599453,0.0,0.032669947,0.0,1.0,1.0,0.0,0.0,0.0
2018-09-04,2,0,0.0,0.0017582478,0.0035164957,1.0986122886681098,0.0,0.0035103273,0.0,0.0,1.0,0.0,0.0,0.0
2018-09-05,2,1,0.5,0.51484895,1.0296979,1.0986122886681098,0.6931471805599453,0.70788693,0.5,0.5,0.5,0.0,0.0,0.0
2018-09-06,1,0,0.0,0.025461258,0.025461258,0.6931471805599453,0.0,0.025142519,0.0,0.0,1.0,0.0,0.0,0.0
2018-09-08,2,1,0.5,0.49551466,0.9910293,1.0986122886681098,0.6931471805599453,0.68865174,0.0,0.0,1.0,0.0,0.0,0.0
2018-09-09,3,1,0.3333333333333333,0.34715077,1.0414523,1.3862943611198906,0.6931471805599453,0.71366143,0.3333333333333333,0.0,0.6666666666666666,0.0,0.0,0.0
2018-09-10,1,0,0.0,0.0014292415,0.0014292415,0.6931471805599453,0.0,0.0014282211,0.0,0.0,1.0,0.0,0.0,0.0
2018-09-11,3,3,1.0,0.99785155,2.9935546,1.3862943611198906,1.3862943611198906,1.3846817,0.3333333333333333,0.3333333333333333,1.0,0.0,0.3333333333333333,0.0
2018-09-12,2,0,0.0,0.02393377,0.04786754,1.0986122886681098,0.0,0.046757184,0.0,0.5,1.0,0.5,0.0,0.0
2018-09-13,6,2,0.3333333333333333,0.29428786,1.7657272,1.9459101490553132,1.0986122886681098,1.0173036,0.0,0.16666666666666666,1.0,0.0,0.0,0.0
2018-09-14,6,1,0.16666666666666666,0.16675733,1.000544,1.9459101490553132,0.6931471805599453,0.6934191,0.0,0.16666666666666666,1.0,0.0,0.0,0.0
2018-09-15,5,1,0.2,0.2000639,1.0003195,1.791759469228055,0.6931471805599453,0.6933069,0.0,1.0,1.0,0.0,0.0,0.0
2018-09-16,1,0,0.0,0.002082751,0.002082751,0.6931471805599453,0.0,0.0020805849,0.0,0.0,1.0,0.0,0.0,0.0
2018-09-17,1,0,0.0,0.0033814572,0.0033814572,0.6931471805599453,0.0,0.0033757528,0.0,0.0,1.0,0.0,0.0,0.0
2018-09-18,4,1,0.25,0.25511846,1.0204738,1.6094379124341003,0.6931471805599453,0.70333207,0.25,0.25,1.0,0.0,0.0,0.0
2018-09-19,1,1,1.0,0.5764891,0.5764891,0.6931471805599453,0.6931471805599453,0.45520028,0.0,0.0,1.0,0.0,0.0,0.0
2018-09-20,5,0,0.0,0.009681157,0.048405785,1.791759469228055,0.0,0.04727071,0.0,0.2,1.0,0.0,0.0,0.0
2018-09-21,2,0,0.0,0.008063425,0.01612685,1.0986122886681098,0.0,0.015998194,0.0,0.0,1.0,0.0,0.0,0.0
2018-09-22,3,1,0.3333333333333333,0.33366218,1.0009866,1.3862943611198906,0.6931471805599453,0.69364035,0.3333333333333333,0.3333333333333333,1.0,0.3333333333333333,0.0,0.0
2018-09-23,2,1,0.5,0.5008478,1.0016956,1.0986122886681098,0.6931471805599453,0.69399464,0.0,0.5,1.0,0.5,0.0,0.0
2018-09-24,5,1,0.2,0.20363872,1.0181936,1.791759469228055,0.6931471805599453,0.70220286,0.2,0.6,1.0,0.0,0.0,0.0
2018-09-26,2,0,0.0,0.0014102753,0.0028205507,1.0986122886681098,0.0,0.0028165805,0.0,0.0,1.0,0.0,0.0,0.0
2018-09-27,2,0,0.0,0.006688053,0.013376106,1.0986122886681098,0.0,0.013287435,0.0,0.0,1.0,0.0,0.0,0.0
2018-09-28,3,2,0.6666666666666666,0.6784702,2.0354106,1.3862943611198906,1.0986122886681098,1.1103468,0.0,0.6666666666666666,1.0,0.0,0.0,0.0
2018-09-29,1,1,1.0,0.8722892,0.8722892,0.6931471805599453,0.6931471805599453,0.62716186,0.0,1.0,1.0,0.0,0.0,0.0
2018-09-30,2,2,1.0,0.9983399,1.9966798,1.0986122886681098,1.0986122886681098,1.097505,1.0,1.0,1.0,0.0,0.0,0.0
2018-10-01,1,0,0.0,0.0025978794,0.0025978794,0.6931471805599453,0.0,0.0025945108,0.0,1.0,1.0,0.0,0.0,0.0
2018-10-02,3,1,0.3333333333333333,0.33454037,1.0036211,1.3862943611198906,0.6931471805599453,0.6949561,0.3333333333333333,0.3333333333333333,1.0,0.0,0.3333333333333333,0.0
2018-10-03,3,1,0.3333333333333333,0.3348328,1.0044984,1.3862943611198906,0.6931471805599453,0.69539386,0.3333333333333333,0.6666666666666666,1.0,0.0,0.0,0.0
2018-10-04,4,3,0.75,0.7484383,2.9937532,1.6094379124341003,1.3862943611198906,1.3847314,1.0,0.5,0.25,0.0,0.0,0.0
2018-10-05,3,1,0.3333333333333333,0.31876096,0.9562829,1.3862943611198906,0.6931471805599453,0.6710462,0.3333333333333333,1.0,0.6666666666666666,0.3333333333333333,0.0,0.0
2018-10-06,2,0,0.0,0.0038854505,0.007770901,1.0986122886681098,0.0,0.007740863,0.5,0.5,0.5,0.5,0.0,0.0
2018-10-07,2,2,1.0,0.998834,1.997668,1.0986122886681098,1.0986122886681098,1.0978347,1.0,1.0,0.5,0.0,0.0,0.0
2018-10-09,2,1,0.5,0.28121716,0.5624343,1.0986122886681098,0.6931471805599453,0.44624507,0.0,0.0,1.0,0.0,0.0,0.0
2018-10-10,2,1,0.5,0.5059221,1.0118442,1.0986122886681098,0.6931471805599453,0.6990518,0.0,0.0,1.0,0.0,0.5,0.0
2018-10-11,2,0,0.0,0.16190405,0.3238081,1.0986122886681098,0.0,0.2805125,0.0,0.0,1.0,0.0,0.0,0.0
2018-10-12,2,0,0.0,0.00319028,0.00638056,1.0986122886681098,0.0,0.00636029,0.0,0.0,1.0,0.0,0.0,0.0
2018-10-13,5,2,0.4,0.3379806,1.689903,1.791759469228055,1.0986122886681098,0.9895052,0.2,0.2,0.8,0.2,0.0,0.0
2018-10-14,1,0,0.0,0.0013127208,0.0013127208,0.6931471805599453,0.0,0.0013118599,0.0,0.0,1.0,0.0,0.0,0.0
2018-10-15,2,1,0.5,0.4607485,0.921497,1.0986122886681098,0.6931471805599453,0.65310454,0.0,0.0,1.0,0.0,0.0,0.0
2018-10-16,1,0,0.0,0.011513391,0.011513391,0.6931471805599453,0.0,0.011447616,0.0,0.0,1.0,0.0,0.0,0.0
2018-10-17,2,0,0.0,0.15634537,0.31269073,1.0986122886681098,0.0,0.27207902,0.0,0.0,1.0,0.0,0.0,0.0
2018-10-18,2,0,0.0,0.010404935,0.02080987,1.0986122886681098,0.0,0.020596303,0.0,0.5,1.0,0.0,0.0,0.0
2018-10-19,3,0,0.0,0.0017889729,0.0053669186,1.3862943611198906,0.0,0.005352568,0.0,0.6666666666666666,1.0,0.0,0.0,0.0
2018-10-20,2,0,0.0,0.0026073093,0.0052146185,1.0986122886681098,0.0,0.0052010696,0.0,1.0,1.0,0.0,0.0,0.0
2018-10-21,7,1,0.14285714285714285,0.10401779,0.7281245,2.0794415416798357,0.6931471805599453,0.5470367,0.0,0.7142857142857143,1.0,0.0,0.0,0.0
2018-10-22,3,1,0.3333333333333333,0.29552358,0.88657075,1.3862943611198906,0.6931471805599453,0.63476074,0.0,0.0,1.0,0.0,0.0,0.0
2018-10-23,2,1,0.5,0.5001462,1.0002924,1.0986122886681098,0.6931471805599453,0.6932934,1.0,0.5,0.5,0.0,0.5,0.0
2018-10-24,1,1,1.0,0.7300145,0.7300145,0.6931471805599453,0.6931471805599453,0.5481298,0.0,0.0,1.0,0.0,0.0,0.0
2018-10-26,1,0,0.0,0.0015025329,0.0015025329,0.6931471805599453,0.0,0.0015014051,0.0,1.0,1.0,0.0,0.0,0.0
2018-10-27,1,0,0.0,0.0045676637,0.0045676637,0.6931471805599453,0.0,0.0045572636,1.0,0.0,0.0,0.0,0.0,0.0
2018-10-28,5,0,0.0,0.0050863237,0.025431618,1.791759469228055,0.0,0.025113614,0.0,0.8,1.0,0.0,0.0,0.0
2018-10-29,5,0,0.0,0.0037169834,0.018584916,1.791759469228055,0.0,0.018414328,0.0,0.6,1.0,0.0,0.0,0.0
2018-10-30,1,0,0.0,0.0030899562,0.0030899562,0.6931471805599453,0.0,0.003085192,0.0,1.0,1.0,0.0,0.0,0.0
2018-10-31,3,0,0.0,0.15214457,0.45643368,1.3862943611198906,0.0,0.37599075,0.0,0.3333333333333333,1.0,0.0,0.3333333333333333,0.0
2018-11-02,1,0,0.0,0.0035159544,0.0035159544,0.6931471805599453,0.0,0.0035097878,0.0,1.0,1.0,0.0,0.0,0.0
2018-11-03,3,1,0.3333333333333333,0.33467412,1.0040224,1.3862943611198906,0.6931471805599453,0.69515634,0.3333333333333333,0.3333333333333333,0.6666666666666666,0.0,0.0,0.0
2018-11-04,3,2,0.6666666666666666,0.66661507,1.9998453,1.3862943611198906,1.0986122886681098,1.0985607,0.0,0.3333333333333333,1.0,0.0,0.0,0.0
2018-11-05,3,2,0.6666666666666666,0.666153,1.9984591,1.3862943611198906,1.0986122886681098,1.0980985,0.6666666666666666,1.0,0.6666666666666666,0.0,0.3333333333333333,0.0
2018-11-06,2,0,0.0,0.001756354,0.003512708,1.0986122886681098,0.0,0.003506553,0.0,0.5,1.0,0.0,0.5,0.0
2018-11-08,4,3,0.75,0.7331927,2.9327707,1.6094379124341003,1.3862943611198906,1.3693442,0.25,0.25,0.75,0.0,0.0,0.0
2018-11-09,1,0,0.0,0.0076263873,0.0076263873,0.6931471805599453,0.0,0.0075974534,0.0,0.0,1.0,0.0,0.0,0.0
2018-11-10,4,2,0.5,0.5005485,2.002194,1.6094379124341003,1.0986122886681098,1.0993433,0.5,0.5,0.5,0.0,0.5,0.0
2018-11-11,7,2,0.2857142857142857,0.30692843,2.148499,2.0794415416798357,1.0986122886681098,1.1469258,0.2857142857142857,0.2857142857142857,1.0,0.0,0.2857142857142857,0.0
2018-11-13,4,1,0.25,0.2531392,1.0125568,1.6094379124341003,0.6931471805599453,0.69940597,0.5,0.25,0.75,0.25,0.0,0.0
2018-11-14,3,1,0.3333333333333333,0.36253026,1.0875908,1.3862943611198906,0.6931471805599453,0.7360107,0.3333333333333333,0.3333333333333333,1.0,0.3333333333333333,0.3333333333333333,0.0
2018-11-15,3,1,0.3333333333333333,0.33357123,1.0007137,1.3862943611198906,0.6931471805599453,0.693504,0.6666666666666666,0.3333333333333333,0.3333333333333333,0.0,0.0,0.0
2018-11-16,4,3,0.75,0.7500438,3.0001752,1.6094379124341003,1.3862943611198906,1.3863381,0.75,0.75,1.0,0.5,0.0,0.0
2018-11-17,1,0,0.0,0.0012737276,0.0012737276,0.6931471805599453,0.0,0.0012729171,0.0,1.0,1.0,0.0,0.0,0.0
2018-11-18,1,0,0.0,0.0023830973,0.0023830973,0.6931471805599453,0.0,0.0023802621,1.0,1.0,0.0,0.0,0.0,0.0
2018-11-19,3,1,0.3333333333333333,0.33408383,1.0022515,1.3862943611198906,0.6931471805599453,0.6942723,0.6666666666666666,0.6666666666666666,0.3333333333333333,0.0,0.0,0.0
2018-11-20,1,0,0.0,0.0011011295,0.0011011295,0.6931471805599453,0.0,0.0011005236,1.0,0.0,1.0,0.0,0.0,0.0
2018-11-21,5,4,0.8,0.7998996,3.999498,1.791759469228055,1.6094379124341003,1.6093374,0.8,0.6,0.2,0.0,0.0,0.0
2018-11-22,1,1,1.0,0.9824401,0.9824401,0.6931471805599453,0.6931471805599453,0.6843285,1.0,1.0,0.0,1.0,0.0,0.0
2018-11-23,4,2,0.5,0.50150806,2.0060322,1.6094379124341003,1.0986122886681098,1.100621,0.5,0.75,1.0,0.0,0.0,0.0
2018-11-24,4,3,0.75,0.8186101,3.2744403,1.6094379124341003,1.3862943611198906,1.4526532,0.25,0.75,1.0,0.25,0.0,0.0
2018-11-25,2,1,0.5,0.5030372,1.0060744,1.0986122886681098,0.6931471805599453,0.6961798,0.0,1.0,1.0,1.0,0.5,0.0
2018-11-27,5,2,0.4,0.43898773,2.1949387,1.791759469228055,1.0986122886681098,1.1615679,0.4,0.8,0.6,0.2,0.0,0.0
2018-11-28,3,2,0.6666666666666666,0.6572532,1.9717597,1.3862943611198906,1.0986122886681098,1.0891542,0.6666666666666666,0.6666666666666666,0.3333333333333333,0.0,0.3333333333333333,0.0
2018-11-29,2,1,0.5,0.468929,0.937858,1.0986122886681098,0.6931471805599453,0.66158324,0.5,1.0,0.5,0.0,0.0,0.0
2018-12-01,5,5,1.0,0.99660236,4.9830117,1.791759469228055,1.791759469228055,1.7889241,0.8,1.0,0.2,1.0,0.0,0.0
2018-12-02,2,1,0.5,0.50082195,1.0016439,1.0986122886681098,0.6931471805599453,0.6939688,0.5,0.5,0.5,0.0,0.5,0.0
2018-12-03,2,1,0.5,0.501321,1.002642,1.0986122886681098,0.6931471805599453,0.6944673,1.0,1.0,0.0,0.5,0.0,0.0
2018-12-04,4,4,1.0,0.99957967,3.9983187,1.6094379124341003,1.6094379124341003,1.6091017,1.0,1.0,0.5,0.25,0.5,0.0
2018-12-05,14,13,0.9285714285714286,0.92831945,12.996472,2.70805020110221,2.6390573296152584,2.6388054,1.0,1.0,0.0,0.9285714285714286,0.0,0.0
2018-12-06,5,4,0.8,0.79711336,3.9855669,1.791759469228055,1.6094379124341003,1.6065471,1.0,0.8,0.2,0.6,0.0,0.0
2018-12-07,2,0,0.0,0.009524531,0.019049061,1.0986122886681098,0.0,0.0188699,0.0,0.5,1.0,0.0,0.0,0.0
2018-12-08,1,0,0.0,0.0018441553,0.0018441553,0.6931471805599453,0.0,0.0018424569,0.0,0.0,1.0,0.0,0.0,0.0
2018-12-09,1,1,1.0,0.9994382,0.9994382,0.6931471805599453,0.6931471805599453,0.69286627,1.0,0.0,0.0,0.0,0.0,0.0
2018-12-10,1,0,0.0,0.049550913,0.049550913,0.6931471805599453,0.0,0.04836237,0.0,1.0,1.0,0.0,0.0,0.0
2018-12-11,1,0,0.0,0.0034421189,0.0034421189,0.6931471805599453,0.0,0.0034362082,0.0,1.0,1.0,0.0,0.0,0.0
2018-12-12,1,0,0.0,0.22393574,0.22393574,0.6931471805599453,0.0,0.20207168,0.0,1.0,1.0,0.0,0.0,0.0
2018-12-13,2,2,1.0,0.9996477,1.9992954,1.0986122886681098,1.0986122886681098,1.0983775,1.0,1.0,0.5,0.5,0.0,0.0
2018-12-15,2,1,0.5,0.57297647,1.1459529,1.0986122886681098,0.6931471805599453,0.7635837,0.5,1.0,1.0,0.0,0.0,0.0
2018-12-16,1,1,1.0,0.9995716,0.9995716,0.6931471805599453,0.6931471805599453,0.69293296,1.0,0.0,0.0,0.0,0.0,0.0
2018-12-17,3,2,0.6666666666666666,0.66797113,2.0039134,1.3862943611198906,1.0986122886681098,1.099916,0.6666666666666666,0.3333333333333333,0.3333333333333333,0.0,0.0,0.0
2018-12-18,3,1,0.3333333333333333,0.29222336,0.8766701,1.3862943611198906,0.6931471805599453,0.629499,0.3333333333333333,0.0,0.6666666666666666,0.0,0.0,0.0
2018-12-19,5,2,0.4,0.40353242,2.017662,1.791759469228055,1.0986122886681098,1.1044824,0.6,0.6,0.8,0.0,0.6,0.0
2018-12-20,1,1,1.0,0.99967873,0.99967873,0.6931471805599453,0.6931471805599453,0.69298655,1.0,0.0,1.0,0.0,0.0,0.0
2018-12-21,1,0,0.0,0.001429533,0.001429533,0.6931471805599453,0.0,0.0014285122,0.0,1.0,1.0,0.0,0.0,0.0
2018-12-22,3,1,0.3333333333333333,0.33533406,1.0060022,1.3862943611198906,0.6931471805599453,0.6961438,0.3333333333333333,0.3333333333333333,1.0,0.0,0.0,0.0
2018-12-23,2,1,0.5,0.5002002,1.0004004,1.0986122886681098,0.6931471805599453,0.6933474,1.0,0.5,1.0,0.5,0.0,0.0
2018-12-25,2,2,1.0,0.9996022,1.9992044,1.0986122886681098,1.0986122886681098,1.0983471,1.0,0.5,1.0,0.0,0.0,0.0
2018-12-26,3,2,0.6666666666666666,0.6667654,2.000296,1.3862943611198906,1.0986122886681098,1.098711,0.6666666666666666,0.3333333333333333,1.0,0.3333333333333333,0.3333333333333333,0.0
2018-12-27,1,0,0.0,0.0015328368,0.0015328368,0.6931471805599453,0.0,0.0015316632,0.0,0.0,1.0,0.0,0.0,0.0
2018-12-28,2,2,1.0,0.9964706,1.9929411,1.0986122886681098,1.0986122886681098,1.0962566,0.5,0.0,0.5,0.0,0.0,0.0
2018-12-29,1,1,1.0,0.999529,0.999529,0.6931471805599453,0.6931471805599453,0.6929117,1.0,0.0,0.0,0.0,0.0,0.0
2018-12-30,3,2,0.6666666666666666,0.6249264,1.8747791,1.3862943611198906,1.0986122886681098,1.0559759,0.6666666666666666,0.0,0.3333333333333333,0.0,0.0,0.0
2019-01-01,1,0,0.0,0.0015647849,0.0015647849,0.6931471805599453,0.0,0.001563562,0.0,0.0,1.0,0.0,0.0,0.0
2019-01-03,4,1,0.25,0.2684899,1.0739596,1.6094379124341003,0.6931471805599453,0.72945964,0.5,0.25,0.5,0.0,0.0,0.0
2019-01-04,1,1,1.0,0.99959904,0.99959904,0.6931471805599453,0.6931471805599453,0.6929467,1.0,0.0,0.0,0.0,1.0,0.0
2019-01-06,1,0,0.0,0.0016137925,0.0016137925,0.6931471805599453,0.0,0.0016124918,1.0,0.0,0.0,0.0,0.0,0.0
2019-01-07,3,1,0.3333333333333333,0.33423758,1.0027127,1.3862943611198906,0.6931471805599453,0.69450265,0.3333333333333333,1.0,1.0,0.3333333333333333,0.0,0.0
2019-01-08,4,1,0.25,0.25156724,1.006269,1.6094379124341003,0.6931471805599453,0.6962768,0.25,0.75,0.75,0.0,0.0,0.0
2019-01-09,5,2,0.4,0.47601643,2.3800821,1.791759469228055,1.0986122886681098,1.2179,0.6,0.8,0.8,0.2,0.2,0.0
2019-01-10,1,0,0.0,0.0012698397,0.0012698397,0.6931471805599453,0.0,0.0012690341,1.0,1.0,0.0,0.0,0.0,0.0
2019-01-11,3,1,0.3333333333333333,0.34076884,1.0223066,1.3862943611198906,0.6931471805599453,0.7042387,0.3333333333333333,0.3333333333333333,1.0,0.0,0.3333333333333333,0.0
2019-01-12,6,5,0.8333333333333334,0.79337364,4.760242,1.9459101490553132,1.791759469228055,1.7509794,0.8333333333333334,0.6666666666666666,0.16666666666666666,0.16666666666666666,0.0,0.0
2019-01-13,2,0,0.0,0.0018693261,0.0037386522,1.0986122886681098,0.0,0.0037316808,0.0,0.0,1.0,0.0,0.0,0.0
2019-01-15,2,2,1.0,0.97201025,1.9440205,1.0986122886681098,1.0986122886681098,1.0797762,1.0,0.5,0.5,0.0,0.0,0.0
2019-01-16,1,1,1.0,0.9996,0.9996,0.6931471805599453,0.6931471805599453,0.69294715,1.0,0.0,1.0,0.0,0.0,0.0
2019-01-17,1,1,1.0,0.9996125,0.9996125,0.6931471805599453,0.6931471805599453,0.6929534,1.0,1.0,1.0,0.0,0.0,0.0
2019-01-19,2,1,0.5,0.50012445,1.0002489,1.0986122886681098,0.6931471805599453,0.69327164,1.0,0.5,0.0,0.0,0.0,0.0
2019-01-20,1,1,1.0,0.9993579,0.9993579,0.6931471805599453,0.6931471805599453,0.6928261,1.0,1.0,0.0,0.0,1.0,0.0
2019-01-21,1,1,1.0,0.9996014,0.9996014,0.6931471805599453,0.6931471805599453,0.69294786,1.0,1.0,0.0,0.0,0.0,0.0
2019-01-22,3,2,0.6666666666666666,0.6793321,2.0379963,1.3862943611198906,1.0986122886681098,1.1111982,1.0,0.6666666666666666,0.0,0.3333333333333333,0.3333333333333333,0.0
2019-01-23,2,0,0.0,0.0012698033,0.0025396065,1.0986122886681098,0.0,0.0025363872,0.0,0.0,1.0,0.0,0.0,0.0
2019-01-27,2,1,0.5,0.50022244,1.0004449,1.0986122886681098,0.6931471805599453,0.6933696,0.5,0.5,0.5,0.0,0.0,0.0
2019-01-28,3,1,0.3333333333333333,0.32883337,0.9865001,1.3862943611198906,0.6931471805599453,0.68637437,1.0,0.3333333333333333,0.3333333333333333,0.0,0.0,0.0
2019-01-29,2,0,0.0,0.005401469,0.010802938,1.0986122886681098,0.0,0.010745003,0.0,0.5,1.0,0.0,0.0,0.0
2019-01-31,2,1,0.5,0.49975073,0.99950147,1.0986122886681098,0.6931471805599453,0.69289786,1.0,0.5,0.0,0.0,0.0,0.0
2019-02-01,1,1,1.0,0.999173,0.999173,0.6931471805599453,0.6931471805599453,0.6927336,1.0,1.0,0.0,0.0,1.0,0.0
2019-02-02,2,1,0.5,0.49697366,0.9939473,1.0986122886681098,0.6931471805599453,0.6901163,0.5,0.5,0.5,0.0,0.0,0.0
2019-02-05,3,2,0.6666666666666666,0.6667426,2.000228,1.3862943611198906,1.0986122886681098,1.0986882,0.3333333333333333,0.3333333333333333,1.0,0.0,0.3333333333333333,0.0
2019-02-06,5,3,0.6,0.61750925,3.0875463,1.791759469228055,1.3862943611198906,1.4079449,0.8,0.6,0.4,0.0,0.0,0.0
2019-02-07,3,1,0.3333333333333333,0.33406734,1.002202,1.3862943611198906,0.6931471805599453,0.6942476,0.3333333333333333,0.3333333333333333,1.0,0.0,0.0,0.0
2019-02-08,1,0,0.0,0.0029368235,0.0029368235,0.6931471805599453,0.0,0.0029325194,0.0,0.0,1.0,0.0,0.0,0.0
2019-02-09,2,2,1.0,0.9975792,1.9951584,1.0986122886681098,1.0986122886681098,1.0969971,1.0,0.5,0.0,0.5,0.0,0.0
2019-02-10,3,3,1.0,0.99930906,2.9979272,1.3862943611198906,1.3862943611198906,1.385776,1.0,1.0,0.3333333333333333,0.0,0.3333333333333333,0.0
2019-02-11,5,2,0.4,0.38726327,1.9363164,1.791759469228055,1.0986122886681098,1.0771558,0.6,0.0,0.6,0.0,0.2,0.0
2019-02-12,4,3,0.75,0.7499815,2.999926,1.6094379124341003,1.3862943611198906,1.3862759,1.0,0.5,0.25,0.0,0.0,0.0
2019-02-13,5,5,1.0,0.9955219,4.9776096,1.791759469228055,1.791759469228055,1.7880208,1.0,1.0,0.6,0.0,0.0,0.0
2019-02-14,5,1,0.2,0.2076464,1.038232,1.791759469228055,0.6931471805599453,0.71208274,0.4,0.2,0.8,0.0,0.2,0.0
2019-02-15,2,1,0.5,0.5066599,1.0133198,1.0986122886681098,0.6931471805599453,0.69978505,0.5,0.0,1.0,0.0,0.0,0.0
2019-02-16,4,3,0.75,0.7527168,3.010867,1.6094379124341003,1.3862943611198906,1.3890074,0.75,0.75,0.5,0.25,0.5,0.0
2019-02-17,2,1,0.5,0.5009319,1.0018638,1.0986122886681098,0.6931471805599453,0.6940787,1.0,1.0,0.5,0.0,0.5,0.0
2019-02-18,5,2,0.4,0.4005795,2.0028975,1.791759469228055,1.0986122886681098,1.0995777,0.4,0.2,0.8,0.2,0.2,0.0
2019-02-20,3,1,0.3333333333333333,0.39444908,1.1833472,1.3862943611198906,0.6931471805599453,0.7808591,1.0,0.6666666666666666,0.0,0.6666666666666666,0.0,0.0
2019-02-21,2,2,1.0,0.9634625,1.926925,1.0986122886681098,1.0986122886681098,1.0739524,1.0,1.0,0.5,0.5,0.0,0.0
2019-02-22,4,1,0.25,0.25509977,1.0203991,1.6094379124341003,0.6931471805599453,0.70329505,1.0,0.75,0.0,0.25,0.25,0.0
2019-02-23,3,2,0.6666666666666666,0.66708016,2.0012405,1.3862943611198906,1.0986122886681098,1.0990257,0.6666666666666666,1.0,0.6666666666666666,0.0,0.3333333333333333,0.0
2019-02-24,1,0,0.0,0.0021857345,0.0021857345,0.6931471805599453,0.0,0.002183349,0.0,0.0,1.0,0.0,0.0,0.0
2019-02-27,7,2,0.2857142857142857,0.3410571,2.3873997,2.0794415416798357,1.0986122886681098,1.2200626,0.42857142857142855,1.0,0.7142857142857143,0.14285714285714285,0.14285714285714285,0.0
2019-02-28,5,1,0.2,0.1978708,0.989354,1.791759469228055,0.6931471805599453,0.68780994,0.0,1.0,1.0,0.0,0.0,0.0
2019-03-04,1,1,1.0,0.9996594,0.9996594,0.6931471805599453,0.6931471805599453,0.6929769,1.0,1.0,0.0,0.0,0.0,0.0
2019-03-05,3,0,0.0,0.001664424,0.004993272,1.3862943611198906,0.0,0.004980847,0.0,0.6666666666666666,1.0,0.0,0.0,0.0
2019-03-06,4,2,0.5,0.50471264,2.0188506,1.6094379124341003,1.0986122886681098,1.1048762,0.5,0.25,0.75,0.0,0.0,0.0
2019-03-07,6,1,0.16666666666666666,0.1699328,1.0195968,1.9459101490553132,0.6931471805599453,0.7028979,0.16666666666666666,0.3333333333333333,0.8333333333333334,0.0,0.0,0.0
2019-03-08,3,0,0.0,0.004935414,0.014806243,1.3862943611198906,0.0,0.014697701,0.0,0.0,1.0,0.0,0.0,0.0
2019-03-09,3,1,0.3333333333333333,0.3346378,1.0039134,1.3862943611198906,0.6931471805599453,0.695102,0.6666666666666666,0.6666666666666666,0.6666666666666666,0.3333333333333333,0.3333333333333333,0.0
2019-03-10,2,2,1.0,0.9992615,1.998523,1.0986122886681098,1.0986122886681098,1.0981199,1.0,1.0,0.5,0.0,0.0,0.0
2019-03-12,2,2,1.0,0.58413523,1.1682705,1.0986122886681098,1.0986122886681098,0.77392983,0.0,1.0,1.0,0.0,0.0,0.0
2019-03-13,1,0,0.0,0.039741717,0.039741717,0.6931471805599453,0.0,0.038972333,0.0,0.0,1.0,0.0,0.0,0.0
2019-03-14,4,2,0.5,0.5018108,2.0072432,1.6094379124341003,1.0986122886681098,1.1010238,0.5,0.75,1.0,0.0,0.25,0.0
2019-03-15,3,2,0.6666666666666666,0.666828,2.000484,1.3862943611198906,1.0986122886681098,1.0987736,0.3333333333333333,0.3333333333333333,0.6666666666666666,0.0,0.0,0.0
2019-03-16,1,1,1.0,0.9994042,0.9994042,0.6931471805599453,0.6931471805599453,0.6928492,1.0,1.0,0.0,0.0,0.0,0.0
2019-03-18,5,2,0.4,0.40371662,2.018583,1.791759469228055,1.0986122886681098,1.1047876,0.0,0.2,1.0,0.0,0.0,0.0
2019-03-19,4,0,0.0,0.05898503,0.23594011,1.6094379124341003,0.0,0.21183191,0.0,0.0,1.0,0.0,0.0,0.0
2019-03-20,2,2,1.0,0.9939944,1.9879888,1.0986122886681098,1.0986122886681098,1.0946006,0.0,0.0,1.0,0.0,0.0,0.0
2019-03-21,3,3,1.0,0.9554894,2.8664682,1.3862943611198906,1.3862943611198906,1.3523415,0.3333333333333333,0.0,1.0,0.0,0.0,0.0
2019-03-22,2,2,1.0,0.99383795,1.9876759,1.0986122886681098,1.0986122886681098,1.0944958,0.5,0.5,1.0,0.0,0.0,0.0
2019-03-23,4,1,0.25,0.25600675,1.024027,1.6094379124341003,0.6931471805599453,0.7050891,0.25,0.75,1.0,0.0,0.0,0.0
2019-03-24,5,1,0.2,0.24074893,1.2037446,1.791759469228055,0.6931471805599453,0.79015803,0.2,0.6,1.0,0.0,0.0,0.0
2019-03-25,2,0,0.0,0.0019871898,0.0039743795,1.0986122886681098,0.0,0.0039665024,0.5,0.5,0.5,0.0,0.0,0.0
2019-03-27,2,1,0.5,0.43037078,0.86074156,1.0986122886681098,0.6931471805599453,0.6209751,0.5,0.5,1.0,0.0,0.5,0.0
2019-03-28,2,0,0.0,0.0030831576,0.006166315,1.0986122886681098,0.0,0.0061473814,0.5,0.5,1.0,0.0,0.0,0.0
2019-03-29,1,0,0.0,0.0041268724,0.0041268724,0.6931471805599453,0.0,0.00411838,0.0,0.0,1.0,0.0,0.0,0.0
2019-03-30,2,0,0.0,0.010733265,0.02146653,1.0986122886681098,0.0,0.02123937,0.0,1.0,1.0,0.0,0.0,0.0
2019-03-31,2,0,0.0,0.005125823,0.010251646,1.0986122886681098,0.0,0.010199455,0.0,1.0,1.0,0.0,0.5,0.0
2019-04-01,2,2,1.0,0.9995302,1.9990604,1.0986122886681098,1.0986122886681098,1.098299,1.0,1.0,0.0,0.0,0.0,0.0
2019-04-02,6,4,0.6666666666666666,0.6667066,4.00024,1.9459101490553132,1.6094379124341003,1.6094859,0.8333333333333334,0.8333333333333334,0.16666666666666666,0.0,0.0,0.0
2019-04-03,3,0,0.0,0.09118537,0.2735561,1.3862943611198906,0.0,0.24181308,0.3333333333333333,0.6666666666666666,1.0,0.0,0.0,0.0
2019-04-04,1,1,1.0,0.78712976,0.78712976,0.6931471805599453,0.6931471805599453,0.5806109,0.0,1.0,1.0,0.0,0.0,0.0
2019-04-05,5,1,0.2,0.2013197,1.0065985,1.791759469228055,0.6931471805599453,0.696441,0.2,0.2,0.8,0.0,0.0,0.0
2019-04-06,1,0,0.0,0.0057085557,0.0057085557,0.6931471805599453,0.0,0.0056923237,0.0,1.0,1.0,0.0,0.0,0.0
2019-04-07,2,1,0.5,0.5014605,1.002921,1.0986122886681098,0.6931471805599453,0.6946066,0.5,0.5,1.0,0.5,0.0,0.0
2019-04-08,2,0,0.0,0.47863126,0.9572625,1.0986122886681098,0.0,0.6715468,0.0,0.5,1.0,0.5,0.0,0.0
2019-04-09,5,5,1.0,0.95797414,4.7898707,1.791759469228055,1.791759469228055,1.75611,0.8,1.0,0.2,0.0,0.0,0.0
2019-04-11,1,1,1.0,0.9942399,0.9942399,0.6931471805599453,0.6931471805599453,0.690263,1.0,0.0,0.0,0.0,0.0,0.0
2019-04-12,4,1,0.25,0.26304474,1.052179,1.6094379124341003,0.6931471805599453,0.7189022,0.25,0.25,1.0,0.0,0.0,0.0
2019-04-13,5,1,0.2,0.20121121,1.0060561,1.791759469228055,0.6931471805599453,0.6961706,1.0,1.0,0.0,0.0,0.0,0.0
2019-04-14,3,0,0.0,0.0020075117,0.0060225353,1.3862943611198906,0.0,0.0060044723,0.3333333333333333,1.0,0.6666666666666666,0.0,0.0,0.0
2019-04-15,1,1,1.0,0.9982634,0.9982634,0.6931471805599453,0.6931471805599453,0.6922785,1.0,1.0,0.0,0.0,0.0,0.0
2019-04-16,6,5,0.8333333333333334,0.83328146,4.9996886,1.9459101490553132,1.791759469228055,1.7917075,0.8333333333333334,0.5,0.16666666666666666,0.0,0.0,0.0
2019-04-17,3,2,0.6666666666666666,0.6670823,2.001247,1.3862943611198906,1.0986122886681098,1.0990279,0.6666666666666666,0.6666666666666666,0.3333333333333333,0.0,0.0,0.0
2019-04-18,2,2,1.0,0.9983213,1.9966426,1.0986122886681098,1.0986122886681098,1.0974926,1.0,0.5,0.0,0.0,0.0,0.0
2019-04-19,7,6,0.8571428571428571,0.85620844,5.993459,2.0794415416798357,1.9459101490553132,1.9449754,0.8571428571428571,0.7142857142857143,0.2857142857142857,0.0,0.0,0.0
2019-04-20,1,1,1.0,0.99829525,0.99829525,0.6931471805599453,0.6931471805599453,0.6922944,1.0,0.0,0.0,0.0,0.0,0.0
2019-04-22,2,2,1.0,0.9995421,1.9990842,1.0986122886681098,1.0986122886681098,1.098307,1.0,1.0,0.0,0.0,0.0,0.0
2019-04-23,5,5,1.0,0.9980629,4.9903145,1.791759469228055,1.791759469228055,1.790144,1.0,0.2,0.2,0.0,0.0,0.0
2019-04-24,4,1,0.25,0.25139356,1.0055742,1.6094379124341003,0.6931471805599453,0.6959304,0.25,0.25,0.75,0.0,0.0,0.0
2019-04-25,2,2,1.0,0.9995146,1.9990292,1.0986122886681098,1.0986122886681098,1.0982887,1.0,0.0,0.0,0.0,0.0,0.0
2019-04-26,3,1,0.3333333333333333,0.45116723,1.3535017,1.3862943611198906,0.6931471805599453,0.8559043,0.3333333333333333,0.3333333333333333,0.6666666666666666,0.0,0.0,0.0
2019-04-27,1,0,0.0,0.006623373,0.006623373,0.6931471805599453,0.0,0.006601535,0.0,0.0,1.0,0.0,0.0,0.0
2019-04-29,3,1,0.3333333333333333,0.33582985,1.0074896,1.3862943611198906,0.6931471805599453,0.696885,0.3333333333333333,0.3333333333333333,0.6666666666666666,0.0,0.0,0.0
2019-04-30,2,2,1.0,0.9996129,1.9992259,1.0986122886681098,1.0986122886681098,1.0983542,0.5,1.0,1.0,0.0,0.0,0.0
2019-05-01,6,3,0.5,0.5003817,3.0022902,1.9459101490553132,1.3862943611198906,1.3868668,0.5,0.3333333333333333,0.6666666666666666,0.0,0.0,0.0
2019-05-02,2,0,0.0,0.0016766062,0.0033532125,1.0986122886681098,0.0,0.003347603,0.0,0.0,1.0,0.0,0.0,0.0
2019-05-03,3,2,0.6666666666666666,0.6670038,2.0010114,1.3862943611198906,1.0986122886681098,1.0989494,0.6666666666666666,0.3333333333333333,0.3333333333333333,0.0,0.0,0.0
2019-05-04,2,1,0.5,0.263976,0.527952,1.0986122886681098,0.6931471805599453,0.4239283,0.5,0.5,1.0,0.0,0.0,0.0
2019-05-06,1,0,0.0,0.0009872792,0.0009872792,0.6931471805599453,0.0,0.0009867921,1.0,1.0,0.0,0.0,0.0,0.0
2019-05-07,3,1,0.3333333333333333,0.36160013,1.0848004,1.3862943611198906,0.6931471805599453,0.7346731,0.3333333333333333,0.3333333333333333,0.6666666666666666,0.0,0.0,0.0
2019-05-08,2,1,0.5,0.5374589,1.0749178,1.0986122886681098,0.6931471805599453,0.7299215,0.0,0.5,1.0,0.0,0.0,0.0
2019-05-09,1,1,1.0,0.9973471,0.9973471,0.6931471805599453,0.6931471805599453,0.69181985,1.0,0.0,0.0,0.0,0.0,0.0
2019-05-10,6,0,0.0,0.07606949,0.45641693,1.9459101490553132,0.0,0.3759793,0.16666666666666666,0.16666666666666666,1.0,0.0,0.0,0.0
2019-05-12,3,3,1.0,0.999562,2.998686,1.3862943611198906,1.3862943611198906,1.3859658,1.0,0.6666666666666666,0.6666666666666666,0.0,0.0,0.0
2019-05-13,1,0,0.0,0.006961428,0.006961428,0.6931471805599453,0.0,0.006937309,0.0,0.0,1.0,0.0,0.0,0.0
2019-05-14,6,1,0.16666666666666666,0.23920546,1.4352328,1.9459101490553132,0.6931471805599453,0.89004236,0.6666666666666666,0.8333333333333334,0.8333333333333334,0.0,0.5,0.0
2019-05-15,3,2,0.6666666666666666,0.6952503,2.0857508,1.3862943611198906,1.0986122886681098,1.126795,0.6666666666666666,1.0,0.6666666666666666,0.0,0.0,0.0
2019-05-16,1,1,1.0,0.997214,0.997214,0.6931471805599453,0.6931471805599453,0.6917532,1.0,1.0,0.0,0.0,0.0,0.0
2019-05-17,3,3,1.0,0.96966165,2.908985,1.3862943611198906,1.3862943611198906,1.3632777,0.3333333333333333,0.3333333333333333,0.6666666666666666,0.0,0.0,0.0
2019-05-18,3,1,0.3333333333333333,0.33434573,1.0030372,1.3862943611198906,0.6931471805599453,0.69466466,0.6666666666666666,0.3333333333333333,0.6666666666666666,0.0,0.0,0.0
2019-05-19,4,3,0.75,0.75051546,3.0020618,1.6094379124341003,1.3862943611198906,1.3868097,0.75,0.75,0.75,0.0,0.25,0.0
2019-05-21,3,0,0.0,0.0011464445,0.0034393333,1.3862943611198906,0.0,0.0034334322,0.6666666666666666,0.6666666666666666,1.0,0.0,0.0,0.0
2019-05-22,4,4,1.0,0.9995268,3.9981072,1.6094379124341003,1.6094379124341003,1.6090593,0.75,0.75,0.5,0.0,0.25,0.0
2019-05-23,1,0,0.0,0.005041176,0.005041176,0.6931471805599453,0.0,0.005028512,0.0,1.0,1.0,0.0,0.0,0.0
2019-05-24,2,2,1.0,0.998124,1.996248,1.0986122886681098,1.0986122886681098,1.0973608,1.0,0.0,0.5,0.0,0.0,0.0
2019-05-26,2,2,1.0,0.99955034,1.9991007,1.0986122886681098,1.0986122886681098,1.0983125,1.0,1.0,0.5,0.0,0.0,0.0
2019-05-27,3,3,1.0,0.978298,2.934894,1.3862943611198906,1.3862943611198906,1.369884,0.3333333333333333,0.3333333333333333,0.6666666666666666,0.0,0.0,0.0
2019-05-28,3,2,0.6666666666666666,0.6666905,2.0000715,1.3862943611198906,1.0986122886681098,1.0986362,0.6666666666666666,0.3333333333333333,0.3333333333333333,0.0,0.0,0.0
2019-05-29,2,0,0.0,0.0014927255,0.002985451,1.0986122886681098,0.0,0.0029810034,0.0,0.0,1.0,0.0,0.0,0.0
2019-05-30,3,2,0.6666666666666666,0.6630724,1.9892173,1.3862943611198906,1.0986122886681098,1.0950116,0.6666666666666666,0.6666666666666666,1.0,0.0,0.0,0.0
2019-05-31,3,3,1.0,0.9969885,2.9909654,1.3862943611198906,1.3862943611198906,1.3840332,0.3333333333333333,0.3333333333333333,1.0,0.3333333333333333,0.0,0.0
2019-06-01,2,0,0.0,0.0024500112,0.0049000224,1.0986122886681098,0.0,0.0048880563,0.0,0.5,1.0,0.0,0.0,0.0
2019-06-02,2,1,0.5,0.5000042,1.0000083,1.0986122886681098,0.6931471805599453,0.69315135,0.0,0.5,1.0,0.0,0.0,0.0
2019-06-03,3,3,1.0,0.9974196,2.9922588,1.3862943611198906,1.3862943611198906,1.3843572,0.3333333333333333,0.3333333333333333,1.0,0.3333333333333333,0.0,0.0
2019-06-04,2,0,0.0,0.011416714,0.022833427,1.0986122886681098,0.0,0.022576647,0.0,0.5,1.0,0.0,0.0,0.0
2019-06-05,2,0,0.0,0.010253055,0.02050611,1.0986122886681098,0.0,0.020298691,0.5,0.5,1.0,0.5,0.5,0.0
2019-06-06,2,0,0.0,0.14935128,0.29870257,1.0986122886681098,0.0,0.26136574,0.5,0.5,1.0,0.5,0.5,0.0
2019-06-07,2,1,0.5,0.5010973,1.0021946,1.0986122886681098,0.6931471805599453,0.6942439,0.5,0.5,1.0,0.0,0.0,0.0
2019-06-08,4,3,0.75,0.7498543,2.9994173,1.6094379124341003,1.3862943611198906,1.3861487,1.0,0.75,0.25,0.0,0.0,0.0
2019-06-09,1,1,1.0,0.9996339,0.9996339,0.6931471805599453,0.6931471805599453,0.69296414,0.0,1.0,1.0,0.0,0.0,0.0
2019-06-11,1,0,0.0,0.0106083825,0.0106083825,0.6931471805599453,0.0,0.010552509,0.0,0.0,1.0,0.0,0.0,0.0
2019-06-12,2,2,1.0,0.9988044,1.9976088,1.0986122886681098,1.0986122886681098,1.0978149,0.5,0.5,0.5,0.0,0.0,0.0
2019-06-13,1,0,0.0,0.0041858517,0.0041858517,0.6931471805599453,0.0,0.0041771154,0.0,1.0,1.0,0.0,0.0,0.0
2019-06-14,4,4,1.0,0.9892912,3.9571648,1.6094379124341003,1.6094379124341003,1.600834,0.75,1.0,0.5,0.0,0.0,0.0
2019-06-16,6,4,0.6666666666666666,0.66715497,4.0029297,1.9459101490553132,1.6094379124341003,1.6100237,0.6666666666666666,0.5,0.5,0.0,0.0,0.0
2019-06-17,3,2,0.6666666666666666,0.67206305,2.016189,1.3862943611198906,1.0986122886681098,1.1039941,0.6666666666666666,0.6666666666666666,0.6666666666666666,0.0,0.0,0.0
2019-06-18,2,0,0.0,0.22469755,0.4493951,1.0986122886681098,0.0,0.3711463,0.0,0.5,1.0,0.0,0.0,0.0
2019-06-19,3,2,0.6666666666666666,0.6667574,2.0002723,1.3862943611198906,1.0986122886681098,1.098703,0.6666666666666666,0.0,0.3333333333333333,0.0,0.0,0.0
2019-06-20,2,1,0.5,0.50622267,1.0124453,1.0986122886681098,0.6931471805599453,0.6993506,0.5,0.0,0.5,0.0,0.0,0.0
2019-06-21,2,1,0.5,0.5041739,1.0083477,1.0986122886681098,0.6931471805599453,0.69731236,0.5,0.5,0.5,0.0,0.0,0.0
2019-06-22,1,1,1.0,0.99931943,0.99931943,0.6931471805599453,0.6931471805599453,0.69280684,1.0,0.0,0.0,0.0,0.0,0.0
2019-06-23,4,2,0.5,0.50169885,2.0067954,1.6094379124341003,1.0986122886681098,1.1008749,0.5,0.25,0.75,0.0,0.0,0.0
2019-06-24,3,1,0.3333333333333333,0.33539844,1.0061953,1.3862943611198906,0.6931471805599453,0.69624007,0.3333333333333333,0.3333333333333333,0.6666666666666666,0.0,0.0,0.0
2019-06-25,3,2,0.6666666666666666,0.5928028,1.7784085,1.3862943611198906,1.0986122886681098,1.0218782,0.3333333333333333,0.3333333333333333,0.6666666666666666,0.0,0.0,0.0
2019-06-26,2,1,0.5,0.5004465,1.000893,1.0986122886681098,0.6931471805599453,0.69359356,0.5,0.5,0.5,0.0,0.0,0.0
2019-06-27,8,3,0.375,0.37595287,3.007623,2.1972245773362196,1.3862943611198906,1.3881983,0.375,0.125,0.75,0.0,0.125,0.0
2019-06-28,6,3,0.5,0.4856709,2.9140253,1.9459101490553132,1.3862943611198906,1.3645663,0.6666666666666666,0.5,0.5,0.0,0.0,0.0
2019-06-29,1,0,0.0,0.0016372014,0.0016372014,0.6931471805599453,0.0,0.0016358626,0.0,1.0,1.0,0.0,0.0,0.0
2019-06-30,1,0,0.0,0.061771598,0.061771598,0.6931471805599453,0.0,0.05993883,0.0,0.0,1.0,0.0,0.0,0.0
2019-07-01,2,1,0.5,0.5012198,1.0024396,1.0986122886681098,0.6931471805599453,0.6943663,0.5,1.0,1.0,0.0,0.0,0.0
2019-07-02,2,1,0.5,0.50045186,1.0009037,1.0986122886681098,0.6931471805599453,0.6935989,0.5,0.5,1.0,0.5,0.0,0.0
2019-07-03,1,1,1.0,0.99727976,0.99727976,0.6931471805599453,0.6931471805599453,0.6917861,1.0,1.0,0.0,0.0,0.0,0.0
2019-07-04,4,1,0.25,0.25177383,1.0070953,1.6094379124341003,0.6931471805599453,0.6966886,0.5,0.25,0.75,0.0,0.25,0.0
2019-07-06,1,0,0.0,0.002117758,0.002117758,0.6931471805599453,0.0,0.0021155186,0.0,0.0,1.0,0.0,0.0,0.0
2019-07-09,2,1,0.5,0.49986944,0.9997389,1.0986122886681098,0.6931471805599453,0.6930166,0.5,0.5,0.5,0.0,0.0,0.0
2019-07-10,2,2,1.0,0.9305581,1.8611162,1.0986122886681098,1.0986122886681098,1.0512118,1.0,1.0,0.0,0.0,0.0,0.0
2019-07-11,5,2,0.4,0.40047103,2.002355,1.791759469228055,1.0986122886681098,1.0993971,0.4,0.6,0.8,0.0,0.0,0.0
2019-07-12,3,2,0.6666666666666666,0.5765556,1.7296668,1.3862943611198906,1.0986122886681098,1.0041796,0.0,0.0,1.0,0.0,0.0,0.0
2019-07-13,5,3,0.6,0.6052655,3.0263274,1.791759469228055,1.3862943611198906,1.3928547,0.2,0.2,0.8,0.0,0.0,0.0
2019-07-14,2,0,0.0,0.0021406822,0.0042813644,1.0986122886681098,0.0,0.0042722253,0.0,0.0,1.0,0.0,0.0,0.0
2019-07-15,1,1,1.0,0.99638593,0.99638593,0.6931471805599453,0.6931471805599453,0.69133854,1.0,1.0,0.0,0.0,0.0,0.0
2019-07-16,4,4,1.0,0.99935514,3.9974205,1.6094379124341003,1.6094379124341003,1.6089219,1.0,0.0,0.0,0.0,0.0,0.0
2019-07-17,4,3,0.75,0.7392691,2.9570763,1.6094379124341003,1.3862943611198906,1.3755054,0.25,0.0,0.75,0.0,0.0,0.0
2019-07-18,4,2,0.5,0.5016603,2.0066411,1.6094379124341003,1.0986122886681098,1.1008236,0.5,0.5,0.75,0.0,0.25,0.0
2019-07-19,6,3,0.5,0.50208086,3.0124853,1.9459101490553132,1.3862943611198906,1.3894109,0.6666666666666666,0.8333333333333334,0.5,0.0,0.0,0.0
2019-07-20,4,2,0.5,0.50058377,2.002335,1.6094379124341003,1.0986122886681098,1.0993904,0.5,0.75,0.5,0.0,0.0,0.0
2019-07-21,1,0,0.0,0.0017430653,0.0017430653,0.6931471805599453,0.0,0.001741548,0.0,1.0,1.0,0.0,0.0,0.0
2019-07-23,1,0,0.0,0.018091485,0.018091485,0.6931471805599453,0.0,0.017929781,0.0,1.0,1.0,0.0,0.0,0.0
2019-07-24,4,3,0.75,0.6472508,2.589003,1.6094379124341003,1.3862943611198906,1.2778745,0.5,1.0,1.0,0.0,0.5,0.0
2019-07-25,1,0,0.0,0.001083385,0.001083385,0.6931471805599453,0.0,0.0010827986,0.0,0.0,1.0,0.0,0.0,0.0
2019-07-26,2,1,0.5,0.50029045,1.0005809,1.0986122886681098,0.6931471805599453,0.6934376,0.5,0.0,0.5,0.0,0.5,0.0
2019-07-27,1,1,1.0,0.88972837,0.88972837,0.6931471805599453,0.6931471805599453,0.6364331,0.0,0.0,1.0,0.0,0.0,0.0
2019-07-28,1,0,0.0,0.0011201062,0.0011201062,0.6931471805599453,0.0,0.0011194793,0.0,0.0,1.0,0.0,0.0,0.0
2019-07-29,2,1,0.5,0.5022422,1.0044844,1.0986122886681098,0.6931471805599453,0.6953869,0.5,0.0,0.5,0.0,0.0,0.0
2019-07-30,1,1,1.0,0.9995364,0.9995364,0.6931471805599453,0.6931471805599453,0.6929154,1.0,0.0,0.0,0.0,0.0,0.0
2019-07-31,2,0,0.0,0.0028559747,0.0057119494,1.0986122886681098,0.0,0.0056956983,0.0,0.5,1.0,0.0,0.0,0.0
2019-08-01,1,0,0.0,0.0012992641,0.0012992641,0.6931471805599453,0.0,0.0012984208,0.0,0.0,1.0,0.0,0.0,0.0
2019-08-02,1,1,1.0,0.9994444,0.9994444,0.6931471805599453,0.6931471805599453,0.69286937,1.0,1.0,0.0,0.0,0.0,0.0
2019-08-03,2,1,0.5,0.5005777,1.0011554,1.0986122886681098,0.6931471805599453,0.6937247,0.5,0.5,0.5,0.0,0.0,0.0
2019-08-04,2,1,0.5,0.49272382,0.98544765,1.0986122886681098,0.6931471805599453,0.6858444,0.5,0.5,1.0,0.0,0.5,0.0
2019-08-05,1,1,1.0,0.9988681,0.9988681,0.6931471805599453,0.6931471805599453,0.69258106,1.0,1.0,0.0,0.0,0.0,0.0
2019-08-06,5,4,0.8,0.7998356,3.9991782,1.791759469228055,1.6094379124341003,1.6092736,0.8,0.8,0.4,0.0,0.0,0.0
2019-08-07,2,2,1.0,0.99932754,1.9986551,1.0986122886681098,1.0986122886681098,1.0981638,1.0,0.0,0.5,0.0,0.0,0.0
2019-08-08,4,0,0.0,0.08446558,0.3378623,1.6094379124341003,0.0,0.29107305,0.25,0.25,0.75,0.0,0.0,0.0
2019-08-09,2,1,0.5,0.4883715,0.976743,1.0986122886681098,0.6931471805599453,0.68145055,0.5,0.5,0.5,0.0,0.0,0.0
2019-08-11,2,1,0.5,0.50778645,1.0155729,1.0986122886681098,0.6931471805599453,0.7009035,0.0,0.5,1.0,0.0,0.0,0.0
2019-08-12,5,1,0.2,0.21982816,1.0991408,1.791759469228055,0.6931471805599453,0.7415281,0.2,0.2,0.8,0.0,0.0,0.0
2019-08-13,4,1,0.25,0.25148344,1.0059338,1.6094379124341003,0.6931471805599453,0.69610965,0.25,0.25,0.75,0.0,0.0,0.0
2019-08-14,5,3,0.6,0.6001891,3.0009456,1.791759469228055,1.3862943611198906,1.3865308,0.8,0.8,0.2,0.0,0.0,0.0
2019-08-15,1,1,1.0,0.999602,0.999602,0.6931471805599453,0.6931471805599453,0.69294816,1.0,1.0,1.0,0.0,0.0,0.0
2019-08-16,1,0,0.0,0.0012605474,0.0012605474,0.6931471805599453,0.0,0.0012597536,1.0,0.0,0.0,0.0,0.0,0.0
2019-08-17,3,1,0.3333333333333333,0.31343699,0.94031096,1.3862943611198906,0.6931471805599453,0.66284823,0.0,1.0,1.0,0.0,0.0,0.0
2019-08-18,3,3,1.0,0.99776316,2.9932895,1.3862943611198906,1.3862943611198906,1.3846153,1.0,1.0,0.6666666666666666,0.3333333333333333,0.3333333333333333,0.0
2019-08-19,5,1,0.2,0.32939312,1.6469656,1.791759469228055,0.6931471805599453,0.97341394,0.6,0.6,0.4,0.0,0.2,0.0
2019-08-20,5,3,0.6,0.600002,3.00001,1.791759469228055,1.3862943611198906,1.3862969,0.2,0.2,0.8,0.0,0.2,0.0
2019-08-21,6,2,0.3333333333333333,0.3382626,2.0295756,1.9459101490553132,1.0986122886681098,1.1084225,0.5,0.6666666666666666,0.5,0.0,0.0,0.0
2019-08-22,2,2,1.0,0.9994503,1.9989007,1.0986122886681098,1.0986122886681098,1.0982459,1.0,0.0,0.0,0.0,0.0,0.0
2019-08-23,4,1,0.25,0.3175324,1.2701296,1.6094379124341003,0.6931471805599453,0.8198369,0.25,0.5,0.75,0.0,0.0,0.0
2019-08-24,1,0,0.0,0.005537252,0.005537252,0.6931471805599453,0.0,0.005521978,0.0,0.0,1.0,0.0,0.0,0.0
2019-08-25,2,1,0.5,0.51297927,1.0259585,1.0986122886681098,0.6931471805599453,0.70604295,1.0,0.5,0.5,0.0,0.5,0.0
2019-08-26,1,0,0.0,0.004213187,0.004213187,0.6931471805599453,0.0,0.004204336,1.0,1.0,0.0,0.0,0.0,0.0
2019-08-27,2,2,1.0,0.9994905,1.998981,1.0986122886681098,1.0986122886681098,1.0982726,1.0,1.0,0.5,0.0,0.5,0.0
2019-08-28,4,1,0.25,0.25348744,1.0139498,1.6094379124341003,0.6931471805599453,0.70009786,0.75,0.25,0.25,0.0,0.25,0.0
2019-08-29,1,1,1.0,0.9996462,0.9996462,0.6931471805599453,0.6931471805599453,0.6929703,1.0,1.0,0.0,0.0,0.0,0.0
2019-08-31,1,0,0.0,0.030257665,0.030257665,0.6931471805599453,0.0,0.029808931,0.0,0.0,1.0,0.0,0.0,0.0
2019-09-02,2,2,1.0,0.9290782,1.8581564,1.0986122886681098,1.0986122886681098,1.0501769,0.0,0.0,1.0,0.0,0.0,0.0
2019-09-03,4,1,0.25,0.2146648,0.8586592,1.6094379124341003,0.6931471805599453,0.6198554,0.0,0.0,1.0,0.0,0.5,0.0
2019-09-04,5,0,0.0,0.045355603,0.22677802,1.791759469228055,0.0,0.20439124,0.0,0.0,1.0,0.0,0.0,0.0
2019-09-05,4,1,0.25,0.25666294,1.0266517,1.6094379124341003,0.6931471805599453,0.706385,0.25,0.25,0.75,0.0,0.25,0.0
2019-09-06,2,0,0.0,0.083590135,0.16718027,1.0986122886681098,0.0,0.15459082,0.0,0.0,1.0,0.0,0.0,0.0
2019-09-07,3,0,0.0,0.0025353704,0.0076061115,1.3862943611198906,0.0,0.007577331,0.0,0.0,1.0,0.0,0.3333333333333333,0.0
2019-09-09,1,1,1.0,0.9917168,0.9917168,0.6931471805599453,0.6931471805599453,0.688997,0.0,0.0,1.0,0.0,0.0,0.0
2019-09-10,4,4,1.0,0.99670684,3.9868274,1.6094379124341003,1.6094379124341003,1.6068,0.75,0.5,0.25,0.0,0.0,0.0
2019-09-11,2,0,0.0,0.001952836,0.003905672,1.0986122886681098,0.0,0.0038980648,0.0,0.5,1.0,0.0,0.0,0.0
2019-09-12,2,0,0.0,0.0020646434,0.004129287,1.0986122886681098,0.0,0.004120785,0.0,0.0,1.0,0.0,0.0,0.0
2019-09-13,1,1,1.0,0.99954176,0.99954176,0.6931471805599453,0.6931471805599453,0.69291806,1.0,1.0,1.0,0.0,0.0,0.0
2019-09-14,2,2,1.0,0.99958575,1.9991715,1.0986122886681098,1.0986122886681098,1.0983361,1.0,0.5,0.5,0.0,0.0,0.0
2019-09-15,2,1,0.5,0.49814743,0.99629486,1.0986122886681098,0.6931471805599453,0.6912929,0.0,0.5,1.0,0.0,0.5,0.0
2019-09-16,1,1,1.0,0.9995278,0.9995278,0.6931471805599453,0.6931471805599453,0.6929111,1.0,1.0,0.0,0.0,0.0,0.0
2019-09-17,3,3,1.0,0.99960786,2.9988236,1.3862943611198906,1.3862943611198906,1.3860003,1.0,0.6666666666666666,0.3333333333333333,0.0,0.0,0.0
2019-09-18,2,0,0.0,0.0015431293,0.0030862587,1.0986122886681098,0.0,0.003081506,0.0,1.0,1.0,0.0,0.0,0.0
2019-09-19,5,3,0.6,0.60020506,3.0010252,1.791759469228055,1.3862943611198906,1.3865507,0.6,0.6,0.8,0.0,0.0,0.0
2019-09-20,3,3,1.0,0.9995384,2.9986153,1.3862943611198906,1.3862943611198906,1.3859481,1.0,0.6666666666666666,1.0,0.0,0.0,0.0
2019-09-21,3,3,1.0,0.9995637,2.998691,1.3862943611198906,1.3862943611198906,1.3859671,1.0,1.0,0.6666666666666666,0.3333333333333333,0.0,0.0
2019-09-22,2,1,0.5,0.5002904,1.0005808,1.0986122886681098,0.6931471805599453,0.6934375,0.5,1.0,0.5,0.0,0.0,0.0
2019-09-23,4,3,0.75,0.7500876,3.0003505,1.6094379124341003,1.3862943611198906,1.386382,0.75,1.0,0.75,0.0,0.25,0.0
2019-09-24,5,5,1.0,0.9993097,4.9965487,1.791759469228055,1.791759469228055,1.7911841,1.0,0.4,0.0,0.0,0.0,0.0
2019-09-25,2,2,1.0,0.9142686,1.8285372,1.0986122886681098,1.0986122886681098,1.0397596,0.5,0.0,0.5,0.0,0.0,0.0
2019-09-26,2,2,1.0,0.99952483,1.9990497,1.0986122886681098,1.0986122886681098,1.0982955,1.0,1.0,1.0,0.5,0.5,0.0
2019-09-27,4,1,0.25,0.25216058,1.0086423,1.6094379124341003,0.6931471805599453,0.69745904,0.25,0.25,1.0,0.0,0.0,0.0
2019-09-29,1,1,1.0,0.9980432,0.9980432,0.6931471805599453,0.6931471805599453,0.6921683,1.0,0.0,0.0,0.0,0.0,0.0
2019-09-30,4,1,0.25,0.27110982,1.0844393,1.6094379124341003,0.6931471805599453,0.7344999,1.0,0.5,0.25,0.0,0.0,0.0
2019-10-01,6,5,0.8333333333333334,0.83314496,4.99887,1.9459101490553132,1.791759469228055,1.7915711,0.8333333333333334,0.8333333333333334,0.5,0.5,0.3333333333333333,0.0
2019-10-02,6,1,0.16666666666666666,0.17815025,1.0689015,1.9459101490553132,0.6931471805599453,0.7270178,0.5,0.6666666666666666,0.5,0.0,0.0,0.0
2019-10-03,2,1,0.5,0.5468355,1.093671,1.0986122886681098,0.6931471805599453,0.73891896,0.5,0.5,0.5,0.0,0.0,0.0
2019-10-04,5,2,0.4,0.41418537,2.070927,1.791759469228055,1.0986122886681098,1.1219795,0.6,0.8,0.6,0.0,0.0,0.0
2019-10-05,3,3,1.0,0.99954075,2.9986222,1.3862943611198906,1.3862943611198906,1.3859499,1.0,1.0,0.0,0.0,0.0,0.0
2019-10-06,7,7,1.0,0.99935097,6.9954567,2.0794415416798357,2.0794415416798357,2.0788734,1.0,0.8571428571428571,0.2857142857142857,0.14285714285714285,0.0,0.0
2019-10-07,1,1,1.0,0.9995671,0.9995671,0.6931471805599453,0.6931471805599453,0.6929307,1.0,1.0,0.0,0.0,0.0,0.0
2019-10-08,2,1,0.5,0.5004084,1.0008168,1.0986122886681098,0.6931471805599453,0.69355553,1.0,0.5,0.0,0.0,0.0,0.0
2019-10-21,2,1,0.5,0.5082232,1.0164464,1.0986122886681098,0.6931471805599453,0.70133674,0.5,0.5,1.0,0.5,0.0,0.0
2019-10-22,2,2,1.0,0.99963534,1.9992707,1.0986122886681098,1.0986122886681098,1.0983691,1.0,1.0,0.5,0.0,0.0,0.0
2019-10-23,6,5,0.8333333333333334,0.82514256,4.9508553,1.9459101490553132,1.791759469228055,1.783535,0.8333333333333334,0.8333333333333334,0.3333333333333333,0.0,0.0,0.0
2019-10-24,4,2,0.5,0.4657448,1.8629792,1.6094379124341003,1.0986122886681098,1.0518627,0.75,0.75,0.25,0.0,0.0,0.0
2019-10-25,6,6,1.0,0.9807503,5.884502,1.9459101490553132,1.9459101490553132,1.9292728,0.6666666666666666,0.3333333333333333,0.5,0.0,0.3333333333333333,0.0
2019-10-26,2,0,0.0,0.002406883,0.004813766,1.0986122886681098,0.0,0.004802217,0.0,0.5,1.0,0.0,0.0,0.0
2019-10-27,5,5,1.0,0.9990058,4.995029,1.791759469228055,1.791759469228055,1.7909306,0.8,0.6,0.6,0.0,0.2,0.0
2019-10-28,3,0,0.0,0.06270423,0.18811269,1.3862943611198906,0.0,0.17236607,0.3333333333333333,0.0,0.6666666666666666,0.0,0.0,0.0
2019-10-29,2,0,0.0,0.002525587,0.005051174,1.0986122886681098,0.0,0.00503846,0.5,0.0,0.5,0.0,0.0,0.0
2019-10-30,2,2,1.0,0.9995608,1.9991215,1.0986122886681098,1.0986122886681098,1.0983194,1.0,1.0,1.0,0.0,0.0,0.0
2019-11-01,4,2,0.5,0.53075445,2.1230178,1.6094379124341003,1.0986122886681098,1.1387998,0.5,0.25,0.5,0.25,0.0,0.0
2019-11-02,2,1,0.5,0.43432397,0.86864793,1.0986122886681098,0.6931471805599453,0.6252152,0.0,0.5,1.0,0.0,0.5,0.0
2019-11-05,2,2,1.0,0.9594797,1.9189594,1.0986122886681098,1.0986122886681098,1.0712272,1.0,0.5,0.0,0.0,0.0,0.0
2019-11-06,8,6,0.75,0.75349313,6.027945,2.1972245773362196,1.9459101490553132,1.9498943,0.875,0.625,0.25,0.0,0.0,0.0
2019-11-07,2,2,1.0,0.87326896,1.7465379,1.0986122886681098,1.0986122886681098,1.0103412,0.5,0.5,0.5,0.0,0.0,0.0
2019-11-08,6,3,0.5,0.5331213,3.1987278,1.9459101490553132,1.3862943611198906,1.4347816,0.16666666666666666,0.16666666666666666,0.8333333333333334,0.0,0.0,0.0
2019-11-10,3,3,1.0,0.9996042,2.9988127,1.3862943611198906,1.3862943611198906,1.3859975,1.0,1.0,1.0,0.0,0.0,0.0
2019-11-11,6,4,0.6666666666666666,0.6691415,4.0148487,1.9459101490553132,1.6094379124341003,1.6124033,0.6666666666666666,1.0,0.8333333333333334,0.0,0.16666666666666666,0.0
2019-11-12,2,1,0.5,0.49989444,0.9997889,1.0986122886681098,0.6931471805599453,0.6930416,0.5,0.0,1.0,0.0,0.0,0.0
2019-11-13,2,0,0.0,0.054784246,0.10956849,1.0986122886681098,0.0,0.10397119,0.0,0.5,1.0,0.0,0.0,0.0
2019-11-14,2,0,0.0,0.0023722588,0.0047445176,1.0986122886681098,0.0,0.004733298,0.0,0.0,1.0,0.0,0.0,0.0
2019-11-15,1,1,1.0,0.99960274,0.99960274,0.6931471805599453,0.6931471805599453,0.6929485,1.0,0.0,1.0,0.0,0.0,0.0
2019-11-17,3,1,0.3333333333333333,0.3341547,1.002464,1.3862943611198906,0.6931471805599453,0.69437844,0.0,0.3333333333333333,1.0,0.3333333333333333,0.3333333333333333,0.0
2019-11-18,2,1,0.5,0.5370981,1.0741962,1.0986122886681098,0.6931471805599453,0.7295737,0.5,0.5,1.0,0.0,0.0,0.0
2019-11-19,4,4,1.0,0.9995678,3.9982712,1.6094379124341003,1.6094379124341003,1.6090921,1.0,1.0,0.5,0.0,0.0,0.0
2019-11-20,6,6,1.0,0.9683253,5.809952,1.9459101490553132,1.9459101490553132,1.918385,0.8333333333333334,0.8333333333333334,0.8333333333333334,0.3333333333333333,0.16666666666666666,0.0
2019-11-21,3,2,0.6666666666666666,0.66693807,2.0008142,1.3862943611198906,1.0986122886681098,1.0988836,0.6666666666666666,1.0,0.3333333333333333,0.0,0.0,0.0
2019-11-22,14,13,0.9285714285714286,0.92834747,12.996864,2.70805020110221,2.6390573296152584,2.6388333,0.9285714285714286,0.8571428571428571,0.9285714285714286,0.0,0.8571428571428571,0.0
2019-11-23,1,1,1.0,0.5554281,0.5554281,0.6931471805599453,0.6931471805599453,0.44175082,1.0,0.0,0.0,0.0,0.0,0.0
2019-11-25,1,1,1.0,0.90559185,0.90559185,0.6931471805599453,0.6931471805599453,0.6447926,1.0,1.0,0.0,0.0,1.0,0.0
2019-11-26,1,1,1.0,0.9995988,0.9995988,0.6931471805599453,0.6931471805599453,0.69294655,1.0,1.0,0.0,0.0,0.0,0.0
2019-11-27,2,1,0.5,0.50093627,1.0018725,1.0986122886681098,0.6931471805599453,0.69408303,0.5,0.5,0.5,0.0,0.0,0.0
2019-11-28,3,2,0.6666666666666666,0.78469425,2.3540828,1.3862943611198906,1.0986122886681098,1.2101784,0.6666666666666666,0.3333333333333333,0.3333333333333333,0.0,0.0,0.0
2019-11-29,4,3,0.75,0.7425215,2.970086,1.6094379124341003,1.3862943611198906,1.3787878,0.5,0.5,0.75,0.25,0.25,0.0
2019-11-30,7,3,0.42857142857142855,0.37885952,2.6520166,2.0794415416798357,1.3862943611198906,1.2952795,0.42857142857142855,0.8571428571428571,0.5714285714285714,0.14285714285714285,0.0,0.0
2019-12-01,4,3,0.75,0.7488065,2.995226,1.6094379124341003,1.3862943611198906,1.3851001,0.75,0.5,0.5,0.0,0.25,0.0
2019-12-02,3,1,0.3333333333333333,0.47247162,1.4174149,1.3862943611198906,0.6931471805599453,0.8826988,0.3333333333333333,0.6666666666666666,0.6666666666666666,0.3333333333333333,0.0,0.0
2019-12-04,2,1,0.5,0.50025135,1.0005027,1.0986122886681098,0.6931471805599453,0.6933985,0.5,0.0,0.5,0.0,0.0,0.0
2019-12-05,5,3,0.6,0.6153477,3.0767384,1.791759469228055,1.3862943611198906,1.4052973,0.8,0.8,0.8,0.0,0.0,0.0
2019-12-06,3,1,0.3333333333333333,0.4244212,1.2732636,1.3862943611198906,0.6931471805599453,0.82121646,0.6666666666666666,0.6666666666666666,0.3333333333333333,0.3333333333333333,0.0,0.0
2019-12-07,2,2,1.0,0.9995899,1.9991798,1.0986122886681098,1.0986122886681098,1.0983388,1.0,1.0,0.5,0.0,0.5,0.0
2019-12-08,1,0,0.0,0.0015261031,0.0015261031,0.6931471805599453,0.0,0.0015249398,0.0,0.0,1.0,0.0,0.0,0.0
2019-12-09,4,3,0.75,0.7404336,2.9617343,1.6094379124341003,1.3862943611198906,1.3766819,0.75,0.75,0.75,0.0,0.0,0.0
2019-12-10,1,1,1.0,0.8178844,0.8178844,0.6931471805599453,0.6931471805599453,0.5976734,0.0,0.0,1.0,0.0,0.0,0.0
2019-12-11,2,1,0.5,0.5003346,1.0006692,1.0986122886681098,0.6931471805599453,0.69348174,0.5,0.0,1.0,0.0,0.0,0.0
2019-12-12,1,1,1.0,0.9845548,0.9845548,0.6931471805599453,0.6931471805599453,0.68539464,0.0,1.0,1.0,0.0,0.0,0.0
2019-12-13,2,1,0.5,0.50035346,1.0007069,1.0986122886681098,0.6931471805599453,0.6935006,0.0,0.5,1.0,0.0,0.0,0.0
2019-12-14,2,1,0.5,0.5003903,1.0007806,1.0986122886681098,0.6931471805599453,0.6935374,0.5,1.0,0.5,0.0,0.5,0.0
2019-12-16,4,3,0.75,0.7531152,3.0124607,1.6094379124341003,1.3862943611198906,1.3894047,0.75,0.75,0.75,0.25,0.0,0.0
2019-12-17,1,0,0.0,0.0015700244,0.0015700244,0.6931471805599453,0.0,0.0015687932,0.0,0.0,1.0,0.0,0.0,0.0
2019-12-18,1,0,0.0,0.0015545269,0.0015545269,0.6931471805599453,0.0,0.0015533199,0.0,0.0,1.0,0.0,0.0,0.0
2019-12-19,3,1,0.3333333333333333,0.33374092,1.0012227,1.3862943611198906,0.6931471805599453,0.69375837,0.3333333333333333,0.6666666666666666,0.6666666666666666,0.0,0.0,0.0
2019-12-20,1,0,0.0,0.0021056961,0.0021056961,0.6931471805599453,0.0,0.0021034821,0.0,0.0,1.0,0.0,0.0,0.0
2019-12-22,1,0,0.0,0.0016050594,0.0016050594,0.6931471805599453,0.0,0.0016037726,0.0,0.0,1.0,0.0,0.0,0.0
2019-12-23,3,1,0.3333333333333333,0.3754836,1.1264508,1.3862943611198906,0.6931471805599453,0.7544543,0.3333333333333333,0.3333333333333333,1.0,0.0,0.0,0.0
2019-12-24,3,3,1.0,0.9981375,2.9944124,1.3862943611198906,1.3862943611198906,1.3848965,1.0,1.0,0.0,0.6666666666666666,0.0,0.0
2019-12-27,3,3,1.0,0.89724064,2.691722,1.3862943611198906,1.3862943611198906,1.306093,1.0,0.6666666666666666,0.3333333333333333,0.0,0.0,0.0
2019-12-28,1,1,1.0,0.9996562,0.9996562,0.6931471805599453,0.6931471805599453,0.6929753,1.0,1.0,1.0,0.0,1.0,0.0
2019-12-30,2,2,1.0,0.99957824,1.9991565,1.0986122886681098,1.0986122886681098,1.0983311,1.0,0.0,1.0,0.0,0.0,0.0
2019-12-31,4,1,0.25,0.25219345,1.0087738,1.6094379124341003,0.6931471805599453,0.6975245,0.5,0.0,0.75,0.0,0.0,0.0
2020-01-03,1,0,0.0,0.0029871387,0.0029871387,0.6931471805599453,0.0,0.002982686,0.0,0.0,1.0,0.0,0.0,0.0
2020-01-04,1,1,1.0,0.99958664,0.99958664,0.6931471805599453,0.6931471805599453,0.6929405,1.0,1.0,0.0,0.0,0.0,0.0
2020-01-05,1,0,0.0,0.003008644,0.003008644,0.6931471805599453,0.0,0.0030041272,0.0,0.0,1.0,0.0,0.0,0.0
2020-01-06,2,2,1.0,0.98979884,1.9795977,1.0986122886681098,1.0986122886681098,1.0917883,1.0,0.0,0.0,0.0,1.0,0.0
2020-01-07,2,1,0.5,0.54656166,1.0931233,1.0986122886681098,0.6931471805599453,0.73865736,1.0,0.0,0.5,0.0,0.0,0.0
2020-01-08,2,2,1.0,0.99943805,1.9988761,1.0986122886681098,1.0986122886681098,1.0982376,1.0,0.5,1.0,0.0,0.0,0.0
2020-01-10,2,2,1.0,0.9995712,1.9991424,1.0986122886681098,1.0986122886681098,1.0983264,1.0,1.0,0.5,0.0,0.0,0.0
2020-01-11,4,2,0.5,0.5836928,2.3347712,1.6094379124341003,1.0986122886681098,1.2044041,0.5,0.25,1.0,0.0,0.0,0.0
2020-01-12,5,3,0.6,0.6019428,3.009714,1.791759469228055,1.3862943611198906,1.3887199,0.6,0.6,0.8,0.0,0.2,0.0
2020-01-13,1,0,0.0,0.0019849525,0.0019849525,0.6931471805599453,0.0,0.001982985,0.0,0.0,1.0,0.0,0.0,0.0
2020-01-14,1,0,0.0,0.019768205,0.019768205,0.6931471805599453,0.0,0.019575352,1.0,1.0,0.0,0.0,0.0,0.0
2020-01-15,4,3,0.75,0.75005096,3.0002038,1.6094379124341003,1.3862943611198906,1.3863453,0.75,0.0,1.0,0.0,0.0,0.0
2020-01-16,2,2,1.0,0.999599,1.999198,1.0986122886681098,1.0986122886681098,1.0983449,1.0,0.5,1.0,0.0,0.0,0.0
2020-01-17,3,3,1.0,0.9995493,2.998648,1.3862943611198906,1.3862943611198906,1.3859563,1.0,0.6666666666666666,0.6666666666666666,0.6666666666666666,0.0,0.0
2020-01-18,5,3,0.6,0.5998927,2.9994633,1.791759469228055,1.3862943611198906,1.3861601,0.2,0.2,0.8,0.0,0.0,0.0
2020-01-19,2,1,0.5,0.45347217,0.90694433,1.0986122886681098,0.6931471805599453,0.64550215,1.0,0.0,0.0,0.0,0.0,0.0
2020-01-20,2,0,0.0,0.08911715,0.1782343,1.0986122886681098,0.0,0.16401695,1.0,0.0,0.0,0.0,0.5,0.0
2020-01-21,2,0,0.0,0.022607606,0.04521521,1.0986122886681098,0.0,0.04422281,0.5,0.5,0.5,0.0,0.0,0.0
2020-01-22,3,2,0.6666666666666666,0.66680145,2.0004044,1.3862943611198906,1.0986122886681098,1.098747,0.6666666666666666,0.6666666666666666,1.0,0.0,0.0,0.0
2020-01-23,1,1,1.0,0.5881671,0.5881671,0.6931471805599453,0.6931471805599453,0.46258056,1.0,0.0,0.0,0.0,0.0,0.0
2020-01-24,4,2,0.5,0.50610673,2.024427,1.6094379124341003,1.0986122886681098,1.1067216,0.5,0.25,0.5,0.0,0.0,0.0
2020-01-25,2,1,0.5,0.5003091,1.0006182,1.0986122886681098,0.6931471805599453,0.69345623,0.5,0.5,0.5,0.0,0.0,0.0
2020-01-26,1,0,0.0,0.002816924,0.002816924,0.6931471805599453,0.0,0.002812964,0.0,0.0,1.0,0.0,0.0,0.0
2020-01-27,1,0,0.0,0.0011674077,0.0011674077,0.6931471805599453,0.0,0.0011667268,0.0,1.0,1.0,0.0,0.0,0.0
2020-01-28,2,0,0.0,0.001118001,0.002236002,1.0986122886681098,0.0,0.0022335057,0.0,1.0,1.0,0.0,0.0,0.0
2020-02-13,3,3,1.0,0.99952036,2.9985611,1.3862943611198906,1.3862943611198906,1.3859346,1.0,0.6666666666666666,0.3333333333333333,0.0,0.0,0.0
2020-02-17,5,3,0.6,0.60138786,3.0069392,1.791759469228055,1.3862943611198906,1.3880277,0.8,0.4,0.6,0.0,0.4,0.0
2020-02-18,6,4,0.6666666666666666,0.6718611,4.0311666,1.9459101490553132,1.6094379124341003,1.6156518,0.8333333333333334,0.8333333333333334,0.8333333333333334,0.3333333333333333,0.16666666666666666,0.0
2020-02-19,2,0,0.0,0.033775117,0.067550234,1.0986122886681098,0.0,0.06536652,0.5,0.5,1.0,0.5,0.0,0.0
2020-02-20,1,1,1.0,0.99930227,0.99930227,0.6931471805599453,0.6931471805599453,0.69279826,1.0,0.0,0.0,0.0,0.0,0.0
2020-02-21,1,1,1.0,0.9994591,0.9994591,0.6931471805599453,0.6931471805599453,0.6928767,1.0,1.0,0.0,0.0,0.0,0.0
2020-02-22,1,1,1.0,0.9993773,0.9993773,0.6931471805599453,0.6931471805599453,0.6928358,1.0,0.0,0.0,0.0,0.0,0.0
2020-02-23,1,0,0.0,0.0009756386,0.0009756386,0.6931471805599453,0.0,0.000975163,0.0,0.0,1.0,0.0,0.0,0.0
2020-02-24,5,4,0.8,0.8002057,4.0010285,1.791759469228055,1.6094379124341003,1.6096436,0.8,0.6,0.6,0.2,0.0,0.0
2020-02-25,1,1,1.0,0.99938333,0.99938333,0.6931471805599453,0.6931471805599453,0.6928388,1.0,1.0,0.0,0.0,0.0,0.0
2020-02-26,2,1,0.5,0.50062907,1.0012581,1.0986122886681098,0.6931471805599453,0.6937761,0.5,0.0,1.0,0.0,0.0,0.0
2020-02-27,1,1,1.0,0.9991341,0.9991341,0.6931471805599453,0.6931471805599453,0.69271415,1.0,0.0,0.0,0.0,0.0,0.0
2020-02-28,9,5,0.5555555555555556,0.546894,4.922046,2.302585092994046,1.791759469228055,1.778682,0.5555555555555556,0.7777777777777778,0.7777777777777778,0.0,0.1111111111111111,0.0
2020-02-29,3,0,0.0,0.0022256833,0.00667705,1.3862943611198906,0.0,0.006654857,0.3333333333333333,0.3333333333333333,0.6666666666666666,0.0,0.3333333333333333,0.0
2020-03-01,7,4,0.5714285714285714,0.5602967,3.9220772,2.0794415416798357,1.6094379124341003,1.5937307,0.5714285714285714,0.7142857142857143,0.8571428571428571,0.0,0.2857142857142857,0.0
2020-03-02,2,1,0.5,0.67498803,1.3499761,1.0986122886681098,0.6931471805599453,0.85440516,0.5,0.5,1.0,0.5,0.0,0.0
2020-03-03,1,0,0.0,0.001348425,0.001348425,0.6931471805599453,0.0,0.0013475168,0.0,0.0,1.0,0.0,0.0,0.0
2020-03-04,1,1,1.0,0.99953544,0.99953544,0.6931471805599453,0.6931471805599453,0.6929149,0.0,1.0,1.0,0.0,0.0,0.0
2020-03-05,6,6,1.0,0.9985369,5.9912214,1.9459101490553132,1.9459101490553132,1.9446553,1.0,1.0,0.0,0.6666666666666666,0.0,0.0
2020-03-06,3,2,0.6666666666666666,0.6814578,2.0443735,1.3862943611198906,1.0986122886681098,1.1132951,0.6666666666666666,0.6666666666666666,0.3333333333333333,0.0,0.0,0.0
2020-03-07,3,1,0.3333333333333333,0.3382392,1.0147176,1.3862943611198906,0.6931471805599453,0.70047903,0.3333333333333333,1.0,1.0,0.0,0.0,0.0
2020-03-08,1,1,1.0,0.9991346,0.9991346,0.6931471805599453,0.6931471805599453,0.6927144,1.0,1.0,0.0,0.0,0.0,0.0
2020-03-09,2,0,0.0,0.0048948606,0.009789721,1.0986122886681098,0.0,0.009742112,0.5,0.5,0.5,0.0,0.0,0.0
2020-03-10,6,4,0.6666666666666666,0.6662417,3.9974504,1.9459101490553132,1.6094379124341003,1.6089278,1.0,1.0,0.16666666666666666,0.6666666666666666,0.16666666666666666,0.0
2020-03-11,4,2,0.5,0.50065464,2.0026186,1.6094379124341003,1.0986122886681098,1.0994848,0.5,0.75,0.75,0.25,0.0,0.0
2020-03-12,3,1,0.3333333333333333,0.31037796,0.93113387,1.3862943611198906,0.6931471805599453,0.65810734,0.0,0.6666666666666666,1.0,0.0,0.0,0.0
2020-03-13,1,1,1.0,0.96644765,0.96644765,0.6931471805599453,0.6931471805599453,0.6762287,1.0,0.0,0.0,0.0,0.0,0.0
2020-03-14,7,3,0.42857142857142855,0.33292705,2.3304894,2.0794415416798357,1.3862943611198906,1.2031193,0.42857142857142855,0.8571428571428571,0.8571428571428571,0.0,0.14285714285714285,0.0
2020-03-15,6,4,0.6666666666666666,0.5976387,3.5858324,1.9459101490553132,1.6094379124341003,1.5229716,0.8333333333333334,0.6666666666666666,0.5,0.0,0.16666666666666666,0.0
2020-03-16,2,2,1.0,0.99952537,1.9990507,1.0986122886681098,1.0986122886681098,1.0982958,1.0,1.0,0.0,0.0,0.0,0.0
2020-03-17,2,1,0.5,0.28391856,0.5678371,1.0986122886681098,0.6931471805599453,0.44969705,0.5,0.5,0.5,0.0,0.0,0.0
2020-03-19,2,1,0.5,0.50077504,1.0015501,1.0986122886681098,0.6931471805599453,0.6939219,1.0,1.0,0.0,0.0,0.0,0.0
2020-03-20,2,0,0.0,0.01772755,0.0354551,1.0986122886681098,0.0,0.034841042,0.5,1.0,0.5,0.0,0.5,0.0
2020-03-21,6,3,0.5,0.5020456,3.0122733,1.9459101490553132,1.3862943611198906,1.389358,0.6666666666666666,0.8333333333333334,0.6666666666666666,0.0,0.0,0.0
2020-03-22,2,1,0.5,0.51140296,1.0228059,1.0986122886681098,0.6931471805599453,0.7044856,0.5,0.0,0.5,0.0,0.0,0.0
2020-03-23,1,0,0.0,0.0012812401,0.0012812401,0.6931471805599453,0.0,0.0012804201,0.0,0.0,1.0,0.0,0.0,0.0
2020-03-24,2,0,0.0,0.0036806893,0.0073613785,1.0986122886681098,0.0,0.007334416,0.5,0.5,0.5,0.0,0.0,0.0
2020-03-25,3,2,0.6666666666666666,0.54576206,1.6372862,1.3862943611198906,1.0986122886681098,0.9697504,0.0,0.3333333333333333,1.0,0.0,0.0,0.0
2020-03-26,4,1,0.25,0.26810554,1.0724221,1.6094379124341003,0.6931471805599453,0.72871804,0.0,0.5,1.0,0.25,0.0,0.0
2020-03-27,4,1,0.25,0.25195593,1.0078237,1.6094379124341003,0.6931471805599453,0.6970514,0.5,0.75,0.75,0.0,0.0,0.0
2020-03-28,5,2,0.4,0.40121096,2.0060549,1.791759469228055,1.0986122886681098,1.1006286,0.6,0.6,0.6,0.0,0.0,0.0
2020-03-29,6,4,0.6666666666666666,0.66705084,4.002305,1.9459101490553132,1.6094379124341003,1.6098988,0.8333333333333334,0.8333333333333334,0.6666666666666666,0.3333333333333333,0.16666666666666666,0.0
2020-03-30,2,0,0.0,0.0012686697,0.0025373395,1.0986122886681098,0.0,0.002534126,0.0,1.0,1.0,0.0,0.0,0.0
2020-03-31,8,7,0.875,0.92831033,7.4264827,2.1972245773362196,2.0794415416798357,2.1313794,1.0,1.0,0.0,0.0,0.375,0.0
2020-04-01,2,2,1.0,0.9995022,1.9990044,1.0986122886681098,1.0986122886681098,1.0982804,1.0,1.0,0.0,0.0,0.0,0.0
2020-04-02,2,1,0.5,0.5006166,1.0012332,1.0986122886681098,0.6931471805599453,0.6937636,0.5,0.5,1.0,0.5,0.0,0.0
2020-04-03,4,4,1.0,0.99963164,3.9985266,1.6094379124341003,1.6094379124341003,1.6091433,1.0,0.75,0.75,0.0,0.0,0.0
2020-04-04,4,2,0.5,0.41308635,1.6523454,1.6094379124341003,1.0986122886681098,0.9754443,0.5,0.75,0.75,0.0,0.0,0.0
2020-04-05,1,1,1.0,0.9996542,0.9996542,0.6931471805599453,0.6931471805599453,0.69297427,1.0,1.0,1.0,0.0,0.0,0.0
2020-04-06,2,1,0.5,0.50136006,1.0027201,1.0986122886681098,0.6931471805599453,0.6945063,0.5,0.5,0.5,0.0,0.0,0.0
2020-04-07,2,0,0.0,0.002926201,0.005852402,1.0986122886681098,0.0,0.0058353436,0.0,0.0,1.0,0.0,0.0,0.0
2020-04-08,3,2,0.6666666666666666,0.64886576,1.9465973,1.3862943611198906,1.0986122886681098,1.080651,0.3333333333333333,0.6666666666666666,0.6666666666666666,0.0,0.0,0.0
2020-04-09,4,4,1.0,0.95895624,3.835825,1.6094379124341003,1.6094379124341003,1.5760517,1.0,1.0,0.75,0.0,0.0,0.0
2020-04-10,1,1,1.0,0.99961495,0.99961495,0.6931471805599453,0.6931471805599453,0.69295466,1.0,1.0,0.0,0.0,0.0,0.0
2020-04-11,2,1,0.5,0.6050594,1.2101188,1.0986122886681098,0.6931471805599453,0.79304624,1.0,1.0,0.5,0.0,0.0,0.0
2020-04-12,2,1,0.5,0.49357012,0.98714024,1.0986122886681098,0.6931471805599453,0.6866965,0.5,0.5,0.5,0.0,0.0,0.0
2020-04-14,3,2,0.6666666666666666,0.56359106,1.6907732,1.3862943611198906,1.0986122886681098,0.9898286,0.3333333333333333,0.3333333333333333,0.6666666666666666,0.0,0.0,0.0
2020-04-15,1,1,1.0,0.99883825,0.99883825,0.6931471805599453,0.6931471805599453,0.69256616,1.0,0.0,0.0,0.0,0.0,0.0
2020-04-16,3,1,0.3333333333333333,0.30087838,0.9026351,1.3862943611198906,0.6931471805599453,0.6432398,0.3333333333333333,0.3333333333333333,0.6666666666666666,0.0,0.0,0.0
2020-04-17,2,1,0.5,0.5012544,1.0025088,1.0986122886681098,0.6931471805599453,0.6944008,1.0,1.0,0.5,0.0,0.0,0.0
2020-04-18,5,1,0.2,0.26612002,1.3306,1.791759469228055,0.6931471805599453,0.8461257,0.4,0.6,1.0,0.2,0.0,0.0
2020-04-19,2,1,0.5,0.5009089,1.0018178,1.0986122886681098,0.6931471805599453,0.6940557,1.0,1.0,0.0,0.5,0.0,0.0
2020-04-21,1,1,1.0,0.99928904,0.99928904,0.6931471805599453,0.6931471805599453,0.69279164,1.0,1.0,0.0,0.0,0.0,0.0
2020-04-23,2,0,0.0,0.14808446,0.29616892,1.0986122886681098,0.0,0.2594129,0.0,0.5,1.0,0.0,0.5,0.0
2020-04-24,3,0,0.0,0.0078163305,0.02344899,1.3862943611198906,0.0,0.023178287,0.6666666666666666,0.3333333333333333,0.3333333333333333,0.0,0.3333333333333333,0.0
2020-05-27,2,1,0.5,0.5003156,1.0006312,1.0986122886681098,0.6931471805599453,0.6934627,0.5,1.0,1.0,0.0,0.0,0.0
2020-05-28,3,2,0.6666666666666666,0.6682374,2.004712,1.3862943611198906,1.0986122886681098,1.1001818,0.3333333333333333,0.3333333333333333,1.0,0.0,0.0,0.0
2020-05-29,5,4,0.8,0.8062733,4.0313663,1.791759469228055,1.6094379124341003,1.6156917,0.8,0.8,0.6,0.0,0.2,0.0
2020-05-30,1,1,1.0,0.9973628,0.9973628,0.6931471805599453,0.6931471805599453,0.6918277,0.0,0.0,1.0,0.0,0.0,0.0
2020-05-31,2,1,0.5,0.50091463,1.0018293,1.0986122886681098,0.6931471805599453,0.6940614,1.0,1.0,0.5,0.0,0.0,0.0
2020-06-02,6,6,1.0,0.997225,5.98335,1.9459101490553132,1.9459101490553132,1.9435287,1.0,1.0,1.0,0.0,0.0,0.0
2020-06-06,1,1,1.0,0.9995259,0.9995259,0.6931471805599453,0.6931471805599453,0.69291013,1.0,1.0,0.0,0.0,0.0,0.0
2020-06-07,3,1,0.3333333333333333,0.3569207,1.070762,1.3862943611198906,0.6931471805599453,0.72791666,0.6666666666666666,0.6666666666666666,0.3333333333333333,0.0,0.0,0.0
2020-06-08,3,2,0.6666666666666666,0.5932289,1.7796866,1.3862943611198906,1.0986122886681098,1.0223382,0.0,0.3333333333333333,1.0,0.0,0.3333333333333333,0.0
2020-06-09,1,1,1.0,0.9995778,0.9995778,0.6931471805599453,0.6931471805599453,0.69293606,1.0,0.0,0.0,0.0,0.0,0.0
2020-06-10,4,2,0.5,0.49485353,1.9794141,1.6094379124341003,1.0986122886681098,1.0917267,0.25,0.75,1.0,0.0,0.0,0.0
2020-06-11,1,1,1.0,0.9994017,0.9994017,0.6931471805599453,0.6931471805599453,0.69284797,0.0,0.0,1.0,0.0,0.0,0.0
2020-06-12,5,3,0.6,0.632084,3.16042,1.791759469228055,1.3862943611198906,1.425616,0.4,0.4,0.6,0.0,0.0,0.0
2020-06-17,4,1,0.25,0.25386685,1.0154674,1.6094379124341003,0.6931471805599453,0.70085114,0.5,0.25,0.5,0.0,0.0,0.0
2020-06-18,1,0,0.0,0.0018394918,0.0018394918,0.6931471805599453,0.0,0.001837802,0.0,0.0,1.0,0.0,0.0,0.0
2020-06-20,2,1,0.5,0.5020503,1.0041006,1.0986122886681098,0.6931471805599453,0.6951954,0.5,0.5,0.5,0.5,0.0,0.0
2020-06-22,2,1,0.5,0.5653701,1.1307402,1.0986122886681098,0.6931471805599453,0.7564694,0.5,0.0,1.0,0.0,0.0,0.0
2020-06-23,3,1,0.3333333333333333,0.46205986,1.3861796,1.3862943611198906,0.6931471805599453,0.8696936,0.6666666666666666,0.6666666666666666,0.3333333333333333,0.0,0.3333333333333333,0.0
2020-06-24,2,1,0.5,0.52945805,1.0589161,1.0986122886681098,0.6931471805599453,0.72217965,0.5,0.0,1.0,0.0,0.0,0.0
2020-06-25,3,2,0.6666666666666666,0.6822385,2.0467155,1.3862943611198906,1.0986122886681098,1.1140641,0.6666666666666666,0.3333333333333333,0.3333333333333333,0.0,0.0,0.0
2020-06-30,1,1,1.0,0.9995865,0.9995865,0.6931471805599453,0.6931471805599453,0.6929404,1.0,1.0,0.0,0.0,0.0,0.0
2020-07-01,5,2,0.4,0.40105247,2.0052624,1.791759469228055,1.0986122886681098,1.1003649,0.6,0.4,0.8,0.0,0.0,0.0
2020-07-02,2,0,0.0,0.0043641143,0.0087282285,1.0986122886681098,0.0,0.008690358,0.0,0.0,1.0,0.0,0.0,0.0
2020-07-04,3,1,0.3333333333333333,0.34355423,1.0306627,1.3862943611198906,0.6931471805599453,0.70836216,0.0,0.0,1.0,0.0,0.0,0.0
2020-07-07,4,0,0.0,0.08592392,0.34369567,1.6094379124341003,0.0,0.29542375,0.0,0.0,1.0,0.0,0.0,0.0
2020-07-08,3,0,0.0,0.0027384267,0.00821528,1.3862943611198906,0.0,0.008181718,0.0,0.0,1.0,0.0,0.0,0.0
2020-07-09,3,2,0.6666666666666666,0.66719747,2.0015924,1.3862943611198906,1.0986122886681098,1.099143,0.6666666666666666,0.0,0.6666666666666666,0.3333333333333333,0.0,0.0
2020-07-10,1,0,0.0,0.005514556,0.005514556,0.6931471805599453,0.0,0.0054994067,0.0,0.0,1.0,0.0,0.0,0.0
2020-07-11,1,1,1.0,0.9994367,0.9994367,0.6931471805599453,0.6931471805599453,0.6928655,0.0,0.0,1.0,0.0,0.0,0.0
2020-07-13,2,2,1.0,0.84037757,1.6807551,1.0986122886681098,1.0986122886681098,0.9860985,1.0,0.0,0.0,0.0,0.0,0.0
2020-07-14,2,0,0.0,0.0044404184,0.008880837,1.0986122886681098,0.0,0.008841634,0.0,0.0,1.0,0.0,0.0,0.0
2020-07-15,1,1,1.0,0.99785113,0.99785113,0.6931471805599453,0.6931471805599453,0.69207215,0.0,0.0,1.0,0.0,0.0,0.0
2020-07-16,2,1,0.5,0.25253206,0.50506413,1.0986122886681098,0.6931471805599453,0.40883553,0.0,0.5,1.0,0.0,0.0,0.0
2020-07-17,4,1,0.25,0.27926093,1.1170437,1.6094379124341003,0.6931471805599453,0.7500206,0.0,0.5,1.0,0.0,0.0,0.0
2020-07-19,2,2,1.0,0.9995729,1.9991457,1.0986122886681098,1.0986122886681098,1.0983275,1.0,1.0,1.0,0.0,0.0,0.0
2020-07-20,2,1,0.5,0.50006545,1.0001309,1.0986122886681098,0.6931471805599453,0.6932126,0.5,0.5,0.5,0.0,0.0,0.0
2020-07-21,3,1,0.3333333333333333,0.34339336,1.0301801,1.3862943611198906,0.6931471805599453,0.7081245,0.3333333333333333,0.3333333333333333,0.6666666666666666,0.3333333333333333,0.0,0.0
2020-07-22,5,1,0.2,0.26996687,1.3498343,1.791759469228055,0.6931471805599453,0.85434484,0.2,1.0,1.0,0.2,0.2,0.0
2020-07-23,1,0,0.0,0.001601218,0.001601218,0.6931471805599453,0.0,0.0015999374,0.0,1.0,1.0,0.0,0.0,0.0
2020-07-25,1,0,0.0,0.002016739,0.002016739,0.6931471805599453,0.0,0.002014708,0.0,0.0,1.0,0.0,0.0,0.0
2020-07-27,2,1,0.5,0.5216718,1.0433435,1.0986122886681098,0.6931471805599453,0.71458745,0.0,0.0,1.0,0.0,0.0,0.0
2020-07-28,1,1,1.0,0.99930346,0.99930346,0.6931471805599453,0.6931471805599453,0.69279885,1.0,1.0,1.0,0.0,0.0,0.0
2020-07-29,2,2,1.0,0.9994869,1.9989738,1.0986122886681098,1.0986122886681098,1.0982702,1.0,0.5,0.5,0.0,0.0,0.0
2020-07-30,2,0,0.0,0.0016188406,0.0032376812,1.0986122886681098,0.0,0.0032324512,0.0,0.5,1.0,0.0,0.0,0.0
2020-07-31,2,0,0.0,0.0057592285,0.011518457,1.0986122886681098,0.0,0.011452625,0.5,1.0,1.0,0.0,0.5,0.0
2020-08-01,1,0,0.0,0.0035849852,0.0035849852,0.6931471805599453,0.0,0.0035785744,0.0,0.0,1.0,0.0,0.0,0.0
2020-08-02,2,0,0.0,0.015952572,0.031905144,1.0986122886681098,0.0,0.03140675,0.0,0.5,1.0,0.0,0.0,0.0
2020-08-03,1,1,1.0,0.99021834,0.99021834,0.6931471805599453,0.6931471805599453,0.68824434,1.0,1.0,0.0,0.0,0.0,0.0
2020-08-04,2,1,0.5,0.5034875,1.006975,1.0986122886681098,0.6931471805599453,0.69662863,0.5,0.5,1.0,0.0,0.0,0.0
2020-08-05,4,3,0.75,0.750173,3.000692,1.6094379124341003,1.3862943611198906,1.3864673,0.75,0.0,0.25,0.0,0.0,0.0
2020-08-06,2,1,0.5,0.50028014,1.0005603,1.0986122886681098,0.6931471805599453,0.69342726,0.0,0.5,1.0,0.0,0.0,0.0
2020-08-07,3,1,0.3333333333333333,0.33680245,1.0104073,1.3862943611198906,0.6931471805599453,0.6983374,0.3333333333333333,0.3333333333333333,0.6666666666666666,0.0,0.0,0.0
2020-08-09,4,1,0.25,0.27989027,1.1195611,1.6094379124341003,0.6931471805599453,0.751209,0.25,0.25,1.0,0.0,0.25,0.0
2020-08-10,2,0,0.0,0.055251405,0.11050281,1.0986122886681098,0.0,0.10481289,0.0,0.5,1.0,0.0,0.0,0.0
2020-08-11,2,1,0.5,0.3095317,0.6190634,1.0986122886681098,0.6931471805599453,0.48184782,0.0,0.5,1.0,0.0,0.0,0.0
2020-08-12,5,3,0.6,0.62155575,3.1077788,1.791759469228055,1.3862943611198906,1.4128824,0.6,0.4,0.8,0.0,0.0,0.0
2020-08-13,2,1,0.5,0.476124,0.952248,1.0986122886681098,0.6931471805599453,0.6689815,0.5,0.0,1.0,0.0,0.0,0.0
2020-08-14,1,1,1.0,0.9993968,0.9993968,0.6931471805599453,0.6931471805599453,0.6928455,1.0,0.0,1.0,0.0,0.0,0.0
2020-08-15,2,1,0.5,0.5323327,1.0646654,1.0986122886681098,0.6931471805599453,0.7249682,0.5,0.5,1.0,0.0,0.0,0.0
2020-08-16,1,0,0.0,0.0036931585,0.0036931585,0.6931471805599453,0.0,0.0036863554,0.0,1.0,1.0,0.0,0.0,0.0
2020-08-17,1,1,1.0,0.9991109,0.9991109,0.6931471805599453,0.6931471805599453,0.69270253,1.0,0.0,1.0,0.0,0.0,0.0
2020-08-18,1,0,0.0,0.060126115,0.060126115,0.6931471805599453,0.0,0.058387876,1.0,0.0,0.0,0.0,0.0,0.0
2020-08-19,2,2,1.0,0.7607386,1.5214772,1.0986122886681098,1.0986122886681098,0.9248449,0.5,0.0,1.0,0.0,0.0,0.0
2020-08-25,1,0,0.0,0.25383312,0.25383312,0.6931471805599453,0.0,0.22620536,0.0,1.0,1.0,0.0,0.0,0.0
2020-08-26,3,2,0.6666666666666666,0.66871864,2.006156,1.3862943611198906,1.0986122886681098,1.1006622,0.6666666666666666,0.6666666666666666,1.0,0.0,0.0,0.0
2020-08-27,2,1,0.5,0.5504278,1.1008556,1.0986122886681098,0.6931471805599453,0.7423447,0.0,0.0,1.0,0.0,0.0,0.0
2020-08-29,5,2,0.4,0.37626022,1.8813012,1.791759469228055,1.0986122886681098,1.058242,0.4,0.8,0.8,0.0,0.2,0.0
2020-08-31,3,2,0.6666666666666666,0.6663889,1.9991668,1.3862943611198906,1.0986122886681098,1.0983346,0.3333333333333333,0.3333333333333333,0.6666666666666666,0.0,0.0,0.0
2020-09-01,2,2,1.0,0.7866168,1.5732336,1.0986122886681098,1.0986122886681098,0.9451633,1.0,0.5,0.0,0.0,0.0,0.0
2020-09-02,3,1,0.3333333333333333,0.33421943,1.0026582,1.3862943611198906,0.6931471805599453,0.6944754,0.3333333333333333,0.3333333333333333,0.6666666666666666,0.0,0.0,0.0
2020-09-03,4,1,0.25,0.2525084,1.0100336,1.6094379124341003,0.6931471805599453,0.69815147,0.25,0.5,0.75,0.0,0.0,0.0
2020-09-04,6,3,0.5,0.50107694,3.0064616,1.9459101490553132,1.3862943611198906,1.3879085,1.0,0.6666666666666666,0.3333333333333333,0.0,0.0,0.0
2020-09-07,4,4,1.0,0.9990203,3.996081,1.6094379124341003,1.6094379124341003,1.6086538,0.75,0.75,0.5,0.0,0.25,0.0
2020-09-08,4,1,0.25,0.25283596,1.0113438,1.6094379124341003,0.6931471805599453,0.69880307,0.5,0.5,0.75,0.0,0.0,0.0
2020-09-09,3,2,0.6666666666666666,0.6656588,1.9969764,1.3862943611198906,1.0986122886681098,1.0976039,0.6666666666666666,0.3333333333333333,0.3333333333333333,0.0,0.0,0.0
2020-09-10,4,0,0.0,0.18771112,0.7508445,1.6094379124341003,0.0,0.56009823,0.0,0.25,1.0,0.0,0.0,0.0
2020-09-11,4,1,0.25,0.27032134,1.0812854,1.6094379124341003,0.6931471805599453,0.7329857,0.0,0.25,1.0,0.0,0.0,0.0
2020-09-13,3,3,1.0,0.99954015,2.9986205,1.3862943611198906,1.3862943611198906,1.3859495,1.0,1.0,0.3333333333333333,0.3333333333333333,0.0,0.0
2020-09-14,3,2,0.6666666666666666,0.6670386,2.0011158,1.3862943611198906,1.0986122886681098,1.0989842,1.0,0.6666666666666666,0.3333333333333333,0.0,0.3333333333333333,0.0
2020-09-15,6,3,0.5,0.4830936,2.8985615,1.9459101490553132,1.3862943611198906,1.3606076,0.5,0.16666666666666666,0.8333333333333334,0.0,0.0,0.0
2020-09-16,6,6,1.0,0.9391095,5.634657,1.9459101490553132,1.9459101490553132,1.8923069,0.0,0.3333333333333333,1.0,0.0,0.16666666666666666,0.0
2020-09-17,3,3,1.0,0.9982254,2.994676,1.3862943611198906,1.3862943611198906,1.3849626,0.0,0.0,1.0,0.0,0.0,0.0
2020-09-18,3,1,0.3333333333333333,0.48924825,1.4677447,1.3862943611198906,0.6931471805599453,0.9033047,0.3333333333333333,0.0,1.0,0.0,0.0,0.0
2020-09-19,10,9,0.9,0.9002099,9.002099,2.3978952727983707,2.302585092994046,2.302795,0.8,0.8,1.0,0.0,0.0,0.0
2020-09-20,1,1,1.0,0.99959546,0.99959546,0.6931471805599453,0.6931471805599453,0.6929449,1.0,1.0,1.0,0.0,0.0,0.0
2020-09-21,5,4,0.8,0.84430635,4.221532,1.791759469228055,1.6094379124341003,1.6527908,0.6,0.2,0.8,0.2,0.2,0.0
2020-09-22,1,0,0.0,0.2810412,0.2810412,0.6931471805599453,0.0,0.24767318,0.0,0.0,1.0,0.0,0.0,0.0
2020-09-23,6,4,0.6666666666666666,0.67200017,4.032001,1.9459101490553132,1.6094379124341003,1.6158178,0.3333333333333333,0.5,0.8333333333333334,0.0,0.0,0.0
2020-09-24,2,2,1.0,0.9994294,1.9988588,1.0986122886681098,1.0986122886681098,1.0982318,1.0,0.5,0.5,0.0,0.5,0.0
2020-09-25,5,4,0.8,0.80007505,4.0003753,1.791759469228055,1.6094379124341003,1.6095129,0.8,0.4,0.6,0.0,0.0,0.0
2020-09-26,5,3,0.6,0.54844034,2.7422018,1.791759469228055,1.3862943611198906,1.3196741,0.4,0.2,0.8,0.0,0.0,0.0
2020-09-27,4,0,0.0,0.06962807,0.27851227,1.6094379124341003,0.0,0.24569711,0.0,0.25,1.0,0.0,0.0,0.0
2020-09-28,5,4,0.8,0.7065395,3.5326977,1.791759469228055,1.6094379124341003,1.5113173,0.4,0.2,0.8,0.0,0.0,0.0
2020-09-29,3,0,0.0,0.0037019018,0.011105705,1.3862943611198906,0.0,0.011044489,0.0,0.3333333333333333,1.0,0.0,0.0,0.0
2020-10-02,1,0,0.0,0.0099678645,0.0099678645,0.6931471805599453,0.0,0.009918513,0.0,1.0,1.0,0.0,0.0,0.0
2020-10-03,1,1,1.0,0.999471,0.999471,0.6931471805599453,0.6931471805599453,0.69288266,1.0,0.0,0.0,0.0,0.0,0.0
2020-10-04,2,2,1.0,0.9965862,1.9931724,1.0986122886681098,1.0986122886681098,1.0963339,1.0,1.0,0.5,0.5,0.0,0.0
2020-10-05,6,2,0.3333333333333333,0.37400302,2.244018,1.9459101490553132,1.0986122886681098,1.1768126,0.3333333333333333,0.3333333333333333,0.8333333333333334,0.0,0.16666666666666666,0.0
2020-10-06,7,4,0.5714285714285714,0.52829987,3.6980991,2.0794415416798357,1.6094379124341003,1.547158,0.8571428571428571,0.7142857142857143,0.5714285714285714,0.0,0.14285714285714285,0.0
2020-10-07,3,3,1.0,0.8382475,2.5147424,1.3862943611198906,1.3862943611198906,1.2569662,0.6666666666666666,0.6666666666666666,0.6666666666666666,0.0,0.0,0.0
2020-10-08,3,2,0.6666666666666666,0.5792553,1.7377658,1.3862943611198906,1.0986122886681098,1.0071422,0.3333333333333333,0.6666666666666666,0.6666666666666666,0.0,0.0,0.0
2020-10-09,5,2,0.4,0.42202348,2.1101174,1.791759469228055,1.0986122886681098,1.1346605,0.4,0.8,0.8,0.0,0.0,0.0
2020-10-10,5,0,0.0,0.002361872,0.01180936,1.791759469228055,0.0,0.011740174,0.0,0.0,1.0,0.0,0.0,0.0
2020-10-11,1,0,0.0,0.009100026,0.009100026,0.6931471805599453,0.0,0.00905887,1.0,0.0,1.0,0.0,0.0,0.0
2020-10-13,1,1,1.0,0.9994025,0.9994025,0.6931471805599453,0.6931471805599453,0.6928484,1.0,0.0,0.0,0.0,0.0,0.0
2020-10-14,3,1,0.3333333333333333,0.33967447,1.0190234,1.3862943611198906,0.6931471805599453,0.70261395,0.3333333333333333,0.3333333333333333,0.6666666666666666,0.0,0.0,0.0
2020-10-15,4,2,0.5,0.55933046,2.2373219,1.6094379124341003,1.0986122886681098,1.1747464,0.5,0.5,0.75,0.0,0.25,0.0
2020-10-18,1,0,0.0,0.0023526598,0.0023526598,0.6931471805599453,0.0,0.0023498966,0.0,1.0,1.0,0.0,0.0,0.0
2020-10-20,1,1,1.0,0.99958795,0.99958795,0.6931471805599453,0.6931471805599453,0.6929411,1.0,0.0,0.0,0.0,0.0,0.0
2020-10-22,1,1,1.0,0.9995852,0.9995852,0.6931471805599453,0.6931471805599453,0.69293976,1.0,1.0,1.0,1.0,0.0,0.0
2020-10-23,1,1,1.0,0.9996018,0.9996018,0.6931471805599453,0.6931471805599453,0.69294804,1.0,1.0,0.0,1.0,0.0,0.0
2020-10-24,6,2,0.3333333333333333,0.32738513,1.9643108,1.9459101490553132,1.0986122886681098,1.0866445,0.16666666666666666,0.3333333333333333,0.8333333333333334,0.0,0.0,0.0
2020-10-26,3,1,0.3333333333333333,0.3384172,1.0152516,1.3862943611198906,0.6931471805599453,0.7007441,0.6666666666666666,1.0,0.3333333333333333,0.0,0.0,0.0
2020-10-27,1,0,0.0,0.05121231,0.05121231,0.6931471805599453,0.0,0.04994408,0.0,0.0,1.0,0.0,0.0,0.0
2020-10-28,3,2,0.6666666666666666,0.68296546,2.0488963,1.3862943611198906,1.0986122886681098,1.1147797,0.3333333333333333,0.6666666666666666,1.0,0.0,0.0,0.0
2020-10-29,1,1,1.0,0.9987884,0.9987884,0.6931471805599453,0.6931471805599453,0.6925412,1.0,0.0,0.0,0.0,0.0,0.0
2020-10-30,1,1,1.0,0.5877181,0.5877181,0.6931471805599453,0.6931471805599453,0.46229786,0.0,1.0,1.0,0.0,0.0,0.0
2020-10-31,4,2,0.5,0.49997103,1.9998841,1.6094379124341003,1.0986122886681098,1.0985737,0.75,0.75,0.5,0.0,0.25,0.0
2020-11-01,1,0,0.0,0.0017666675,0.0017666675,0.6931471805599453,0.0,0.0017651088,1.0,1.0,1.0,0.0,0.0,0.0
2020-11-02,3,1,0.3333333333333333,0.33638954,1.0091686,1.3862943611198906,0.6931471805599453,0.697721,0.6666666666666666,0.6666666666666666,0.3333333333333333,0.0,0.0,0.0
2020-11-03,4,0,0.0,0.0037874035,0.015149614,1.6094379124341003,0.0,0.015036005,0.0,0.5,1.0,0.0,0.0,0.0
2020-11-04,4,1,0.25,0.29758647,1.1903459,1.6094379124341003,0.6931471805599453,0.78405946,0.25,0.75,0.75,0.0,0.25,0.0
2020-11-05,1,0,0.0,0.0011358948,0.0011358948,0.6931471805599453,0.0,0.0011352502,0.0,0.0,1.0,0.0,0.0,0.0
2020-11-06,1,1,1.0,0.9996383,0.9996383,0.6931471805599453,0.6931471805599453,0.69296634,1.0,1.0,1.0,0.0,0.0,0.0
2020-11-07,3,3,1.0,0.99892616,2.9967785,1.3862943611198906,1.3862943611198906,1.3854886,1.0,0.6666666666666666,1.0,0.0,0.0,0.0
2020-11-08,4,2,0.5,0.42234132,1.6893653,1.6094379124341003,1.0986122886681098,0.9893052,0.25,1.0,0.75,0.0,0.0,0.0
2020-11-09,3,1,0.3333333333333333,0.341096,1.023288,1.3862943611198906,0.6931471805599453,0.7047239,0.3333333333333333,0.6666666666666666,0.6666666666666666,0.0,0.0,0.0
2020-11-21,1,0,0.0,0.025235733,0.025235733,0.6931471805599453,0.0,0.02492257,1.0,0.0,0.0,0.0,0.0,0.0
2020-11-22,5,2,0.4,0.40133482,2.006674,1.791759469228055,1.0986122886681098,1.1008345,1.0,0.8,0.2,0.0,0.0,0.0
2020-11-23,3,2,0.6666666666666666,0.6666379,1.9999137,1.3862943611198906,1.0986122886681098,1.0985835,1.0,0.3333333333333333,0.3333333333333333,0.0,0.0,0.0
2020-11-24,2,1,0.5,0.5004721,1.0009443,1.0986122886681098,0.6931471805599453,0.6936192,0.5,0.0,0.5,0.0,0.0,0.0
2020-11-25,3,0,0.0,0.10253105,0.30759317,1.3862943611198906,0.0,0.26818815,0.3333333333333333,1.0,0.6666666666666666,0.3333333333333333,0.0,0.0
2020-11-30,1,1,1.0,0.75371295,0.75371295,0.6931471805599453,0.6931471805599453,0.5617352,0.0,1.0,1.0,0.0,0.0,0.0
2020-12-01,3,1,0.3333333333333333,0.40698826,1.2209648,1.3862943611198906,0.6931471805599453,0.7979417,0.6666666666666666,0.3333333333333333,0.6666666666666666,0.0,0.0,0.0
2020-12-02,1,1,1.0,0.9996094,0.9996094,0.6931471805599453,0.6931471805599453,0.69295186,1.0,0.0,1.0,0.0,0.0,0.0
2020-12-04,2,1,0.5,0.50036186,1.0007237,1.0986122886681098,0.6931471805599453,0.693509,0.5,1.0,1.0,0.0,0.0,0.0
2020-12-05,1,0,0.0,0.0017123,0.0017123,0.6931471805599453,0.0,0.0017108357,0.0,0.0,1.0,0.0,0.0,0.0
2020-12-06,1,1,1.0,0.99959654,0.99959654,0.6931471805599453,0.6931471805599453,0.6929454,1.0,1.0,1.0,0.0,0.0,0.0
2020-12-07,2,2,1.0,0.9957031,1.9914062,1.0986122886681098,1.0986122886681098,1.0957437,1.0,0.5,0.5,0.5,0.0,0.0
2020-12-08,1,1,1.0,0.999642,0.999642,0.6931471805599453,0.6931471805599453,0.6929682,1.0,1.0,0.0,0.0,0.0,0.0
2020-12-13,2,2,1.0,0.99935293,1.9987059,1.0986122886681098,1.0986122886681098,1.0981808,1.0,0.0,1.0,0.0,0.0,0.0
2020-12-14,3,3,1.0,0.9964172,2.9892516,1.3862943611198906,1.3862943611198906,1.3836037,0.6666666666666666,0.3333333333333333,0.3333333333333333,0.0,0.0,0.0
2020-12-15,6,3,0.5,0.5007798,3.0046787,1.9459101490553132,1.3862943611198906,1.3874633,0.6666666666666666,0.6666666666666666,0.6666666666666666,0.16666666666666666,0.0,0.0
2020-12-16,1,1,1.0,0.9992524,0.9992524,0.6931471805599453,0.6931471805599453,0.6927733,1.0,1.0,1.0,0.0,0.0,0.0
2020-12-17,2,1,0.5,0.50106436,1.0021287,1.0986122886681098,0.6931471805599453,0.694211,0.5,0.5,0.5,0.0,0.0,0.0
2020-12-18,1,1,1.0,0.9993759,0.9993759,0.6931471805599453,0.6931471805599453,0.6928351,1.0,1.0,1.0,0.0,0.0,0.0
2020-12-19,2,1,0.5,0.5509636,1.1019272,1.0986122886681098,0.6931471805599453,0.7428546,0.0,0.0,1.0,0.0,0.0,0.0
2020-12-20,2,1,0.5,0.69502914,1.3900583,1.0986122886681098,0.6931471805599453,0.87131774,0.5,0.0,0.5,0.0,0.0,0.0
2020-12-23,3,1,0.3333333333333333,0.33436146,1.0030844,1.3862943611198906,0.6931471805599453,0.6946882,0.0,0.0,1.0,0.0,0.0,0.0
2020-12-24,5,4,0.8,0.7999253,3.9996266,1.791759469228055,1.6094379124341003,1.6093632,0.8,0.4,0.6,0.0,0.0,0.0
2020-12-26,1,1,1.0,0.98352516,0.98352516,0.6931471805599453,0.6931471805599453,0.68487567,1.0,1.0,0.0,1.0,1.0,0.0
2020-12-27,2,1,0.5,0.50020623,1.0004125,1.0986122886681098,0.6931471805599453,0.6933534,0.5,0.0,1.0,0.0,0.0,0.0
2020-12-31,5,4,0.8,0.7978302,3.989151,1.791759469228055,1.6094379124341003,1.6072657,0.6,0.2,0.8,0.2,0.0,0.0
2021-01-01,2,2,1.0,0.99956375,1.9991275,1.0986122886681098,1.0986122886681098,1.0983214,1.0,0.5,1.0,0.0,0.0,0.0
2021-01-02,1,1,1.0,0.99928916,0.99928916,0.6931471805599453,0.6931471805599453,0.6927917,0.0,1.0,1.0,0.0,0.0,0.0
2021-01-03,2,2,1.0,0.97395426,1.9479085,1.0986122886681098,1.0986122886681098,1.0810959,1.0,0.5,0.0,0.0,0.0,0.0
2021-01-04,2,1,0.5,0.50041246,1.0008249,1.0986122886681098,0.6931471805599453,0.6935596,0.5,0.5,0.5,0.0,0.0,0.0
2021-01-05,1,1,1.0,0.9970981,0.9970981,0.6931471805599453,0.6931471805599453,0.69169515,1.0,0.0,0.0,0.0,0.0,0.0
2021-01-06,4,1,0.25,0.2604089,1.0416356,1.6094379124341003,0.6931471805599453,0.71375126,0.5,0.75,0.5,0.0,0.0,0.0
2021-01-07,3,1,0.3333333333333333,0.3344005,1.0032015,1.3862943611198906,0.6931471805599453,0.6947467,0.6666666666666666,0.3333333333333333,1.0,0.0,0.0,0.0
2021-01-08,1,1,1.0,0.99961144,0.99961144,0.6931471805599453,0.6931471805599453,0.6929529,1.0,1.0,1.0,0.0,0.0,0.0
2021-01-09,1,0,0.0,0.0019430222,0.0019430222,0.6931471805599453,0.0,0.001941137,0.0,0.0,1.0,0.0,0.0,0.0
2021-01-10,2,1,0.5,0.50081736,1.0016347,1.0986122886681098,0.6931471805599453,0.6939642,0.5,0.5,0.5,0.0,0.0,0.0
2021-01-11,1,1,1.0,0.9995197,0.9995197,0.6931471805599453,0.6931471805599453,0.69290704,1.0,1.0,0.0,0.0,0.0,0.0
2021-01-12,3,2,0.6666666666666666,0.667,2.001,1.3862943611198906,1.0986122886681098,1.0989456,0.6666666666666666,1.0,1.0,0.0,0.3333333333333333,0.0
2021-01-13,1,1,1.0,0.9988857,0.9988857,0.6931471805599453,0.6931471805599453,0.6925899,1.0,0.0,0.0,0.0,0.0,0.0
2021-01-14,3,1,0.3333333333333333,0.34274372,1.0282311,1.3862943611198906,0.6931471805599453,0.70716405,0.3333333333333333,0.3333333333333333,0.6666666666666666,0.0,0.0,0.0
2021-01-15,1,1,1.0,0.999483,0.999483,0.6931471805599453,0.6931471805599453,0.6928886,1.0,1.0,0.0,0.0,0.0,0.0
2021-01-17,1,1,1.0,0.93725675,0.93725675,0.6931471805599453,0.6931471805599453,0.66127294,0.0,0.0,1.0,0.0,0.0,0.0
2021-01-18,3,1,0.3333333333333333,0.33546364,1.0063909,1.3862943611198906,0.6931471805599453,0.6963376,0.6666666666666666,0.3333333333333333,0.6666666666666666,0.3333333333333333,0.3333333333333333,0.0
2021-01-19,1,1,1.0,0.9995515,0.9995515,0.6931471805599453,0.6931471805599453,0.6929229,1.0,1.0,0.0,0.0,0.0,0.0
2021-01-20,3,2,0.6666666666666666,0.6667137,2.0001411,1.3862943611198906,1.0986122886681098,1.0986593,1.0,1.0,0.0,0.0,0.0,0.0
2021-01-21,4,2,0.5,0.50042486,2.0016994,1.6094379124341003,1.0986122886681098,1.0991786,0.5,0.25,0.75,0.0,0.0,0.0
2021-01-22,2,0,0.0,0.0018353304,0.0036706608,1.0986122886681098,0.0,0.0036639404,0.5,1.0,0.5,0.0,0.0,0.0
2021-01-23,2,0,0.0,0.0029932985,0.005986597,1.0986122886681098,0.0,0.0059687486,0.0,0.0,1.0,0.0,0.0,0.0
2021-01-24,1,1,1.0,0.99954,0.99954,0.6931471805599453,0.6931471805599453,0.69291717,1.0,1.0,0.0,0.0,0.0,0.0
2021-01-25,2,2,1.0,0.9962719,1.9925438,1.0986122886681098,1.0986122886681098,1.0961238,0.0,0.5,1.0,0.0,1.0,0.0
2021-01-26,3,1,0.3333333333333333,0.35248026,1.0574408,1.3862943611198906,0.6931471805599453,0.72146285,0.3333333333333333,0.0,0.6666666666666666,0.0,0.0,0.0
2021-01-28,2,2,1.0,0.9988061,1.9976122,1.0986122886681098,1.0986122886681098,1.0978161,1.0,0.0,0.0,0.0,0.0,0.0
2021-01-29,2,2,1.0,0.9785754,1.9571508,1.0986122886681098,1.0986122886681098,1.0842263,0.5,1.0,1.0,0.5,0.0,0.0
2021-01-30,1,0,0.0,0.0052313474,0.0052313474,0.6931471805599453,0.0,0.0052177114,1.0,1.0,1.0,1.0,0.0,0.0
2021-02-01,4,2,0.5,0.5125613,2.0502453,1.6094379124341003,1.0986122886681098,1.115222,0.75,0.75,0.75,0.25,0.0,0.0
2021-02-02,5,2,0.4,0.40101403,2.0050702,1.791759469228055,1.0986122886681098,1.1003009,0.6,0.0,0.6,0.0,0.2,0.0
2021-02-03,4,1,0.25,0.2807491,1.1229964,1.6094379124341003,0.6931471805599453,0.75282854,0.5,1.0,0.5,0.0,0.0,0.0
2021-02-04,2,1,0.5,0.51302505,1.0260501,1.0986122886681098,0.6931471805599453,0.7060881,0.5,0.5,1.0,0.0,0.0,0.0
2021-02-05,2,0,0.0,0.011066832,0.022133663,1.0986122886681098,0.0,0.02189227,0.5,0.5,0.5,0.0,0.0,0.0
2021-02-06,1,0,0.0,0.0035452852,0.0035452852,0.6931471805599453,0.0,0.0035390155,1.0,1.0,0.0,0.0,0.0,0.0
2021-02-07,2,1,0.5,0.49974227,0.99948454,1.0986122886681098,0.6931471805599453,0.6928894,0.5,0.5,1.0,0.0,0.0,0.0
2021-02-08,2,2,1.0,0.99837047,1.9967409,1.0986122886681098,1.0986122886681098,1.0975254,0.0,0.0,1.0,0.0,0.0,0.0
2021-02-10,1,0,0.0,0.0020418395,0.0020418395,0.6931471805599453,0.0,0.0020397578,0.0,0.0,1.0,0.0,0.0,0.0
2021-02-12,4,2,0.5,0.535795,2.14318,1.6094379124341003,1.0986122886681098,1.1452351,0.75,0.5,0.5,0.0,0.0,0.0
2021-02-15,5,4,0.8,0.79967916,3.9983957,1.791759469228055,1.6094379124341003,1.609117,0.6,0.6,0.4,0.0,0.0,0.0
2021-02-16,1,0,0.0,0.040902097,0.040902097,0.6931471805599453,0.0,0.040087737,1.0,1.0,0.0,0.0,0.0,0.0
2021-02-17,3,3,1.0,0.99912643,2.9973793,1.3862943611198906,1.3862943611198906,1.385639,1.0,1.0,0.6666666666666666,0.3333333333333333,0.3333333333333333,0.0
2021-02-18,2,2,1.0,0.9995968,1.9991935,1.0986122886681098,1.0986122886681098,1.0983435,1.0,1.0,0.5,0.5,1.0,0.0
2021-02-19,2,1,0.5,0.50061834,1.0012367,1.0986122886681098,0.6931471805599453,0.69376534,0.5,0.0,0.5,0.0,0.0,0.0
2021-02-20,1,0,0.0,0.06648796,0.06648796,0.6931471805599453,0.0,0.06437097,0.0,0.0,1.0,0.0,0.0,0.0
2021-02-22,1,0,0.0,0.004458536,0.004458536,0.6931471805599453,0.0,0.004448626,0.0,0.0,1.0,0.0,0.0,0.0
2021-02-23,3,3,1.0,0.9995968,2.9987903,1.3862943611198906,1.3862943611198906,1.3859919,1.0,1.0,0.0,0.0,0.0,0.0
2021-02-24,3,1,0.3333333333333333,0.48939106,1.4681731,1.3862943611198906,0.6931471805599453,0.90347826,0.3333333333333333,0.6666666666666666,0.6666666666666666,0.0,0.3333333333333333,0.0
2021-02-25,1,1,1.0,0.9995061,0.9995061,0.6931471805599453,0.6931471805599453,0.6929002,0.0,1.0,1.0,0.0,0.0,0.0
2021-02-26,3,0,0.0,0.05080904,0.15242712,1.3862943611198906,0.0,0.14187026,1.0,1.0,0.3333333333333333,0.0,0.0,0.0
2021-02-27,1,1,1.0,0.9995271,0.9995271,0.6931471805599453,0.6931471805599453,0.69291073,1.0,0.0,0.0,0.0,0.0,0.0
2021-02-28,1,1,1.0,0.9996118,0.9996118,0.6931471805599453,0.6931471805599453,0.69295305,1.0,1.0,0.0,0.0,0.0,0.0
2021-03-01,2,1,0.5,0.39728856,0.7945771,1.0986122886681098,0.6931471805599453,0.5847694,0.5,0.5,1.0,0.0,0.0,0.0
2021-03-02,7,1,0.14285714285714285,0.15541652,1.0879157,2.0794415416798357,0.6931471805599453,0.7361663,0.7142857142857143,0.5714285714285714,0.42857142857142855,0.14285714285714285,0.14285714285714285,0.0
2021-03-03,5,2,0.4,0.5193727,2.5968635,1.791759469228055,1.0986122886681098,1.2800622,0.6,0.4,0.6,0.0,0.0,0.0
2021-03-04,2,2,1.0,0.9991112,1.9982224,1.0986122886681098,1.0986122886681098,1.0980196,1.0,0.5,0.5,0.0,0.0,0.0
2021-03-05,2,1,0.5,0.51013863,1.0202773,1.0986122886681098,0.6931471805599453,0.7032348,0.0,0.5,1.0,0.0,0.0,0.0
2021-03-06,1,1,1.0,0.99801874,0.99801874,0.6931471805599453,0.6931471805599453,0.6921561,1.0,0.0,0.0,0.0,0.0,0.0
2021-03-07,2,2,1.0,0.9915271,1.9830542,1.0986122886681098,1.0986122886681098,1.0929477,1.0,0.5,0.0,0.0,0.0,0.0
2021-03-08,2,2,1.0,0.9988973,1.9977946,1.0986122886681098,1.0986122886681098,1.0978769,1.0,0.5,0.5,0.0,0.0,0.0
2021-03-09,2,1,0.5,0.50040364,1.0008073,1.0986122886681098,0.6931471805599453,0.69355077,0.5,1.0,1.0,0.0,0.0,0.0
2021-03-10,3,2,0.6666666666666666,0.6669385,2.0008154,1.3862943611198906,1.0986122886681098,1.0988841,0.3333333333333333,0.3333333333333333,0.6666666666666666,0.0,0.0,0.0
2021-03-11,1,0,0.0,0.0060890457,0.0060890457,0.6931471805599453,0.0,0.006070582,0.0,0.0,1.0,0.0,0.0,0.0
2021-03-12,7,6,0.8571428571428571,0.85564786,5.989535,2.0794415416798357,1.9459101490553132,1.944414,0.8571428571428571,0.7142857142857143,0.8571428571428571,0.42857142857142855,0.0,0.0
2021-03-13,2,1,0.5,0.5043203,1.0086406,1.0986122886681098,0.6931471805599453,0.6974582,1.0,1.0,0.5,1.0,0.0,0.0
2021-03-14,3,1,0.3333333333333333,0.33537003,1.0061101,1.3862943611198906,0.6931471805599453,0.69619757,0.3333333333333333,0.0,0.6666666666666666,0.0,0.0,0.0
2021-03-15,2,1,0.5,0.5534952,1.1069905,1.0986122886681098,0.6931471805599453,0.7452606,1.0,1.0,0.5,0.5,0.0,0.0
2021-03-16,3,2,0.6666666666666666,0.65082425,1.9524727,1.3862943611198906,1.0986122886681098,1.082643,1.0,0.3333333333333333,0.6666666666666666,0.0,0.3333333333333333,0.0
2021-03-17,4,0,0.0,0.12590244,0.5036098,1.6094379124341003,0.0,0.40786874,0.5,0.5,0.5,0.0,0.0,0.0
2021-03-18,3,0,0.0,0.0034672816,0.010401845,1.3862943611198906,0.0,0.010348118,0.0,1.0,1.0,0.3333333333333333,0.0,0.0
2021-03-19,3,3,1.0,0.9925687,2.977706,1.3862943611198906,1.3862943611198906,1.3807052,0.6666666666666666,0.6666666666666666,0.6666666666666666,0.0,0.0,0.0
2021-03-20,2,1,0.5,0.44130975,0.8826195,1.0986122886681098,0.6931471805599453,0.63266414,0.5,1.0,0.5,0.5,0.0,0.0
2021-03-21,2,1,0.5,0.50039285,1.0007857,1.0986122886681098,0.6931471805599453,0.69354,0.5,0.5,0.5,0.0,0.0,0.0
2021-03-22,2,1,0.5,0.5003557,1.0007114,1.0986122886681098,0.6931471805599453,0.69350284,0.5,0.5,0.5,0.0,0.0,0.0
2021-03-23,1,0,0.0,0.0018680886,0.0018680886,0.6931471805599453,0.0,0.0018663459,0.0,1.0,1.0,0.0,0.0,0.0
2021-03-25,3,1,0.3333333333333333,0.33515704,1.0054711,1.3862943611198906,0.6931471805599453,0.695879,0.6666666666666666,0.3333333333333333,0.3333333333333333,0.0,0.0,0.0
2021-03-26,1,0,0.0,0.0043770014,0.0043770014,0.6931471805599453,0.0,0.0043674503,1.0,1.0,0.0,0.0,0.0,0.0
2021-03-27,2,1,0.5,0.49804085,0.9960817,1.0986122886681098,0.6931471805599453,0.69118613,1.0,0.5,0.5,0.0,0.0,0.0
2021-03-28,1,1,1.0,0.9994005,0.9994005,0.6931471805599453,0.6931471805599453,0.6928474,1.0,1.0,0.0,1.0,0.0,0.0
2021-03-30,1,0,0.0,0.048895244,0.048895244,0.6931471805599453,0.0,0.04773746,0.0,1.0,1.0,0.0,0.0,0.0
2021-03-31,1,0,0.0,0.07092402,0.07092402,0.6931471805599453,0.0,0.06852185,0.0,0.0,1.0,0.0,0.0,0.0
2021-04-01,2,2,1.0,0.999366,1.998732,1.0986122886681098,1.0986122886681098,1.0981896,1.0,1.0,0.0,0.0,0.0,0.0
2021-04-02,4,3,0.75,0.73765093,2.9506037,1.6094379124341003,1.3862943611198906,1.3738685,0.75,0.75,0.5,0.0,0.25,0.0
2021-04-03,3,3,1.0,0.9993932,2.9981797,1.3862943611198906,1.3862943611198906,1.3858392,1.0,1.0,0.0,0.0,0.0,0.0
2021-04-04,1,0,0.0,0.0015687698,0.0015687698,0.6931471805599453,0.0,0.0015675406,1.0,1.0,0.0,0.0,0.0,0.0
2021-04-07,1,1,1.0,0.9983529,0.9983529,0.6931471805599453,0.6931471805599453,0.69232327,1.0,0.0,0.0,0.0,0.0,0.0
2021-04-08,4,4,1.0,0.9996017,3.998407,1.6094379124341003,1.6094379124341003,1.6091193,1.0,0.5,0.75,0.0,0.0,0.0
2021-04-11,2,0,0.0,0.028817028,0.057634056,1.0986122886681098,0.0,0.05603439,0.0,0.0,1.0,0.0,0.0,0.0
2021-04-12,2,0,0.0,0.0012140323,0.0024280646,1.0986122886681098,0.0,0.0024251216,0.0,0.5,1.0,0.0,0.0,0.0
2021-04-13,3,2,0.6666666666666666,0.77386427,2.3215928,1.3862943611198906,1.0986122886681098,1.2004445,1.0,0.6666666666666666,0.3333333333333333,0.0,0.3333333333333333,0.0
2021-04-14,2,0,0.0,0.002290856,0.004581712,1.0986122886681098,0.0,0.0045712483,0.0,0.0,1.0,0.0,0.0,0.0
2021-04-15,3,3,1.0,0.9982292,2.9946876,1.3862943611198906,1.3862943611198906,1.3849654,1.0,0.6666666666666666,0.3333333333333333,0.0,0.0,0.0
2021-04-16,3,2,0.6666666666666666,0.65649563,1.9694868,1.3862943611198906,1.0986122886681098,1.0883892,0.3333333333333333,0.6666666666666666,0.6666666666666666,0.0,0.0,0.0
2021-04-17,1,1,1.0,0.9993278,0.9993278,0.6931471805599453,0.6931471805599453,0.692811,1.0,0.0,0.0,0.0,0.0,0.0
2021-04-18,1,1,1.0,0.99705815,0.99705815,0.6931471805599453,0.6931471805599453,0.6916752,1.0,1.0,0.0,0.0,0.0,0.0
2021-04-19,4,3,0.75,0.7546135,3.018454,1.6094379124341003,1.3862943611198906,1.3908973,1.0,1.0,0.25,0.0,0.0,0.0
2021-04-20,1,0,0.0,0.0014271048,0.0014271048,0.6931471805599453,0.0,0.0014260875,0.0,1.0,1.0,0.0,0.0,0.0
2021-04-21,1,1,1.0,0.99961996,0.99961996,0.6931471805599453,0.6931471805599453,0.69295716,0.0,0.0,1.0,0.0,0.0,0.0
2021-04-22,2,2,1.0,0.9996028,1.9992056,1.0986122886681098,1.0986122886681098,1.0983474,1.0,0.5,1.0,0.5,0.5,0.0
2021-04-24,2,1,0.5,0.5016621,1.0033242,1.0986122886681098,0.6931471805599453,0.6948079,0.5,0.0,1.0,0.0,0.0,0.0
2021-04-25,3,2,0.6666666666666666,0.66690993,2.0007298,1.3862943611198906,1.0986122886681098,1.0988555,1.0,1.0,0.6666666666666666,0.0,0.0,0.0
2021-04-27,3,2,0.6666666666666666,0.6672265,2.0016794,1.3862943611198906,1.0986122886681098,1.099172,0.6666666666666666,0.3333333333333333,0.3333333333333333,0.0,0.0,0.0
2021-04-28,2,0,0.0,0.1797166,0.3594332,1.0986122886681098,0.0,0.3070678,0.0,0.5,1.0,0.0,0.0,0.0
2021-04-29,4,0,0.0,0.008412991,0.033651963,1.6094379124341003,0.0,0.033098128,0.25,0.5,1.0,0.0,0.0,0.0
2021-04-30,4,1,0.25,0.25309703,1.0123881,1.6094379124341003,0.6931471805599453,0.6993221,0.5,0.25,0.5,0.0,0.25,0.0
2021-05-01,1,1,1.0,0.9988765,0.9988765,0.6931471805599453,0.6931471805599453,0.6925853,1.0,0.0,1.0,0.0,0.0,0.0
2021-05-02,1,1,1.0,0.9995264,0.9995264,0.6931471805599453,0.6931471805599453,0.6929104,1.0,1.0,0.0,0.0,0.0,0.0
2021-05-03,5,3,0.6,0.60416824,3.0208411,1.791759469228055,1.3862943611198906,1.3914912,0.2,0.2,1.0,0.0,0.0,0.0
2021-05-04,3,1,0.3333333333333333,0.44689575,1.3406873,1.3862943611198906,0.6931471805599453,0.85044456,0.0,0.6666666666666666,1.0,0.0,0.0,0.0
2021-05-06,2,0,0.0,0.0036812297,0.0073624593,1.0986122886681098,0.0,0.0073354887,0.0,0.5,1.0,0.0,0.0,0.0
2021-05-07,5,3,0.6,0.6091011,3.0455055,1.791759469228055,1.3862943611198906,1.3976065,0.6,0.2,0.4,0.2,0.0,0.0
2021-05-08,2,2,1.0,0.99799526,1.9959905,1.0986122886681098,1.0986122886681098,1.0972749,1.0,1.0,0.5,0.0,0.0,0.0
2021-05-09,2,2,1.0,0.9995557,1.9991114,1.0986122886681098,1.0986122886681098,1.0983161,1.0,0.5,0.5,0.0,0.5,0.0
2021-05-11,3,3,1.0,0.99576765,2.987303,1.3862943611198906,1.3862943611198906,1.383115,1.0,1.0,0.0,0.0,0.0,0.0
2021-05-12,6,2,0.3333333333333333,0.3356701,2.0140207,1.9459101490553132,1.0986122886681098,1.103275,0.3333333333333333,0.5,0.8333333333333334,0.0,0.0,0.0
2021-05-13,1,1,1.0,0.9995722,0.9995722,0.6931471805599453,0.6931471805599453,0.69293326,1.0,0.0,1.0,0.0,0.0,0.0
2021-05-14,1,0,0.0,0.0015646964,0.0015646964,0.6931471805599453,0.0,0.0015634736,0.0,1.0,1.0,0.0,0.0,0.0
2021-05-16,1,0,0.0,0.0070408788,0.0070408788,0.6931471805599453,0.0,0.0070162076,0.0,1.0,1.0,0.0,0.0,0.0
2021-05-17,1,0,0.0,0.08982567,0.08982567,0.6931471805599453,0.0,0.08601774,0.0,0.0,1.0,0.0,0.0,0.0
2021-05-18,6,2,0.3333333333333333,0.35267028,2.1160216,1.9459101490553132,1.0986122886681098,1.1365571,0.16666666666666666,0.3333333333333333,1.0,0.0,0.16666666666666666,0.0
2021-05-19,2,2,1.0,0.8310509,1.6621017,1.0986122886681098,1.0986122886681098,0.97911596,0.5,1.0,1.0,0.0,0.5,0.0
2021-05-20,1,1,1.0,0.999663,0.999663,0.6931471805599453,0.6931471805599453,0.6929787,1.0,0.0,1.0,0.0,0.0,0.0
2021-05-21,4,3,0.75,0.7187756,2.8751023,1.6094379124341003,1.3862943611198906,1.354572,1.0,0.25,0.5,0.0,0.0,0.0
2021-05-22,1,1,1.0,0.99959797,0.99959797,0.6931471805599453,0.6931471805599453,0.69294614,1.0,1.0,1.0,0.0,0.0,0.0
2021-05-24,2,2,1.0,0.99950683,1.9990137,1.0986122886681098,1.0986122886681098,1.0982835,1.0,1.0,1.0,0.0,0.5,0.0
2021-05-25,1,1,1.0,0.999554,0.999554,0.6931471805599453,0.6931471805599453,0.69292414,1.0,1.0,1.0,0.0,0.0,0.0
2021-05-26,3,1,0.3333333333333333,0.334493,1.003479,1.3862943611198906,0.6931471805599453,0.6948852,0.3333333333333333,0.6666666666666666,1.0,0.0,0.0,0.0
2021-05-27,2,1,0.5,0.31574592,0.63149184,1.0986122886681098,0.6931471805599453,0.48949483,0.0,0.0,1.0,0.0,0.0,0.0
2021-05-28,3,2,0.6666666666666666,0.6652295,1.9956884,1.3862943611198906,1.0986122886681098,1.097174,0.6666666666666666,0.3333333333333333,0.6666666666666666,0.0,0.3333333333333333,0.0
2021-05-30,1,0,0.0,0.0018020192,0.0018020192,0.6931471805599453,0.0,0.0018003975,0.0,0.0,1.0,0.0,0.0,0.0
2021-05-31,2,2,1.0,0.9996315,1.999263,1.0986122886681098,1.0986122886681098,1.0983666,1.0,1.0,1.0,0.0,1.0,0.0
2021-06-01,3,2,0.6666666666666666,0.6668539,2.0005617,1.3862943611198906,1.0986122886681098,1.0987995,1.0,1.0,1.0,0.0,0.6666666666666666,0.0
2021-06-02,7,6,0.8571428571428571,0.85707074,5.999495,2.0794415416798357,1.9459101490553132,1.945838,0.8571428571428571,0.7142857142857143,0.2857142857142857,0.0,0.2857142857142857,0.0
2021-06-03,4,2,0.5,0.54723763,2.1889505,1.6094379124341003,1.0986122886681098,1.1596919,0.5,0.25,0.75,0.0,0.0,0.0
2021-06-04,1,0,0.0,0.0014897847,0.0014897847,0.6931471805599453,0.0,0.0014886761,0.0,0.0,1.0,0.0,0.0,0.0
2021-06-06,2,1,0.5,0.5007291,1.0014582,1.0986122886681098,0.6931471805599453,0.693876,0.5,0.5,1.0,0.0,0.0,0.0
2021-06-07,3,1,0.3333333333333333,0.40053394,1.2016019,1.3862943611198906,0.6931471805599453,0.7891852,0.3333333333333333,0.3333333333333333,1.0,0.0,0.0,0.0
2021-06-08,5,5,1.0,0.99954045,4.997702,1.791759469228055,1.791759469228055,1.7913765,1.0,0.4,0.8,0.0,0.0,0.0
2021-06-09,2,1,0.5,0.50008976,1.0001795,1.0986122886681098,0.6931471805599453,0.69323695,0.5,0.0,0.5,0.0,0.0,0.0
2021-06-10,1,0,0.0,0.008749573,0.008749573,0.6931471805599453,0.0,0.008711517,0.0,1.0,1.0,0.0,0.0,0.0
2021-06-11,3,1,0.3333333333333333,0.46993566,1.409807,1.3862943611198906,0.6931471805599453,0.87954664,0.6666666666666666,0.6666666666666666,0.3333333333333333,0.0,0.0,0.0
2021-06-12,3,1,0.3333333333333333,0.33424246,1.0027274,1.3862943611198906,0.6931471805599453,0.6945099,0.6666666666666666,0.3333333333333333,0.6666666666666666,0.0,0.0,0.0
2021-06-13,4,2,0.5,0.5004221,2.0016885,1.6094379124341003,1.0986122886681098,1.099175,0.75,0.5,0.75,0.0,0.5,0.0
2021-06-14,2,2,1.0,0.9991863,1.9983726,1.0986122886681098,1.0986122886681098,1.0980697,1.0,1.0,0.0,0.0,0.0,0.0
2021-06-15,2,1,0.5,0.50178206,1.0035641,1.0986122886681098,0.6931471805599453,0.69492763,0.5,0.5,0.5,0.0,0.0,0.0
2021-06-16,2,2,1.0,0.99944293,1.9988859,1.0986122886681098,1.0986122886681098,1.0982409,1.0,0.5,0.0,0.5,0.5,0.0
2021-06-18,4,3,0.75,0.7466138,2.9864552,1.6094379124341003,1.3862943611198906,1.3829024,0.5,0.0,0.75,0.0,0.0,0.0
2021-06-19,3,1,0.3333333333333333,0.337949,1.013847,1.3862943611198906,0.6931471805599453,0.70004684,0.3333333333333333,0.0,0.6666666666666666,0.0,0.0,0.0
2021-06-22,1,0,0.0,0.10066862,0.10066862,0.6931471805599453,0.0,0.09591783,1.0,1.0,0.0,0.0,0.0,0.0
2021-06-23,4,3,0.75,0.77938884,3.1175554,1.6094379124341003,1.3862943611198906,1.4152596,0.75,0.5,0.25,0.0,0.0,0.0
2021-06-24,4,2,0.5,0.5021503,2.0086012,1.6094379124341003,1.0986122886681098,1.1014752,0.25,0.75,0.75,0.0,0.25,0.0
2021-06-25,3,1,0.3333333333333333,0.33984593,1.0195378,1.3862943611198906,0.6931471805599453,0.7028687,0.6666666666666666,0.3333333333333333,0.6666666666666666,0.0,0.0,0.0
2021-06-26,3,2,0.6666666666666666,0.66704196,2.0011258,1.3862943611198906,1.0986122886681098,1.0989875,0.6666666666666666,0.3333333333333333,0.6666666666666666,0.0,0.0,0.0
2021-06-27,1,1,1.0,0.9995223,0.9995223,0.6931471805599453,0.6931471805599453,0.69290835,1.0,1.0,1.0,0.0,0.0,0.0
2021-06-28,2,1,0.5,0.50393283,1.0078657,1.0986122886681098,0.6931471805599453,0.6970723,1.0,0.5,0.0,0.0,0.0,0.0
2021-07-01,3,1,0.3333333333333333,0.34222052,1.0266615,1.3862943611198906,0.6931471805599453,0.70638984,0.6666666666666666,0.6666666666666666,0.3333333333333333,0.0,0.0,0.0
2021-07-02,4,3,0.75,0.7491933,2.9967732,1.6094379124341003,1.3862943611198906,1.3854873,0.75,0.5,0.5,0.0,0.25,0.0
2021-07-03,1,1,1.0,0.99956197,0.99956197,0.6931471805599453,0.6931471805599453,0.69292814,0.0,1.0,1.0,0.0,0.0,0.0
2021-07-04,2,1,0.5,0.5033467,1.0066934,1.0986122886681098,0.6931471805599453,0.69648826,0.5,0.5,0.5,0.0,0.0,0.0
2021-07-05,2,1,0.5,0.50080186,1.0016037,1.0986122886681098,0.6931471805599453,0.69394875,0.5,0.5,0.5,0.0,0.0,0.0
2021-07-06,5,4,0.8,0.79874384,3.9937193,1.791759469228055,1.6094379124341003,1.608181,0.6,0.4,0.8,0.0,0.0,0.0
2021-07-07,1,1,1.0,0.9996401,0.9996401,0.6931471805599453,0.6931471805599453,0.69296724,1.0,1.0,1.0,0.0,0.0,0.0
2021-07-08,4,3,0.75,0.74979943,2.9991977,1.6094379124341003,1.3862943611198906,1.3860937,0.75,0.75,0.25,0.0,0.25,0.0
2021-07-09,2,2,1.0,0.9996269,1.9992537,1.0986122886681098,1.0986122886681098,1.0983635,1.0,1.0,0.5,0.0,0.0,0.0
2021-07-10,2,2,1.0,0.99956715,1.9991343,1.0986122886681098,1.0986122886681098,1.0983237,1.0,1.0,0.0,0.0,0.0,0.0
2021-07-11,3,1,0.3333333333333333,0.34893176,1.0467952,1.3862943611198906,0.6931471805599453,0.7162753,0.3333333333333333,0.0,0.6666666666666666,0.0,0.0,0.0
2021-07-12,3,3,1.0,0.99959725,2.9987917,1.3862943611198906,1.3862943611198906,1.3859923,1.0,0.6666666666666666,1.0,0.0,0.0,0.0
2021-07-13,1,1,1.0,0.9986345,0.9986345,0.6931471805599453,0.6931471805599453,0.69246423,1.0,1.0,1.0,0.0,0.0,0.0
2021-07-15,2,2,1.0,0.99930644,1.9986129,1.0986122886681098,1.0986122886681098,1.0981498,1.0,0.0,0.5,0.0,0.0,0.0
2021-07-16,1,1,1.0,0.99966705,0.99966705,0.6931471805599453,0.6931471805599453,0.6929807,0.0,0.0,1.0,0.0,0.0,0.0
2021-07-18,2,0,0.0,0.0021727271,0.0043454543,1.0986122886681098,0.0,0.00433604,0.0,0.0,1.0,0.0,0.0,0.0
2021-07-19,4,3,0.75,0.75381964,3.0152786,1.6094379124341003,1.3862943611198906,1.3901067,0.25,0.5,1.0,0.0,0.0,0.0
2021-07-20,2,0,0.0,0.0032234963,0.0064469925,1.0986122886681098,0.0,0.0064262995,0.0,0.5,1.0,0.0,0.0,0.0
2021-07-21,1,1,1.0,0.9996263,0.9996263,0.6931471805599453,0.6931471805599453,0.6929603,1.0,1.0,1.0,0.0,0.0,0.0
2021-07-22,3,2,0.6666666666666666,0.66585207,1.9975562,1.3862943611198906,1.0986122886681098,1.0977974,0.3333333333333333,0.0,1.0,0.0,0.0,0.0
2021-07-24,1,1,1.0,0.99963033,0.99963033,0.6931471805599453,0.6931471805599453,0.69296235,0.0,1.0,1.0,0.0,0.0,0.0
2021-07-25,4,2,0.5,0.5081069,2.0324275,1.6094379124341003,1.0986122886681098,1.1093636,0.0,0.25,1.0,0.0,0.0,0.0
2021-07-27,1,1,1.0,0.9990595,0.9990595,0.6931471805599453,0.6931471805599453,0.69267684,1.0,1.0,1.0,0.0,1.0,0.0
2021-07-28,5,3,0.6,0.6306546,3.1532729,1.791759469228055,1.3862943611198906,1.4238967,0.6,0.6,0.8,0.2,0.4,0.0
2021-07-29,2,1,0.5,0.5004805,1.000961,1.0986122886681098,0.6931471805599453,0.69362754,0.5,1.0,1.0,0.0,0.0,0.0
2021-07-30,5,4,0.8,0.84232104,4.211605,1.791759469228055,1.6094379124341003,1.6508878,0.6,0.2,0.8,0.0,0.0,0.0
2021-07-31,1,0,0.0,0.001559319,0.001559319,0.6931471805599453,0.0,0.0015581045,1.0,1.0,0.0,0.0,0.0,0.0
2021-08-01,1,0,0.0,0.0025422052,0.0025422052,0.6931471805599453,0.0,0.0025389793,1.0,0.0,0.0,0.0,0.0,0.0
2021-08-02,1,0,0.0,0.0020648146,0.0020648146,0.6931471805599453,0.0,0.0020626858,0.0,0.0,1.0,0.0,0.0,0.0
2021-08-03,2,0,0.0,0.0018789173,0.0037578347,1.0986122886681098,0.0,0.0037507915,0.0,1.0,1.0,0.0,0.0,0.0
2021-08-05,2,1,0.5,0.5343138,1.0686276,1.0986122886681098,0.6931471805599453,0.7268854,0.0,0.5,1.0,0.0,0.0,0.0
2021-08-06,4,2,0.5,0.5009799,2.0039196,1.6094379124341003,1.0986122886681098,1.099918,0.0,0.5,1.0,0.0,0.0,0.0
2021-08-07,5,4,0.8,0.83688384,4.184419,1.791759469228055,1.6094379124341003,1.6456578,0.8,1.0,1.0,0.0,0.8,0.0
2021-08-08,3,2,0.6666666666666666,0.6689052,2.0067155,1.3862943611198906,1.0986122886681098,1.1008483,1.0,0.6666666666666666,0.6666666666666666,0.0,0.0,0.0
2021-08-09,4,3,0.75,0.79402435,3.1760974,1.6094379124341003,1.3862943611198906,1.4293772,0.75,0.5,0.5,0.25,0.0,0.0
2021-08-11,3,2,0.6666666666666666,0.6682315,2.0046945,1.3862943611198906,1.0986122886681098,1.1001759,0.6666666666666666,0.3333333333333333,1.0,0.0,0.0,0.0
2021-08-12,2,2,1.0,0.99035776,1.9807155,1.0986122886681098,1.0986122886681098,1.0921633,1.0,0.5,0.5,0.0,0.0,0.0
2021-08-14,2,0,0.0,0.001648342,0.003296684,1.0986122886681098,0.0,0.0032912618,0.0,0.0,1.0,0.0,0.0,0.0
2021-08-15,1,0,0.0,0.0019347987,0.0019347987,0.6931471805599453,0.0,0.0019329294,0.0,1.0,1.0,0.0,0.0,0.0
2021-08-18,1,0,0.0,0.00865471,0.00865471,0.6931471805599453,0.0,0.008617473,0.0,1.0,1.0,0.0,0.0,0.0
2021-08-20,2,1,0.5,0.50033706,1.0006741,1.0986122886681098,0.6931471805599453,0.6934842,0.5,0.5,1.0,0.0,0.0,0.0
2021-08-21,1,1,1.0,0.9912883,0.9912883,0.6931471805599453,0.6931471805599453,0.6887818,0.0,0.0,1.0,0.0,0.0,0.0
2021-08-24,1,0,0.0,0.001614584,0.001614584,0.6931471805599453,0.0,0.001613282,0.0,1.0,1.0,0.0,0.0,0.0
2021-08-25,2,0,0.0,0.0151658235,0.030331647,1.0986122886681098,0.0,0.029880738,0.5,0.5,0.5,0.5,0.0,0.0
2021-08-27,3,1,0.3333333333333333,0.33403865,1.002116,1.3862943611198906,0.6931471805599453,0.6942046,0.3333333333333333,0.6666666666666666,1.0,0.0,0.0,0.0
2021-08-29,1,0,0.0,0.007767089,0.007767089,0.6931471805599453,0.0,0.0077370806,0.0,0.0,1.0,0.0,0.0,0.0
2021-08-30,2,1,0.5,0.50019586,1.0003917,1.0986122886681098,0.6931471805599453,0.69334304,0.0,0.0,1.0,0.0,0.0,0.0
2021-08-31,3,1,0.3333333333333333,0.32721886,0.9816566,1.3862943611198906,0.6931471805599453,0.68393314,0.0,0.6666666666666666,1.0,0.0,0.0,0.0
2021-09-01,1,1,1.0,0.9576702,0.9576702,0.6931471805599453,0.6931471805599453,0.6717551,0.0,1.0,1.0,0.0,0.0,0.0
2021-09-02,2,2,1.0,0.7630955,1.526191,1.0986122886681098,1.0986122886681098,0.92671263,0.0,0.0,1.0,0.0,0.0,0.0
2021-09-03,3,1,0.3333333333333333,0.335827,1.007481,1.3862943611198906,0.6931471805599453,0.6968807,0.3333333333333333,0.0,1.0,0.0,0.0,0.0
2021-09-04,3,3,1.0,0.9995852,2.9987557,1.3862943611198906,1.3862943611198906,1.3859832,0.3333333333333333,0.3333333333333333,0.6666666666666666,0.0,0.0,0.0
2021-09-05,1,1,1.0,0.9996606,0.9996606,0.6931471805599453,0.6931471805599453,0.6929775,1.0,0.0,0.0,0.0,0.0,0.0
2021-09-06,1,0,0.0,0.0014113836,0.0014113836,0.6931471805599453,0.0,0.0014103885,0.0,0.0,1.0,0.0,0.0,0.0
2021-09-07,8,1,0.125,0.17198214,1.3758571,2.1972245773362196,0.6931471805599453,0.86535823,0.5,0.375,1.0,0.0,0.0,0.0
2021-09-08,1,0,0.0,0.0066039055,0.0066039055,0.6931471805599453,0.0,0.0065821954,1.0,0.0,0.0,0.0,0.0,0.0
2021-09-09,2,1,0.5,0.5008703,1.0017406,1.0986122886681098,0.6931471805599453,0.6940171,1.0,0.5,0.5,0.0,0.0,0.0
2021-09-10,2,0,0.0,0.0026978862,0.0053957724,1.0986122886681098,0.0,0.0053812675,0.0,0.5,1.0,0.0,0.0,0.0
2021-09-11,4,1,0.25,0.25221092,1.0088437,1.6094379124341003,0.6931471805599453,0.69755924,0.5,0.5,1.0,0.0,0.0,0.0
2021-09-12,1,1,1.0,0.99957055,0.99957055,0.6931471805599453,0.6931471805599453,0.6929324,1.0,1.0,1.0,0.0,0.0,0.0
2021-09-13,5,2,0.4,0.3495724,1.747862,1.791759469228055,1.0986122886681098,1.0108231,0.2,0.0,1.0,0.0,0.0,0.0
2021-09-14,5,4,0.8,0.7959304,3.979652,1.791759469228055,1.6094379124341003,1.60536,0.2,0.2,0.8,0.0,0.0,0.0
2021-09-15,1,0,0.0,0.24292764,0.24292764,0.6931471805599453,0.0,0.2174696,0.0,1.0,1.0,0.0,0.0,0.0
2021-09-16,7,2,0.2857142857142857,0.24463642,1.7124549,2.0794415416798357,1.0986122886681098,0.9978541,0.14285714285714285,0.5714285714285714,0.8571428571428571,0.14285714285714285,0.0,0.0
2021-09-17,1,1,1.0,0.9996245,0.9996245,0.6931471805599453,0.6931471805599453,0.6929594,1.0,1.0,0.0,1.0,0.0,0.0
2021-09-18,1,0,0.0,0.024727723,0.024727723,0.6931471805599453,0.0,0.02442694,0.0,0.0,1.0,0.0,0.0,0.0
2021-09-19,2,2,1.0,0.999609,1.999218,1.0986122886681098,1.0986122886681098,1.0983516,1.0,1.0,1.0,0.0,0.0,0.0
2021-09-20,2,2,1.0,0.9995419,1.9990838,1.0986122886681098,1.0986122886681098,1.0983069,1.0,0.5,0.0,0.0,0.0,0.0
2021-09-21,1,0,0.0,0.4432926,0.4432926,0.6931471805599453,0.0,0.36692706,1.0,1.0,0.0,0.0,0.0,0.0
2021-09-22,3,3,1.0,0.9995504,2.9986513,1.3862943611198906,1.3862943611198906,1.3859571,0.6666666666666666,1.0,0.6666666666666666,0.3333333333333333,0.0,0.0
2021-09-23,1,0,0.0,0.15080677,0.15080677,0.6931471805599453,0.0,0.14046323,0.0,0.0,1.0,0.0,0.0,0.0
2021-09-25,1,0,0.0,0.062216703,0.062216703,0.6931471805599453,0.0,0.060357954,0.0,0.0,1.0,0.0,0.0,0.0
2021-09-26,1,1,1.0,0.94234836,0.94234836,0.6931471805599453,0.6931471805599453,0.66389775,0.0,1.0,1.0,0.0,0.0,0.0
2021-09-27,4,3,0.75,0.7633726,3.0534904,1.6094379124341003,1.3862943611198906,1.3995783,1.0,0.5,0.0,0.0,0.25,0.0
2021-09-28,6,6,1.0,0.99907136,5.994428,1.9459101490553132,1.9459101490553132,1.9451139,0.8333333333333334,0.8333333333333334,0.16666666666666666,0.0,0.0,0.0
2021-09-29,6,5,0.8333333333333334,0.83290887,4.997453,1.9459101490553132,1.791759469228055,1.7913349,0.8333333333333334,0.6666666666666666,0.5,0.16666666666666666,0.16666666666666666,0.0
2021-09-30,1,1,1.0,0.99961865,0.99961865,0.6931471805599453,0.6931471805599453,0.6929565,0.0,0.0,1.0,0.0,0.0,0.0
2021-10-01,5,3,0.6,0.59996796,2.9998398,1.791759469228055,1.3862943611198906,1.3862543,0.4,0.4,0.6,0.0,0.0,0.0
2021-10-02,6,4,0.6666666666666666,0.64178276,3.8506966,1.9459101490553132,1.6094379124341003,1.5791223,0.8333333333333334,0.6666666666666666,0.5,0.16666666666666666,0.0,0.0
2021-10-03,6,5,0.8333333333333334,0.83047456,4.982847,1.9459101490553132,1.791759469228055,1.7888966,0.5,0.8333333333333334,0.8333333333333334,0.0,0.0,0.0
2021-10-04,3,0,0.0,0.14486845,0.43460536,1.3862943611198906,0.0,0.3608898,0.0,0.3333333333333333,1.0,0.0,0.0,0.0
2021-10-06,2,1,0.5,0.5455654,1.0911309,1.0986122886681098,0.6931471805599453,0.737705,1.0,1.0,0.0,0.0,0.0,0.0
2021-10-08,1,1,1.0,0.99947137,0.99947137,0.6931471805599453,0.6931471805599453,0.69288284,1.0,1.0,0.0,0.0,0.0,0.0
2021-10-09,3,1,0.3333333333333333,0.5630172,1.6890515,1.3862943611198906,0.6931471805599453,0.98918855,0.6666666666666666,1.0,0.3333333333333333,0.3333333333333333,0.0,0.0
2021-10-10,4,1,0.25,0.2531485,1.012594,1.6094379124341003,0.6931471805599453,0.69942445,0.75,1.0,0.5,0.0,0.0,0.0
2021-10-12,6,2,0.3333333333333333,0.32557133,1.9534279,1.9459101490553132,1.0986122886681098,1.0829666,0.5,0.16666666666666666,0.5,0.16666666666666666,0.0,0.0
2021-10-13,2,1,0.5,0.5046798,1.0093596,1.0986122886681098,0.6931471805599453,0.6978161,0.0,0.5,1.0,0.0,0.0,0.0
2021-10-14,2,1,0.5,0.561413,1.122826,1.0986122886681098,0.6931471805599453,0.7527482,0.5,0.5,0.5,0.0,0.5,0.0
2021-10-15,2,0,0.0,0.0017613346,0.0035226692,1.0986122886681098,0.0,0.0035164792,0.5,1.0,0.5,0.0,0.0,0.0
2021-10-16,1,1,1.0,0.9993563,0.9993563,0.6931471805599453,0.6931471805599453,0.6928253,1.0,1.0,0.0,0.0,0.0,0.0
2021-10-17,1,1,1.0,0.9996339,0.9996339,0.6931471805599453,0.6931471805599453,0.69296414,1.0,1.0,0.0,0.0,0.0,0.0
2021-10-18,4,4,1.0,0.884897,3.539588,1.6094379124341003,1.6094379124341003,1.5128362,0.0,0.0,1.0,0.0,0.0,0.0
2021-10-20,2,2,1.0,0.9992671,1.9985342,1.0986122886681098,1.0986122886681098,1.0981236,1.0,1.0,1.0,0.0,0.0,0.0
2021-10-21,1,0,0.0,0.0032901557,0.0032901557,0.6931471805599453,0.0,0.003284755,1.0,1.0,0.0,0.0,0.0,0.0
2021-10-22,3,2,0.6666666666666666,0.72413826,2.1724148,1.3862943611198906,1.0986122886681098,1.1544931,0.6666666666666666,0.6666666666666666,1.0,0.0,0.0,0.0
2021-10-23,4,3,0.75,0.6492237,2.5968947,1.6094379124341003,1.3862943611198906,1.2800709,0.5,1.0,0.75,0.0,0.0,0.0
2021-10-24,1,0,0.0,0.0041479217,0.0041479217,0.6931471805599453,0.0,0.004139343,0.0,0.0,1.0,0.0,0.0,0.0
2021-10-25,2,2,1.0,0.97135687,1.9427137,1.0986122886681098,1.0986122886681098,1.0793322,1.0,0.0,0.0,0.0,0.0,0.0
2021-10-26,2,0,0.0,0.11260658,0.22521316,1.0986122886681098,0.0,0.20311484,0.0,1.0,1.0,0.0,0.0,0.0
2021-10-27,5,4,0.8,0.8040575,4.0202875,1.791759469228055,1.6094379124341003,1.6134872,0.8,0.8,0.4,0.0,0.0,0.0
2021-10-28,7,2,0.2857142857142857,0.28827238,2.0179067,2.0794415416798357,1.0986122886681098,1.1045635,0.2857142857142857,0.7142857142857143,0.8571428571428571,0.14285714285714285,0.2857142857142857,0.0
2021-10-29,1,0,0.0,0.0058572204,0.0058572204,0.6931471805599453,0.0,0.0058401334,0.0,0.0,1.0,0.0,0.0,0.0
2021-10-30,2,2,1.0,0.99949396,1.9989879,1.0986122886681098,1.0986122886681098,1.098275,1.0,0.0,0.5,0.0,0.0,0.0
2021-10-31,2,2,1.0,0.99799997,1.9959999,1.0986122886681098,1.0986122886681098,1.0972781,1.0,0.0,0.5,0.0,0.0,0.0
2021-11-01,5,4,0.8,0.8004688,4.002344,1.791759469228055,1.6094379124341003,1.6099067,1.0,0.8,0.4,0.0,0.0,0.0
2021-11-02,3,3,1.0,0.9995837,2.9987512,1.3862943611198906,1.3862943611198906,1.3859822,1.0,0.3333333333333333,1.0,0.0,0.0,0.0
2021-11-03,4,2,0.5,0.5284463,2.1137853,1.6094379124341003,1.0986122886681098,1.1358391,0.75,0.5,0.25,0.0,0.0,0.0
2021-11-04,6,5,0.8333333333333334,0.8381588,5.0289526,1.9459101490553132,1.791759469228055,1.7965733,1.0,0.5,0.6666666666666666,0.3333333333333333,0.0,0.0
2021-11-05,2,2,1.0,0.99955606,1.9991121,1.0986122886681098,1.0986122886681098,1.0983163,1.0,0.0,0.0,0.0,0.0,0.0
2021-11-06,1,1,1.0,0.9995328,0.9995328,0.6931471805599453,0.6931471805599453,0.6929136,1.0,1.0,0.0,0.0,0.0,0.0
2021-11-07,4,3,0.75,0.75437164,3.0174866,1.6094379124341003,1.3862943611198906,1.3906565,1.0,0.75,0.0,0.25,0.0,0.0
2021-11-08,2,1,0.5,0.5018759,1.0037518,1.0986122886681098,0.6931471805599453,0.69502133,0.5,0.0,0.5,0.0,0.0,0.0
2021-11-09,2,1,0.5,0.5027212,1.0054424,1.0986122886681098,0.6931471805599453,0.6958647,0.5,1.0,0.5,0.0,0.0,0.0
2021-11-10,3,0,0.0,0.01198361,0.03595083,1.3862943611198906,0.0,0.03531968,0.0,0.3333333333333333,1.0,0.0,0.0,0.0
2021-11-11,3,3,1.0,0.99920934,2.997628,1.3862943611198906,1.3862943611198906,1.3857012,1.0,0.6666666666666666,0.0,0.0,0.0,0.0
2021-11-12,4,3,0.75,0.74907666,2.9963067,1.6094379124341003,1.3862943611198906,1.3853706,0.75,0.5,0.5,0.0,0.0,0.0
2021-11-13,2,0,0.0,0.020478668,0.040957335,1.0986122886681098,0.0,0.040140804,0.0,0.5,1.0,0.0,0.0,0.0
2021-11-14,2,1,0.5,0.50068885,1.0013777,1.0986122886681098,0.6931471805599453,0.6938358,0.0,0.0,1.0,0.0,0.0,0.0
2021-11-15,4,2,0.5,0.5005724,2.0022895,1.6094379124341003,1.0986122886681098,1.0993752,0.75,0.25,0.5,0.0,0.0,0.0
2021-11-16,5,3,0.6,0.61213374,3.0606687,1.791759469228055,1.3862943611198906,1.4013476,0.4,0.6,0.8,0.0,0.0,0.0
2021-11-17,7,5,0.7142857142857143,0.72728354,5.090985,2.0794415416798357,1.791759469228055,1.8068098,0.8571428571428571,1.0,0.2857142857142857,0.2857142857142857,0.42857142857142855,0.0
2021-11-18,3,3,1.0,0.9959429,2.9878287,1.3862943611198906,1.3862943611198906,1.3832469,1.0,0.6666666666666666,0.3333333333333333,0.3333333333333333,0.0,0.0
2021-11-19,3,3,1.0,0.9993677,2.9981031,1.3862943611198906,1.3862943611198906,1.38582,1.0,0.3333333333333333,1.0,0.0,0.0,0.0
2021-11-20,1,1,1.0,0.98976153,0.98976153,0.6931471805599453,0.6931471805599453,0.6880148,1.0,1.0,0.0,0.0,0.0,0.0
2021-11-21,1,0,0.0,0.03885638,0.03885638,0.6931471805599453,0.0,0.038120475,0.0,0.0,1.0,0.0,0.0,0.0
2021-11-22,4,3,0.75,0.7781947,3.112779,1.6094379124341003,1.3862943611198906,1.414099,1.0,0.75,0.25,0.0,0.0,0.0
2021-11-23,4,3,0.75,0.7515397,3.0061588,1.6094379124341003,1.3862943611198906,1.3878329,1.0,1.0,0.5,0.0,0.0,0.0
2021-11-24,5,5,1.0,0.9982298,4.991149,1.791759469228055,1.791759469228055,1.7902832,1.0,0.8,0.0,0.2,0.0,0.0
2021-11-26,2,2,1.0,0.9995772,1.9991544,1.0986122886681098,1.0986122886681098,1.0983304,1.0,0.5,0.5,0.5,0.0,0.0
2021-11-27,3,2,0.6666666666666666,0.6667592,2.0002775,1.3862943611198906,1.0986122886681098,1.0987048,0.6666666666666666,1.0,0.3333333333333333,0.6666666666666666,0.0,0.0
2021-11-29,3,3,1.0,0.9991552,2.9974656,1.3862943611198906,1.3862943611198906,1.3856605,1.0,1.0,0.3333333333333333,0.0,0.0,0.0
2021-11-30,3,2,0.6666666666666666,0.6752694,2.0258083,1.3862943611198906,1.0986122886681098,1.1071783,0.6666666666666666,0.6666666666666666,1.0,0.0,0.0,0.0
2021-12-01,2,2,1.0,0.8629919,1.7259839,1.0986122886681098,1.0986122886681098,1.0028294,0.5,1.0,1.0,0.0,0.0,0.0
2021-12-02,1,1,1.0,0.9995357,0.9995357,0.6931471805599453,0.6931471805599453,0.692915,1.0,1.0,0.0,0.0,0.0,0.0
2021-12-03,1,1,1.0,0.9995639,0.9995639,0.6931471805599453,0.6931471805599453,0.6929291,1.0,1.0,1.0,0.0,0.0,0.0
2021-12-04,3,1,0.3333333333333333,0.4891561,1.4674683,1.3862943611198906,0.6931471805599453,0.90319264,0.6666666666666666,0.6666666666666666,0.3333333333333333,0.0,0.3333333333333333,0.0
2021-12-05,3,3,1.0,0.99890393,2.9967117,1.3862943611198906,1.3862943611198906,1.3854719,1.0,0.6666666666666666,0.0,0.0,0.0,0.0
2021-12-06,5,4,0.8,0.8002861,4.0014305,1.791759469228055,1.6094379124341003,1.609724,0.8,0.6,0.6,0.2,0.0,0.0
2021-12-07,1,1,1.0,0.99963903,0.99963903,0.6931471805599453,0.6931471805599453,0.6929667,1.0,1.0,1.0,0.0,0.0,0.0
2021-12-09,3,0,0.0,0.0060574566,0.01817237,1.3862943611198906,0.0,0.018009227,0.3333333333333333,0.0,0.6666666666666666,0.0,0.0,0.0
2021-12-10,2,0,0.0,0.20364936,0.4072987,1.0986122886681098,0.0,0.34167203,0.5,0.0,1.0,0.0,0.0,0.0
2021-12-12,1,1,1.0,0.7614481,0.7614481,0.6931471805599453,0.6931471805599453,0.56613624,0.0,0.0,1.0,0.0,0.0,0.0
2021-12-13,2,0,0.0,0.16364606,0.3272921,1.0986122886681098,0.0,0.28314087,0.5,0.5,0.5,0.0,0.0,0.0
2021-12-14,2,2,1.0,0.99959564,1.9991913,1.0986122886681098,1.0986122886681098,1.0983427,1.0,1.0,0.5,0.0,0.0,0.0
2021-12-17,3,2,0.6666666666666666,0.66714984,2.0014496,1.3862943611198906,1.0986122886681098,1.0990953,1.0,0.3333333333333333,0.6666666666666666,0.0,0.0,0.0
2021-12-18,1,0,0.0,0.032779213,0.032779213,0.6931471805599453,0.0,0.032253433,1.0,1.0,0.0,1.0,0.0,0.0
2021-12-19,1,1,1.0,0.9289324,0.9289324,0.6931471805599453,0.6931471805599453,0.6569667,0.0,0.0,1.0,0.0,0.0,0.0
2021-12-21,1,0,0.0,0.0010598474,0.0010598474,0.6931471805599453,0.0,0.0010592862,0.0,1.0,1.0,0.0,0.0,0.0
2021-12-22,2,1,0.5,0.5005415,1.001083,1.0986122886681098,0.6931471805599453,0.6936886,1.0,1.0,1.0,0.0,0.0,0.0
2021-12-25,1,1,1.0,0.99963176,0.99963176,0.6931471805599453,0.6931471805599453,0.69296306,1.0,1.0,1.0,0.0,0.0,0.0
2021-12-28,4,3,0.75,0.7500983,3.0003932,1.6094379124341003,1.3862943611198906,1.3863926,0.5,0.5,1.0,0.0,0.25,0.0
2021-12-29,3,3,1.0,0.8789517,2.6368551,1.3862943611198906,1.3862943611198906,1.2911193,0.6666666666666666,0.3333333333333333,0.6666666666666666,0.0,0.3333333333333333,0.0
2021-12-30,2,0,0.0,0.004843969,0.009687938,1.0986122886681098,0.0,0.00964131,0.0,1.0,1.0,0.0,0.0,0.0
2021-12-31,3,1,0.3333333333333333,0.21667053,0.6500116,1.3862943611198906,0.6931471805599453,0.5007823,0.6666666666666666,1.0,0.6666666666666666,0.0,0.0,0.0
2022-01-01,4,3,0.75,0.75031805,3.0012722,1.6094379124341003,1.3862943611198906,1.3866124,0.5,1.0,1.0,0.0,0.5,0.0
2022-01-02,2,2,1.0,0.99909174,1.9981835,1.0986122886681098,1.0986122886681098,1.0980066,1.0,1.0,0.0,0.0,0.0,0.0
2022-01-03,2,0,0.0,0.032020368,0.064040735,1.0986122886681098,0.0,0.062073674,0.0,0.5,1.0,0.0,0.0,0.0
2022-01-04,4,1,0.25,0.24200468,0.9680187,1.6094379124341003,0.6931471805599453,0.6770273,0.5,0.5,0.5,0.0,0.0,0.0
2022-01-05,3,3,1.0,0.9996484,2.9989452,1.3862943611198906,1.3862943611198906,1.3860307,1.0,0.6666666666666666,0.6666666666666666,0.6666666666666666,0.0,0.0
2022-01-06,3,0,0.0,0.004743704,0.014231112,1.3862943611198906,0.0,0.0141308,0.0,0.0,1.0,0.0,0.0,0.0
2022-01-07,2,2,1.0,0.9995802,1.9991604,1.0986122886681098,1.0986122886681098,1.0983324,1.0,1.0,1.0,0.5,0.5,0.0
2022-01-08,4,2,0.5,0.48603302,1.9441321,1.6094379124341003,1.0986122886681098,1.0798141,0.5,1.0,0.5,0.0,0.0,0.0
2022-01-09,2,2,1.0,0.99953634,1.9990727,1.0986122886681098,1.0986122886681098,1.0983031,1.0,0.5,0.5,0.0,0.0,0.0
2022-01-10,1,1,1.0,0.99961543,0.99961543,0.6931471805599453,0.6931471805599453,0.6929549,1.0,0.0,1.0,0.0,0.0,0.0
2022-01-12,3,2,0.6666666666666666,0.6711089,2.0133266,1.3862943611198906,1.0986122886681098,1.1030447,0.6666666666666666,1.0,0.3333333333333333,0.0,0.3333333333333333,0.0
2022-01-13,6,4,0.6666666666666666,0.67311525,4.0386915,1.9459101490553132,1.6094379124341003,1.6171465,0.8333333333333334,1.0,0.6666666666666666,0.16666666666666666,0.16666666666666666,0.0
2022-01-14,2,2,1.0,0.85762227,1.7152445,1.0986122886681098,1.0986122886681098,0.998882,1.0,1.0,0.0,0.0,0.0,0.0
2022-01-15,1,0,0.0,0.0013628242,0.0013628242,0.6931471805599453,0.0,0.0013618964,0.0,0.0,1.0,0.0,0.0,0.0
2022-01-16,1,0,0.0,0.0016927384,0.0016927384,0.6931471805599453,0.0,0.0016913073,1.0,1.0,1.0,0.0,0.0,0.0
2022-01-17,2,2,1.0,0.999603,1.999206,1.0986122886681098,1.0986122886681098,1.0983475,1.0,0.5,1.0,0.0,0.0,0.0
2022-01-18,3,3,1.0,0.9977285,2.9931855,1.3862943611198906,1.3862943611198906,1.3845893,0.6666666666666666,0.3333333333333333,0.6666666666666666,0.0,0.3333333333333333,0.0
2022-01-20,4,3,0.75,0.73595345,2.9438138,1.6094379124341003,1.3862943611198906,1.3721483,0.75,0.75,0.25,0.5,0.0,0.0
2022-01-21,2,2,1.0,0.99961054,1.9992211,1.0986122886681098,1.0986122886681098,1.0983527,0.0,1.0,1.0,0.0,0.0,0.0
2022-01-22,5,4,0.8,0.715083,3.5754151,1.791759469228055,1.6094379124341003,1.5206975,0.0,1.0,1.0,0.0,0.0,0.0
2022-01-23,3,3,1.0,0.86794454,2.6038337,1.3862943611198906,1.3862943611198906,1.2819982,1.0,0.3333333333333333,0.6666666666666666,0.0,0.3333333333333333,0.0
2022-01-24,3,1,0.3333333333333333,0.3321021,0.9963063,1.3862943611198906,0.6931471805599453,0.6912986,0.0,0.6666666666666666,1.0,0.6666666666666666,0.0,0.0
2022-01-25,1,1,1.0,0.9994369,0.9994369,0.6931471805599453,0.6931471805599453,0.6928656,1.0,1.0,0.0,1.0,1.0,0.0
2022-01-26,2,1,0.5,0.5006297,1.0012594,1.0986122886681098,0.6931471805599453,0.6937767,1.0,0.5,1.0,0.0,0.5,0.0
2022-01-27,2,0,0.0,0.0015793683,0.0031587365,1.0986122886681098,0.0,0.0031537581,1.0,0.5,0.5,0.0,0.0,0.0
2022-01-28,6,5,0.8333333333333334,0.83288306,4.9972982,1.9459101490553132,1.791759469228055,1.7913091,0.8333333333333334,0.8333333333333334,0.6666666666666666,0.0,0.3333333333333333,0.0
2022-01-29,5,4,0.8,0.8355255,4.1776276,1.791759469228055,1.6094379124341003,1.644347,0.8,0.6,0.6,0.6,0.2,0.0
2022-01-31,2,1,0.5,0.5006459,1.0012918,1.0986122886681098,0.6931471805599453,0.6937929,0.5,0.0,1.0,0.0,0.0,0.0
2022-02-01,3,2,0.6666666666666666,0.6650703,1.9952109,1.3862943611198906,1.0986122886681098,1.0970147,0.6666666666666666,0.3333333333333333,0.6666666666666666,0.0,0.0,0.0
2022-02-02,2,2,1.0,0.999595,1.99919,1.0986122886681098,1.0986122886681098,1.0983423,1.0,1.0,1.0,0.0,0.0,0.0
2022-02-03,4,4,1.0,0.99919987,3.9967995,1.6094379124341003,1.6094379124341003,1.6087976,1.0,0.5,0.25,0.25,0.0,0.0
2022-02-04,5,3,0.6,0.59436345,2.9718173,1.791759469228055,1.3862943611198906,1.3792237,0.8,0.6,0.2,0.0,0.0,0.0
2022-02-05,4,3,0.75,0.7534221,3.0136883,1.6094379124341003,1.3862943611198906,1.3897105,0.75,0.5,0.25,0.0,0.0,0.0
2022-02-06,3,2,0.6666666666666666,0.65663785,1.9699135,1.3862943611198906,1.0986122886681098,1.0885328,0.3333333333333333,0.3333333333333333,1.0,0.0,0.0,0.0
2022-02-07,3,0,0.0,0.0020620262,0.0061860783,1.3862943611198906,0.0,0.006167023,0.6666666666666666,0.6666666666666666,0.3333333333333333,0.0,0.0,0.0
2022-02-08,6,2,0.3333333333333333,0.36965957,2.2179575,1.9459101490553132,1.0986122886681098,1.1687468,0.3333333333333333,0.5,1.0,0.0,0.0,0.0
2022-02-09,2,1,0.5,0.5104472,1.0208944,1.0986122886681098,0.6931471805599453,0.7035402,0.5,0.5,1.0,0.5,0.0,0.0
2022-02-10,1,0,0.0,0.004566792,0.004566792,0.6931471805599453,0.0,0.0045563956,1.0,1.0,0.0,0.0,0.0,0.0
2022-02-11,3,1,0.3333333333333333,0.48838377,1.4651513,1.3862943611198906,0.6931471805599453,0.9022532,0.6666666666666666,0.6666666666666666,0.6666666666666666,0.0,0.3333333333333333,0.0
2022-02-12,4,0,0.0,0.024894798,0.09957919,1.6094379124341003,0.0,0.09492755,0.5,0.5,0.75,0.0,0.0,0.0
2022-02-13,1,1,1.0,0.9995433,0.9995433,0.6931471805599453,0.6931471805599453,0.69291884,1.0,1.0,1.0,0.0,1.0,0.0
2022-02-14,1,1,1.0,0.9995559,0.9995559,0.6931471805599453,0.6931471805599453,0.6929251,1.0,0.0,1.0,0.0,0.0,0.0
2022-02-15,7,6,0.8571428571428571,0.85699403,5.998958,2.0794415416798357,1.9459101490553132,1.9457613,0.8571428571428571,0.7142857142857143,0.5714285714285714,0.42857142857142855,0.0,0.0
2022-02-16,3,3,1.0,0.9238121,2.7714362,1.3862943611198906,1.3862943611198906,1.3274559,1.0,1.0,1.0,0.6666666666666666,0.3333333333333333,0.0
2022-02-17,3,1,0.3333333333333333,0.40438187,1.2131456,1.3862943611198906,0.6931471805599453,0.7944149,0.3333333333333333,0.6666666666666666,1.0,0.0,0.3333333333333333,0.0
2022-02-18,2,2,1.0,0.9789512,1.9579024,1.0986122886681098,1.0986122886681098,1.0844804,1.0,0.0,0.0,0.0,0.0,0.0
2022-02-19,1,0,0.0,0.37145314,0.37145314,0.6931471805599453,0.0,0.31587088,1.0,1.0,0.0,0.0,0.0,0.0
2022-02-20,1,1,1.0,0.99962294,0.99962294,0.6931471805599453,0.6931471805599453,0.69295865,1.0,1.0,0.0,0.0,0.0,0.0
2022-02-21,5,4,0.8,0.8012639,4.0063195,1.791759469228055,1.6094379124341003,1.6107011,0.8,0.6,0.8,0.0,0.2,0.0
2022-02-22,4,4,1.0,0.85786635,3.4314654,1.6094379124341003,1.6094379124341003,1.4887303,0.5,0.75,1.0,0.0,0.0,0.0
2022-02-23,7,4,0.5714285714285714,0.57191485,4.003404,2.0794415416798357,1.6094379124341003,1.6101185,0.5714285714285714,0.5714285714285714,0.8571428571428571,0.0,0.0,0.0
2022-02-24,3,2,0.6666666666666666,0.6671056,2.0013168,1.3862943611198906,1.0986122886681098,1.0990511,0.6666666666666666,0.6666666666666666,1.0,0.0,0.0,0.0
2022-02-25,2,2,1.0,0.9985752,1.9971504,1.0986122886681098,1.0986122886681098,1.097662,0.5,0.5,0.5,0.0,0.0,0.0
2022-02-26,1,0,0.0,0.0022831396,0.0022831396,0.6931471805599453,0.0,0.0022805373,0.0,1.0,1.0,0.0,0.0,0.0
2022-02-27,2,2,1.0,0.8729075,1.745815,1.0986122886681098,1.0986122886681098,1.010078,0.0,0.5,1.0,0.0,0.0,0.0
2022-02-28,2,0,0.0,0.0013382144,0.0026764288,1.0986122886681098,0.0,0.0026728534,0.5,0.0,1.0,0.0,0.0,0.0
2022-03-01,1,1,1.0,0.99890995,0.99890995,0.6931471805599453,0.6931471805599453,0.69260204,1.0,0.0,0.0,0.0,0.0,0.0
2022-03-02,3,3,1.0,0.9925402,2.9776206,1.3862943611198906,1.3862943611198906,1.3806838,1.0,0.0,0.0,0.0,0.0,0.0
2022-03-03,2,2,1.0,0.99955213,1.9991043,1.0986122886681098,1.0986122886681098,1.0983137,1.0,0.5,0.5,0.0,0.0,0.0
2022-03-04,4,2,0.5,0.5071111,2.0284443,1.6094379124341003,1.0986122886681098,1.108049,0.5,0.75,1.0,0.25,0.5,0.0
2022-03-05,1,1,1.0,0.9994966,0.9994966,0.6931471805599453,0.6931471805599453,0.6928954,1.0,1.0,0.0,1.0,1.0,0.0
2022-03-06,3,2,0.6666666666666666,0.5168337,1.5505011,1.3862943611198906,1.0986122886681098,0.93628985,0.3333333333333333,0.6666666666666666,1.0,0.3333333333333333,0.3333333333333333,0.0
2022-03-07,2,0,0.0,0.011213795,0.02242759,1.0986122886681098,0.0,0.02217979,1.0,1.0,0.0,0.0,0.0,0.0
2022-03-08,3,1,0.3333333333333333,0.3334861,1.0004584,1.3862943611198906,0.6931471805599453,0.69337636,0.3333333333333333,0.3333333333333333,0.6666666666666666,0.0,0.0,0.0
2022-03-09,3,1,0.3333333333333333,0.33982325,1.0194697,1.3862943611198906,0.6931471805599453,0.70283496,0.3333333333333333,0.0,0.6666666666666666,0.0,0.0,0.0
2022-03-10,2,2,1.0,0.9992883,1.9985766,1.0986122886681098,1.0986122886681098,1.0981377,0.5,0.5,0.5,0.5,0.0,0.0
2022-03-11,5,3,0.6,0.59798956,2.9899478,1.791759469228055,1.3862943611198906,1.3837781,0.6,0.4,0.8,0.0,0.4,0.0
2022-03-12,2,0,0.0,0.0026998795,0.005399759,1.0986122886681098,0.0,0.0053852326,0.0,0.0,1.0,0.0,0.0,0.0
2022-03-13,4,3,0.75,0.7570583,3.0282333,1.6094379124341003,1.3862943611198906,1.393328,1.0,0.75,0.5,0.25,0.25,0.0
2022-03-14,2,1,0.5,0.7126968,1.4253936,1.0986122886681098,0.6931471805599453,0.88599384,1.0,0.5,0.5,0.0,0.0,0.0
2022-03-15,1,1,1.0,0.998487,0.998487,0.6931471805599453,0.6931471805599453,0.6923904,1.0,0.0,1.0,0.0,0.0,0.0
2022-03-16,6,5,0.8333333333333334,0.83226395,4.9935837,1.9459101490553132,1.791759469228055,1.7906895,0.6666666666666666,0.3333333333333333,0.3333333333333333,0.0,0.0,0.0
2022-03-17,1,1,1.0,0.9996101,0.9996101,0.6931471805599453,0.6931471805599453,0.6929522,1.0,1.0,1.0,0.0,0.0,0.0
2022-03-18,5,4,0.8,0.80781925,4.0390964,1.791759469228055,1.6094379124341003,1.6172268,1.0,0.6,0.4,0.0,0.0,0.0
2022-03-19,2,2,1.0,0.99954665,1.9990933,1.0986122886681098,1.0986122886681098,1.09831,0.5,0.5,1.0,0.0,0.0,0.0
2022-03-20,2,1,0.5,0.5004264,1.0008528,1.0986122886681098,0.6931471805599453,0.6935735,0.5,0.5,1.0,0.0,0.0,0.0
2022-03-22,3,2,0.6666666666666666,0.66684896,2.000547,1.3862943611198906,1.0986122886681098,1.0987946,0.6666666666666666,0.3333333333333333,0.6666666666666666,0.0,0.3333333333333333,0.0
2022-03-23,3,3,1.0,0.9857492,2.9572475,1.3862943611198906,1.3862943611198906,1.3755487,0.6666666666666666,1.0,0.3333333333333333,0.0,0.0,0.0
2022-03-24,3,1,0.3333333333333333,0.33665058,1.0099517,1.3862943611198906,0.6931471805599453,0.6981107,0.3333333333333333,0.6666666666666666,0.6666666666666666,0.0,0.0,0.0
2022-03-25,4,3,0.75,0.75522536,3.0209014,1.6094379124341003,1.3862943611198906,1.3915061,1.0,0.75,0.75,0.25,0.0,0.0
2022-03-27,4,4,1.0,0.99947834,3.9979134,1.6094379124341003,1.6094379124341003,1.6090205,0.75,0.75,1.0,0.25,0.25,0.0
2022-03-28,5,3,0.6,0.6774629,3.3873143,1.791759469228055,1.3862943611198906,1.4787173,0.6,0.8,0.4,0.2,0.2,0.0
2022-03-29,4,4,1.0,0.96891356,3.8756542,1.6094379124341003,1.6094379124341003,1.5842543,0.5,0.5,0.75,0.0,0.0,0.0
2022-03-30,4,2,0.5,0.55844665,2.2337866,1.6094379124341003,1.0986122886681098,1.1736537,0.5,0.5,0.75,0.0,0.0,0.0
2022-03-31,3,0,0.0,0.0043467763,0.013040328,1.3862943611198906,0.0,0.012956035,0.0,1.0,1.0,0.0,0.6666666666666666,0.0
2022-04-01,1,1,1.0,0.9995895,0.9995895,0.6931471805599453,0.6931471805599453,0.6929419,1.0,0.0,1.0,0.0,0.0,0.0
2022-04-02,7,7,1.0,0.99957097,6.996997,2.0794415416798357,2.0794415416798357,2.079066,1.0,0.8571428571428571,0.5714285714285714,0.2857142857142857,0.14285714285714285,0.0
2022-04-03,4,2,0.5,0.50117534,2.0047014,1.6094379124341003,1.0986122886681098,1.1001782,0.75,1.0,1.0,0.25,0.25,0.0
2022-04-04,4,1,0.25,0.2622336,1.0489343,1.6094379124341003,0.6931471805599453,0.71731985,0.75,0.5,0.5,0.0,0.0,0.0
2022-04-05,1,0,0.0,0.010324273,0.010324273,0.6931471805599453,0.0,0.010271342,0.0,1.0,1.0,0.0,0.0,0.0
2022-04-06,4,3,0.75,0.7572391,3.0289564,1.6094379124341003,1.3862943611198906,1.3935074,0.75,0.75,0.75,0.75,0.5,0.0
2022-04-07,3,3,1.0,0.9994748,2.9984245,1.3862943611198906,1.3862943611198906,1.3859004,1.0,0.6666666666666666,0.3333333333333333,0.0,0.0,0.0
2022-04-08,2,1,0.5,0.5004986,1.0009972,1.0986122886681098,0.6931471805599453,0.69364566,0.5,0.5,1.0,0.0,0.0,0.0
2022-04-09,3,3,1.0,0.99937135,2.998114,1.3862943611198906,1.3862943611198906,1.3858228,1.0,0.6666666666666666,0.3333333333333333,0.0,0.0,0.0
2022-04-10,3,2,0.6666666666666666,0.66995925,2.0098777,1.3862943611198906,1.0986122886681098,1.1018994,0.6666666666666666,0.6666666666666666,1.0,0.3333333333333333,0.3333333333333333,0.0
2022-04-11,4,2,0.5,0.5120889,2.0483556,1.6094379124341003,1.0986122886681098,1.1146023,0.5,0.75,0.75,0.25,0.25,0.0
2022-04-12,2,1,0.5,0.5016718,1.0033436,1.0986122886681098,0.6931471805599453,0.6948176,0.5,0.5,1.0,0.5,0.5,0.0
2022-04-13,1,0,0.0,0.0017827011,0.0017827011,0.6931471805599453,0.0,0.001781114,0.0,0.0,1.0,0.0,0.0,0.0
2022-04-14,2,0,0.0,0.002586629,0.005173258,1.0986122886681098,0.0,0.005159923,0.0,0.0,1.0,0.0,0.0,0.0
2022-04-15,2,1,0.5,0.3394292,0.6788584,1.0986122886681098,0.6931471805599453,0.51811403,0.5,1.0,0.5,0.0,0.0,0.0
2022-04-16,4,1,0.25,0.25371712,1.0148685,1.6094379124341003,0.6931471805599453,0.70055395,0.25,0.5,0.75,0.0,0.0,0.0
2022-04-17,4,1,0.25,0.24862245,0.9944898,1.6094379124341003,0.6931471805599453,0.69038826,0.0,0.0,1.0,0.0,0.0,0.0
2022-04-18,1,0,0.0,0.0013898978,0.0013898978,0.6931471805599453,0.0,0.0013889328,0.0,0.0,1.0,0.0,0.0,0.0
2022-04-19,2,2,1.0,0.99946684,1.9989337,1.0986122886681098,1.0986122886681098,1.0982568,1.0,0.5,0.5,0.0,0.0,0.0
2022-04-21,1,1,1.0,0.9995883,0.9995883,0.6931471805599453,0.6931471805599453,0.6929413,1.0,0.0,1.0,0.0,0.0,0.0
2022-04-22,4,3,0.75,0.8566964,3.4267857,1.6094379124341003,1.3862943611198906,1.4876738,0.75,0.0,0.25,0.0,0.0,0.0
2022-04-24,2,1,0.5,0.50824934,1.0164987,1.0986122886681098,0.6931471805599453,0.70136267,0.5,0.5,1.0,0.0,0.0,0.0
2022-04-25,5,4,0.8,0.79971945,3.9985971,1.791759469228055,1.6094379124341003,1.6091573,0.8,1.0,0.6,0.4,0.4,0.0
2022-04-27,2,2,1.0,0.9993261,1.9986522,1.0986122886681098,1.0986122886681098,1.0981629,1.0,0.5,0.5,0.0,0.0,0.0
2022-04-28,7,4,0.5714285714285714,0.6496387,4.547471,2.0794415416798357,1.6094379124341003,1.7133422,0.42857142857142855,0.5714285714285714,0.5714285714285714,0.0,0.0,0.0
2022-04-29,5,3,0.6,0.64621323,3.2310662,1.791759469228055,1.3862943611198906,1.442454,1.0,0.8,0.0,0.0,0.0,0.0
2022-04-30,3,2,0.6666666666666666,0.6493655,1.9480964,1.3862943611198906,1.0986122886681098,1.0811597,1.0,0.6666666666666666,0.0,0.0,0.0,0.0
2022-05-02,6,1,0.16666666666666666,0.22030123,1.3218074,1.9459101490553132,0.6931471805599453,0.84234595,0.5,0.6666666666666666,0.6666666666666666,0.16666666666666666,0.0,0.0
2022-05-03,1,0,0.0,0.0051144566,0.0051144566,0.6931471805599453,0.0,0.0051014223,0.0,0.0,1.0,0.0,0.0,0.0
2022-05-05,3,2,0.6666666666666666,0.6682573,2.004772,1.3862943611198906,1.0986122886681098,1.1002017,0.6666666666666666,1.0,0.6666666666666666,0.0,0.0,0.0
2022-05-06,2,2,1.0,0.92110056,1.8422011,1.0986122886681098,1.0986122886681098,1.0445788,0.5,0.5,1.0,0.0,0.0,0.0
2022-05-07,2,0,0.0,0.0013062616,0.0026125233,1.0986122886681098,0.0,0.0026091165,0.0,0.5,1.0,0.0,0.0,0.0
2022-05-09,3,3,1.0,0.9995825,2.9987476,1.3862943611198906,1.3862943611198906,1.3859812,1.0,0.6666666666666666,0.0,0.0,0.0,0.0
2022-05-10,3,2,0.6666666666666666,0.66398937,1.991968,1.3862943611198906,1.0986122886681098,1.0959314,1.0,0.6666666666666666,0.3333333333333333,0.0,0.0,0.0
2022-05-11,2,1,0.5,0.5005671,1.0011342,1.0986122886681098,0.6931471805599453,0.6937141,0.5,0.0,1.0,0.0,0.0,0.0
2022-05-12,3,3,1.0,0.96515894,2.8954768,1.3862943611198906,1.3862943611198906,1.3598161,0.6666666666666666,0.6666666666666666,0.6666666666666666,0.0,0.0,0.0
2022-05-13,5,4,0.8,0.79914254,3.9957128,1.791759469228055,1.6094379124341003,1.6085801,0.4,0.4,0.8,0.0,0.0,0.0
2022-05-14,2,1,0.5,0.501999,1.003998,1.0986122886681098,0.6931471805599453,0.69514424,0.5,0.5,0.5,0.0,0.0,0.0
2022-05-17,4,3,0.75,0.7498218,2.9992871,1.6094379124341003,1.3862943611198906,1.3861161,0.75,0.75,0.25,0.0,0.0,0.0
2022-05-18,3,3,1.0,0.99945694,2.998371,1.3862943611198906,1.3862943611198906,1.385887,1.0,0.6666666666666666,0.3333333333333333,0.0,0.3333333333333333,0.0
2022-05-19,1,1,1.0,0.9991499,0.9991499,0.6931471805599453,0.6931471805599453,0.692722,1.0,1.0,0.0,0.0,0.0,0.0
2022-05-20,2,2,1.0,0.9994621,1.9989243,1.0986122886681098,1.0986122886681098,1.0982537,0.5,0.5,0.5,0.0,0.0,0.0
2022-05-21,1,1,1.0,0.9996438,0.9996438,0.6931471805599453,0.6931471805599453,0.6929691,0.0,0.0,1.0,0.0,0.0,0.0
2022-05-22,2,2,1.0,0.9989431,1.9978862,1.0986122886681098,1.0986122886681098,1.0979074,1.0,0.5,0.5,0.0,0.5,0.0
2022-05-23,1,1,1.0,0.9996314,0.9996314,0.6931471805599453,0.6931471805599453,0.6929629,1.0,1.0,0.0,1.0,0.0,0.0
2022-05-25,1,1,1.0,0.9987913,0.9987913,0.6931471805599453,0.6931471805599453,0.6925426,1.0,0.0,0.0,0.0,0.0,0.0
2022-05-26,3,3,1.0,0.99926907,2.9978073,1.3862943611198906,1.3862943611198906,1.385746,1.0,1.0,0.6666666666666666,0.3333333333333333,0.0,0.0
2022-05-27,3,2,0.6666666666666666,0.67245644,2.0173693,1.3862943611198906,1.0986122886681098,1.1043854,0.6666666666666666,1.0,0.3333333333333333,0.3333333333333333,0.0,0.0
2022-05-28,2,2,1.0,0.99957335,1.9991467,1.0986122886681098,1.0986122886681098,1.0983279,1.0,0.5,0.5,0.0,0.0,0.0
2022-05-29,2,2,1.0,0.9995265,1.999053,1.0986122886681098,1.0986122886681098,1.0982966,1.0,1.0,0.5,0.0,0.0,0.0
2022-05-30,1,1,1.0,0.99617696,0.99617696,0.6931471805599453,0.6931471805599453,0.6912338,1.0,1.0,0.0,0.0,0.0,0.0
2022-05-31,5,2,0.4,0.3989033,1.9945166,1.791759469228055,1.0986122886681098,1.0967828,0.2,0.2,1.0,0.0,0.0,0.0
2022-06-02,2,1,0.5,0.50575024,1.0115005,1.0986122886681098,0.6931471805599453,0.698881,0.5,0.5,1.0,0.0,0.0,0.0
2022-06-03,1,1,1.0,0.99959844,0.99959844,0.6931471805599453,0.6931471805599453,0.6929464,1.0,0.0,0.0,0.0,0.0,0.0
2022-06-04,6,2,0.3333333333333333,0.3382844,2.0297065,1.9459101490553132,1.0986122886681098,1.1084658,0.16666666666666666,0.6666666666666666,0.8333333333333334,0.16666666666666666,0.5,0.0
2022-06-05,1,1,1.0,0.99317944,0.99317944,0.6931471805599453,0.6931471805599453,0.68973106,0.0,1.0,1.0,0.0,0.0,0.0
2022-06-06,3,2,0.6666666666666666,0.6666684,2.0000052,1.3862943611198906,1.0986122886681098,1.0986141,1.0,1.0,1.0,1.0,0.0,0.0
2022-06-07,1,1,1.0,0.9996159,0.9996159,0.6931471805599453,0.6931471805599453,0.69295514,1.0,1.0,1.0,1.0,0.0,0.0
2022-06-10,3,3,1.0,0.8462517,2.5387552,1.3862943611198906,1.3862943611198906,1.263775,0.6666666666666666,0.6666666666666666,0.6666666666666666,0.0,0.3333333333333333,0.0
2022-06-11,1,0,0.0,0.0019059505,0.0019059505,0.6931471805599453,0.0,0.0019041365,0.0,1.0,1.0,0.0,0.0,0.0
2022-06-12,1,1,1.0,0.76988804,0.76988804,0.6931471805599453,0.6931471805599453,0.5709163,0.0,1.0,1.0,0.0,0.0,0.0
2022-06-13,3,3,1.0,0.9994574,2.9983723,1.3862943611198906,1.3862943611198906,1.3858874,1.0,0.3333333333333333,0.3333333333333333,0.0,0.0,0.0
2022-06-14,1,0,0.0,0.005865255,0.005865255,0.6931471805599453,0.0,0.0058481214,1.0,1.0,1.0,0.0,1.0,0.0
2022-06-18,4,1,0.25,0.3666424,1.4665695,1.6094379124341003,0.6931471805599453,0.90282834,0.25,0.25,1.0,0.0,0.0,0.0
2022-06-19,2,2,1.0,0.9996453,1.9992906,1.0986122886681098,1.0986122886681098,1.0983758,0.0,0.5,1.0,0.0,0.0,0.0
2022-06-20,1,1,1.0,0.9996147,0.9996147,0.6931471805599453,0.6931471805599453,0.69295454,1.0,1.0,1.0,0.0,0.0,0.0
2022-06-21,1,1,1.0,0.997512,0.997512,0.6931471805599453,0.6931471805599453,0.6919024,0.0,0.0,1.0,0.0,0.0,0.0
2022-06-22,2,1,0.5,0.4988412,0.9976824,1.0986122886681098,0.6931471805599453,0.6919877,0.0,0.0,1.0,0.0,0.0,0.0
2022-06-24,2,0,0.0,0.026835717,0.053671435,1.0986122886681098,0.0,0.05228067,0.0,1.0,1.0,0.5,0.0,0.0
2022-06-25,1,0,0.0,0.0019828877,0.0019828877,0.6931471805599453,0.0,0.0019809245,0.0,0.0,1.0,0.0,0.0,0.0
2022-06-27,3,2,0.6666666666666666,0.6685874,2.005762,1.3862943611198906,1.0986122886681098,1.1005311,1.0,0.6666666666666666,0.6666666666666666,0.0,0.0,0.0
2022-06-28,1,1,1.0,0.99960905,0.99960905,0.6931471805599453,0.6931471805599453,0.6929517,1.0,1.0,1.0,0.0,0.0,0.0
2022-06-29,2,1,0.5,0.5004668,1.0009336,1.0986122886681098,0.6931471805599453,0.6936139,0.0,0.0,1.0,0.0,0.0,0.0
2022-07-01,2,1,0.5,0.50102997,1.0020599,1.0986122886681098,0.6931471805599453,0.6941766,1.0,1.0,0.5,0.0,0.0,0.0
2022-07-03,1,0,0.0,0.07390755,0.07390755,0.6931471805599453,0.0,0.07130391,0.0,0.0,1.0,0.0,0.0,0.0
2022-07-04,2,2,1.0,0.99722934,1.9944587,1.0986122886681098,1.0986122886681098,1.0967635,0.0,0.5,1.0,0.0,0.0,0.0
2022-07-05,1,0,0.0,0.001648782,0.001648782,0.6931471805599453,0.0,0.0016474243,0.0,0.0,1.0,0.0,0.0,0.0
2022-07-06,1,1,1.0,0.92534816,0.92534816,0.6931471805599453,0.6931471805599453,0.65510684,0.0,0.0,1.0,0.0,0.0,0.0
2022-07-07,2,0,0.0,0.006482269,0.012964538,1.0986122886681098,0.0,0.012881218,0.0,0.0,1.0,0.0,0.0,0.0
2022-07-09,1,1,1.0,0.99968755,0.99968755,0.6931471805599453,0.6931471805599453,0.69299096,1.0,1.0,1.0,0.0,0.0,0.0
2022-07-10,1,1,1.0,0.9993795,0.9993795,0.6931471805599453,0.6931471805599453,0.6928369,1.0,1.0,0.0,0.0,1.0,0.0
2022-07-11,2,1,0.5,0.50108826,1.0021765,1.0986122886681098,0.6931471805599453,0.69423485,0.5,0.0,1.0,0.5,0.0,0.0
2022-07-12,1,1,1.0,0.9995908,0.9995908,0.6931471805599453,0.6931471805599453,0.69294256,1.0,1.0,0.0,1.0,1.0,0.0
2022-07-13,2,2,1.0,0.9996163,1.9992326,1.0986122886681098,1.0986122886681098,1.0983565,1.0,1.0,1.0,0.0,0.0,0.0
2022-07-14,3,1,0.3333333333333333,0.28672242,0.86016726,1.3862943611198906,0.6931471805599453,0.6206664,0.0,0.6666666666666666,1.0,0.3333333333333333,0.0,0.0
2022-07-15,1,0,0.0,0.044811647,0.044811647,0.6931471805599453,0.0,0.043836627,0.0,1.0,1.0,1.0,0.0,0.0
2022-07-16,1,1,1.0,0.99960905,0.99960905,0.6931471805599453,0.6931471805599453,0.6929517,1.0,1.0,1.0,1.0,0.0,0.0
2022-07-17,1,1,1.0,0.9991611,0.9991611,0.6931471805599453,0.6931471805599453,0.6927277,0.0,0.0,1.0,0.0,0.0,0.0
2022-07-18,2,2,1.0,0.9985162,1.9970324,1.0986122886681098,1.0986122886681098,1.0976226,0.5,1.0,1.0,0.0,0.0,0.0
2022-07-19,3,3,1.0,0.99941087,2.9982326,1.3862943611198906,1.3862943611198906,1.3858525,1.0,0.6666666666666666,1.0,0.3333333333333333,0.0,0.0
2022-07-20,3,2,0.6666666666666666,0.6662028,1.9986084,1.3862943611198906,1.0986122886681098,1.0981483,0.3333333333333333,0.3333333333333333,1.0,0.3333333333333333,0.0,0.0
2022-07-21,2,1,0.5,0.53853345,1.0770669,1.0986122886681098,0.6931471805599453,0.73095673,0.5,1.0,1.0,0.5,0.0,0.0
2022-07-22,1,1,1.0,0.9995492,0.9995492,0.6931471805599453,0.6931471805599453,0.69292176,1.0,1.0,1.0,1.0,1.0,0.0
2022-07-23,2,1,0.5,0.49691895,0.9938379,1.0986122886681098,0.6931471805599453,0.6900614,0.0,0.5,1.0,0.0,0.0,0.0
2022-07-24,4,1,0.25,0.3322695,1.329078,1.6094379124341003,0.6931471805599453,0.84547246,0.0,0.75,1.0,0.0,0.0,0.0
2022-07-26,3,3,1.0,0.9702613,2.9107838,1.3862943611198906,1.3862943611198906,1.3637378,0.0,0.3333333333333333,1.0,0.0,0.0,0.0
2022-07-27,2,0,0.0,0.0020589198,0.0041178395,1.0986122886681098,0.0,0.0041093845,1.0,0.0,1.0,0.0,0.0,0.0
2022-07-30,1,1,1.0,0.9588065,0.9588065,0.6931471805599453,0.6931471805599453,0.6723354,0.0,0.0,1.0,0.0,0.0,0.0
2022-07-31,1,1,1.0,0.998774,0.998774,0.6931471805599453,0.6931471805599453,0.69253397,1.0,0.0,1.0,0.0,0.0,0.0
2022-08-01,3,0,0.0,0.193621,0.580863,1.3862943611198906,0.0,0.45797092,0.0,0.0,1.0,0.0,0.0,0.0
2022-08-02,3,1,0.3333333333333333,0.33394244,1.0018274,1.3862943611198906,0.6931471805599453,0.69406044,0.3333333333333333,0.6666666666666666,1.0,0.0,0.0,0.0
2022-08-03,1,0,0.0,0.0013283911,0.0013283911,0.6931471805599453,0.0,0.0013275096,0.0,1.0,1.0,0.0,0.0,0.0
2022-08-04,3,1,0.3333333333333333,0.3339229,1.0017687,1.3862943611198906,0.6931471805599453,0.6940311,0.6666666666666666,0.6666666666666666,0.6666666666666666,0.0,0.0,0.0
2022-08-06,1,1,1.0,0.99496883,0.99496883,0.6931471805599453,0.6931471805599453,0.6906284,0.0,0.0,1.0,0.0,0.0,0.0
2022-08-07,1,1,1.0,0.9980349,0.9980349,0.6931471805599453,0.6931471805599453,0.6921641,0.0,1.0,1.0,0.0,0.0,0.0
2022-08-08,3,2,0.6666666666666666,0.6669157,2.0007472,1.3862943611198906,1.0986122886681098,1.0988613,0.6666666666666666,0.0,1.0,0.0,0.0,0.0
2022-08-09,1,1,1.0,0.99936944,0.99936944,0.6931471805599453,0.6931471805599453,0.6928319,1.0,0.0,1.0,0.0,0.0,0.0
2022-08-10,2,1,0.5,0.49865815,0.9973163,1.0986122886681098,0.6931471805599453,0.6918044,0.0,0.0,1.0,0.0,0.0,0.0
2022-08-11,1,0,0.0,0.0014980579,0.0014980579,0.6931471805599453,0.0,0.0014969369,0.0,0.0,1.0,0.0,0.0,0.0
2022-08-15,2,2,1.0,0.9995134,1.9990268,1.0986122886681098,1.0986122886681098,1.0982878,1.0,0.0,1.0,0.0,0.0,0.0
2022-08-18,2,0,0.0,0.02668488,0.05336976,1.0986122886681098,0.0,0.05199432,0.0,0.0,1.0,0.0,0.0,0.0
2022-08-19,1,1,1.0,0.9992112,0.9992112,0.6931471805599453,0.6931471805599453,0.6927527,1.0,0.0,0.0,0.0,0.0,0.0
2022-08-20,2,1,0.5,0.46101594,0.9220319,1.0986122886681098,0.6931471805599453,0.6533829,0.0,0.5,1.0,0.0,0.0,0.0
2022-08-21,2,1,0.5,0.4986658,0.9973316,1.0986122886681098,0.6931471805599453,0.6918121,0.0,0.5,1.0,0.0,0.0,0.0
2022-08-23,2,1,0.5,0.56559736,1.1311947,1.0986122886681098,0.6931471805599453,0.75668275,0.5,0.5,0.5,0.0,0.0,0.0
2022-08-24,3,2,0.6666666666666666,0.7791295,2.3373885,1.3862943611198906,1.0986122886681098,1.2051886,0.3333333333333333,0.0,0.6666666666666666,0.0,0.0,0.0
2022-08-25,2,0,0.0,0.0020350004,0.0040700007,1.0986122886681098,0.0,0.004061741,0.5,0.0,1.0,0.0,0.0,0.0
2022-08-27,1,1,1.0,0.9875196,0.9875196,0.6931471805599453,0.6931471805599453,0.68688744,0.0,1.0,1.0,0.0,0.0,0.0
2022-08-28,3,1,0.3333333333333333,0.18584889,0.5575467,1.3862943611198906,0.6931471805599453,0.44311196,0.0,0.0,1.0,0.0,0.0,0.0
2022-08-29,2,2,1.0,0.9973005,1.994601,1.0986122886681098,1.0986122886681098,1.096811,0.0,0.5,1.0,0.0,0.0,0.0
2022-08-30,3,2,0.6666666666666666,0.6674156,2.0022469,1.3862943611198906,1.0986122886681098,1.099361,0.0,0.3333333333333333,1.0,0.0,0.0,0.0
2022-08-31,1,0,0.0,0.0012241715,0.0012241715,0.6931471805599453,0.0,0.0012234228,0.0,0.0,1.0,0.0,0.0,0.0
2022-09-01,5,5,1.0,0.99785346,4.9892673,1.791759469228055,1.791759469228055,1.7899691,1.0,0.6,0.6,0.0,0.0,0.0
2022-09-02,4,4,1.0,0.999616,3.998464,1.6094379124341003,1.6094379124341003,1.6091307,0.75,0.5,0.75,0.25,0.0,0.0
2022-09-03,1,1,1.0,0.9996619,0.9996619,0.6931471805599453,0.6931471805599453,0.69297814,1.0,1.0,1.0,0.0,0.0,0.0
2022-09-05,4,4,1.0,0.99433637,3.9773455,1.6094379124341003,1.6094379124341003,1.6048968,1.0,1.0,1.0,0.25,0.0,0.0
2022-09-06,5,4,0.8,0.7997657,3.9988286,1.791759469228055,1.6094379124341003,1.6092036,0.6,0.4,1.0,0.4,0.0,0.0
2022-09-07,1,0,0.0,0.0020506612,0.0020506612,0.6931471805599453,0.0,0.0020485616,0.0,0.0,1.0,0.0,0.0,0.0
2022-09-08,5,4,0.8,0.79256856,3.9628427,1.791759469228055,1.6094379124341003,1.6019788,0.4,0.2,0.8,0.0,0.0,0.0
2022-09-09,3,2,0.6666666666666666,0.6729631,2.0188892,1.3862943611198906,1.0986122886681098,1.1048889,0.3333333333333333,0.3333333333333333,0.6666666666666666,0.0,0.0,0.0
2022-09-11,2,2,1.0,0.9890914,1.9781828,1.0986122886681098,1.0986122886681098,1.0913134,1.0,1.0,1.0,0.0,0.0,0.0
2022-09-12,3,2,0.6666666666666666,0.66666055,1.9999816,1.3862943611198906,1.0986122886681098,1.0986061,0.6666666666666666,0.3333333333333333,0.3333333333333333,0.0,0.3333333333333333,0.0
2022-09-14,1,0,0.0,0.30345196,0.30345196,0.6931471805599453,0.0,0.26501608,0.0,0.0,1.0,0.0,0.0,0.0
2022-09-15,1,0,0.0,0.04837377,0.04837377,0.6931471805599453,0.0,0.04724017,0.0,0.0,1.0,0.0,0.0,0.0
2022-09-17,2,1,0.5,0.5015345,1.003069,1.0986122886681098,0.6931471805599453,0.6946805,0.5,0.5,0.5,0.0,0.0,0.0
2022-09-18,3,2,0.6666666666666666,0.65651554,1.9695466,1.3862943611198906,1.0986122886681098,1.0884093,0.3333333333333333,0.0,1.0,0.0,0.0,0.0
2022-09-19,2,2,1.0,0.61619043,1.2323809,1.0986122886681098,1.0986122886681098,0.80306864,0.0,0.5,1.0,0.0,0.0,0.0
2022-09-20,2,1,0.5,0.5176589,1.0353178,1.0986122886681098,0.6931471805599453,0.710652,1.0,1.0,0.0,0.0,0.0,0.0
2022-09-21,2,1,0.5,0.5003621,1.0007242,1.0986122886681098,0.6931471805599453,0.6935092,0.5,0.5,0.5,0.0,0.0,0.0
2022-09-22,1,1,1.0,0.99916565,0.99916565,0.6931471805599453,0.6931471805599453,0.69272995,0.0,0.0,1.0,0.0,0.0,0.0
2022-09-23,4,2,0.5,0.47638506,1.9055402,1.6094379124341003,1.0986122886681098,1.0666194,0.5,0.5,0.5,0.0,0.0,0.0
2022-09-24,3,2,0.6666666666666666,0.6665451,1.9996352,1.3862943611198906,1.0986122886681098,1.0984907,0.0,0.3333333333333333,1.0,0.0,0.0,0.0
2022-09-25,2,0,0.0,0.036557157,0.07311431,1.0986122886681098,0.0,0.07056499,0.0,1.0,1.0,0.0,0.0,0.0
2022-09-26,6,4,0.6666666666666666,0.6163465,3.6980789,1.9459101490553132,1.6094379124341003,1.5471537,0.3333333333333333,0.3333333333333333,1.0,0.0,0.3333333333333333,0.0
2022-09-27,5,2,0.4,0.40208226,2.0104113,1.791759469228055,1.0986122886681098,1.1020768,0.2,0.2,0.8,0.2,0.0,0.0
2022-09-28,3,3,1.0,0.9719091,2.9157274,1.3862943611198906,1.3862943611198906,1.3650011,0.0,0.3333333333333333,1.0,0.0,0.0,0.0
2022-09-29,2,0,0.0,0.0018579515,0.003715903,1.0986122886681098,0.0,0.0037090161,0.0,0.0,1.0,0.0,0.0,0.0
2022-09-30,4,2,0.5,0.44211787,1.7684715,1.6094379124341003,1.0986122886681098,1.0182953,0.0,0.5,1.0,0.0,0.5,0.0
2022-10-01,4,1,0.25,0.24232955,0.9693182,1.6094379124341003,0.6931471805599453,0.6776874,0.0,0.5,1.0,0.0,0.5,0.0
2022-10-02,1,1,1.0,0.99254966,0.99254966,0.6931471805599453,0.6931471805599453,0.68941504,0.0,0.0,1.0,0.0,0.0,0.0
2022-10-03,2,2,1.0,0.98367745,1.9673549,1.0986122886681098,1.0986122886681098,1.0876709,0.0,0.5,1.0,0.0,0.0,0.0
2022-10-05,3,1,0.3333333333333333,0.38390288,1.1517086,1.3862943611198906,0.6931471805599453,0.76626223,1.0,0.6666666666666666,0.3333333333333333,0.0,0.3333333333333333,0.0
2022-10-06,2,0,0.0,0.06307216,0.12614432,1.0986122886681098,0.0,0.11879969,0.5,1.0,1.0,0.0,0.0,0.0
2022-10-07,2,1,0.5,0.49907246,0.9981449,1.0986122886681098,0.6931471805599453,0.6922192,0.5,0.5,1.0,0.0,0.0,0.0
2022-10-08,1,1,1.0,0.9978783,0.9978783,0.6931471805599453,0.6931471805599453,0.6920858,1.0,1.0,0.0,0.0,0.0,0.0
2022-10-09,2,1,0.5,0.5013758,1.0027516,1.0986122886681098,0.6931471805599453,0.694522,1.0,0.5,0.5,0.0,0.0,0.0
2022-10-10,4,2,0.5,0.4717326,1.8869303,1.6094379124341003,1.0986122886681098,1.0601938,0.25,0.75,0.75,0.25,0.0,0.0
2022-10-11,1,0,0.0,0.023147319,0.023147319,0.6931471805599453,0.0,0.022883482,1.0,1.0,0.0,0.0,0.0,0.0
2022-10-13,1,1,1.0,0.99565685,0.99565685,0.6931471805599453,0.6931471805599453,0.6909732,0.0,0.0,1.0,0.0,0.0,0.0
2022-10-14,6,4,0.6666666666666666,0.6794668,4.076801,1.9459101490553132,1.6094379124341003,1.6246814,0.8333333333333334,0.5,0.8333333333333334,0.16666666666666666,0.16666666666666666,0.0
2022-10-15,3,1,0.3333333333333333,0.33454418,1.0036325,1.3862943611198906,0.6931471805599453,0.6949618,0.3333333333333333,0.3333333333333333,1.0,0.0,0.0,0.0
2022-10-16,2,1,0.5,0.72368336,1.4473667,1.0986122886681098,0.6931471805599453,0.8950126,0.0,0.0,1.0,0.0,0.0,0.0
2022-10-17,3,0,0.0,0.0016637747,0.004991324,1.3862943611198906,0.0,0.0049789087,0.3333333333333333,0.6666666666666666,1.0,0.0,0.0,0.0
2022-10-18,4,4,1.0,0.9925176,3.9700704,1.6094379124341003,1.6094379124341003,1.603434,1.0,0.75,0.75,0.5,0.25,0.0
2022-10-19,2,1,0.5,0.32061565,0.6412313,1.0986122886681098,0.6931471805599453,0.49544674,0.5,0.5,1.0,0.5,0.5,0.0
2022-10-20,5,3,0.6,0.59957707,2.9978855,1.791759469228055,1.3862943611198906,1.3857656,0.4,0.6,0.8,0.2,0.2,0.0
2022-10-21,5,4,0.8,0.79984194,3.9992096,1.791759469228055,1.6094379124341003,1.6092799,0.8,1.0,0.8,0.2,0.0,0.0
2022-10-22,3,1,0.3333333333333333,0.33312353,0.9993706,1.3862943611198906,0.6931471805599453,0.6928324,0.0,0.3333333333333333,1.0,0.0,0.0,0.0
2022-10-23,2,1,0.5,0.4518771,0.9037542,1.0986122886681098,0.6931471805599453,0.6438278,0.0,0.5,1.0,0.0,0.0,0.0
2022-10-24,4,2,0.5,0.5694473,2.277789,1.6094379124341003,1.0986122886681098,1.1871692,0.5,0.5,0.5,0.0,0.0,0.0
2022-10-25,2,1,0.5,0.48107988,0.96215975,1.0986122886681098,0.6931471805599453,0.6740458,0.0,0.5,1.0,0.0,0.0,0.0
2022-10-26,3,3,1.0,0.99937433,2.998123,1.3862943611198906,1.3862943611198906,1.385825,0.6666666666666666,1.0,1.0,0.3333333333333333,0.0,0.0
2022-10-27,2,1,0.5,0.5003613,1.0007226,1.0986122886681098,0.6931471805599453,0.69350845,0.5,1.0,1.0,0.5,0.0,0.0
2022-10-28,11,10,0.9090909090909091,0.93203634,10.252399,2.4849066497880004,2.3978952727983707,2.4205813,0.8181818181818182,0.8181818181818182,0.9090909090909091,0.0,0.0,0.0
2022-10-29,7,3,0.42857142857142855,0.44841224,3.1388857,2.0794415416798357,1.3862943611198906,1.4204266,0.5714285714285714,0.5714285714285714,1.0,0.0,0.0,0.0
2022-10-30,2,1,0.5,0.51817733,1.0363547,1.0986122886681098,0.6931471805599453,0.71116126,0.5,1.0,1.0,0.0,0.0,0.0
2022-10-31,3,1,0.3333333333333333,0.3339962,1.0019886,1.3862943611198906,0.6931471805599453,0.69414103,0.3333333333333333,0.6666666666666666,1.0,0.0,0.0,0.0
2022-11-01,2,2,1.0,0.99469256,1.9893851,1.0986122886681098,1.0986122886681098,1.0950677,1.0,0.0,0.0,0.0,0.0,0.0
2022-11-02,3,1,0.3333333333333333,0.27040443,0.81121325,1.3862943611198906,0.6931471805599453,0.59399694,0.3333333333333333,0.0,0.6666666666666666,0.0,0.0,0.0
2022-11-03,4,4,1.0,0.9746903,3.8987613,1.6094379124341003,1.6094379124341003,1.5889823,0.75,1.0,0.75,0.5,0.0,0.0
2022-11-04,4,4,1.0,0.99874985,3.9949994,1.6094379124341003,1.6094379124341003,1.6084373,1.0,0.5,0.75,0.0,0.0,0.0
2022-11-05,3,3,1.0,0.9978018,2.9934053,1.3862943611198906,1.3862943611198906,1.3846444,1.0,0.6666666666666666,0.3333333333333333,0.0,0.0,0.0
2022-11-07,2,2,1.0,0.9705033,1.9410065,1.0986122886681098,1.0986122886681098,1.0787519,0.5,0.5,0.5,0.0,0.0,0.0
2022-11-08,4,4,1.0,0.9987486,3.9949944,1.6094379124341003,1.6094379124341003,1.6084363,1.0,0.25,0.5,0.0,0.0,0.0
2022-11-09,6,6,1.0,0.9995546,5.9973273,1.9459101490553132,1.9459101490553132,1.9455283,1.0,0.5,0.8333333333333334,0.3333333333333333,0.0,0.0
2022-11-10,3,3,1.0,0.99929976,2.9978993,1.3862943611198906,1.3862943611198906,1.385769,1.0,0.3333333333333333,0.0,0.3333333333333333,0.3333333333333333,0.0
2022-11-11,5,4,0.8,0.80119485,4.0059743,1.791759469228055,1.6094379124341003,1.6106321,0.6,0.6,0.8,0.0,0.2,0.0
2022-11-12,4,3,0.75,0.7592332,3.0369327,1.6094379124341003,1.3862943611198906,1.3954852,0.75,0.25,0.75,0.25,0.0,0.0
2022-11-13,4,2,0.5,0.549833,2.199332,1.6094379124341003,1.0986122886681098,1.162942,0.25,0.75,1.0,0.0,0.5,0.0
2022-11-14,5,4,0.8,0.80054456,4.0027227,1.791759469228055,1.6094379124341003,1.6099824,0.6,0.2,0.8,0.0,0.0,0.0
2022-11-15,4,3,0.75,0.752024,3.008096,1.6094379124341003,1.3862943611198906,1.3883163,0.75,0.5,0.25,0.25,0.0,0.0
2022-11-16,7,7,1.0,0.9528265,6.6697855,2.0794415416798357,2.0794415416798357,2.0372887,0.8571428571428571,0.2857142857142857,0.5714285714285714,0.14285714285714285,0.0,0.0
2022-11-17,2,2,1.0,0.9992317,1.9984634,1.0986122886681098,1.0986122886681098,1.0981,1.0,1.0,0.0,0.0,0.0,0.0
2022-11-18,4,2,0.5,0.51381946,2.0552778,1.6094379124341003,1.0986122886681098,1.1168705,0.75,0.0,1.0,0.0,0.0,0.0
2022-11-19,6,5,0.8333333333333334,0.7798655,4.679193,1.9459101490553132,1.791759469228055,1.7368091,1.0,0.3333333333333333,0.16666666666666666,0.16666666666666666,0.0,0.0
2022-11-20,3,2,0.6666666666666666,0.66628575,1.9988573,1.3862943611198906,1.0986122886681098,1.0982313,0.6666666666666666,0.0,0.6666666666666666,0.0,0.0,0.0
2022-11-21,8,6,0.75,0.77237374,6.17899,2.1972245773362196,1.9459101490553132,1.9711587,0.75,0.5,0.75,0.0,0.125,0.0
2022-11-22,7,5,0.7142857142857143,0.7142537,4.999776,2.0794415416798357,1.791759469228055,1.791722,1.0,0.2857142857142857,0.7142857142857143,0.14285714285714285,0.0,0.0
2022-11-23,4,2,0.5,0.50036955,2.0014782,1.6094379124341003,1.0986122886681098,1.0991049,0.75,0.25,0.75,0.0,0.0,0.0
2022-11-24,1,1,1.0,0.9987735,0.9987735,0.6931471805599453,0.6931471805599453,0.69253373,1.0,0.0,1.0,0.0,0.0,0.0
2022-11-25,5,5,1.0,0.99946034,4.9973016,1.791759469228055,1.791759469228055,1.7913096,1.0,1.0,0.8,0.0,0.0,0.0
2022-11-26,1,1,1.0,0.9994759,0.9994759,0.6931471805599453,0.6931471805599453,0.6928851,1.0,1.0,0.0,0.0,0.0,0.0
2022-11-28,3,2,0.6666666666666666,0.6097984,1.829395,1.3862943611198906,1.0986122886681098,1.0400629,0.6666666666666666,1.0,1.0,0.0,0.0,0.0
2022-11-29,4,4,1.0,0.9978387,3.9913547,1.6094379124341003,1.6094379124341003,1.6077074,0.75,0.5,0.75,0.0,0.0,0.0
2022-12-01,3,3,1.0,0.9994383,2.9983149,1.3862943611198906,1.3862943611198906,1.385873,1.0,1.0,0.6666666666666666,0.3333333333333333,0.0,0.0
2022-12-02,2,2,1.0,0.9993408,1.9986815,1.0986122886681098,1.0986122886681098,1.0981727,1.0,0.5,0.0,0.0,0.0,0.0
2022-12-03,3,1,0.3333333333333333,0.33532366,1.005971,1.3862943611198906,0.6931471805599453,0.6961282,1.0,1.0,0.3333333333333333,0.6666666666666666,0.0,0.0
2022-12-04,2,2,1.0,0.9996166,1.9992332,1.0986122886681098,1.0986122886681098,1.0983567,1.0,0.5,0.0,0.0,0.0,0.0
2022-12-05,1,1,1.0,0.9995204,0.9995204,0.6931471805599453,0.6931471805599453,0.6929074,1.0,1.0,0.0,0.0,0.0,0.0
2022-12-06,5,3,0.6,0.6432599,3.2162993,1.791759469228055,1.3862943611198906,1.4389578,0.6,0.6,0.6,0.0,0.2,0.0
2022-12-07,2,0,0.0,0.0013216952,0.0026433903,1.0986122886681098,0.0,0.0026399028,0.5,0.0,0.5,0.0,0.0,0.0
2022-12-08,4,4,1.0,0.99906886,3.9962754,1.6094379124341003,1.6094379124341003,1.6086928,1.0,1.0,0.25,0.25,0.0,0.0
2022-12-09,4,3,0.75,0.6438997,2.5755987,1.6094379124341003,1.3862943611198906,1.2741326,0.25,0.0,0.75,0.0,0.0,0.0
2022-12-10,2,2,1.0,0.72374463,1.4474893,1.0986122886681098,1.0986122886681098,0.8950627,0.0,0.0,1.0,0.0,0.0,0.0
2022-12-11,1,0,0.0,0.011245217,0.011245217,0.6931471805599453,0.0,0.01118246,1.0,1.0,1.0,1.0,1.0,0.0
2022-12-12,3,2,0.6666666666666666,0.66758794,2.0027637,1.3862943611198906,1.0986122886681098,1.0995331,0.6666666666666666,0.6666666666666666,0.6666666666666666,0.0,0.3333333333333333,0.0
2022-12-13,2,2,1.0,0.9989219,1.9978437,1.0986122886681098,1.0986122886681098,1.0978932,1.0,0.5,0.5,0.5,0.0,0.0
2022-12-14,2,2,1.0,0.9945305,1.989061,1.0986122886681098,1.0986122886681098,1.0949593,0.0,0.5,1.0,0.0,0.0,0.0
2022-12-15,4,3,0.75,0.74987394,2.9994957,1.6094379124341003,1.3862943611198906,1.3861682,0.5,0.5,0.5,0.25,0.0,0.0
2022-12-16,6,4,0.6666666666666666,0.66791004,4.00746,1.9459101490553132,1.6094379124341003,1.6109288,0.5,0.6666666666666666,0.8333333333333334,0.3333333333333333,0.3333333333333333,0.0
2022-12-17,4,2,0.5,0.502119,2.008476,1.6094379124341003,1.0986122886681098,1.1014336,0.75,0.5,0.5,0.25,0.0,0.0
2022-12-18,7,5,0.7142857142857143,0.71286553,4.990059,2.0794415416798357,1.791759469228055,1.7901013,0.8571428571428571,0.5714285714285714,0.14285714285714285,0.14285714285714285,0.14285714285714285,0.0
2022-12-19,4,2,0.5,0.5008757,2.0035028,1.6094379124341003,1.0986122886681098,1.0997792,0.75,0.75,0.75,0.25,0.0,0.0
2022-12-20,1,1,1.0,0.99961483,0.99961483,0.6931471805599453,0.6931471805599453,0.6929546,1.0,0.0,0.0,0.0,0.0,0.0
2022-12-21,4,3,0.75,0.75020134,3.0008054,1.6094379124341003,1.3862943611198906,1.3864957,0.75,0.75,0.75,0.0,0.0,0.0
2022-12-22,3,2,0.6666666666666666,0.6676058,2.0028174,1.3862943611198906,1.0986122886681098,1.099551,1.0,0.6666666666666666,0.6666666666666666,0.0,0.3333333333333333,0.0
2022-12-23,4,1,0.25,0.25178257,1.0071303,1.6094379124341003,0.6931471805599453,0.696706,0.25,0.25,1.0,0.0,0.25,0.0
2022-12-24,1,0,0.0,0.42179492,0.42179492,0.6931471805599453,0.0,0.35192007,0.0,0.0,1.0,0.0,1.0,0.0
2022-12-25,1,1,1.0,0.99957293,0.99957293,0.6931471805599453,0.6931471805599453,0.6929336,1.0,1.0,1.0,0.0,1.0,0.0
2022-12-26,1,1,1.0,0.9994106,0.9994106,0.6931471805599453,0.6931471805599453,0.69285244,1.0,0.0,1.0,0.0,0.0,0.0
2022-12-27,3,3,1.0,0.99944067,2.998322,1.3862943611198906,1.3862943611198906,1.3858747,0.6666666666666666,0.0,0.3333333333333333,0.0,0.0,0.0
2022-12-30,1,0,0.0,0.28013045,0.28013045,0.6931471805599453,0.0,0.24696198,0.0,1.0,1.0,0.0,0.0,0.0
2022-12-31,3,3,1.0,0.99962085,2.9988625,1.3862943611198906,1.3862943611198906,1.3860099,1.0,0.3333333333333333,1.0,0.3333333333333333,0.0,0.0
2023-01-01,4,2,0.5,0.50089777,2.003591,1.6094379124341003,1.0986122886681098,1.0998086,0.5,1.0,0.75,0.5,0.0,0.0
2023-01-03,4,2,0.5,0.51897526,2.075901,1.6094379124341003,1.0986122886681098,1.1235979,0.75,0.5,0.5,0.0,0.25,0.0
2023-01-04,2,1,0.5,0.5067954,1.0135908,1.0986122886681098,0.6931471805599453,0.6999196,0.0,0.0,1.0,0.0,0.5,0.0
2023-01-05,2,2,1.0,0.9982767,1.9965534,1.0986122886681098,1.0986122886681098,1.0974628,0.5,0.0,0.5,0.0,0.0,0.0
2023-01-07,6,5,0.8333333333333334,0.8332767,4.99966,1.9459101490553132,1.791759469228055,1.7917027,0.8333333333333334,0.8333333333333334,0.8333333333333334,0.16666666666666666,0.16666666666666666,0.0
2023-01-08,4,3,0.75,0.7537956,3.0151825,1.6094379124341003,1.3862943611198906,1.3900828,0.75,0.75,1.0,0.0,0.25,0.0
2023-01-09,2,0,0.0,0.0037520933,0.0075041866,1.0986122886681098,0.0,0.00747617,0.5,0.0,0.5,0.0,0.0,0.0
2023-01-10,1,0,0.0,0.01171415,0.01171415,0.6931471805599453,0.0,0.0116460705,0.0,0.0,1.0,0.0,0.0,0.0
2023-01-11,3,3,1.0,0.99493533,2.984806,1.3862943611198906,1.3862943611198906,1.3824886,0.3333333333333333,0.6666666666666666,1.0,0.3333333333333333,0.0,0.0
2023-01-12,8,8,1.0,0.99927324,7.994186,2.1972245773362196,2.1972245773362196,2.1965783,0.875,0.875,0.875,0.75,0.0,0.0
2023-01-13,2,0,0.0,0.0013469036,0.0026938072,1.0986122886681098,0.0,0.0026901856,0.0,0.0,1.0,0.0,0.0,0.0
2023-01-14,1,1,1.0,0.9990827,0.9990827,0.6931471805599453,0.6931471805599453,0.6926884,0.0,0.0,1.0,0.0,0.0,0.0
2023-01-16,1,1,1.0,0.97667605,0.97667605,0.6931471805599453,0.6931471805599453,0.6814167,1.0,1.0,0.0,0.0,0.0,0.0
2023-01-17,3,2,0.6666666666666666,0.66711646,2.0013494,1.3862943611198906,1.0986122886681098,1.099062,0.3333333333333333,0.6666666666666666,0.6666666666666666,0.0,0.0,0.0
2023-01-18,3,2,0.6666666666666666,0.6772175,2.0316525,1.3862943611198906,1.0986122886681098,1.1091079,0.6666666666666666,0.6666666666666666,0.6666666666666666,0.3333333333333333,0.0,0.0
2023-01-19,4,3,0.75,0.75097495,3.0038998,1.6094379124341003,1.3862943611198906,1.3872689,1.0,1.0,1.0,0.0,1.0,0.0
2023-01-20,5,3,0.6,0.6005883,3.0029416,1.791759469228055,1.3862943611198906,1.3870295,0.6,0.6,0.4,0.2,0.2,0.0
2023-01-21,4,4,1.0,0.99875665,3.9950266,1.6094379124341003,1.6094379124341003,1.6084428,0.75,0.75,0.5,0.0,0.0,0.0
2023-01-22,3,3,1.0,0.9991606,2.9974818,1.3862943611198906,1.3862943611198906,1.3856646,1.0,0.3333333333333333,0.0,0.0,0.0,0.0
2023-01-23,3,1,0.3333333333333333,0.33405766,1.002173,1.3862943611198906,0.6931471805599453,0.69423306,0.3333333333333333,0.6666666666666666,0.6666666666666666,0.0,0.0,0.0
2023-01-24,6,4,0.6666666666666666,0.66830486,4.009829,1.9459101490553132,1.6094379124341003,1.6114018,0.8333333333333334,0.8333333333333334,0.6666666666666666,0.0,0.0,0.0
2023-01-25,6,3,0.5,0.5350266,3.2101598,1.9459101490553132,1.3862943611198906,1.4375006,0.5,0.16666666666666666,0.6666666666666666,0.0,0.0,0.0
2023-01-26,8,3,0.375,0.37800163,3.024013,2.1972245773362196,1.3862943611198906,1.3922796,0.875,0.75,0.875,0.125,0.0,0.0
2023-01-27,6,5,0.8333333333333334,0.8337069,5.0022416,1.9459101490553132,1.791759469228055,1.792133,1.0,0.8333333333333334,0.8333333333333334,0.0,0.0,0.0
2023-01-28,4,1,0.25,0.2341898,0.9367592,1.6094379124341003,0.6931471805599453,0.66101605,0.25,0.5,0.75,0.0,0.0,0.0
2023-01-30,4,2,0.5,0.5099808,2.0399232,1.6094379124341003,1.0986122886681098,1.1118323,1.0,0.75,0.25,0.0,0.25,0.0
2023-01-31,3,1,0.3333333333333333,0.4059908,1.2179724,1.3862943611198906,0.6931471805599453,0.7965934,0.3333333333333333,0.6666666666666666,0.6666666666666666,0.0,0.0,0.0
2023-02-01,5,4,0.8,0.7990223,3.9951115,1.791759469228055,1.6094379124341003,1.6084597,0.6,0.6,0.4,0.0,0.2,0.0
2023-02-02,3,2,0.6666666666666666,0.66640466,1.9992139,1.3862943611198906,1.0986122886681098,1.0983503,0.6666666666666666,0.6666666666666666,0.6666666666666666,0.3333333333333333,0.0,0.0
2023-02-03,2,1,0.5,0.4993975,0.998795,1.0986122886681098,0.6931471805599453,0.69254446,0.5,0.5,0.5,0.5,0.0,0.0
2023-02-04,1,0,0.0,0.0023270948,0.0023270948,0.6931471805599453,0.0,0.0023243914,1.0,0.0,0.0,0.0,1.0,0.0
2023-02-05,3,2,0.6666666666666666,0.6971744,2.0915232,1.3862943611198906,1.0986122886681098,1.1286639,0.6666666666666666,1.0,0.6666666666666666,0.6666666666666666,0.0,0.0
2023-02-06,1,1,1.0,0.99965334,0.99965334,0.6931471805599453,0.6931471805599453,0.69297385,0.0,1.0,1.0,0.0,0.0,0.0
2023-02-07,2,2,1.0,0.9994036,1.9988072,1.0986122886681098,1.0986122886681098,1.0982146,1.0,1.0,0.5,0.0,0.0,0.0
2023-02-08,4,2,0.5,0.5064837,2.0259347,1.6094379124341003,1.0986122886681098,1.10722,0.5,1.0,0.75,0.25,0.0,0.0
2023-02-09,2,1,0.5,0.4990646,0.9981292,1.0986122886681098,0.6931471805599453,0.69221133,1.0,0.5,0.5,0.0,0.0,0.0
2023-02-10,3,3,1.0,0.9996014,2.9988043,1.3862943611198906,1.3862943611198906,1.3859954,1.0,0.3333333333333333,0.3333333333333333,0.3333333333333333,0.0,0.0
2023-02-12,3,1,0.3333333333333333,0.19138958,0.57416874,1.3862943611198906,0.6931471805599453,0.45372736,0.3333333333333333,0.3333333333333333,0.6666666666666666,0.3333333333333333,0.0,0.0
2023-02-13,3,2,0.6666666666666666,0.81121397,2.433642,1.3862943611198906,1.0986122886681098,1.2336215,0.6666666666666666,0.3333333333333333,0.3333333333333333,0.0,0.0,0.0
2023-02-14,4,2,0.5,0.49837697,1.9935079,1.6094379124341003,1.0986122886681098,1.0964459,0.25,0.0,1.0,0.0,0.25,0.0
2023-02-15,2,2,1.0,0.9989902,1.9979804,1.0986122886681098,1.0986122886681098,1.0979389,1.0,1.0,0.5,0.0,0.0,0.0
2023-02-16,4,1,0.25,0.2610334,1.0441335,1.6094379124341003,0.6931471805599453,0.714974,0.25,0.75,1.0,0.0,0.0,0.0
2023-02-18,5,2,0.4,0.40739995,2.0369997,1.791759469228055,1.0986122886681098,1.1108701,0.6,0.4,0.8,0.0,0.2,0.0
2023-02-19,5,3,0.6,0.6102252,3.051126,1.791759469228055,1.3862943611198906,1.3989949,0.8,0.4,0.8,0.0,0.0,0.0
2023-02-20,1,0,0.0,0.0039987676,0.0039987676,0.6931471805599453,0.0,0.0039907936,0.0,1.0,1.0,0.0,0.0,0.0
2023-02-21,2,2,1.0,0.99929696,1.9985939,1.0986122886681098,1.0986122886681098,1.0981436,1.0,1.0,0.0,1.0,0.0,0.0
2023-02-22,6,6,1.0,0.9843531,5.906119,1.9459101490553132,1.9459101490553132,1.9324079,1.0,1.0,1.0,0.0,0.0,0.0
2023-02-23,2,2,1.0,0.99957955,1.9991591,1.0986122886681098,1.0986122886681098,1.0983319,1.0,0.5,0.5,0.0,0.0,0.0
2023-02-24,3,1,0.3333333333333333,0.36426425,1.0927927,1.3862943611198906,0.6931471805599453,0.7384994,0.6666666666666666,0.3333333333333333,0.6666666666666666,0.0,0.0,0.0
2023-02-25,5,4,0.8,0.82678574,4.133929,1.791759469228055,1.6094379124341003,1.6358712,0.8,1.0,0.8,0.4,0.0,0.0
2023-02-26,1,1,1.0,0.90299445,0.90299445,0.6931471805599453,0.6931471805599453,0.6434287,0.0,0.0,1.0,0.0,0.0,0.0
2023-02-27,1,0,0.0,0.0020327515,0.0020327515,0.6931471805599453,0.0,0.002030688,1.0,1.0,1.0,0.0,0.0,0.0
2023-02-28,1,1,1.0,0.99904543,0.99904543,0.6931471805599453,0.6931471805599453,0.6926698,1.0,1.0,0.0,1.0,0.0,0.0
2023-03-02,1,0,0.0,0.0012721738,0.0012721738,0.6931471805599453,0.0,0.0012713653,0.0,0.0,1.0,0.0,0.0,0.0
2023-03-05,1,0,0.0,0.0014170981,0.0014170981,0.6931471805599453,0.0,0.001416095,0.0,1.0,1.0,0.0,0.0,0.0
2023-03-06,1,1,1.0,0.99945384,0.99945384,0.6931471805599453,0.6931471805599453,0.6928741,1.0,1.0,0.0,0.0,1.0,0.0
2023-03-07,1,1,1.0,0.9996276,0.9996276,0.6931471805599453,0.6931471805599453,0.692961,1.0,1.0,1.0,0.0,0.0,0.0
2023-03-08,2,1,0.5,0.50018746,1.0003749,1.0986122886681098,0.6931471805599453,0.69333464,1.0,0.5,0.0,0.0,0.0,0.0
2023-03-09,2,2,1.0,0.9981612,1.9963224,1.0986122886681098,1.0986122886681098,1.0973856,1.0,1.0,0.0,0.0,0.5,0.0
2023-03-10,3,1,0.3333333333333333,0.4619763,1.3859289,1.3862943611198906,0.6931471805599453,0.8695885,0.6666666666666666,1.0,0.6666666666666666,0.0,0.3333333333333333,0.0
2023-03-12,2,2,1.0,0.999216,1.998432,1.0986122886681098,1.0986122886681098,1.0980895,1.0,0.5,0.5,0.5,0.0,0.0
2023-03-13,4,3,0.75,0.75013494,3.0005398,1.6094379124341003,1.3862943611198906,1.3864293,1.0,1.0,0.25,0.0,0.0,0.0
2023-03-14,1,0,0.0,0.0014830853,0.0014830853,0.6931471805599453,0.0,0.0014819866,0.0,1.0,1.0,0.0,0.0,0.0
2023-03-15,2,0,0.0,0.002263732,0.004527464,1.0986122886681098,0.0,0.004517246,0.0,0.0,1.0,0.0,0.0,0.0
2023-03-16,2,2,1.0,0.9995865,1.999173,1.0986122886681098,1.0986122886681098,1.0983366,1.0,1.0,1.0,0.5,0.5,0.0
2023-03-17,2,0,0.0,0.0026405319,0.0052810637,1.0986122886681098,0.0,0.005267168,0.0,0.0,1.0,0.0,0.0,0.0
2023-03-19,1,0,0.0,0.001954919,0.001954919,0.6931471805599453,0.0,0.0019530106,0.0,1.0,1.0,0.0,0.0,0.0
2023-03-20,2,2,1.0,0.9993712,1.9987423,1.0986122886681098,1.0986122886681098,1.0981929,1.0,0.5,0.5,0.0,0.0,0.0
2023-03-21,4,4,1.0,0.9975204,3.9900815,1.6094379124341003,1.6094379124341003,1.6074523,0.75,0.75,0.5,0.0,0.0,0.0
2023-03-22,5,4,0.8,0.7911706,3.955853,1.791759469228055,1.6094379124341003,1.6005692,0.8,0.6,0.6,0.4,0.0,0.0
2023-03-23,6,4,0.6666666666666666,0.545579,3.2734742,1.9459101490553132,1.6094379124341003,1.4524271,0.8333333333333334,1.0,0.3333333333333333,0.0,0.16666666666666666,0.0
2023-03-24,8,5,0.625,0.5968521,4.774817,2.1972245773362196,1.791759469228055,1.7535065,0.875,0.875,0.125,0.0,0.0,0.0
2023-03-25,3,1,0.3333333333333333,0.23228867,0.69686604,1.3862943611198906,0.6931471805599453,0.528783,0.3333333333333333,0.3333333333333333,0.6666666666666666,0.0,0.0,0.0
2023-03-26,5,1,0.2,0.19145839,0.95729196,1.791759469228055,0.6931471805599453,0.67156184,0.2,0.4,0.8,0.0,0.0,0.0
2023-03-27,5,1,0.2,0.21447012,1.0723506,1.791759469228055,0.6931471805599453,0.72868353,0.8,0.8,0.2,0.0,0.0,0.0
2023-03-28,8,4,0.5,0.5103292,4.0826335,2.1972245773362196,1.6094379124341003,1.6258296,0.875,1.0,0.125,0.375,0.25,0.0
2023-03-29,8,4,0.5,0.5103305,4.082644,2.1972245773362196,1.6094379124341003,1.6258316,0.875,0.75,0.25,0.0,0.0,0.0
2023-03-30,6,1,0.16666666666666666,0.17327325,1.0396395,1.9459101490553132,0.6931471805599453,0.7127731,0.8333333333333334,1.0,0.3333333333333333,0.0,0.16666666666666666,0.0
2023-03-31,7,2,0.2857142857142857,0.23435521,1.6404865,2.0794415416798357,1.0986122886681098,0.9709632,1.0,1.0,0.0,0.0,0.0,0.0
2023-04-01,3,0,0.0,0.14148448,0.42445344,1.3862943611198906,0.0,0.3537882,0.6666666666666666,1.0,0.3333333333333333,0.0,0.0,0.0
2023-04-02,3,2,0.6666666666666666,0.5365456,1.6096368,1.3862943611198906,1.0986122886681098,0.95921105,1.0,1.0,0.0,0.0,0.0,0.0
2023-04-03,2,2,1.0,0.84546524,1.6909305,1.0986122886681098,1.0986122886681098,0.989887,1.0,1.0,0.0,0.0,0.0,0.0
2023-04-04,5,3,0.6,0.6007872,3.003936,1.791759469228055,1.3862943611198906,1.3872778,0.6,0.6,0.6,0.2,0.0,0.0
2023-04-05,1,1,1.0,0.97606725,0.97606725,0.6931471805599453,0.6931471805599453,0.68110865,1.0,1.0,0.0,0.0,0.0,0.0
2023-04-06,2,1,0.5,0.49857125,0.9971425,1.0986122886681098,0.6931471805599453,0.6917174,0.5,0.0,0.5,0.0,0.5,0.0
2023-04-07,2,2,1.0,0.9948604,1.9897208,1.0986122886681098,1.0986122886681098,1.09518,1.0,1.0,1.0,0.0,0.0,0.0
2023-04-08,1,1,1.0,0.98946136,0.98946136,0.6931471805599453,0.6931471805599453,0.68786395,1.0,1.0,0.0,0.0,0.0,0.0
2023-04-09,1,0,0.0,0.0012161563,0.0012161563,0.6931471805599453,0.0,0.0012154174,0.0,1.0,1.0,0.0,0.0,0.0
2023-04-10,4,2,0.5,0.42124367,1.6849747,1.6094379124341003,1.0986122886681098,0.98767126,0.75,0.75,0.25,0.0,0.0,0.0
2023-04-11,5,3,0.6,0.6073783,3.0368915,1.791759469228055,1.3862943611198906,1.3954749,1.0,0.6,0.4,0.0,0.2,0.0
2023-04-12,7,6,0.8571428571428571,0.87684697,6.137929,2.0794415416798357,1.9459101490553132,1.9654226,0.8571428571428571,1.0,0.2857142857142857,0.0,0.0,0.0
2023-04-13,5,4,0.8,0.7473809,3.7369046,1.791759469228055,1.6094379124341003,1.5553839,1.0,0.6,0.0,0.0,0.0,0.0
2023-04-14,6,3,0.5,0.43171707,2.5903025,1.9459101490553132,1.3862943611198906,1.2782365,1.0,1.0,0.16666666666666666,0.0,0.0,0.0
2023-04-15,2,2,1.0,0.9995627,1.9991254,1.0986122886681098,1.0986122886681098,1.0983207,1.0,0.5,0.5,0.0,0.5,0.0
2023-04-16,5,3,0.6,0.60107034,3.0053518,1.791759469228055,1.3862943611198906,1.3876314,0.8,0.8,0.8,0.2,0.2,0.0
2023-04-17,6,3,0.5,0.52698785,3.161927,1.9459101490553132,1.3862943611198906,1.4259782,0.8333333333333334,0.8333333333333334,0.5,0.0,0.0,0.0
2023-04-18,6,3,0.5,0.50104827,3.0062897,1.9459101490553132,1.3862943611198906,1.3878655,0.3333333333333333,0.6666666666666666,1.0,0.0,0.0,0.0
2023-04-19,6,4,0.6666666666666666,0.5868744,3.5212464,1.9459101490553132,1.6094379124341003,1.5087878,0.6666666666666666,0.16666666666666666,0.8333333333333334,0.0,0.16666666666666666,0.0
2023-04-20,3,2,0.6666666666666666,0.6667871,2.0003612,1.3862943611198906,1.0986122886681098,1.0987327,1.0,0.6666666666666666,0.6666666666666666,0.0,0.3333333333333333,0.0
2023-04-21,1,0,0.0,0.0011663319,0.0011663319,0.6931471805599453,0.0,0.0011656523,0.0,0.0,1.0,0.0,0.0,0.0
2023-04-22,4,3,0.75,0.7506561,3.0026245,1.6094379124341003,1.3862943611198906,1.3869503,1.0,0.75,0.0,0.0,0.75,0.0
2023-04-23,3,0,0.0,0.0011579894,0.003473968,1.3862943611198906,0.0,0.0034679477,0.0,1.0,1.0,0.0,0.0,0.0
2023-04-24,4,2,0.5,0.5008125,2.00325,1.6094379124341003,1.0986122886681098,1.099695,0.5,0.5,0.5,0.0,0.0,0.0
2023-04-25,5,0,0.0,0.0017613552,0.008806776,1.791759469228055,0.0,0.008768223,0.0,0.6,1.0,0.0,0.0,0.0
2023-04-27,2,0,0.0,0.0013010788,0.0026021576,1.0986122886681098,0.0,0.0025987779,0.5,0.0,0.5,0.0,0.0,0.0
2023-04-28,5,5,1.0,0.96488875,4.824444,1.791759469228055,1.791759469228055,1.7620635,1.0,1.0,0.2,0.0,0.4,0.0
2023-04-29,2,2,1.0,0.9922024,1.9844048,1.0986122886681098,1.0986122886681098,1.0934004,0.5,0.0,0.5,0.0,0.0,0.0
2023-04-30,1,1,1.0,0.9995493,0.9995493,0.6931471805599453,0.6931471805599453,0.6929218,1.0,1.0,1.0,0.0,0.0,0.0
2023-05-02,2,1,0.5,0.47692382,0.95384765,1.0986122886681098,0.6931471805599453,0.6698006,0.0,0.0,1.0,0.0,0.0,0.0
2023-05-03,1,1,1.0,0.9983972,0.9983972,0.6931471805599453,0.6931471805599453,0.69234544,0.0,0.0,1.0,0.0,0.0,0.0
2023-05-04,2,2,1.0,0.9995801,1.9991602,1.0986122886681098,1.0986122886681098,1.0983323,1.0,0.5,0.0,0.5,0.0,0.0
2023-05-05,1,1,1.0,0.9995239,0.9995239,0.6931471805599453,0.6931471805599453,0.6929091,1.0,1.0,0.0,0.0,0.0,0.0
2023-05-07,1,0,0.0,0.0012593858,0.0012593858,0.6931471805599453,0.0,0.0012585935,0.0,0.0,1.0,0.0,0.0,0.0
2023-05-08,2,1,0.5,0.50054693,1.0010939,1.0986122886681098,0.6931471805599453,0.69369394,0.5,0.5,1.0,0.0,0.0,0.0
2023-05-09,1,0,0.0,0.0049533253,0.0049533253,0.6931471805599453,0.0,0.004941098,0.0,0.0,1.0,0.0,0.0,0.0
2023-05-10,1,1,1.0,0.9996723,0.9996723,0.6931471805599453,0.6931471805599453,0.6929833,1.0,1.0,1.0,0.0,0.0,0.0
2023-05-11,1,1,1.0,0.99948406,0.99948406,0.6931471805599453,0.6931471805599453,0.69288915,1.0,1.0,0.0,0.0,0.0,0.0
2023-05-12,1,1,1.0,0.99900216,0.99900216,0.6931471805599453,0.6931471805599453,0.6926481,1.0,0.0,0.0,0.0,0.0,0.0
2023-05-13,2,2,1.0,0.99249744,1.9849949,1.0986122886681098,1.0986122886681098,1.093598,1.0,0.0,1.0,0.0,0.0,0.0
2023-05-14,2,1,0.5,0.5215121,1.0430242,1.0986122886681098,0.6931471805599453,0.71443117,0.5,1.0,0.5,0.0,0.0,0.0
2023-05-15,3,2,0.6666666666666666,0.66537625,1.9961287,1.3862943611198906,1.0986122886681098,1.097321,0.6666666666666666,0.3333333333333333,0.6666666666666666,0.0,0.3333333333333333,0.0
2023-05-16,3,3,1.0,0.8460353,2.538106,1.3862943611198906,1.3862943611198906,1.2635915,0.3333333333333333,0.3333333333333333,0.6666666666666666,0.0,0.0,0.0
2023-05-17,2,2,1.0,0.99933654,1.9986731,1.0986122886681098,1.0986122886681098,1.0981699,0.5,0.5,0.5,0.0,0.0,0.0
2023-05-18,4,0,0.0,0.01391709,0.05566836,1.6094379124341003,0.0,0.054174084,0.5,0.5,0.5,0.0,0.0,0.0
2023-05-19,3,2,0.6666666666666666,0.6676317,2.002895,1.3862943611198906,1.0986122886681098,1.099577,1.0,1.0,0.3333333333333333,0.0,0.0,0.0
2023-05-20,7,3,0.42857142857142855,0.47314343,3.312004,2.0794415416798357,1.3862943611198906,1.4614028,0.7142857142857143,0.7142857142857143,0.2857142857142857,0.0,0.0,0.0
2023-05-21,4,1,0.25,0.23845877,0.95383507,1.6094379124341003,0.6931471805599453,0.66979414,1.0,1.0,0.0,0.0,0.0,0.0
2023-05-22,1,0,0.0,0.0036688817,0.0036688817,0.6931471805599453,0.0,0.0036621678,0.0,0.0,1.0,0.0,1.0,0.0
2023-05-23,6,2,0.3333333333333333,0.30111197,1.8066717,1.9459101490553132,1.0986122886681098,1.0319993,0.8333333333333334,0.6666666666666666,0.16666666666666666,0.0,0.0,0.0
2023-05-24,5,4,0.8,0.7848239,3.9241195,1.791759469228055,1.6094379124341003,1.5941455,0.6,0.2,0.8,0.2,0.0,0.0
2023-05-25,4,4,1.0,0.9207286,3.6829145,1.6094379124341003,1.6094379124341003,1.5439206,0.75,0.75,0.5,0.25,0.0,0.0
2023-05-26,5,2,0.4,0.41668567,2.0834284,1.791759469228055,1.0986122886681098,1.1260421,0.6,0.6,0.4,0.0,0.0,0.0
2023-05-27,1,1,1.0,0.999522,0.999522,0.6931471805599453,0.6931471805599453,0.69290817,1.0,1.0,0.0,0.0,0.0,0.0
2023-05-28,4,3,0.75,0.74290806,2.9716322,1.6094379124341003,1.3862943611198906,1.3791772,1.0,1.0,0.25,0.0,0.0,0.0
2023-05-29,4,4,1.0,0.9411863,3.7647452,1.6094379124341003,1.6094379124341003,1.561244,1.0,0.5,0.25,0.25,0.0,0.0
2023-05-30,6,3,0.5,0.5668581,3.4011488,1.9459101490553132,1.3862943611198906,1.4818656,0.5,0.3333333333333333,0.6666666666666666,0.0,0.0,0.0
2023-05-31,1,0,0.0,0.038799528,0.038799528,0.6931471805599453,0.0,0.038065746,1.0,1.0,0.0,0.0,0.0,0.0
2023-06-01,3,2,0.6666666666666666,0.67017365,2.010521,1.3862943611198906,1.0986122886681098,1.1021131,0.6666666666666666,1.0,0.6666666666666666,0.3333333333333333,0.0,0.0
2023-06-02,8,3,0.375,0.33008495,2.6406796,2.1972245773362196,1.3862943611198906,1.2921704,0.75,0.875,0.25,0.125,0.0,0.0
2023-06-03,6,2,0.3333333333333333,0.3341074,2.0046444,1.9459101490553132,1.0986122886681098,1.1001592,0.8333333333333334,1.0,0.16666666666666666,0.0,0.0,0.0
2023-06-04,4,1,0.25,0.25040385,1.0016154,1.6094379124341003,0.6931471805599453,0.6939546,0.75,0.75,0.25,0.0,0.0,0.0
2023-06-05,7,3,0.42857142857142855,0.43722337,3.0605636,2.0794415416798357,1.3862943611198906,1.4013218,0.7142857142857143,0.8571428571428571,0.2857142857142857,0.2857142857142857,0.14285714285714285,0.0
2023-06-06,5,2,0.4,0.3872984,1.936492,1.791759469228055,1.0986122886681098,1.0772157,0.6,0.8,0.4,0.0,0.0,0.0
2023-06-07,1,0,0.0,0.018002264,0.018002264,0.6931471805599453,0.0,0.017842142,0.0,1.0,1.0,0.0,0.0,0.0
2023-06-08,4,2,0.5,0.4959917,1.9839668,1.6094379124341003,1.0986122886681098,1.0932536,0.5,0.25,0.75,0.0,0.0,0.0
2023-06-09,1,0,0.0,0.0012242385,0.0012242385,0.6931471805599453,0.0,0.0012234898,0.0,0.0,1.0,0.0,0.0,0.0
2023-06-10,2,0,0.0,0.006665032,0.013330064,1.0986122886681098,0.0,0.013242,0.5,0.5,0.5,0.0,0.0,0.0
2023-06-11,3,1,0.3333333333333333,0.33793435,1.013803,1.3862943611198906,0.6931471805599453,0.70002496,1.0,1.0,0.0,0.0,0.0,0.0
2023-06-12,4,0,0.0,0.022838254,0.091353014,1.6094379124341003,0.0,0.08741822,0.5,0.75,0.5,0.0,0.0,0.0
2023-06-13,3,0,0.0,0.06996723,0.2099017,1.3862943611198906,0.0,0.19053912,1.0,0.6666666666666666,0.0,0.0,0.0,0.0
2023-06-15,1,1,1.0,0.9815522,0.9815522,0.6931471805599453,0.6931471805599453,0.68388045,0.0,0.0,1.0,0.0,0.0,0.0
2023-06-16,1,0,0.0,0.016534386,0.016534386,0.6931471805599453,0.0,0.016399182,0.0,0.0,1.0,0.0,0.0,0.0
2023-06-17,2,1,0.5,0.50117916,1.0023583,1.0986122886681098,0.6931471805599453,0.6943256,0.5,1.0,1.0,0.0,0.5,0.0
2023-06-19,1,1,1.0,0.99842936,0.99842936,0.6931471805599453,0.6931471805599453,0.69236153,0.0,0.0,1.0,0.0,0.0,0.0
2023-06-20,3,3,1.0,0.99808025,2.9942408,1.3862943611198906,1.3862943611198906,1.3848535,1.0,1.0,0.0,0.0,0.0,0.0
2023-06-21,5,0,0.0,0.2260199,1.1300995,1.791759469228055,0.0,0.7561687,0.8,0.8,0.2,0.0,0.0,0.0
2023-06-22,1,1,1.0,0.99940777,0.99940777,0.6931471805599453,0.6931471805599453,0.692851,1.0,0.0,1.0,0.0,0.0,0.0
2023-06-23,5,4,0.8,0.7991718,3.995859,1.791759469228055,1.6094379124341003,1.6086093,0.4,0.2,0.8,0.0,0.0,0.0
2023-06-24,7,5,0.7142857142857143,0.71377146,4.9964004,2.0794415416798357,1.791759469228055,1.7911594,0.7142857142857143,0.5714285714285714,0.42857142857142855,0.0,0.0,0.0
2023-06-25,3,1,0.3333333333333333,0.44327155,1.3298147,1.3862943611198906,0.6931471805599453,0.8457887,0.6666666666666666,0.3333333333333333,0.6666666666666666,0.0,0.0,0.0
2023-06-26,5,4,0.8,0.7787971,3.8939855,1.791759469228055,1.6094379124341003,1.588007,0.6,0.8,0.4,0.0,0.0,0.0
2023-06-27,3,1,0.3333333333333333,0.33428892,1.0028667,1.3862943611198906,0.6931471805599453,0.69457954,0.3333333333333333,0.0,0.6666666666666666,0.0,0.0,0.0
2023-06-28,2,1,0.5,0.5005217,1.0010434,1.0986122886681098,0.6931471805599453,0.6936688,0.5,1.0,1.0,0.5,0.5,0.0
2023-06-29,6,0,0.0,0.029096352,0.17457812,1.9459101490553132,0.0,0.16090903,0.0,0.16666666666666666,1.0,0.0,0.0,0.0
2023-06-30,5,4,0.8,0.7998495,3.9992476,1.791759469228055,1.6094379124341003,1.6092874,0.6,0.6,0.6,0.0,0.0,0.0
2023-07-01,1,1,1.0,0.9989918,0.9989918,0.6931471805599453,0.6931471805599453,0.6926429,1.0,1.0,0.0,0.0,0.0,0.0
2023-07-02,5,5,1.0,0.99957526,4.997876,1.791759469228055,1.791759469228055,1.7914054,1.0,1.0,0.0,0.0,0.0,0.0
2023-07-03,6,5,0.8333333333333334,0.8332196,4.9993176,1.9459101490553132,1.791759469228055,1.7916458,0.8333333333333334,0.8333333333333334,0.16666666666666666,0.0,0.0,0.0
2023-07-04,2,2,1.0,0.99958926,1.9991785,1.0986122886681098,1.0986122886681098,1.0983385,1.0,1.0,0.0,0.0,0.0,0.0
2023-07-05,3,2,0.6666666666666666,0.6675399,2.0026197,1.3862943611198906,1.0986122886681098,1.0994852,0.3333333333333333,0.3333333333333333,1.0,0.0,0.0,0.0
2023-07-06,4,4,1.0,0.99955946,3.9982378,1.6094379124341003,1.6094379124341003,1.6090854,1.0,0.75,1.0,0.0,0.0,0.0
2023-07-07,5,5,1.0,0.9996091,4.9980454,1.791759469228055,1.791759469228055,1.7914337,1.0,1.0,0.8,0.2,0.2,0.0
2023-07-09,3,0,0.0,0.011613111,0.034839332,1.3862943611198906,0.0,0.03424618,0.0,0.3333333333333333,1.0,0.0,0.0,0.0
2023-07-10,6,1,0.16666666666666666,0.18709666,1.1225799,1.9459101490553132,0.6931471805599453,0.7526323,0.0,0.16666666666666666,1.0,0.0,0.16666666666666666,0.0
2023-07-11,5,3,0.6,0.5899356,2.949678,1.791759469228055,1.3862943611198906,1.3736341,0.2,0.2,1.0,0.0,0.2,0.0
2023-07-12,4,4,1.0,0.9979699,3.9918797,1.6094379124341003,1.6094379124341003,1.6078125,0.75,0.75,1.0,0.0,0.0,0.0
2023-07-13,2,1,0.5,0.36189535,0.7237907,1.0986122886681098,0.6931471805599453,0.54452574,0.5,0.0,1.0,0.0,0.0,0.0
2023-07-14,4,3,0.75,0.71065104,2.8426042,1.6094379124341003,1.3862943611198906,1.3461503,0.75,0.5,0.5,0.25,0.25,0.0
2023-07-15,5,4,0.8,0.7999042,3.999521,1.791759469228055,1.6094379124341003,1.6093421,0.4,0.6,0.6,0.4,0.0,0.0
2023-07-16,4,3,0.75,0.71183884,2.8473554,1.6094379124341003,1.3862943611198906,1.347386,0.25,0.25,0.75,0.0,0.0,0.0
2023-07-17,3,2,0.6666666666666666,0.66629153,1.9988745,1.3862943611198906,1.0986122886681098,1.098237,0.3333333333333333,0.0,0.6666666666666666,0.0,0.0,0.0
2023-07-18,4,4,1.0,0.9992509,3.9970036,1.6094379124341003,1.6094379124341003,1.6088384,1.0,0.75,0.25,0.0,0.5,0.0
2023-07-19,3,3,1.0,0.8501187,2.5503561,1.3862943611198906,1.3862943611198906,1.2670479,0.6666666666666666,0.6666666666666666,0.3333333333333333,0.0,0.3333333333333333,0.0
2023-07-20,4,2,0.5,0.50041413,2.0016565,1.6094379124341003,1.0986122886681098,1.0991644,0.5,0.75,0.75,0.0,0.0,0.0
2023-07-21,1,0,0.0,0.0017787167,0.0017787167,0.6931471805599453,0.0,0.0017771367,0.0,1.0,1.0,0.0,0.0,0.0
2023-07-22,1,1,1.0,0.9996301,0.9996301,0.6931471805599453,0.6931471805599453,0.6929622,0.0,0.0,1.0,0.0,0.0,0.0
2023-07-23,1,1,1.0,0.9994672,0.9994672,0.6931471805599453,0.6931471805599453,0.69288075,1.0,1.0,0.0,0.0,0.0,0.0
2023-07-24,3,0,0.0,0.0021541042,0.006462313,1.3862943611198906,0.0,0.0064415215,0.0,0.3333333333333333,1.0,0.0,0.0,0.0
2023-07-25,3,3,1.0,0.9790423,2.9371269,1.3862943611198906,1.3862943611198906,1.3704512,0.3333333333333333,0.0,1.0,0.0,0.0,0.0
2023-07-26,2,2,1.0,0.9989838,1.9979676,1.0986122886681098,1.0986122886681098,1.0979346,1.0,0.5,0.5,0.0,0.0,0.0
2023-07-27,1,0,0.0,0.0026708941,0.0026708941,0.6931471805599453,0.0,0.0026673337,0.0,0.0,1.0,0.0,0.0,0.0
2023-07-29,2,1,0.5,0.629307,1.258614,1.0986122886681098,0.6931471805599453,0.8147513,0.5,0.5,1.0,0.0,0.0,0.0
2023-07-30,4,3,0.75,0.75105596,3.0042238,1.6094379124341003,1.3862943611198906,1.3873497,0.5,0.0,0.5,0.0,0.0,0.0
2023-07-31,2,1,0.5,0.49491778,0.98983556,1.0986122886681098,0.6931471805599453,0.688052,0.0,0.5,1.0,0.0,0.0,0.0
2023-08-03,6,6,1.0,0.959827,5.758962,1.9459101490553132,1.9459101490553132,1.9108694,0.6666666666666666,0.8333333333333334,0.5,0.3333333333333333,0.3333333333333333,0.0
2023-08-04,1,0,0.0,0.0037459065,0.0037459065,0.6931471805599453,0.0,0.003738908,0.0,0.0,1.0,0.0,0.0,0.0
2023-08-05,2,2,1.0,0.9995618,1.9991236,1.0986122886681098,1.0986122886681098,1.0983201,1.0,0.5,0.0,0.0,0.0,0.0
2023-08-06,1,1,1.0,0.51223916,0.51223916,0.6931471805599453,0.6931471805599453,0.41359144,0.0,0.0,1.0,0.0,0.0,0.0
2023-08-07,2,1,0.5,0.50099593,1.0019919,1.0986122886681098,0.6931471805599453,0.69414264,0.5,0.0,0.5,0.0,0.0,0.0
2023-08-08,3,2,0.6666666666666666,0.67095995,2.0128798,1.3862943611198906,1.0986122886681098,1.1028965,1.0,0.3333333333333333,0.0,0.0,0.0,0.0
2023-08-09,1,1,1.0,0.9951513,0.9951513,0.6931471805599453,0.6931471805599453,0.6907199,0.0,1.0,1.0,0.0,0.0,0.0
2023-08-10,3,2,0.6666666666666666,0.72240657,2.1672196,1.3862943611198906,1.0986122886681098,1.1528541,0.0,0.0,1.0,0.0,0.3333333333333333,0.0
2023-08-11,1,0,0.0,0.003178736,0.003178736,0.6931471805599453,0.0,0.0031736945,0.0,0.0,1.0,0.0,0.0,0.0
2023-08-12,4,1,0.25,0.256594,1.026376,1.6094379124341003,0.6931471805599453,0.706249,0.0,0.0,1.0,0.0,0.0,0.0
2023-08-13,1,1,1.0,0.999521,0.999521,0.6931471805599453,0.6931471805599453,0.6929077,1.0,0.0,0.0,0.0,0.0,0.0
2023-08-15,1,1,1.0,0.9995185,0.9995185,0.6931471805599453,0.6931471805599453,0.69290644,1.0,1.0,0.0,0.0,1.0,0.0
2023-08-17,2,1,0.5,0.5011784,1.0023568,1.0986122886681098,0.6931471805599453,0.69432485,1.0,0.5,0.5,0.0,0.5,0.0
2023-08-18,3,1,0.3333333333333333,0.33762777,1.0128833,1.3862943611198906,0.6931471805599453,0.69956815,0.0,0.0,1.0,0.0,0.0,0.0
2023-08-19,4,3,0.75,0.73195416,2.9278166,1.6094379124341003,1.3862943611198906,1.3680837,0.25,0.0,1.0,0.0,0.25,0.0
2023-08-20,2,1,0.5,0.4999797,0.9999594,1.0986122886681098,0.6931471805599453,0.69312686,0.0,0.5,1.0,0.0,0.0,0.0
2023-08-21,3,1,0.3333333333333333,0.33423027,1.0026908,1.3862943611198906,0.6931471805599453,0.6944917,0.3333333333333333,0.0,1.0,0.0,0.0,0.0
2023-08-22,4,3,0.75,0.7539182,3.0156727,1.6094379124341003,1.3862943611198906,1.3902049,0.5,0.25,1.0,0.0,0.0,0.0
2023-08-23,4,2,0.5,0.59815925,2.392637,1.6094379124341003,1.0986122886681098,1.2216074,0.5,0.75,1.0,0.25,0.0,0.0
2023-08-24,6,3,0.5,0.49840724,2.9904435,1.9459101490553132,1.3862943611198906,1.3839024,0.8333333333333334,0.6666666666666666,0.6666666666666666,0.0,0.16666666666666666,0.0
2023-08-25,2,1,0.5,0.4914483,0.9828966,1.0986122886681098,0.6931471805599453,0.68455875,0.5,0.5,0.5,0.0,0.0,0.0
2023-08-27,3,2,0.6666666666666666,0.68554753,2.0566425,1.3862943611198906,1.0986122886681098,1.1173171,0.6666666666666666,0.3333333333333333,0.6666666666666666,0.0,0.0,0.0
2023-08-28,1,1,1.0,0.9993641,0.9993641,0.6931471805599453,0.6931471805599453,0.6928292,0.0,0.0,1.0,0.0,0.0,0.0
2023-08-29,4,2,0.5,0.507247,2.028988,1.6094379124341003,1.0986122886681098,1.1082286,0.75,0.25,0.25,0.0,0.0,0.0
2023-08-30,3,2,0.6666666666666666,0.65783924,1.9735177,1.3862943611198906,1.0986122886681098,1.0897456,0.3333333333333333,1.0,0.6666666666666666,0.0,0.3333333333333333,0.0
2023-08-31,2,2,1.0,0.99560225,1.9912045,1.0986122886681098,1.0986122886681098,1.0956762,0.5,0.0,0.5,0.0,0.0,0.0
2023-09-01,4,3,0.75,0.67030776,2.681231,1.6094379124341003,1.3862943611198906,1.3032472,0.25,0.5,1.0,0.0,0.0,0.0
2023-09-02,1,1,1.0,0.999579,0.999579,0.6931471805599453,0.6931471805599453,0.69293666,1.0,0.0,1.0,0.0,0.0,0.0
2023-09-03,3,1,0.3333333333333333,0.36288723,1.0886617,1.3862943611198906,0.6931471805599453,0.7365235,0.3333333333333333,0.3333333333333333,0.6666666666666666,0.3333333333333333,0.0,0.0
2023-09-04,1,0,0.0,0.043180723,0.043180723,0.6931471805599453,0.0,0.042274434,0.0,0.0,1.0,0.0,0.0,0.0
2023-09-05,4,2,0.5,0.52163976,2.086559,1.6094379124341003,1.0986122886681098,1.1270568,0.5,0.25,0.75,0.0,0.0,0.0
2023-09-06,2,0,0.0,0.03384493,0.06768986,1.0986122886681098,0.0,0.0654973,0.0,0.5,1.0,0.0,0.0,0.0
2023-09-07,2,1,0.5,0.5001281,1.0002562,1.0986122886681098,0.6931471805599453,0.6932753,0.0,0.5,1.0,0.0,0.0,0.0
2023-09-08,5,4,0.8,0.8009714,4.004857,1.791759469228055,1.6094379124341003,1.6104089,0.6,0.8,1.0,0.0,0.4,0.0
2023-09-09,2,2,1.0,0.9928449,1.9856898,1.0986122886681098,1.0986122886681098,1.0938308,0.0,0.5,1.0,0.0,0.0,0.0
2023-09-10,2,0,0.0,0.0047026444,0.009405289,1.0986122886681098,0.0,0.009361334,0.5,1.0,0.5,0.0,0.0,0.0
2023-09-11,3,1,0.3333333333333333,0.3367869,1.0103607,1.3862943611198906,0.6931471805599453,0.6983142,0.6666666666666666,0.6666666666666666,0.6666666666666666,0.0,0.3333333333333333,0.0
2023-09-12,3,3,1.0,0.87664956,2.6299486,1.3862943611198906,1.3862943611198906,1.2892185,0.0,0.3333333333333333,1.0,0.0,0.0,0.0
2023-09-14,4,0,0.0,0.059771866,0.23908746,1.6094379124341003,0.0,0.2143752,0.0,0.5,1.0,0.0,0.0,0.0
2023-09-15,5,1,0.2,0.25571907,1.2785953,1.791759469228055,0.6931471805599453,0.82355917,0.6,0.6,0.6,0.0,0.0,0.0
2023-09-16,1,0,0.0,0.0031729152,0.0031729152,0.6931471805599453,0.0,0.003167892,1.0,1.0,0.0,0.0,0.0,0.0
2023-09-17,3,1,0.3333333333333333,0.3427428,1.0282284,1.3862943611198906,0.6931471805599453,0.7071627,0.6666666666666666,0.3333333333333333,0.6666666666666666,0.0,0.3333333333333333,0.0
2023-09-18,8,2,0.25,0.25495183,2.0396147,2.1972245773362196,1.0986122886681098,1.1117308,0.375,0.625,0.625,0.0,0.0,0.0
2023-09-19,4,1,0.25,0.3096392,1.2385567,1.6094379124341003,0.6931471805599453,0.8058313,0.5,0.25,0.5,0.0,0.0,0.0
2023-09-20,3,3,1.0,0.9489057,2.8467171,1.3862943611198906,1.3862943611198906,1.3472201,0.6666666666666666,0.0,1.0,0.0,0.0,0.0
2023-09-21,2,1,0.5,0.5003705,1.000741,1.0986122886681098,0.6931471805599453,0.6935176,0.5,0.5,0.5,0.0,0.5,0.0
2023-09-22,3,2,0.6666666666666666,0.5376304,1.6128911,1.3862943611198906,1.0986122886681098,0.9604573,0.3333333333333333,0.3333333333333333,0.6666666666666666,0.0,0.0,0.0
2023-09-23,6,2,0.3333333333333333,0.32771885,1.9663131,1.9459101490553132,1.0986122886681098,1.0873199,0.6666666666666666,0.8333333333333334,0.3333333333333333,0.0,0.0,0.0
2023-09-24,4,2,0.5,0.50502217,2.0200887,1.6094379124341003,1.0986122886681098,1.1052862,0.5,0.5,0.75,0.0,0.0,0.0
2023-09-25,4,4,1.0,0.9950365,3.980146,1.6094379124341003,1.6094379124341003,1.6054592,1.0,0.75,1.0,0.0,0.25,0.0
2023-09-26,2,2,1.0,0.9992292,1.9984584,1.0986122886681098,1.0986122886681098,1.0980983,1.0,0.5,0.5,0.0,0.5,0.0
2023-09-27,3,1,0.3333333333333333,0.24965985,0.74897957,1.3862943611198906,0.6931471805599453,0.5590325,0.6666666666666666,1.0,0.3333333333333333,0.0,0.0,0.0
2023-09-28,2,2,1.0,0.99956095,1.9991219,1.0986122886681098,1.0986122886681098,1.0983195,1.0,1.0,0.5,0.0,0.0,0.0
2023-09-29,2,0,0.0,0.01612607,0.03225214,1.0986122886681098,0.0,0.03174296,0.5,0.5,0.5,0.0,0.0,0.0
2023-09-30,2,1,0.5,0.5002585,1.000517,1.0986122886681098,0.6931471805599453,0.6934056,1.0,0.5,0.0,0.0,0.0,0.0
2023-10-01,4,2,0.5,0.50068885,2.0027554,1.6094379124341003,1.0986122886681098,1.0995303,0.75,0.5,0.5,0.25,0.0,0.0
2023-10-02,7,2,0.2857142857142857,0.28706914,2.009484,2.0794415416798357,1.0986122886681098,1.1017687,0.42857142857142855,0.42857142857142855,0.7142857142857143,0.0,0.0,0.0
2023-10-03,2,2,1.0,0.9936544,1.9873087,1.0986122886681098,1.0986122886681098,1.0943729,1.0,0.5,0.0,0.0,0.0,0.0
2023-10-04,6,2,0.3333333333333333,0.36006394,2.1603837,1.9459101490553132,1.0986122886681098,1.1506934,0.8333333333333334,0.8333333333333334,0.5,0.0,0.0,0.0
2023-10-05,6,3,0.5,0.51164377,3.0698626,1.9459101490553132,1.3862943611198906,1.4036093,0.5,0.5,0.6666666666666666,0.0,0.0,0.0
2023-10-06,4,1,0.25,0.29798117,1.1919247,1.6094379124341003,0.6931471805599453,0.78478,1.0,1.0,0.0,0.0,0.0,0.0
2023-10-07,1,0,0.0,0.0017515427,0.0017515427,0.6931471805599453,0.0,0.0017500105,0.0,0.0,1.0,0.0,0.0,0.0
2023-10-09,4,1,0.25,0.25838262,1.0335305,1.6094379124341003,0.6931471805599453,0.7097734,0.5,0.75,0.5,0.0,0.0,0.0
2023-10-10,2,2,1.0,0.99930465,1.9986093,1.0986122886681098,1.0986122886681098,1.0981486,1.0,0.5,0.0,0.0,0.0,0.0
2023-10-11,2,1,0.5,0.5006823,1.0013646,1.0986122886681098,0.6931471805599453,0.69382924,0.5,0.0,0.5,0.0,0.0,0.0
2023-10-12,3,1,0.3333333333333333,0.33416653,1.0024996,1.3862943611198906,0.6931471805599453,0.6943962,1.0,0.6666666666666666,0.3333333333333333,0.0,0.0,0.0
2023-10-13,4,2,0.5,0.5070751,2.0283003,1.6094379124341003,1.0986122886681098,1.1080015,0.5,0.25,0.5,0.0,0.25,0.0
2023-10-14,2,1,0.5,0.51340425,1.0268085,1.0986122886681098,0.6931471805599453,0.7064624,1.0,1.0,0.0,0.0,0.0,0.0
2023-10-15,2,1,0.5,0.50011283,1.0002257,1.0986122886681098,0.6931471805599453,0.69326,0.5,0.0,0.5,0.0,0.0,0.0
2023-10-17,1,0,0.0,0.28976515,0.28976515,0.6931471805599453,0.0,0.25446016,0.0,1.0,1.0,0.0,0.0,0.0
2023-10-19,2,1,0.5,0.6537689,1.3075378,1.0986122886681098,0.6931471805599453,0.83618104,1.0,1.0,0.5,0.0,0.0,0.0
2023-10-20,3,1,0.3333333333333333,0.34183335,1.0255,1.3862943611198906,0.6931471805599453,0.7058166,0.3333333333333333,0.3333333333333333,1.0,0.0,0.3333333333333333,0.0
2023-10-21,1,1,1.0,0.99784136,0.99784136,0.6931471805599453,0.6931471805599453,0.69206727,0.0,0.0,1.0,0.0,0.0,0.0
2023-10-22,2,0,0.0,0.088488966,0.17697793,1.0986122886681098,0.0,0.16295008,0.0,1.0,1.0,0.0,0.0,0.0
2023-10-24,1,1,1.0,0.99908364,0.99908364,0.6931471805599453,0.6931471805599453,0.6926889,1.0,0.0,0.0,0.0,0.0,0.0
2023-10-25,6,4,0.6666666666666666,0.683955,4.10373,1.9459101490553132,1.6094379124341003,1.6299717,0.6666666666666666,0.5,0.3333333333333333,0.16666666666666666,0.0,0.0
2023-10-26,3,0,0.0,0.040433276,0.12129983,1.3862943611198906,0.0,0.11448857,0.3333333333333333,0.6666666666666666,0.6666666666666666,0.0,0.0,0.0
2023-10-27,2,0,0.0,0.12660204,0.25320408,1.0986122886681098,0.0,0.22570354,0.0,0.5,1.0,0.0,0.0,0.0
2023-10-28,1,0,0.0,0.0014135421,0.0014135421,0.6931471805599453,0.0,0.0014125439,0.0,1.0,1.0,0.0,0.0,0.0
2023-10-29,1,0,0.0,0.0019273649,0.0019273649,0.6931471805599453,0.0,0.0019255099,0.0,0.0,1.0,0.0,0.0,0.0
2023-10-30,3,3,1.0,0.9995715,2.9987144,1.3862943611198906,1.3862943611198906,1.385973,0.6666666666666666,1.0,0.6666666666666666,0.0,0.0,0.0
2023-10-31,5,2,0.4,0.3753418,1.876709,1.791759469228055,1.0986122886681098,1.056647,0.2,0.8,1.0,0.0,0.0,0.0
2023-11-01,5,3,0.6,0.60169965,3.0084982,1.791759469228055,1.3862943611198906,1.3884166,0.8,0.8,0.4,0.4,0.0,0.0
2023-11-02,5,2,0.4,0.40160426,2.0080214,1.791759469228055,1.0986122886681098,1.1012825,0.4,0.4,0.6,0.4,0.0,0.0
2023-11-03,4,3,0.75,0.76464343,3.0585737,1.6094379124341003,1.3862943611198906,1.4008316,0.25,0.25,1.0,0.0,0.0,0.0
2023-11-04,2,2,1.0,0.9995458,1.9990916,1.0986122886681098,1.0986122886681098,1.0983095,0.5,0.5,0.5,0.5,0.0,0.0
2023-11-05,5,3,0.6,0.5987547,2.9937735,1.791759469228055,1.3862943611198906,1.3847365,0.4,0.8,0.6,0.0,0.0,0.0
2023-11-06,6,5,0.8333333333333334,0.8414631,5.0487785,1.9459101490553132,1.791759469228055,1.7998564,0.8333333333333334,0.8333333333333334,0.8333333333333334,0.0,0.16666666666666666,0.0
2023-11-07,7,4,0.5714285714285714,0.57391423,4.0174,2.0794415416798357,1.6094379124341003,1.6129118,1.0,1.0,0.42857142857142855,0.0,0.0,0.0
2023-11-08,2,1,0.5,0.25927255,0.5185451,1.0986122886681098,0.6931471805599453,0.4177527,1.0,1.0,0.0,0.0,0.0,0.0
2023-11-09,5,5,1.0,0.99227726,4.961386,1.791759469228055,1.791759469228055,1.7853031,1.0,0.6,0.8,0.0,0.0,0.0
2023-11-10,2,1,0.5,0.5072941,1.0145882,1.0986122886681098,0.6931471805599453,0.70041484,1.0,1.0,0.5,0.0,0.0,0.0
2023-11-11,1,1,1.0,0.9996006,0.9996006,0.6931471805599453,0.6931471805599453,0.69294745,1.0,1.0,1.0,0.0,1.0,0.0
2023-11-12,2,0,0.0,0.029722039,0.059444077,1.0986122886681098,0.0,0.057744313,0.0,0.0,1.0,0.0,0.5,0.0
2023-11-13,2,1,0.5,0.5118322,1.0236644,1.0986122886681098,0.6931471805599453,0.7049099,1.0,1.0,0.0,0.0,0.0,0.0
2023-11-14,5,3,0.6,0.6240848,3.1204238,1.791759469228055,1.3862943611198906,1.415956,0.8,0.4,0.8,0.0,0.0,0.0
2023-11-15,5,3,0.6,0.61026776,3.0513387,1.791759469228055,1.3862943611198906,1.3990474,0.6,0.2,0.8,0.0,0.0,0.0
2023-11-16,4,3,0.75,0.738096,2.952384,1.6094379124341003,1.3862943611198906,1.374319,1.0,0.0,0.0,0.0,0.0,0.0
2023-11-17,7,2,0.2857142857142857,0.31106234,2.1774364,2.0794415416798357,1.0986122886681098,1.1560748,0.8571428571428571,0.8571428571428571,0.2857142857142857,0.0,0.14285714285714285,0.0
2023-11-18,2,0,0.0,0.015259509,0.030519018,1.0986122886681098,0.0,0.030062577,0.5,0.5,0.5,0.0,0.0,0.0
2023-11-19,1,1,1.0,0.99959034,0.99959034,0.6931471805599453,0.6931471805599453,0.6929423,1.0,0.0,1.0,0.0,0.0,0.0
2023-11-20,1,1,1.0,0.99966466,0.99966466,0.6931471805599453,0.6931471805599453,0.6929795,1.0,0.0,1.0,0.0,1.0,0.0
2023-11-21,7,5,0.7142857142857143,0.7029027,4.9203186,2.0794415416798357,1.791759469228055,1.7783903,0.8571428571428571,0.42857142857142855,0.2857142857142857,0.5714285714285714,0.0,0.0
2023-11-22,5,4,0.8,0.80067766,4.0033884,1.791759469228055,1.6094379124341003,1.6101154,0.8,0.6,0.6,0.2,0.2,0.0
2023-11-23,3,2,0.6666666666666666,0.6668715,2.0006144,1.3862943611198906,1.0986122886681098,1.0988171,0.3333333333333333,0.3333333333333333,1.0,0.0,0.0,0.0
2023-11-24,4,4,1.0,0.99873716,3.9949486,1.6094379124341003,1.6094379124341003,1.6084272,1.0,1.0,0.25,0.5,0.0,0.0
2023-11-25,4,2,0.5,0.5011076,2.0044303,1.6094379124341003,1.0986122886681098,1.100088,0.5,0.75,0.75,0.0,0.0,0.0
2023-11-26,2,2,1.0,0.99963754,1.9992751,1.0986122886681098,1.0986122886681098,1.0983707,1.0,1.0,1.0,0.0,0.0,0.0
2023-11-27,6,5,0.8333333333333334,0.83334255,5.0000553,1.9459101490553132,1.791759469228055,1.7917687,1.0,0.5,0.5,0.0,0.0,0.0
2023-11-28,3,0,0.0,0.02315025,0.06945075,1.3862943611198906,0.0,0.0671452,0.3333333333333333,0.3333333333333333,0.6666666666666666,0.0,0.0,0.0
2023-11-29,3,0,0.0,0.027099287,0.08129786,1.3862943611198906,0.0,0.07816204,1.0,1.0,0.0,0.0,0.0,0.0
2023-11-30,5,4,0.8,0.7983239,3.9916196,1.791759469228055,1.6094379124341003,1.6077604,0.8,0.8,0.6,0.0,0.0,0.0
2023-12-01,1,1,1.0,0.9989832,0.9989832,0.6931471805599453,0.6931471805599453,0.69263864,1.0,0.0,0.0,0.0,0.0,0.0
2023-12-02,3,1,0.3333333333333333,0.43953267,1.318598,1.3862943611198906,0.6931471805599453,0.8409627,1.0,0.6666666666666666,0.0,0.0,0.0,0.0
2023-12-03,2,1,0.5,0.50698364,1.0139673,1.0986122886681098,0.6931471805599453,0.70010656,1.0,1.0,0.5,0.0,0.0,0.0
2023-12-04,8,5,0.625,0.6253457,5.0027657,2.1972245773362196,1.791759469228055,1.7922204,0.75,0.625,0.25,0.0,0.0,0.0
2023-12-05,6,2,0.3333333333333333,0.34833243,2.0899947,1.9459101490553132,1.0986122886681098,1.1281694,0.5,0.3333333333333333,0.6666666666666666,0.16666666666666666,0.0,0.0
2023-12-06,8,4,0.5,0.4863063,3.8904505,2.1972245773362196,1.6094379124341003,1.5872844,0.5,0.625,0.625,0.0,0.0,0.0
2023-12-07,4,1,0.25,0.25154495,1.0061798,1.6094379124341003,0.6931471805599453,0.6962323,0.25,0.25,1.0,0.0,0.0,0.0
2023-12-08,5,2,0.4,0.471004,2.35502,1.791759469228055,1.0986122886681098,1.2104578,0.8,0.6,0.4,0.2,0.0,0.0
2023-12-09,4,2,0.5,0.4925698,1.9702792,1.6094379124341003,1.0986122886681098,1.088656,0.75,0.75,0.75,0.0,0.0,0.0
2023-12-10,2,0,0.0,0.0012900147,0.0025800294,1.0986122886681098,0.0,0.002576707,0.0,0.0,1.0,0.0,0.0,0.0
2023-12-11,5,2,0.4,0.43374634,2.1687317,1.791759469228055,1.0986122886681098,1.1533314,0.8,0.8,0.8,0.0,0.0,0.0
2023-12-12,3,3,1.0,0.8865118,2.6595354,1.3862943611198906,1.3862943611198906,1.2973362,0.6666666666666666,0.6666666666666666,0.6666666666666666,0.0,0.0,0.0
2023-12-13,2,1,0.5,0.501532,1.003064,1.0986122886681098,0.6931471805599453,0.694678,0.5,0.0,0.5,0.0,0.0,0.0
2023-12-14,5,3,0.6,0.60093653,3.0046825,1.791759469228055,1.3862943611198906,1.3874643,0.8,0.6,0.6,0.0,0.2,0.0
2023-12-15,3,3,1.0,0.9840422,2.9521267,1.3862943611198906,1.3862943611198906,1.3742539,0.6666666666666666,0.6666666666666666,0.6666666666666666,0.3333333333333333,0.0,0.0
2023-12-16,4,2,0.5,0.5041021,2.0164084,1.6094379124341003,1.0986122886681098,1.1040668,0.75,1.0,0.25,0.0,0.0,0.0
2023-12-17,4,4,1.0,0.9995781,3.9983125,1.6094379124341003,1.6094379124341003,1.6091003,1.0,1.0,0.25,0.0,0.0,0.0
2023-12-18,2,1,0.5,0.5019711,1.0039423,1.0986122886681098,0.6931471805599453,0.69511634,0.5,1.0,0.5,0.0,0.5,0.0
2023-12-19,4,2,0.5,0.5006058,2.0024233,1.6094379124341003,1.0986122886681098,1.0994197,0.75,0.5,0.5,0.0,0.5,0.0
2023-12-20,4,1,0.25,0.26652688,1.0661075,1.6094379124341003,0.6931471805599453,0.7256664,0.75,0.75,0.5,0.0,0.0,0.0
2023-12-21,6,2,0.3333333333333333,0.3525839,2.1155033,1.9459101490553132,1.0986122886681098,1.1363907,0.6666666666666666,0.8333333333333334,0.3333333333333333,0.0,0.3333333333333333,0.0
2023-12-22,2,1,0.5,0.4973005,0.994601,1.0986122886681098,0.6931471805599453,0.69044405,1.0,0.5,0.0,0.0,0.0,0.0
2023-12-23,3,3,1.0,0.99949074,2.9984722,1.3862943611198906,1.3862943611198906,1.3859123,1.0,0.6666666666666666,0.6666666666666666,0.0,0.0,0.0
2023-12-24,2,0,0.0,0.11373596,0.22747192,1.0986122886681098,0.0,0.20495671,0.5,1.0,0.5,0.0,0.0,0.0
2023-12-25,5,2,0.4,0.37498897,1.8749449,1.791759469228055,1.0986122886681098,1.0560335,0.8,0.8,0.2,0.0,0.0,0.0
2023-12-26,2,2,1.0,0.99942183,1.9988437,1.0986122886681098,1.0986122886681098,1.0982268,1.0,1.0,0.5,0.0,0.0,0.0
2023-12-27,5,2,0.4,0.4243838,2.121919,1.791759469228055,1.0986122886681098,1.1384479,1.0,1.0,0.2,0.0,0.4,0.0
2023-12-28,3,2,0.6666666666666666,0.60496336,1.8148901,1.3862943611198906,1.0986122886681098,1.0349232,0.6666666666666666,0.3333333333333333,0.3333333333333333,0.0,0.0,0.0
2023-12-29,4,2,0.5,0.47872856,1.9149143,1.6094379124341003,1.0986122886681098,1.0698404,1.0,1.0,0.0,0.0,0.0,0.0
2023-12-30,3,1,0.3333333333333333,0.32966378,0.9889913,1.3862943611198906,0.6931471805599453,0.6876276,0.6666666666666666,1.0,0.6666666666666666,0.3333333333333333,0.0,0.0
2023-12-31,2,0,0.0,0.0034080227,0.0068160454,1.0986122886681098,0.0,0.006792921,0.0,0.0,1.0,0.0,0.0,0.0
2024-01-01,5,2,0.4,0.39942604,1.9971302,1.791759469228055,1.0986122886681098,1.0976553,0.8,0.8,0.2,0.0,0.0,0.0
2024-01-02,4,1,0.25,0.2528196,1.0112784,1.6094379124341003,0.6931471805599453,0.6987705,0.25,0.0,1.0,0.0,0.0,0.0
2024-01-03,5,3,0.6,0.59002703,2.9501352,1.791759469228055,1.3862943611198906,1.3737499,0.6,0.6,0.4,0.0,0.4,0.0
2024-01-04,4,1,0.25,0.25793895,1.0317558,1.6094379124341003,0.6931471805599453,0.70890033,0.75,0.75,0.25,0.0,0.0,0.0
2024-01-05,4,1,0.25,0.25376385,1.0150554,1.6094379124341003,0.6931471805599453,0.7006467,0.25,0.25,0.75,0.0,0.0,0.0
2024-01-06,3,1,0.3333333333333333,0.34284306,1.0285292,1.3862943611198906,0.6931471805599453,0.707311,0.6666666666666666,0.6666666666666666,0.6666666666666666,0.0,0.0,0.0
2024-01-07,1,0,0.0,0.007116481,0.007116481,0.6931471805599453,0.0,0.0070912787,0.0,1.0,1.0,0.0,0.0,0.0
2024-01-08,5,2,0.4,0.40148082,2.007404,1.791759469228055,1.0986122886681098,1.1010773,1.0,1.0,0.0,0.2,0.0,0.0
2024-01-09,2,2,1.0,0.9991225,1.998245,1.0986122886681098,1.0986122886681098,1.0980271,1.0,1.0,1.0,0.0,0.0,0.0
2024-01-10,5,5,1.0,0.9995023,4.9975114,1.791759469228055,1.791759469228055,1.7913446,1.0,0.8,0.6,0.0,0.2,0.0
2024-01-11,2,1,0.5,0.49901083,0.99802166,1.0986122886681098,0.6931471805599453,0.6921575,0.5,1.0,0.5,0.0,0.0,0.0
2024-01-12,2,1,0.5,0.49929652,0.99859303,1.0986122886681098,0.6931471805599453,0.69244343,1.0,0.5,0.5,0.0,0.5,0.0
2024-01-13,3,1,0.3333333333333333,0.34122384,1.0236715,1.3862943611198906,0.6931471805599453,0.70491344,1.0,0.6666666666666666,0.0,0.0,0.0,0.0
2024-01-14,6,4,0.6666666666666666,0.66685367,4.001122,1.9459101490553132,1.6094379124341003,1.6096623,0.6666666666666666,0.6666666666666666,0.3333333333333333,0.0,0.0,0.0
2024-01-15,9,4,0.4444444444444444,0.44897476,4.040773,2.302585092994046,1.6094379124341003,1.6175594,0.7777777777777778,0.8888888888888888,0.3333333333333333,0.0,0.0,0.0
2024-01-16,7,4,0.5714285714285714,0.5733615,4.0135307,2.0794415416798357,1.6094379124341003,1.6121404,0.8571428571428571,0.5714285714285714,0.2857142857142857,0.14285714285714285,0.14285714285714285,0.0
2024-01-17,5,4,0.8,0.7847932,3.923966,1.791759469228055,1.6094379124341003,1.5941143,0.8,0.8,0.2,0.2,0.2,0.0
2024-01-18,4,1,0.25,0.25860116,1.0344046,1.6094379124341003,0.6931471805599453,0.71020323,1.0,1.0,0.0,0.0,0.0,0.0
2024-01-19,6,3,0.5,0.36747923,2.2048755,1.9459101490553132,1.3862943611198906,1.1646732,0.6666666666666666,0.8333333333333334,0.5,0.0,0.0,0.0
2024-01-20,9,2,0.2222222222222222,0.22419731,2.0177758,2.302585092994046,1.0986122886681098,1.1045201,0.5555555555555556,0.5555555555555556,0.6666666666666666,0.0,0.1111111111111111,0.0
2024-01-21,6,0,0.0,0.051789165,0.310735,1.9459101490553132,0.0,0.27058804,0.8333333333333334,0.6666666666666666,0.16666666666666666,0.0,0.16666666666666666,0.0
2024-01-22,6,2,0.3333333333333333,0.33438075,2.0062845,1.9459101490553132,1.0986122886681098,1.1007049,0.8333333333333334,0.6666666666666666,0.16666666666666666,0.0,0.0,0.0
2024-01-23,4,0,0.0,0.001928018,0.007712072,1.6094379124341003,0.0,0.0076824864,0.75,0.75,0.25,0.0,0.0,0.0
2024-01-24,11,4,0.36363636363636365,0.4032854,4.4361396,2.4849066497880004,1.6094379124341003,1.6930692,1.0,0.9090909090909091,0.36363636363636365,0.0,0.09090909090909091,0.0
2024-01-25,8,4,0.5,0.5008786,4.0070286,2.1972245773362196,1.6094379124341003,1.6108427,1.0,0.875,0.5,0.0,0.125,0.0
2024-01-26,3,0,0.0,0.009237186,0.02771156,1.3862943611198906,0.0,0.027334543,1.0,1.0,0.0,0.0,0.0,0.0
2024-01-27,1,0,0.0,0.0018756152,0.0018756152,0.6931471805599453,0.0,0.0018738584,1.0,1.0,0.0,0.0,0.0,0.0
2024-01-28,4,2,0.5,0.50160676,2.006427,1.6094379124341003,1.0986122886681098,1.1007524,0.75,0.5,0.25,0.0,0.25,0.0
2024-01-29,7,7,1.0,0.99935293,6.9954705,2.0794415416798357,2.0794415416798357,2.0788753,1.0,0.2857142857142857,0.2857142857142857,0.0,0.14285714285714285,0.0
2024-01-30,4,2,0.5,0.51503533,2.0601413,1.6094379124341003,1.0986122886681098,1.1184611,1.0,0.75,0.25,0.0,0.0,0.0
2024-01-31,2,1,0.5,0.50845146,1.0169029,1.0986122886681098,0.6931471805599453,0.7015631,1.0,1.0,0.0,0.0,0.0,0.0
2024-02-01,10,4,0.4,0.4427523,4.427523,2.3978952727983707,1.6094379124341003,1.6914829,0.9,0.8,0.2,0.0,0.1,0.0
2024-02-02,8,4,0.5,0.5249565,4.199652,2.1972245773362196,1.6094379124341003,1.6485918,0.875,0.75,0.25,0.125,0.0,0.0
2024-02-03,7,4,0.5714285714285714,0.6225223,4.357656,2.0794415416798357,1.6094379124341003,1.6785266,1.0,0.2857142857142857,0.42857142857142855,0.0,0.14285714285714285,0.0
2024-02-04,3,1,0.3333333333333333,0.38112542,1.1433762,1.3862943611198906,0.6931471805599453,0.76238227,0.6666666666666666,0.3333333333333333,0.6666666666666666,0.0,0.0,0.0
2024-02-05,2,2,1.0,0.99933934,1.9986787,1.0986122886681098,1.0986122886681098,1.0981717,1.0,1.0,1.0,0.5,0.5,0.0
2024-02-06,4,0,0.0,0.008477941,0.033911765,1.6094379124341003,0.0,0.03334944,0.75,1.0,0.25,0.0,0.0,0.0
2024-02-07,4,1,0.25,0.25278258,1.0111303,1.6094379124341003,0.6931471805599453,0.6986969,0.75,0.75,0.25,0.0,0.0,0.0
2024-02-08,2,1,0.5,0.5005795,1.001159,1.0986122886681098,0.6931471805599453,0.6937265,0.5,0.5,1.0,0.5,0.0,0.0
2024-02-09,6,2,0.3333333333333333,0.3360531,2.0163186,1.9459101490553132,1.0986122886681098,1.104037,0.5,0.3333333333333333,0.6666666666666666,0.0,0.16666666666666666,0.0
2024-02-10,3,2,0.6666666666666666,0.64863807,1.9459143,1.3862943611198906,1.0986122886681098,1.0804193,0.3333333333333333,0.6666666666666666,0.6666666666666666,0.0,0.0,0.0
2024-02-11,3,2,0.6666666666666666,0.6669652,2.0008955,1.3862943611198906,1.0986122886681098,1.0989108,0.6666666666666666,0.6666666666666666,0.3333333333333333,0.0,0.3333333333333333,0.0
2024-02-12,1,1,1.0,0.99961144,0.99961144,0.6931471805599453,0.6931471805599453,0.6929529,1.0,1.0,0.0,0.0,0.0,0.0
2024-02-13,1,0,0.0,0.2089664,0.2089664,0.6931471805599453,0.0,0.18976578,1.0,1.0,0.0,0.0,0.0,0.0
2024-02-14,4,3,0.75,0.75641525,3.025661,1.6094379124341003,1.3862943611198906,1.3926891,0.75,0.75,1.0,0.0,0.25,0.0
2024-02-15,6,3,0.5,0.4148917,2.48935,1.9459101490553132,1.3862943611198906,1.2497154,0.8333333333333334,0.8333333333333334,0.16666666666666666,0.0,0.0,0.0
2024-02-16,5,2,0.4,0.41127104,2.0563552,1.791759469228055,1.0986122886681098,1.1172231,0.8,1.0,0.2,0.2,0.2,0.0
2024-02-17,4,3,0.75,0.7487879,2.9951515,1.6094379124341003,1.3862943611198906,1.3850815,0.75,0.5,0.75,0.0,0.25,0.0
2024-02-18,3,2,0.6666666666666666,0.66820973,2.0046291,1.3862943611198906,1.0986122886681098,1.1001542,0.0,0.3333333333333333,1.0,0.0,0.0,0.0
2024-02-19,9,5,0.5555555555555556,0.55215836,4.969425,2.302585092994046,1.791759469228055,1.7866507,1.0,0.5555555555555556,0.2222222222222222,0.0,0.0,0.0
2024-02-20,3,1,0.3333333333333333,0.35122314,1.0536695,1.3862943611198906,0.6931471805599453,0.71962816,0.6666666666666666,0.6666666666666666,0.6666666666666666,0.0,0.0,0.0
2024-02-21,4,3,0.75,0.75084084,3.0033634,1.6094379124341003,1.3862943611198906,1.3871349,1.0,0.75,0.25,0.0,0.0,0.0
2024-02-22,2,0,0.0,0.0017943848,0.0035887696,1.0986122886681098,0.0,0.0035823453,1.0,1.0,0.0,0.0,0.0,0.0
2024-02-23,8,0,0.0,0.0118232,0.0945856,2.1972245773362196,0.0,0.09037584,0.75,0.75,0.25,0.0,0.0,0.0
2024-02-24,4,2,0.5,0.37614518,1.5045807,1.6094379124341003,1.0986122886681098,0.91812134,0.5,0.75,0.75,0.0,0.0,0.0
2024-02-25,4,3,0.75,0.6932441,2.7729764,1.6094379124341003,1.3862943611198906,1.3278642,0.75,0.75,0.75,0.0,0.0,0.0
2024-02-26,2,1,0.5,0.5005856,1.0011712,1.0986122886681098,0.6931471805599453,0.6937326,1.0,1.0,0.0,0.0,0.0,0.0
2024-02-27,1,1,1.0,0.99967873,0.99967873,0.6931471805599453,0.6931471805599453,0.69298655,1.0,1.0,1.0,1.0,0.0,0.0
2024-02-28,4,2,0.5,0.57791746,2.3116698,1.6094379124341003,1.0986122886681098,1.1974525,0.5,0.5,0.5,0.0,0.0,0.0
2024-02-29,1,0,0.0,0.04689118,0.04689118,0.6931471805599453,0.0,0.04582499,1.0,1.0,1.0,0.0,0.0,0.0
2024-03-01,4,1,0.25,0.25154695,1.0061878,1.6094379124341003,0.6931471805599453,0.6962363,0.75,0.5,0.25,0.0,0.0,0.0
2024-03-02,1,1,1.0,0.99951255,0.99951255,0.6931471805599453,0.6931471805599453,0.69290346,1.0,1.0,0.0,0.0,0.0,0.0
2024-03-03,5,3,0.6,0.58529663,2.9264832,1.791759469228055,1.3862943611198906,1.3677442,1.0,1.0,0.2,0.0,0.2,0.0
2024-03-04,2,1,0.5,0.5118639,1.0237278,1.0986122886681098,0.6931471805599453,0.7049413,1.0,0.5,0.0,0.0,0.0,0.0
2024-03-05,3,1,0.3333333333333333,0.33463737,1.0039121,1.3862943611198906,0.6931471805599453,0.6951013,1.0,1.0,0.0,0.0,0.0,0.0
2024-03-06,6,4,0.6666666666666666,0.665581,3.993486,1.9459101490553132,1.6094379124341003,1.6081343,0.8333333333333334,1.0,0.8333333333333334,0.5,0.0,0.0
2024-03-07,6,5,0.8333333333333334,0.7529306,4.5175834,1.9459101490553132,1.791759469228055,1.70794,0.8333333333333334,1.0,0.3333333333333333,0.16666666666666666,0.0,0.0
2024-03-08,1,1,1.0,0.9993892,0.9993892,0.6931471805599453,0.6931471805599453,0.6928417,1.0,1.0,1.0,0.0,0.0,0.0
2024-03-10,1,0,0.0,0.0011592585,0.0011592585,0.6931471805599453,0.0,0.0011585872,1.0,1.0,0.0,0.0,0.0,0.0
2024-03-11,3,1,0.3333333333333333,0.36760017,1.1028005,1.3862943611198906,0.6931471805599453,0.74327004,0.6666666666666666,0.3333333333333333,0.6666666666666666,0.0,0.0,0.0
2024-03-12,2,2,1.0,0.9995487,1.9990973,1.0986122886681098,1.0986122886681098,1.0983114,1.0,1.0,1.0,0.0,0.0,0.0
2024-03-13,4,3,0.75,0.74174196,2.9669678,1.6094379124341003,1.3862943611198906,1.378002,0.5,1.0,0.5,0.0,0.0,0.0
2024-03-14,5,5,1.0,0.99946845,4.997342,1.791759469228055,1.791759469228055,1.7913164,1.0,1.0,0.4,0.0,0.0,0.0
2024-03-15,1,0,0.0,0.0013426176,0.0013426176,0.6931471805599453,0.0,0.0013417171,0.0,0.0,1.0,0.0,0.0,0.0
2024-03-16,5,4,0.8,0.8048862,4.024431,1.791759469228055,1.6094379124341003,1.6143123,0.6,1.0,0.4,0.0,0.4,0.0
2024-03-17,2,1,0.5,0.4910833,0.9821666,1.0986122886681098,0.6931471805599453,0.6841905,1.0,1.0,0.0,0.0,0.0,0.0
2024-03-18,3,2,0.6666666666666666,0.6667629,2.0002887,1.3862943611198906,1.0986122886681098,1.0987085,1.0,1.0,0.3333333333333333,0.0,0.0,0.0
2024-03-19,5,2,0.4,0.418796,2.09398,1.791759469228055,1.0986122886681098,1.1294583,0.6,0.4,0.6,0.0,0.0,0.0
2024-03-20,4,2,0.5,0.5011946,2.0047784,1.6094379124341003,1.0986122886681098,1.1002039,0.5,0.5,0.75,0.0,0.25,0.0
2024-03-21,4,3,0.75,0.7477238,2.9908953,1.6094379124341003,1.3862943611198906,1.3840156,0.75,0.5,0.25,0.0,0.0,0.0
2024-03-22,4,2,0.5,0.5026226,2.0104904,1.6094379124341003,1.0986122886681098,1.102103,1.0,1.0,0.25,0.0,0.0,0.0
2024-03-23,6,4,0.6666666666666666,0.62117773,3.7270663,1.9459101490553132,1.6094379124341003,1.5533048,0.6666666666666666,0.6666666666666666,0.6666666666666666,0.0,0.0,0.0
2024-03-24,11,1,0.09090909090909091,0.11559627,1.271559,2.4849066497880004,0.6931471805599453,0.8204664,0.36363636363636365,0.9090909090909091,0.8181818181818182,0.0,0.0,0.0
2024-03-25,4,3,0.75,0.7666933,3.0667732,1.6094379124341003,1.3862943611198906,1.4028499,0.75,1.0,0.5,0.0,0.0,0.0
2024-03-26,6,4,0.6666666666666666,0.6906497,4.143898,1.9459101490553132,1.6094379124341003,1.6378112,0.8333333333333334,0.6666666666666666,0.3333333333333333,0.0,0.16666666666666666,0.0
2024-03-27,7,6,0.8571428571428571,0.80427736,5.6299415,2.0794415416798357,1.9459101490553132,1.891596,1.0,1.0,0.14285714285714285,0.0,0.0,0.0
2024-03-28,5,4,0.8,0.7867584,3.933792,1.791759469228055,1.6094379124341003,1.596108,0.4,1.0,0.6,0.0,0.0,0.0
2024-03-29,5,3,0.6,0.5239189,2.6195946,1.791759469228055,1.3862943611198906,1.286362,0.8,0.8,0.4,0.0,0.0,0.0
2024-03-30,4,3,0.75,0.7651174,3.0604696,1.6094379124341003,1.3862943611198906,1.4012986,0.5,0.5,0.5,0.0,0.25,0.0
2024-03-31,2,2,1.0,0.99951696,1.9990339,1.0986122886681098,1.0986122886681098,1.0982902,1.0,1.0,1.0,0.0,0.0,0.0
2024-04-01,10,6,0.6,0.556229,5.56229,2.3978952727983707,1.9459101490553132,1.8813397,0.6,0.5,0.6,0.1,0.2,0.0
2024-04-02,3,3,1.0,0.9994847,2.998454,1.3862943611198906,1.3862943611198906,1.3859078,1.0,0.6666666666666666,0.3333333333333333,0.3333333333333333,0.6666666666666666,0.0
2024-04-03,1,1,1.0,0.99945325,0.99945325,0.6931471805599453,0.6931471805599453,0.6928738,1.0,1.0,0.0,0.0,0.0,0.0
2024-04-04,4,2,0.5,0.5032085,2.012834,1.6094379124341003,1.0986122886681098,1.1028812,0.5,0.25,0.75,0.0,0.25,0.0
2024-04-05,6,6,1.0,0.99934745,5.9960847,1.9459101490553132,1.9459101490553132,1.9453506,1.0,0.5,0.3333333333333333,0.0,0.0,0.0
2024-04-06,3,2,0.6666666666666666,0.6372226,1.9116678,1.3862943611198906,1.0986122886681098,1.0687261,0.3333333333333333,0.3333333333333333,1.0,0.0,0.3333333333333333,0.0
2024-04-07,2,2,1.0,0.98854506,1.9770901,1.0986122886681098,1.0986122886681098,1.0909464,0.5,0.5,0.5,0.5,0.5,0.0
2024-04-08,2,1,0.5,0.4769165,0.953833,1.0986122886681098,0.6931471805599453,0.66979307,0.0,0.5,1.0,0.0,0.0,0.0
2024-04-09,1,0,0.0,0.0010411924,0.0010411924,0.6931471805599453,0.0,0.0010406508,1.0,0.0,0.0,0.0,0.0,0.0
2024-04-10,3,3,1.0,0.9995444,2.9986331,1.3862943611198906,1.3862943611198906,1.3859526,1.0,0.6666666666666666,0.0,0.3333333333333333,0.0,0.0
2024-04-11,3,1,0.3333333333333333,0.34093332,1.0228,1.3862943611198906,0.6931471805599453,0.7044827,0.3333333333333333,0.3333333333333333,0.6666666666666666,0.3333333333333333,0.0,0.0
2024-04-12,6,3,0.5,0.5009503,3.0057018,1.9459101490553132,1.3862943611198906,1.3877188,0.6666666666666666,0.5,0.5,0.0,0.0,0.0
2024-04-14,2,2,1.0,0.99952793,1.9990559,1.0986122886681098,1.0986122886681098,1.0982976,1.0,1.0,0.0,0.0,0.0,0.0
2024-04-15,1,1,1.0,0.99395955,0.99395955,0.6931471805599453,0.6931471805599453,0.69012237,0.0,1.0,1.0,0.0,0.0,0.0
2024-04-16,3,2,0.6666666666666666,0.80935985,2.4280796,1.3862943611198906,1.0986122886681098,1.2320002,0.3333333333333333,0.6666666666666666,1.0,0.0,0.0,0.0
2024-04-17,3,0,0.0,0.08104121,0.24312362,1.3862943611198906,0.0,0.21762727,0.6666666666666666,0.6666666666666666,0.6666666666666666,0.0,0.0,0.0
2024-04-18,7,5,0.7142857142857143,0.76592875,5.361501,2.0794415416798357,1.791759469228055,1.8502644,0.7142857142857143,0.8571428571428571,0.5714285714285714,0.14285714285714285,0.14285714285714285,0.0
2024-04-19,5,5,1.0,0.99894905,4.9947453,1.791759469228055,1.791759469228055,1.7908833,1.0,0.8,0.4,0.2,0.0,0.0
2024-04-20,3,2,0.6666666666666666,0.6674822,2.0024467,1.3862943611198906,1.0986122886681098,1.0994275,1.0,1.0,0.6666666666666666,0.0,0.0,0.0
2024-04-21,4,2,0.5,0.5135821,2.0543284,1.6094379124341003,1.0986122886681098,1.1165597,0.75,0.5,0.75,0.0,0.0,0.0
2024-04-22,2,2,1.0,0.99947935,1.9989587,1.0986122886681098,1.0986122886681098,1.0982652,1.0,0.5,0.0,0.0,0.5,0.0
2024-04-23,5,5,1.0,0.99936056,4.996803,1.791759469228055,1.791759469228055,1.7912265,1.0,0.8,0.4,0.0,0.0,0.0
2024-04-24,3,2,0.6666666666666666,0.6909968,2.0729904,1.3862943611198906,1.0986122886681098,1.1226512,0.6666666666666666,1.0,1.0,0.0,0.0,0.0
2024-04-25,4,2,0.5,0.50975037,2.0390015,1.6094379124341003,1.0986122886681098,1.111529,0.75,1.0,1.0,0.0,0.0,0.0
2024-04-26,2,2,1.0,0.999377,1.998754,1.0986122886681098,1.0986122886681098,1.0981969,1.0,1.0,1.0,0.5,0.5,0.0
2024-04-27,2,1,0.5,0.49298367,0.98596734,1.0986122886681098,0.6931471805599453,0.68610615,0.5,1.0,1.0,0.0,0.0,0.0
2024-04-28,2,1,0.5,0.5014913,1.0029826,1.0986122886681098,0.6931471805599453,0.69463736,1.0,0.5,0.5,0.0,0.0,0.0
2024-04-29,2,2,1.0,0.99923897,1.9984779,1.0986122886681098,1.0986122886681098,1.0981048,1.0,0.5,0.5,0.0,0.0,0.0
2024-04-30,9,8,0.8888888888888888,0.8592154,7.7329383,2.302585092994046,2.1972245773362196,2.1671019,1.0,1.0,0.6666666666666666,0.0,0.1111111111111111,0.0
2024-05-01,3,1,0.3333333333333333,0.3761307,1.1283921,1.3862943611198906,0.6931471805599453,0.7553668,0.3333333333333333,0.3333333333333333,0.6666666666666666,0.0,0.0,0.0
2024-05-02,1,0,0.0,0.0019871178,0.0019871178,0.6931471805599453,0.0,0.0019851462,0.0,0.0,1.0,0.0,0.0,0.0
2024-05-03,1,0,0.0,0.0010122668,0.0010122668,0.6931471805599453,0.0,0.0010117549,0.0,0.0,1.0,0.0,0.0,0.0
2024-05-04,1,0,0.0,0.047828514,0.047828514,0.6931471805599453,0.0,0.046719942,1.0,1.0,0.0,0.0,0.0,0.0
2024-05-05,3,3,1.0,0.99966764,2.999003,1.3862943611198906,1.3862943611198906,1.3860451,1.0,1.0,1.0,0.0,1.0,0.0
2024-05-06,3,1,0.3333333333333333,0.33465812,1.0039743,1.3862943611198906,0.6931471805599453,0.6951324,0.6666666666666666,0.3333333333333333,1.0,0.0,0.3333333333333333,0.0
2024-05-07,4,2,0.5,0.50067186,2.0026875,1.6094379124341003,1.0986122886681098,1.0995077,0.5,0.25,0.75,0.0,0.0,0.0
2024-05-08,2,1,0.5,0.50186604,1.0037321,1.0986122886681098,0.6931471805599453,0.6950115,1.0,0.5,0.0,0.5,0.0,0.0
2024-05-09,4,0,0.0,0.07784348,0.31137392,1.6094379124341003,0.0,0.27107537,0.25,0.0,1.0,0.0,0.0,0.0
2024-05-10,6,4,0.6666666666666666,0.6201687,3.721012,1.9459101490553132,1.6094379124341003,1.5520232,0.5,0.3333333333333333,0.8333333333333334,0.16666666666666666,0.16666666666666666,0.0
2024-05-11,2,1,0.5,0.509457,1.018914,1.0986122886681098,0.6931471805599453,0.7025597,0.5,0.5,1.0,0.0,0.0,0.0
2024-05-25,1,1,1.0,0.99940276,0.99940276,0.6931471805599453,0.6931471805599453,0.6928485,1.0,1.0,0.0,1.0,1.0,0.0
2024-05-26,2,1,0.5,0.6665225,1.333045,1.0986122886681098,0.6931471805599453,0.8471743,0.0,0.5,1.0,0.0,0.0,0.0
2024-05-27,5,2,0.4,0.3903436,1.9517181,1.791759469228055,1.0986122886681098,1.0823874,0.2,0.4,1.0,0.0,0.0,0.0
2024-05-28,4,2,0.5,0.5014755,2.005902,1.6094379124341003,1.0986122886681098,1.1005777,0.25,0.5,1.0,0.0,0.25,0.0
2024-05-29,11,9,0.8181818181818182,0.7994314,8.793745,2.4849066497880004,2.302585092994046,2.281744,0.6363636363636364,0.7272727272727273,0.8181818181818182,0.0,0.2727272727272727,0.0
2024-05-30,2,1,0.5,0.4971529,0.9943058,1.0986122886681098,0.6931471805599453,0.690296,0.0,0.0,1.0,0.0,0.0,0.0
2024-05-31,7,7,1.0,0.9686617,6.780632,2.0794415416798357,2.0794415416798357,2.0516376,0.5714285714285714,0.5714285714285714,0.7142857142857143,0.0,0.0,0.0
2024-06-01,2,2,1.0,0.99907017,1.9981403,1.0986122886681098,1.0986122886681098,1.0979922,1.0,1.0,0.5,0.0,0.0,0.0
2024-06-02,2,1,0.5,0.5082525,1.016505,1.0986122886681098,0.6931471805599453,0.7013658,0.5,0.5,0.5,0.0,0.0,0.0
2024-06-03,5,4,0.8,0.799719,3.9985948,1.791759469228055,1.6094379124341003,1.6091568,0.8,0.2,0.6,0.0,0.0,0.0
2024-06-04,3,2,0.6666666666666666,0.6511978,1.9535934,1.3862943611198906,1.0986122886681098,1.0830226,0.3333333333333333,0.3333333333333333,0.6666666666666666,0.0,0.0,0.0
2024-06-05,6,4,0.6666666666666666,0.7055774,4.2334642,1.9459101490553132,1.6094379124341003,1.6550734,0.5,0.5,0.8333333333333334,0.0,0.0,0.0
2024-06-06,3,3,1.0,0.9995702,2.9987106,1.3862943611198906,1.3862943611198906,1.385972,1.0,1.0,0.3333333333333333,0.0,0.0,0.0
2024-06-07,4,1,0.25,0.25347468,1.0138987,1.6094379124341003,0.6931471805599453,0.7000725,0.25,0.5,1.0,0.0,0.0,0.0
2024-06-08,2,1,0.5,0.48722124,0.9744425,1.0986122886681098,0.6931471805599453,0.68028605,0.5,0.5,0.5,0.0,0.0,0.0
2024-06-09,3,1,0.3333333333333333,0.33396876,1.0019063,1.3862943611198906,0.6931471805599453,0.69409984,0.0,0.0,1.0,0.0,0.0,0.0
2024-06-10,2,2,1.0,0.8169768,1.6339536,1.0986122886681098,1.0986122886681098,0.96848595,1.0,0.5,0.5,0.0,0.0,0.0
2024-06-11,4,3,0.75,0.7496065,2.998426,1.6094379124341003,1.3862943611198906,1.3859007,0.75,0.5,0.25,0.0,0.5,0.0
2024-06-12,4,3,0.75,0.7227143,2.8908572,1.6094379124341003,1.3862943611198906,1.3586295,0.75,0.25,0.5,0.0,0.5,0.0
2024-06-13,2,1,0.5,0.4984713,0.9969426,1.0986122886681098,0.6931471805599453,0.6916173,0.5,0.5,1.0,0.0,0.0,0.0
2024-06-14,6,5,0.8333333333333334,0.8332381,4.9994287,1.9459101490553132,1.791759469228055,1.7916642,0.8333333333333334,0.3333333333333333,0.5,0.0,0.0,0.0
2024-06-15,1,1,1.0,0.98508793,0.98508793,0.6931471805599453,0.6931471805599453,0.6856632,0.0,1.0,1.0,1.0,0.0,0.0
2024-06-16,2,2,1.0,0.99747115,1.9949423,1.0986122886681098,1.0986122886681098,1.096925,1.0,1.0,1.0,0.0,0.0,0.0
2024-06-17,5,4,0.8,0.79899347,3.9949672,1.791759469228055,1.6094379124341003,1.6084309,1.0,1.0,0.4,0.0,0.2,0.0
2024-06-18,6,4,0.6666666666666666,0.68419075,4.1051445,1.9459101490553132,1.6094379124341003,1.6302488,0.6666666666666666,0.6666666666666666,0.5,0.0,0.0,0.0
2024-06-19,2,2,1.0,0.99394023,1.9878805,1.0986122886681098,1.0986122886681098,1.0945643,0.5,0.5,1.0,0.0,0.5,0.0
2024-06-20,3,3,1.0,0.9972124,2.9916372,1.3862943611198906,1.3862943611198906,1.3842015,0.6666666666666666,0.6666666666666666,1.0,0.0,0.0,0.0
2024-06-21,2,2,1.0,0.99951565,1.9990313,1.0986122886681098,1.0986122886681098,1.0982894,1.0,1.0,0.5,0.0,0.0,0.0
2024-06-22,6,0,0.0,0.020287788,0.12172673,1.9459101490553132,0.0,0.114869215,0.16666666666666666,0.3333333333333333,1.0,0.0,0.16666666666666666,0.0
2024-06-24,2,1,0.5,0.50081325,1.0016265,1.0986122886681098,0.6931471805599453,0.6939601,0.5,1.0,1.0,0.0,0.0,0.0
2024-06-25,2,1,0.5,0.50039434,1.0007887,1.0986122886681098,0.6931471805599453,0.69354147,1.0,0.5,0.5,0.0,0.0,0.0
2024-06-26,3,1,0.3333333333333333,0.33429316,1.0028795,1.3862943611198906,0.6931471805599453,0.6945859,1.0,0.3333333333333333,0.0,0.0,0.0,0.0
2024-06-27,5,4,0.8,0.8013852,4.006926,1.791759469228055,1.6094379124341003,1.6108222,0.8,0.0,1.0,0.0,0.0,0.0
2024-06-28,7,5,0.7142857142857143,0.66208947,4.6346264,2.0794415416798357,1.791759469228055,1.7289308,0.5714285714285714,0.2857142857142857,0.7142857142857143,0.0,0.0,0.0
2024-06-29,2,1,0.5,0.5013529,1.0027058,1.0986122886681098,0.6931471805599453,0.6944992,0.5,0.0,0.5,0.0,0.0,0.0
2024-06-30,2,1,0.5,0.50169367,1.0033873,1.0986122886681098,0.6931471805599453,0.6948394,0.5,0.5,1.0,0.0,0.0,0.0
2024-07-01,4,1,0.25,0.25259793,1.0103917,1.6094379124341003,0.6931471805599453,0.69832957,0.25,0.0,1.0,0.0,0.0,0.0
2024-07-02,3,2,0.6666666666666666,0.65076977,1.9523093,1.3862943611198906,1.0986122886681098,1.0825877,0.0,0.6666666666666666,1.0,0.0,0.0,0.0
2024-07-03,8,6,0.75,0.80442005,6.4353604,2.1972245773362196,1.9459101490553132,2.006247,0.5,0.5,0.75,0.0,0.125,0.0
2024-07-04,4,3,0.75,0.747572,2.990288,1.6094379124341003,1.3862943611198906,1.3838634,0.5,0.5,0.5,0.25,0.25,0.0
2024-07-05,3,0,0.0,0.025866693,0.07760008,1.3862943611198906,0.0,0.07473642,0.0,0.0,1.0,0.0,0.0,0.0
2024-07-06,1,1,1.0,0.99966633,0.99966633,0.6931471805599453,0.6931471805599453,0.69298035,1.0,1.0,1.0,1.0,0.0,0.0
2024-07-07,4,3,0.75,0.7503108,3.001243,1.6094379124341003,1.3862943611198906,1.3866051,0.75,0.75,1.0,0.0,0.0,0.0
2024-07-08,8,6,0.75,0.8103769,6.483015,2.1972245773362196,1.9459101490553132,2.0126357,0.75,0.875,1.0,0.0,0.0,0.0
2024-07-09,6,4,0.6666666666666666,0.58134955,3.4880972,1.9459101490553132,1.6094379124341003,1.5014288,0.16666666666666666,0.3333333333333333,1.0,0.16666666666666666,0.16666666666666666,0.0
2024-07-10,5,1,0.2,0.33781824,1.6890912,1.791759469228055,0.6931471805599453,0.98920333,0.6,0.4,0.8,0.0,0.0,0.0
2024-07-11,1,1,1.0,0.99939835,0.99939835,0.6931471805599453,0.6931471805599453,0.6928463,1.0,0.0,1.0,0.0,0.0,0.0
2024-07-12,6,0,0.0,0.0042973966,0.02578438,1.9459101490553132,0.0,0.02545757,0.16666666666666666,0.3333333333333333,1.0,0.0,0.0,0.0
2024-07-14,2,1,0.5,0.50151867,1.0030373,1.0986122886681098,0.6931471805599453,0.6946647,0.5,0.5,1.0,0.0,0.0,0.0
2024-07-15,4,0,0.0,0.008811928,0.035247713,1.6094379124341003,0.0,0.034640733,0.5,0.75,0.5,0.0,0.0,0.0
2024-07-16,3,2,0.6666666666666666,0.6663583,1.9990749,1.3862943611198906,1.0986122886681098,1.0983039,0.6666666666666666,0.6666666666666666,0.6666666666666666,0.0,0.0,0.0
2024-07-17,4,4,1.0,0.9313499,3.7253995,1.6094379124341003,1.6094379124341003,1.552952,0.75,0.5,0.75,0.25,0.0,0.0
2024-07-18,6,4,0.6666666666666666,0.6628646,3.9771876,1.9459101490553132,1.6094379124341003,1.6048651,0.5,0.6666666666666666,0.6666666666666666,0.0,0.0,0.0
2024-07-19,7,6,0.8571428571428571,0.81342286,5.69396,2.0794415416798357,1.9459101490553132,1.9012057,0.8571428571428571,0.7142857142857143,0.2857142857142857,0.0,0.0,0.0
2024-07-20,2,0,0.0,0.0021242262,0.0042484524,1.0986122886681098,0.0,0.004239453,0.0,0.0,1.0,0.0,0.0,0.0
2024-07-21,1,1,1.0,0.99912363,0.99912363,0.6931471805599453,0.6931471805599453,0.6927089,1.0,0.0,0.0,0.0,0.0,0.0
2024-07-22,4,4,1.0,0.9780232,3.9120927,1.6094379124341003,1.6094379124341003,1.5917001,0.5,0.75,0.5,0.0,0.0,0.0
2024-07-23,1,1,1.0,0.99961495,0.99961495,0.6931471805599453,0.6931471805599453,0.69295466,1.0,0.0,1.0,1.0,1.0,0.0
2024-07-24,2,0,0.0,0.008930717,0.017861433,1.0986122886681098,0.0,0.017703792,1.0,0.5,0.0,0.0,0.0,0.0
2024-07-25,2,1,0.5,0.70379615,1.4075923,1.0986122886681098,0.6931471805599453,0.8786272,1.0,0.5,1.0,0.0,0.0,0.0
2024-07-26,7,4,0.5714285714285714,0.5710643,3.99745,2.0794415416798357,1.6094379124341003,1.6089278,0.5714285714285714,0.5714285714285714,0.8571428571428571,0.0,0.14285714285714285,0.0
2024-07-27,1,1,1.0,0.99730104,0.99730104,0.6931471805599453,0.6931471805599453,0.6917968,1.0,1.0,1.0,0.0,0.0,0.0
2024-07-28,4,4,1.0,0.99925655,3.9970262,1.6094379124341003,1.6094379124341003,1.608843,1.0,1.0,1.0,0.0,0.0,0.0
2024-07-29,2,1,0.5,0.50068957,1.0013791,1.0986122886681098,0.6931471805599453,0.6938365,0.5,0.5,0.5,0.0,0.0,0.0
2024-07-30,1,1,1.0,0.99910176,0.99910176,0.6931471805599453,0.6931471805599453,0.69269794,1.0,0.0,1.0,0.0,0.0,0.0
2024-07-31,1,0,0.0,0.012750492,0.012750492,0.6931471805599453,0.0,0.012669889,0.0,0.0,1.0,0.0,0.0,0.0
2024-08-01,2,0,0.0,0.03524718,0.07049436,1.0986122886681098,0.0,0.06812056,0.0,0.5,1.0,0.0,0.0,0.0
2024-08-02,6,4,0.6666666666666666,0.6680457,4.008274,1.9459101490553132,1.6094379124341003,1.6110914,0.6666666666666666,0.6666666666666666,1.0,0.0,0.0,0.0
2024-08-03,5,2,0.4,0.4704419,2.3522096,1.791759469228055,1.0986122886681098,1.2096198,0.4,0.4,0.8,0.0,0.0,0.0
2024-08-04,4,2,0.5,0.49394938,1.9757975,1.6094379124341003,1.0986122886681098,1.090512,0.0,0.25,1.0,0.0,0.25,0.0
2024-08-05,5,1,0.2,0.3077617,1.5388085,1.791759469228055,0.6931471805599453,0.93169487,0.2,0.2,0.8,0.0,0.2,0.0
2024-08-06,1,1,1.0,0.9995801,0.9995801,0.6931471805599453,0.6931471805599453,0.6929372,1.0,0.0,0.0,0.0,0.0,0.0
2024-08-07,3,0,0.0,0.0038226824,0.011468047,1.3862943611198906,0.0,0.011402788,0.3333333333333333,0.6666666666666666,0.6666666666666666,0.0,0.0,0.0
2024-08-08,2,2,1.0,0.99853414,1.9970683,1.0986122886681098,1.0986122886681098,1.0976346,1.0,0.5,0.5,0.5,0.0,0.0
2024-08-09,4,4,1.0,0.99528813,3.9811525,1.6094379124341003,1.6094379124341003,1.6056613,0.0,0.0,1.0,0.0,0.0,0.0
2024-08-10,4,1,0.25,0.13551934,0.54207736,1.6094379124341003,0.6931471805599453,0.43313044,0.5,0.75,0.5,0.0,0.0,0.0
2024-08-11,2,0,0.0,0.037754267,0.075508535,1.0986122886681098,0.0,0.0727936,0.0,0.0,1.0,0.0,0.0,0.0
2024-08-12,5,2,0.4,0.40951532,2.0475767,1.791759469228055,1.0986122886681098,1.1143467,0.8,0.4,0.8,0.0,0.2,0.0
2024-08-13,1,0,0.0,0.0011707224,0.0011707224,0.6931471805599453,0.0,0.0011700377,1.0,0.0,0.0,0.0,0.0,0.0
2024-08-14,3,2,0.6666666666666666,0.6675627,2.0026882,1.3862943611198906,1.0986122886681098,1.0995079,0.6666666666666666,0.6666666666666666,0.3333333333333333,0.0,0.0,0.0
2024-08-15,1,1,1.0,0.99966073,0.99966073,0.6931471805599453,0.6931471805599453,0.69297755,1.0,1.0,1.0,0.0,0.0,0.0
2024-08-16,1,0,0.0,0.0055658775,0.0055658775,0.6931471805599453,0.0,0.005550445,0.0,1.0,1.0,0.0,1.0,0.0
2024-08-17,3,2,0.6666666666666666,0.6677797,2.003339,1.3862943611198906,1.0986122886681098,1.0997248,0.6666666666666666,1.0,0.3333333333333333,0.3333333333333333,0.6666666666666666,0.0
2024-08-18,4,2,0.5,0.5009047,2.0036187,1.6094379124341003,1.0986122886681098,1.0998178,0.5,0.5,0.75,0.0,0.5,0.0
2024-08-19,1,0,0.0,0.0016633145,0.0016633145,0.6931471805599453,0.0,0.0016619328,0.0,0.0,1.0,0.0,0.0,0.0
2024-08-20,5,3,0.6,0.5688613,2.8443065,1.791759469228055,1.3862943611198906,1.3465933,0.2,0.2,1.0,0.0,0.0,0.0
2024-08-21,4,2,0.5,0.49954957,1.9981983,1.6094379124341003,1.0986122886681098,1.0980115,0.75,0.75,0.25,0.0,0.0,0.0
2024-08-22,10,7,0.7,0.70461494,7.0461493,2.3978952727983707,2.0794415416798357,2.0851936,0.7,0.5,1.0,0.4,0.5,0.0
2024-08-23,6,5,0.8333333333333334,0.78099734,4.685984,1.9459101490553132,1.791759469228055,1.7380042,0.8333333333333334,0.3333333333333333,0.3333333333333333,0.0,0.0,0.0
2024-08-24,1,1,1.0,0.99960715,0.99960715,0.6931471805599453,0.6931471805599453,0.6929507,0.0,0.0,1.0,0.0,0.0,0.0
2024-08-25,3,2,0.6666666666666666,0.72749025,2.1824708,1.3862943611198906,1.0986122886681098,1.1576579,0.6666666666666666,0.6666666666666666,1.0,0.0,0.3333333333333333,0.0
2024-08-26,6,3,0.5,0.50594276,3.0356565,1.9459101490553132,1.3862943611198906,1.395169,0.5,0.5,1.0,0.0,0.0,0.0
2024-08-27,4,3,0.75,0.7779225,3.11169,1.6094379124341003,1.3862943611198906,1.4138341,1.0,1.0,0.0,0.0,0.0,0.0
2024-08-28,4,4,1.0,0.9987982,3.9951928,1.6094379124341003,1.6094379124341003,1.608476,1.0,0.75,1.0,0.0,0.0,0.0
2024-08-29,3,2,0.6666666666666666,0.6690101,2.0070302,1.3862943611198906,1.0986122886681098,1.100953,1.0,0.6666666666666666,0.6666666666666666,0.0,0.0,0.0
2024-08-30,1,0,0.0,0.001967768,0.001967768,0.6931471805599453,0.0,0.0019658345,0.0,0.0,1.0,0.0,0.0,0.0
2024-08-31,7,6,0.8571428571428571,0.8572516,6.000761,2.0794415416798357,1.9459101490553132,1.9460188,0.8571428571428571,0.7142857142857143,0.8571428571428571,0.0,0.0,0.0
2024-09-01,1,1,1.0,0.9994777,0.9994777,0.6931471805599453,0.6931471805599453,0.692886,1.0,1.0,0.0,0.0,0.0,0.0
2024-09-02,3,1,0.3333333333333333,0.33478096,1.0043429,1.3862943611198906,0.6931471805599453,0.6953163,0.3333333333333333,0.6666666666666666,1.0,0.0,0.0,0.0
2024-09-03,4,4,1.0,0.9279273,3.7117093,1.6094379124341003,1.6094379124341003,1.5500507,0.75,1.0,0.75,0.0,0.0,0.0
2024-09-04,2,0,0.0,0.001923681,0.003847362,1.0986122886681098,0.0,0.0038399799,0.0,0.0,1.0,0.0,0.0,0.0
2024-09-05,4,2,0.5,0.4908021,1.9632084,1.6094379124341003,1.0986122886681098,1.0862726,0.5,0.75,0.75,0.0,0.25,0.0
2024-09-06,6,6,1.0,0.9971232,5.982739,1.9459101490553132,1.9459101490553132,1.9434413,0.8333333333333334,0.5,0.6666666666666666,0.0,0.0,0.0
2024-09-07,3,1,0.3333333333333333,0.38232014,1.1469604,1.3862943611198906,0.6931471805599453,0.76405305,0.6666666666666666,0.3333333333333333,0.6666666666666666,0.0,0.0,0.0
2024-09-08,2,0,0.0,0.0019773652,0.0039547305,1.0986122886681098,0.0,0.003946931,0.0,1.0,1.0,0.0,0.0,0.0
2024-09-11,1,1,1.0,0.72109175,0.72109175,0.6931471805599453,0.6931471805599453,0.54295886,0.0,0.0,1.0,0.0,1.0,0.0
2024-09-13,2,2,1.0,0.9994172,1.9988344,1.0986122886681098,1.0986122886681098,1.0982237,1.0,1.0,0.5,0.0,0.0,0.0
2024-09-14,2,2,1.0,0.9995558,1.9991117,1.0986122886681098,1.0986122886681098,1.0983162,0.5,1.0,1.0,0.0,0.0,0.0
2024-09-15,2,0,0.0,0.0031568538,0.0063137077,1.0986122886681098,0.0,0.00629386,0.0,1.0,1.0,0.0,0.0,0.0
2024-09-16,1,1,1.0,0.9984396,0.9984396,0.6931471805599453,0.6931471805599453,0.69236666,0.0,1.0,1.0,0.0,0.0,0.0
2024-09-19,4,4,1.0,0.9996246,3.9984984,1.6094379124341003,1.6094379124341003,1.6091375,1.0,0.75,0.75,0.0,0.0,0.0
2024-09-21,2,2,1.0,0.99944115,1.9988823,1.0986122886681098,1.0986122886681098,1.0982397,1.0,0.5,0.5,0.0,0.0,0.0
2024-09-22,1,0,0.0,0.0035680414,0.0035680414,0.6931471805599453,0.0,0.003561691,0.0,1.0,1.0,0.0,0.0,0.0
2024-09-23,3,1,0.3333333333333333,0.47215447,1.4164634,1.3862943611198906,0.6931471805599453,0.882305,0.6666666666666666,0.3333333333333333,0.6666666666666666,0.3333333333333333,0.0,0.0
2024-09-24,2,1,0.5,0.5154993,1.0309986,1.0986122886681098,0.6931471805599453,0.70852757,0.5,0.5,1.0,0.0,0.0,0.0
2024-09-25,2,2,1.0,0.9707854,1.9415708,1.0986122886681098,1.0986122886681098,1.0789437,0.5,0.5,1.0,0.0,0.0,0.0
2024-09-26,6,4,0.6666666666666666,0.6674351,4.0046105,1.9459101490553132,1.6094379124341003,1.6103597,0.3333333333333333,0.3333333333333333,1.0,0.0,0.16666666666666666,0.0
2024-09-27,3,1,0.3333333333333333,0.36322832,1.089685,1.3862943611198906,0.6931471805599453,0.73701334,0.3333333333333333,0.3333333333333333,0.6666666666666666,0.0,0.0,0.0
2024-09-28,2,2,1.0,0.93460333,1.8692067,1.0986122886681098,1.0986122886681098,1.0540355,0.0,0.5,1.0,0.0,0.0,0.0
2024-09-29,1,1,1.0,0.9996092,0.9996092,0.6931471805599453,0.6931471805599453,0.69295174,1.0,0.0,1.0,0.0,1.0,0.0
2024-09-30,3,2,0.6666666666666666,0.5184446,1.5553339,1.3862943611198906,1.0986122886681098,0.9381829,0.0,0.6666666666666666,1.0,0.0,0.0,0.0
2024-10-01,5,3,0.6,0.6001595,3.0007977,1.791759469228055,1.3862943611198906,1.3864938,0.4,0.0,0.8,0.0,0.2,0.0
2024-10-02,5,3,0.6,0.60024154,3.0012078,1.791759469228055,1.3862943611198906,1.3865963,0.6,0.4,0.8,0.0,0.2,0.0
2024-10-03,2,2,1.0,0.9996403,1.9992806,1.0986122886681098,1.0986122886681098,1.0983725,1.0,0.5,1.0,0.0,0.0,0.0
2024-10-04,3,0,0.0,0.0036903964,0.011071189,1.3862943611198906,0.0,0.0110103525,0.0,0.0,1.0,0.0,0.0,0.0
2024-10-06,2,0,0.0,0.050225344,0.10045069,1.0986122886681098,0.0,0.09571981,0.0,0.5,1.0,0.0,0.0,0.0
2024-10-07,5,5,1.0,0.99206984,4.960349,1.791759469228055,1.791759469228055,1.7851291,0.4,0.4,1.0,0.0,0.0,0.0
2024-10-08,4,1,0.25,0.24582875,0.983315,1.6094379124341003,0.6931471805599453,0.6847697,0.0,0.0,1.0,0.0,0.0,0.0
2024-10-09,3,1,0.3333333333333333,0.33451244,1.0035373,1.3862943611198906,0.6931471805599453,0.6949143,0.3333333333333333,0.0,1.0,0.0,0.0,0.0
2024-10-10,1,0,0.0,0.0014392841,0.0014392841,0.6931471805599453,0.0,0.0014382493,0.0,0.0,1.0,0.0,0.0,0.0
2024-10-11,7,5,0.7142857142857143,0.6083569,4.258498,2.0794415416798357,1.791759469228055,1.6598455,0.2857142857142857,0.0,1.0,0.0,0.0,0.0
2024-10-12,3,1,0.3333333333333333,0.34235445,1.0270634,1.3862943611198906,0.6931471805599453,0.70658815,0.3333333333333333,0.3333333333333333,1.0,0.0,0.3333333333333333,0.0
2024-10-13,2,2,1.0,0.99921024,1.9984205,1.0986122886681098,1.0986122886681098,1.0980856,0.5,0.0,1.0,0.0,0.0,0.0
2024-10-14,8,4,0.5,0.5005147,4.0041175,2.1972245773362196,1.6094379124341003,1.6102611,0.5,0.375,0.75,0.125,0.0,0.0
2024-10-15,1,1,1.0,0.82507944,0.82507944,0.6931471805599453,0.6931471805599453,0.60162354,0.0,1.0,1.0,0.0,0.0,0.0
2024-10-16,7,6,0.8571428571428571,0.8336213,5.835349,2.0794415416798357,1.9459101490553132,1.9221076,0.5714285714285714,0.7142857142857143,0.8571428571428571,0.14285714285714285,0.0,0.0
2024-10-17,1,1,1.0,0.99935156,0.99935156,0.6931471805599453,0.6931471805599453,0.69282293,1.0,0.0,1.0,0.0,0.0,0.0
2024-10-18,4,1,0.25,0.25343117,1.0137247,1.6094379124341003,0.6931471805599453,0.6999861,0.5,0.5,0.75,0.0,0.0,0.0
2024-10-19,6,0,0.0,0.013799771,0.08279862,1.9459101490553132,0.0,0.07954901,0.0,0.16666666666666666,1.0,0.0,0.0,0.0
2024-10-20,3,1,0.3333333333333333,0.33457038,1.0037111,1.3862943611198906,0.6931471805599453,0.695001,0.3333333333333333,0.3333333333333333,1.0,0.3333333333333333,0.3333333333333333,0.0
2024-10-21,4,2,0.5,0.50083154,2.0033262,1.6094379124341003,1.0986122886681098,1.0997205,0.5,1.0,0.5,0.0,0.25,0.0
2024-10-22,5,2,0.4,0.40051636,2.0025818,1.791759469228055,1.0986122886681098,1.0994725,0.0,0.2,1.0,0.0,0.0,0.0
2024-10-23,1,1,1.0,0.9995153,0.9995153,0.6931471805599453,0.6931471805599453,0.69290483,1.0,1.0,1.0,0.0,0.0,0.0
2024-10-24,2,1,0.5,0.5388605,1.077721,1.0986122886681098,0.6931471805599453,0.7312716,0.5,0.0,0.5,0.0,0.0,0.0
2024-10-25,3,2,0.6666666666666666,0.58120096,1.7436029,1.3862943611198906,1.0986122886681098,1.009272,0.3333333333333333,1.0,1.0,0.3333333333333333,0.0,0.0
2024-10-26,3,0,0.0,0.09899548,0.29698643,1.3862943611198906,0.0,0.26004344,0.6666666666666666,1.0,1.0,0.0,0.0,0.0
2024-10-27,3,0,0.0,0.0015029624,0.0045088874,1.3862943611198906,0.0,0.0044987528,0.0,0.3333333333333333,1.0,0.0,0.0,0.0
2024-10-28,1,1,1.0,0.99961567,0.99961567,0.6931471805599453,0.6931471805599453,0.692955,1.0,1.0,1.0,0.0,1.0,0.0
2024-10-29,2,1,0.5,0.50003856,1.0000771,1.0986122886681098,0.6931471805599453,0.69318575,0.0,0.5,1.0,0.0,0.0,0.0
2024-10-30,1,0,0.0,0.0009462999,0.0009462999,0.6931471805599453,0.0,0.00094585243,0.0,0.0,1.0,0.0,0.0,0.0
2024-10-31,3,2,0.6666666666666666,0.6335842,1.9007525,1.3862943611198906,1.0986122886681098,1.0649703,0.3333333333333333,0.3333333333333333,1.0,0.0,0.0,0.0
2024-11-01,1,0,0.0,0.0014211106,0.0014211106,0.6931471805599453,0.0,0.0014201017,0.0,0.0,1.0,0.0,0.0,0.0
2024-11-02,4,2,0.5,0.5150137,2.0600548,1.6094379124341003,1.0986122886681098,1.1184328,0.5,0.0,1.0,0.0,0.25,0.0
2024-11-03,1,0,0.0,0.0014388106,0.0014388106,0.6931471805599453,0.0,0.0014377765,0.0,0.0,1.0,0.0,0.0,0.0
2024-11-04,2,0,0.0,0.0062477426,0.012495485,1.0986122886681098,0.0,0.012418061,0.0,0.5,1.0,0.0,0.0,0.0
2024-11-05,2,2,1.0,0.911978,1.823956,1.0986122886681098,1.0986122886681098,1.0381387,0.5,0.5,1.0,0.0,0.0,0.0
2024-11-06,6,3,0.5,0.49237132,2.954228,1.9459101490553132,1.3862943611198906,1.3747854,0.16666666666666666,0.5,0.8333333333333334,0.0,0.16666666666666666,0.0
2024-11-07,10,6,0.6,0.6037606,6.037606,2.3978952727983707,1.9459101490553132,1.951268,0.4,0.5,0.9,0.0,0.1,0.0
2024-11-08,2,0,0.0,0.0021683397,0.0043366794,1.0986122886681098,0.0,0.0043273033,0.0,0.0,1.0,0.0,0.0,0.0
2024-11-09,9,7,0.7777777777777778,0.74256396,6.6830754,2.302585092994046,2.0794415416798357,2.0390198,0.6666666666666666,0.8888888888888888,1.0,0.5555555555555556,0.0,0.0
2024-11-11,3,2,0.6666666666666666,0.65086466,1.9525939,1.3862943611198906,1.0986122886681098,1.082684,0.3333333333333333,0.3333333333333333,0.6666666666666666,0.0,0.0,0.0
2024-11-12,4,3,0.75,0.73954606,2.9581842,1.6094379124341003,1.3862943611198906,1.3757854,0.5,0.5,0.75,0.0,0.0,0.0
2024-11-13,3,3,1.0,0.9995683,2.998705,1.3862943611198906,1.3862943611198906,1.3859706,0.6666666666666666,0.0,0.3333333333333333,0.0,0.0,0.0
2024-11-14,10,4,0.4,0.41132146,4.1132145,2.3978952727983707,1.6094379124341003,1.6318283,0.4,0.5,0.9,0.1,0.0,0.0
2024-11-15,3,0,0.0,0.051819667,0.155459,1.3862943611198906,0.0,0.14449766,0.0,0.0,1.0,0.0,0.0,0.0
2024-11-16,3,2,0.6666666666666666,0.6419391,1.9258173,1.3862943611198906,1.0986122886681098,1.0735738,0.3333333333333333,0.3333333333333333,1.0,0.3333333333333333,0.3333333333333333,0.0
2024-11-18,4,2,0.5,0.51102746,2.0441098,1.6094379124341003,1.0986122886681098,1.1132085,0.75,1.0,1.0,0.5,0.0,0.0
2024-11-19,2,2,1.0,0.85964894,1.7192979,1.0986122886681098,1.0986122886681098,1.0003737,0.5,0.5,0.5,0.0,0.0,0.0
2024-11-20,2,2,1.0,0.876248,1.752496,1.0986122886681098,1.0986122886681098,1.0125082,0.5,1.0,1.0,0.0,0.0,0.0
2024-11-21,3,2,0.6666666666666666,0.6679911,2.0039732,1.3862943611198906,1.0986122886681098,1.0999358,0.6666666666666666,0.6666666666666666,0.6666666666666666,0.0,0.0,0.0
2024-11-23,2,1,0.5,0.50057465,1.0011493,1.0986122886681098,0.6931471805599453,0.69372165,0.5,0.0,1.0,0.0,0.0,0.0
2024-11-24,1,0,0.0,0.0031752293,0.0031752293,0.6931471805599453,0.0,0.003170199,0.0,1.0,1.0,0.0,0.0,0.0
2024-11-25,1,0,0.0,0.0013722361,0.0013722361,0.6931471805599453,0.0,0.0013712954,0.0,0.0,1.0,0.0,0.0,0.0
2024-11-26,6,4,0.6666666666666666,0.66659015,3.999541,1.9459101490553132,1.6094379124341003,1.6093462,0.5,0.6666666666666666,0.8333333333333334,0.0,0.3333333333333333,0.0
2024-11-27,5,4,0.8,0.7820605,3.9103026,1.791759469228055,1.6094379124341003,1.5913355,0.4,0.6,1.0,0.0,0.0,0.0
2024-11-28,4,2,0.5,0.50139487,2.0055795,1.6094379124341003,1.0986122886681098,1.1004704,0.75,0.75,0.75,0.0,0.0,0.0
2024-11-29,8,6,0.75,0.7492114,5.993691,2.1972245773362196,1.9459101490553132,1.9450085,0.875,0.75,0.125,0.0,0.625,0.0
2024-11-30,3,3,1.0,0.99681187,2.9904356,1.3862943611198906,1.3862943611198906,1.3839004,0.6666666666666666,0.3333333333333333,0.6666666666666666,0.0,0.3333333333333333,0.0
2024-12-01,2,1,0.5,0.50199926,1.0039985,1.0986122886681098,0.6931471805599453,0.6951445,0.5,0.5,0.5,0.5,0.0,0.0
2024-12-02,2,2,1.0,0.9958857,1.9917715,1.0986122886681098,1.0986122886681098,1.0958657,1.0,1.0,1.0,0.0,0.0,0.0
2024-12-03,1,0,0.0,0.030175693,0.030175693,0.6931471805599453,0.0,0.029729364,0.0,0.0,1.0,0.0,0.0,0.0
2024-12-04,4,3,0.75,0.7563317,3.0253267,1.6094379124341003,1.3862943611198906,1.3926061,1.0,0.25,0.0,0.0,0.0,0.0
2024-12-05,2,2,1.0,0.9991306,1.9982612,1.0986122886681098,1.0986122886681098,1.0980325,1.0,0.5,0.0,0.0,0.0,0.0
2024-12-06,6,5,0.8333333333333334,0.83303,4.99818,1.9459101490553132,1.791759469228055,1.7914561,0.8333333333333334,0.6666666666666666,0.8333333333333334,0.0,0.0,0.0
2024-12-07,3,2,0.6666666666666666,0.66528195,1.9958458,1.3862943611198906,1.0986122886681098,1.0972266,0.6666666666666666,0.3333333333333333,0.3333333333333333,0.0,0.3333333333333333,0.0
2024-12-09,3,1,0.3333333333333333,0.33415112,1.0024533,1.3862943611198906,0.6931471805599453,0.6943731,0.6666666666666666,0.6666666666666666,0.3333333333333333,0.0,0.0,0.0
2024-12-10,5,2,0.4,0.42574853,2.1287427,1.791759469228055,1.0986122886681098,1.1406312,0.8,0.4,0.4,0.0,0.2,0.0
2024-12-11,6,5,0.8333333333333334,0.8388451,5.0330706,1.9459101490553132,1.791759469228055,1.7972561,0.8333333333333334,0.16666666666666666,0.16666666666666666,0.0,0.6666666666666666,0.0
2024-12-12,1,0,0.0,0.0010948912,0.0010948912,0.6931471805599453,0.0,0.0010942923,0.0,1.0,1.0,0.0,0.0,0.0
2024-12-13,6,4,0.6666666666666666,0.667813,4.006878,1.9459101490553132,1.6094379124341003,1.6108125,1.0,0.8333333333333334,0.0,0.0,0.5,0.0
2024-12-14,4,3,0.75,0.75038767,3.0015507,1.6094379124341003,1.3862943611198906,1.3866819,1.0,0.5,0.5,0.0,0.0,0.0
2024-12-15,4,1,0.25,0.28030744,1.1212298,1.6094379124341003,0.6931471805599453,0.751996,0.25,0.5,1.0,0.0,0.0,0.0
2024-12-16,2,1,0.5,0.568612,1.137224,1.0986122886681098,0.6931471805599453,0.7595078,1.0,1.0,0.5,0.5,0.5,0.0
2024-12-17,3,1,0.3333333333333333,0.33388343,1.0016503,1.3862943611198906,0.6931471805599453,0.693972,0.3333333333333333,1.0,0.6666666666666666,0.0,0.0,0.0
2024-12-19,7,7,1.0,0.9994282,6.9959974,2.0794415416798357,2.0794415416798357,2.078941,1.0,1.0,0.14285714285714285,0.0,0.5714285714285714,0.0
2024-12-20,6,4,0.6666666666666666,0.66838783,4.010327,1.9459101490553132,1.6094379124341003,1.6115012,0.8333333333333334,0.6666666666666666,0.6666666666666666,0.16666666666666666,0.16666666666666666,0.0
2024-12-21,2,1,0.5,0.49703792,0.99407583,1.0986122886681098,0.6931471805599453,0.6901807,0.0,0.5,1.0,0.0,0.0,0.0
2024-12-22,2,2,1.0,0.9996265,1.999253,1.0986122886681098,1.0986122886681098,1.0983633,1.0,0.5,1.0,0.0,0.0,0.0
2024-12-23,2,1,0.5,0.5016468,1.0032936,1.0986122886681098,0.6931471805599453,0.6947926,0.5,1.0,1.0,0.5,0.0,0.0
2024-12-24,4,3,0.75,0.750836,3.003344,1.6094379124341003,1.3862943611198906,1.38713,0.75,0.0,0.25,0.0,0.75,0.0
2024-12-25,7,1,0.14285714285714285,0.14550745,1.0185522,2.0794415416798357,0.6931471805599453,0.70238054,0.14285714285714285,0.14285714285714285,1.0,0.14285714285714285,0.14285714285714285,0.0
2024-12-26,2,1,0.5,0.5006323,1.0012646,1.0986122886681098,0.6931471805599453,0.6937793,1.0,0.5,0.0,0.0,0.0,0.0
2024-12-27,4,4,1.0,0.9379479,3.7517917,1.6094379124341003,1.6094379124341003,1.5585217,1.0,1.0,0.5,0.25,0.25,0.0
2024-12-28,2,1,0.5,0.44195122,0.88390243,1.0986122886681098,0.6931471805599453,0.63334537,0.0,0.5,1.0,0.0,0.0,0.0
2024-12-29,5,4,0.8,0.80002606,4.00013,1.791759469228055,1.6094379124341003,1.6094639,0.8,1.0,0.8,0.0,0.2,0.0
2024-12-30,1,1,1.0,0.9995919,0.9995919,0.6931471805599453,0.6931471805599453,0.6929431,0.0,0.0,1.0,0.0,0.0,0.0
2024-12-31,5,4,0.8,0.80064404,4.00322,1.791759469228055,1.6094379124341003,1.6100817,0.8,0.8,0.2,0.0,0.0,0.0
2025-01-01,4,3,0.75,0.75227326,3.009093,1.6094379124341003,1.3862943611198906,1.3885651,0.5,0.75,0.75,0.0,0.25,0.0
2025-01-02,5,4,0.8,0.79981977,3.9990988,1.791759469228055,1.6094379124341003,1.6092577,1.0,0.8,0.4,0.0,0.4,0.0
2025-01-03,9,7,0.7777777777777778,0.77245426,6.9520884,2.302585092994046,2.0794415416798357,2.0734346,0.8888888888888888,0.8888888888888888,0.6666666666666666,0.0,0.0,0.0
2025-01-04,2,2,1.0,0.97447467,1.9489493,1.0986122886681098,1.0986122886681098,1.081449,1.0,1.0,0.5,0.5,1.0,0.0
2025-01-05,3,2,0.6666666666666666,0.6667297,2.000189,1.3862943611198906,1.0986122886681098,1.0986753,1.0,0.6666666666666666,0.3333333333333333,0.0,0.3333333333333333,0.0
2025-01-06,2,2,1.0,0.99845874,1.9969175,1.0986122886681098,1.0986122886681098,1.0975842,1.0,1.0,0.5,0.0,0.5,0.0
2025-01-07,3,2,0.6666666666666666,0.6685243,2.005573,1.3862943611198906,1.0986122886681098,1.1004683,0.6666666666666666,0.3333333333333333,1.0,0.0,0.6666666666666666,0.0
2025-01-09,3,3,1.0,0.9834873,2.9504619,1.3862943611198906,1.3862943611198906,1.3738325,0.6666666666666666,1.0,1.0,0.0,0.0,0.0
2025-01-10,6,3,0.5,0.50116706,3.0070024,1.9459101490553132,1.3862943611198906,1.3880434,0.5,0.6666666666666666,0.8333333333333334,0.16666666666666666,0.16666666666666666,0.0
2025-01-11,4,3,0.75,0.7406873,2.9627492,1.6094379124341003,1.3862943611198906,1.376938,0.5,0.5,0.75,0.0,0.25,0.0
2025-01-12,4,2,0.5,0.40854168,1.6341667,1.6094379124341003,1.0986122886681098,0.9685669,0.5,0.25,0.75,0.0,0.25,0.0
2025-01-13,5,2,0.4,0.41922814,2.0961406,1.791759469228055,1.0986122886681098,1.1301564,0.4,0.4,1.0,0.0,0.0,0.0
2025-01-14,6,2,0.3333333333333333,0.34408045,2.0644827,1.9459101490553132,1.0986122886681098,1.1198788,0.3333333333333333,0.5,0.8333333333333334,0.0,0.16666666666666666,0.0
2025-01-15,5,3,0.6,0.60851085,3.0425541,1.791759469228055,1.3862943611198906,1.3968767,0.6,0.8,1.0,0.0,0.0,0.0
2025-01-16,3,2,0.6666666666666666,0.73610765,2.208323,1.3862943611198906,1.0986122886681098,1.1657484,0.6666666666666666,1.0,0.3333333333333333,0.0,0.0,0.0
2025-01-17,4,2,0.5,0.47513264,1.9005306,1.6094379124341003,1.0986122886681098,1.0648937,0.25,0.5,0.75,0.0,0.0,0.0
2025-01-18,6,2,0.3333333333333333,0.33456025,2.0073614,1.9459101490553132,1.0986122886681098,1.1010631,0.5,0.16666666666666666,0.6666666666666666,0.0,0.0,0.0
2025-01-19,1,0,0.0,0.0020366604,0.0020366604,0.6931471805599453,0.0,0.0020345892,1.0,1.0,0.0,0.0,0.0,0.0
2025-01-20,3,2,0.6666666666666666,0.7837815,2.3513446,1.3862943611198906,1.0986122886681098,1.2093617,0.6666666666666666,1.0,0.3333333333333333,0.3333333333333333,0.0,0.0
2025-01-21,4,2,0.5,0.506485,2.02594,1.6094379124341003,1.0986122886681098,1.1072218,0.75,1.0,0.5,0.0,0.25,0.0
2025-01-22,8,6,0.75,0.7410459,5.928367,2.1972245773362196,1.9459101490553132,1.9356241,0.625,0.375,0.5,0.125,0.25,0.0
2025-01-23,1,0,0.0,0.003207919,0.003207919,0.6931471805599453,0.0,0.0032027846,0.0,0.0,1.0,0.0,0.0,0.0
2025-01-24,4,3,0.75,0.7500577,3.0002308,1.6094379124341003,1.3862943611198906,1.3863521,0.75,0.0,1.0,0.0,0.0,0.0
2025-01-25,3,1,0.3333333333333333,0.3358222,1.0074666,1.3862943611198906,0.6931471805599453,0.6968735,0.6666666666666666,0.6666666666666666,0.6666666666666666,0.0,0.0,0.0
2025-01-26,3,2,0.6666666666666666,0.6668741,2.0006223,1.3862943611198906,1.0986122886681098,1.0988197,0.6666666666666666,1.0,0.6666666666666666,0.3333333333333333,0.0,0.0
2025-01-27,5,4,0.8,0.74435025,3.7217512,1.791759469228055,1.6094379124341003,1.5521798,0.4,0.0,0.6,0.0,0.0,0.0
2025-01-28,4,0,0.0,0.016655063,0.06662025,1.6094379124341003,0.0,0.064495005,0.75,0.25,0.25,0.0,0.0,0.0
2025-01-29,1,1,1.0,0.9996043,0.9996043,0.6931471805599453,0.6931471805599453,0.6929493,1.0,1.0,1.0,0.0,0.0,0.0
2025-01-30,1,0,0.0,0.0011632474,0.0011632474,0.6931471805599453,0.0,0.0011625714,0.0,0.0,1.0,0.0,0.0,0.0
2025-01-31,6,1,0.16666666666666666,0.123120934,0.7387256,1.9459101490553132,0.6931471805599453,0.55315244,0.3333333333333333,0.8333333333333334,0.8333333333333334,0.16666666666666666,0.0,0.0
2025-02-01,2,1,0.5,0.5004533,1.0009066,1.0986122886681098,0.6931471805599453,0.69360036,0.5,0.5,0.5,0.0,0.5,0.0
2025-02-02,6,5,0.8333333333333334,0.8331867,4.99912,1.9459101490553132,1.791759469228055,1.7916129,0.8333333333333334,0.8333333333333334,0.6666666666666666,0.3333333333333333,0.0,0.0
2025-02-03,5,1,0.2,0.20206961,1.0103481,1.791759469228055,0.6931471805599453,0.6983079,0.6,0.8,0.6,0.0,0.0,0.0
2025-02-04,3,1,0.3333333333333333,0.33377352,1.0013206,1.3862943611198906,0.6931471805599453,0.69380724,0.3333333333333333,0.3333333333333333,1.0,0.0,0.0,0.0
2025-02-05,1,1,1.0,0.9993143,0.9993143,0.6931471805599453,0.6931471805599453,0.6928043,1.0,1.0,0.0,0.0,0.0,0.0
2025-02-06,7,3,0.42857142857142855,0.54127914,3.7889538,2.0794415416798357,1.3862943611198906,1.566312,0.42857142857142855,0.8571428571428571,0.8571428571428571,0.14285714285714285,0.2857142857142857,0.0
2025-02-07,4,3,0.75,0.73758405,2.9503362,1.6094379124341003,1.3862943611198906,1.3738008,0.75,0.5,0.25,0.0,0.0,0.0
2025-02-08,3,1,0.3333333333333333,0.29138473,0.8741542,1.3862943611198906,0.6931471805599453,0.6281575,0.3333333333333333,1.0,0.6666666666666666,0.0,0.0,0.0
2025-02-10,4,2,0.5,0.44263262,1.7705305,1.6094379124341003,1.0986122886681098,1.0190388,0.25,0.5,0.75,0.25,0.25,0.0
2025-02-11,2,2,1.0,0.99942803,1.9988561,1.0986122886681098,1.0986122886681098,1.098231,1.0,1.0,0.5,0.0,0.0,0.0
2025-02-12,1,0,0.0,0.0012200704,0.0012200704,0.6931471805599453,0.0,0.0012193267,1.0,1.0,0.0,0.0,0.0,0.0
2025-02-13,4,3,0.75,0.7497287,2.9989147,1.6094379124341003,1.3862943611198906,1.386023,0.75,0.75,1.0,0.0,0.0,0.0
2025-02-14,6,3,0.5,0.45780173,2.7468104,1.9459101490553132,1.3862943611198906,1.320905,0.6666666666666666,0.3333333333333333,0.6666666666666666,0.0,0.0,0.0
2025-02-15,2,0,0.0,0.07135152,0.14270304,1.0986122886681098,0.0,0.13339654,0.5,0.0,0.5,0.0,0.0,0.0
2025-02-16,5,3,0.6,0.57371986,2.8685994,1.791759469228055,1.3862943611198906,1.3528925,0.0,0.4,1.0,0.0,0.0,0.0
2025-02-17,2,1,0.5,0.57120997,1.1424199,1.0986122886681098,0.6931471805599453,0.761936,0.5,1.0,0.5,0.0,0.0,0.0
2025-02-18,4,3,0.75,0.75027096,3.0010839,1.6094379124341003,1.3862943611198906,1.3865653,0.5,0.5,0.5,0.0,0.0,0.0
2025-02-19,7,5,0.7142857142857143,0.65177363,4.5624156,2.0794415416798357,1.791759469228055,1.7160325,0.7142857142857143,0.5714285714285714,0.7142857142857143,0.14285714285714285,0.14285714285714285,0.0
2025-02-21,6,3,0.5,0.49191824,2.9515095,1.9459101490553132,1.3862943611198906,1.3740977,0.5,0.6666666666666666,1.0,0.16666666666666666,0.0,0.0
2025-02-22,4,1,0.25,0.3092403,1.2369612,1.6094379124341003,0.6931471805599453,0.8051184,0.5,0.5,0.5,0.25,0.0,0.0
2025-02-23,3,1,0.3333333333333333,0.33499753,1.0049926,1.3862943611198906,0.6931471805599453,0.6956404,1.0,0.3333333333333333,0.0,0.0,0.3333333333333333,0.0
2025-02-24,3,1,0.3333333333333333,0.35698214,1.0709465,1.3862943611198906,0.6931471805599453,0.7280057,0.3333333333333333,0.6666666666666666,0.6666666666666666,0.3333333333333333,0.0,0.0
2025-02-25,2,2,1.0,0.9991851,1.9983702,1.0986122886681098,1.0986122886681098,1.098069,1.0,0.5,0.5,0.5,0.0,0.0
2025-02-26,3,1,0.3333333333333333,0.33626223,1.0087867,1.3862943611198906,0.6931471805599453,0.6975309,0.3333333333333333,0.6666666666666666,0.6666666666666666,0.3333333333333333,0.0,0.0
2025-02-27,5,1,0.2,0.14438635,0.72193176,1.791759469228055,0.6931471805599453,0.5434468,0.6,0.4,0.4,0.0,0.2,0.0
2025-02-28,1,1,1.0,0.99959224,0.99959224,0.6931471805599453,0.6931471805599453,0.6929433,1.0,1.0,1.0,0.0,0.0,0.0
2025-03-02,6,2,0.3333333333333333,0.3157481,1.8944886,1.9459101490553132,1.0986122886681098,1.0628085,0.5,0.5,0.5,0.16666666666666666,0.0,0.0
2025-03-03,4,3,0.75,0.7464652,2.9858608,1.6094379124341003,1.3862943611198906,1.3827533,0.75,0.5,0.5,0.25,0.25,0.0
2025-03-04,2,1,0.5,0.5008383,1.0016766,1.0986122886681098,0.6931471805599453,0.6939851,0.5,0.5,0.5,0.5,0.0,0.0
2025-03-05,3,2,0.6666666666666666,0.6665666,1.9996998,1.3862943611198906,1.0986122886681098,1.0985122,0.6666666666666666,0.3333333333333333,0.3333333333333333,0.0,0.0,0.0
2025-03-06,6,4,0.6666666666666666,0.67472976,4.0483785,1.9459101490553132,1.6094379124341003,1.6190671,0.8333333333333334,0.8333333333333334,0.6666666666666666,0.0,0.16666666666666666,0.0
2025-03-07,8,3,0.375,0.3779569,3.0236552,2.1972245773362196,1.3862943611198906,1.3921907,0.875,0.75,0.25,0.0,0.0,0.0
2025-03-08,2,2,1.0,0.82279456,1.6455891,1.0986122886681098,1.0986122886681098,0.9728938,1.0,0.5,0.0,0.0,0.5,0.0
2025-03-09,5,3,0.6,0.5448812,2.724406,1.791759469228055,1.3862943611198906,1.3149074,0.2,0.2,1.0,0.0,0.2,0.0
2025-03-10,3,3,1.0,0.99953246,2.9985974,1.3862943611198906,1.3862943611198906,1.3859437,0.6666666666666666,0.3333333333333333,0.6666666666666666,0.0,0.0,0.0
2025-03-11,2,1,0.5,0.5010831,1.0021662,1.0986122886681098,0.6931471805599453,0.69422966,1.0,1.0,0.0,0.0,0.0,0.0
2025-03-12,5,2,0.4,0.38647732,1.9323866,1.791759469228055,1.0986122886681098,1.0758166,0.4,0.8,0.8,0.0,0.0,0.0
2025-03-13,3,2,0.6666666666666666,0.6963215,2.0889645,1.3862943611198906,1.0986122886681098,1.127836,1.0,0.6666666666666666,1.0,0.0,0.3333333333333333,0.0
2025-03-14,1,0,0.0,0.056250874,0.056250874,0.6931471805599453,0.0,0.054725725,0.0,0.0,1.0,0.0,0.0,0.0
2025-03-15,4,3,0.75,0.7454221,2.9816885,1.6094379124341003,1.3862943611198906,1.381706,0.25,0.5,1.0,0.0,0.5,0.0
2025-03-16,2,2,1.0,0.99939144,1.9987829,1.0986122886681098,1.0986122886681098,1.0982065,0.5,1.0,1.0,0.0,1.0,0.0
2025-03-17,4,2,0.5,0.49501792,1.9800717,1.6094379124341003,1.0986122886681098,1.0919473,0.25,0.25,0.75,0.0,0.0,0.0
2025-03-18,3,2,0.6666666666666666,0.6664729,1.9994187,1.3862943611198906,1.0986122886681098,1.0984185,0.0,0.3333333333333333,1.0,0.0,0.0,0.0
2025-03-19,5,2,0.4,0.48101863,2.4050932,1.791759469228055,1.0986122886681098,1.2252723,0.8,0.6,0.4,0.0,0.0,0.0
2025-03-20,4,1,0.25,0.2808958,1.1235832,1.6094379124341003,0.6931471805599453,0.75310487,1.0,0.5,0.0,0.0,0.0,0.0
2025-03-21,2,2,1.0,0.9995333,1.9990666,1.0986122886681098,1.0986122886681098,1.0983012,0.5,0.5,0.5,0.0,0.5,0.0
2025-03-22,3,1,0.3333333333333333,0.33759984,1.0127995,1.3862943611198906,0.6931471805599453,0.69952655,0.3333333333333333,0.6666666666666666,1.0,0.0,0.0,0.0
2025-03-23,5,3,0.6,0.6559206,3.279603,1.791759469228055,1.3862943611198906,1.4538603,0.6,0.8,0.4,0.0,0.0,0.0
2025-03-24,7,5,0.7142857142857143,0.75121266,5.2584887,2.0794415416798357,1.791759469228055,1.8339387,0.7142857142857143,0.8571428571428571,0.42857142857142855,0.2857142857142857,0.2857142857142857,0.0
2025-03-25,2,2,1.0,0.999589,1.999178,1.0986122886681098,1.0986122886681098,1.0983382,1.0,0.5,0.0,0.5,0.0,0.0
2025-03-26,1,1,1.0,0.9910287,0.9910287,0.6931471805599453,0.6931471805599453,0.68865144,1.0,0.0,0.0,0.0,0.0,0.0
2025-03-27,5,2,0.4,0.3996002,1.998001,1.791759469228055,1.0986122886681098,1.0979457,0.6,0.6,0.6,0.0,0.2,0.0
2025-03-28,3,0,0.0,0.03422941,0.10268823,1.3862943611198906,0.0,0.097751044,0.6666666666666666,0.0,1.0,0.0,0.0,0.0
2025-03-29,3,3,1.0,0.99466157,2.9839847,1.3862943611198906,1.3862943611198906,1.3822825,0.6666666666666666,0.6666666666666666,0.6666666666666666,0.0,0.3333333333333333,0.0
2025-03-30,5,2,0.4,0.4013998,2.006999,1.791759469228055,1.0986122886681098,1.1009426,1.0,0.6,0.0,0.0,0.0,0.0
2025-03-31,5,2,0.4,0.47929582,2.3964791,1.791759469228055,1.0986122886681098,1.2227393,0.2,0.4,1.0,0.0,0.0,0.0
2025-04-01,3,1,0.3333333333333333,0.33507326,1.0052198,1.3862943611198906,0.6931471805599453,0.6957537,0.3333333333333333,0.6666666666666666,0.6666666666666666,0.0,0.0,0.0
2025-04-02,6,2,0.3333333333333333,0.34369662,2.0621798,1.9459101490553132,1.0986122886681098,1.119127,0.5,0.3333333333333333,0.8333333333333334,0.0,0.16666666666666666,0.0
2025-04-03,3,2,0.6666666666666666,0.66743565,2.002307,1.3862943611198906,1.0986122886681098,1.099381,0.6666666666666666,0.6666666666666666,0.3333333333333333,0.0,0.3333333333333333,0.0
2025-04-04,4,2,0.5,0.50098497,2.0039399,1.6094379124341003,1.0986122886681098,1.0999248,0.75,0.5,0.25,0.0,0.0,0.0
2025-04-05,8,4,0.5,0.50103176,4.008254,2.1972245773362196,1.6094379124341003,1.6110873,0.625,0.625,0.375,0.375,0.375,0.0
2025-04-06,6,4,0.6666666666666666,0.7232935,4.339761,1.9459101490553132,1.6094379124341003,1.6751809,0.3333333333333333,0.5,1.0,0.16666666666666666,0.0,0.0
2025-04-07,4,2,0.5,0.51679444,2.0671778,1.6094379124341003,1.0986122886681098,1.1207578,0.75,0.5,1.0,0.0,0.0,0.0
2025-04-08,4,3,0.75,0.6734635,2.693854,1.6094379124341003,1.3862943611198906,1.3066704,1.0,1.0,0.5,0.0,0.25,0.0
2025-04-09,1,1,1.0,0.999501,0.999501,0.6931471805599453,0.6931471805599453,0.6928976,1.0,0.0,1.0,0.0,0.0,0.0
2025-04-10,4,3,0.75,0.748335,2.99334,1.6094379124341003,1.3862943611198906,1.3846279,1.0,0.5,0.25,0.25,0.0,0.0
2025-04-11,3,1,0.3333333333333333,0.32354838,0.9706451,1.3862943611198906,0.6931471805599453,0.67836094,0.0,0.3333333333333333,1.0,0.0,0.0,0.0
2025-04-12,2,1,0.5,0.50179577,1.0035915,1.0986122886681098,0.6931471805599453,0.69494134,1.0,1.0,0.5,0.0,0.0,0.0
2025-04-13,1,0,0.0,0.002048782,0.002048782,0.6931471805599453,0.0,0.0020466861,0.0,0.0,1.0,0.0,0.0,0.0
2025-04-14,2,1,0.5,0.5002127,1.0004255,1.0986122886681098,0.6931471805599453,0.6933599,0.5,1.0,1.0,0.0,0.0,0.0
2025-04-15,5,3,0.6,0.62574726,3.1287363,1.791759469228055,1.3862943611198906,1.4179714,0.4,0.6,0.6,0.2,0.2,0.0
2025-04-16,3,3,1.0,0.99544793,2.9863439,1.3862943611198906,1.3862943611198906,1.3828745,1.0,1.0,0.3333333333333333,0.0,0.0,0.0
2025-04-17,2,1,0.5,0.50046855,1.0009371,1.0986122886681098,0.6931471805599453,0.6936156,1.0,0.5,1.0,0.0,0.0,0.0
2025-04-18,5,2,0.4,0.40452972,2.0226486,1.791759469228055,1.0986122886681098,1.1061335,0.4,0.4,0.6,0.2,0.2,0.0
2025-04-19,3,1,0.3333333333333333,0.33517003,1.0055101,1.3862943611198906,0.6931471805599453,0.6958984,0.6666666666666666,0.3333333333333333,0.3333333333333333,0.0,0.0,0.0
2025-04-20,2,1,0.5,0.499544,0.999088,1.0986122886681098,0.6931471805599453,0.6926911,1.0,1.0,0.5,0.5,0.0,0.0
2025-04-21,5,2,0.4,0.40150118,2.007506,1.791759469228055,1.0986122886681098,1.1011112,0.4,0.6,0.8,0.0,0.0,0.0
2025-04-22,4,3,0.75,0.774304,3.097216,1.6094379124341003,1.3862943611198906,1.4103076,0.75,0.5,0.75,0.0,0.0,0.0
2025-04-23,6,5,0.8333333333333334,0.820203,4.921218,1.9459101490553132,1.791759469228055,1.7785422,0.8333333333333334,0.6666666666666666,1.0,0.0,0.0,0.0
2025-04-24,7,5,0.7142857142857143,0.66581213,4.660685,2.0794415416798357,1.791759469228055,1.733545,1.0,0.2857142857142857,0.2857142857142857,0.0,0.0,0.0
2025-04-26,3,2,0.6666666666666666,0.77709943,2.3312984,1.3862943611198906,1.0986122886681098,1.2033621,0.6666666666666666,1.0,1.0,0.0,0.3333333333333333,0.0
2025-04-27,4,2,0.5,0.47232512,1.8893005,1.6094379124341003,1.0986122886681098,1.0610144,0.25,0.75,0.75,0.0,0.0,0.0
2025-04-28,6,2,0.3333333333333333,0.39583716,2.375023,1.9459101490553132,1.0986122886681098,1.216402,0.5,1.0,0.6666666666666666,0.16666666666666666,0.0,0.0
2025-04-29,4,4,1.0,0.99936795,3.9974718,1.6094379124341003,1.6094379124341003,1.6089321,1.0,0.75,0.0,0.0,0.0,0.0
2025-04-30,7,5,0.7142857142857143,0.67752486,4.742674,2.0794415416798357,1.791759469228055,1.7479249,0.7142857142857143,0.8571428571428571,0.5714285714285714,0.2857142857142857,0.14285714285714285,0.0
2025-05-01,3,2,0.6666666666666666,0.59327054,1.7798116,1.3862943611198906,1.0986122886681098,1.0223832,0.3333333333333333,0.3333333333333333,0.6666666666666666,0.3333333333333333,0.0,0.0
2025-05-02,5,3,0.6,0.5826821,2.9134104,1.791759469228055,1.3862943611198906,1.3644092,0.4,0.6,0.8,0.0,0.0,0.0
2025-05-03,2,1,0.5,0.50041103,1.0008221,1.0986122886681098,0.6931471805599453,0.69355816,0.5,0.5,0.5,0.0,0.5,0.0
2025-05-04,4,2,0.5,0.5006696,2.0026784,1.6094379124341003,1.0986122886681098,1.0995047,0.75,0.5,0.25,0.25,0.0,0.0
2025-05-05,3,1,0.3333333333333333,0.35254455,1.0576336,1.3862943611198906,0.6931471805599453,0.7215566,0.6666666666666666,0.6666666666666666,0.6666666666666666,0.0,0.3333333333333333,0.0
2025-05-06,3,3,1.0,0.9995063,2.998519,1.3862943611198906,1.3862943611198906,1.385924,1.0,1.0,0.0,0.3333333333333333,0.3333333333333333,0.0
2025-05-07,4,1,0.25,0.28370282,1.1348113,1.6094379124341003,0.6931471805599453,0.75837827,0.5,0.5,0.75,0.25,0.25,0.0
2025-05-08,8,7,0.875,0.8447968,6.758374,2.1972245773362196,2.0794415416798357,2.0487728,1.0,0.75,0.125,0.0,0.25,0.0
2025-05-09,7,3,0.42857142857142855,0.46943545,3.2860482,2.0794415416798357,1.3862943611198906,1.4553652,0.8571428571428571,0.5714285714285714,0.42857142857142855,0.0,0.2857142857142857,0.0
2025-05-10,2,1,0.5,0.501317,1.002634,1.0986122886681098,0.6931471805599453,0.6944633,1.0,0.5,0.5,0.0,0.0,0.0
2025-05-11,1,1,1.0,0.9991148,0.9991148,0.6931471805599453,0.6931471805599453,0.6927045,1.0,1.0,0.0,0.0,0.0,0.0
2025-05-24,3,2,0.6666666666666666,0.7566943,2.270083,1.3862943611198906,1.0986122886681098,1.1848154,0.6666666666666666,1.0,0.6666666666666666,0.0,0.0,0.0
2025-05-25,4,2,0.5,0.6091947,2.4367788,1.6094379124341003,1.0986122886681098,1.2345346,0.5,0.5,0.75,0.0,0.25,0.0
2025-05-26,3,3,1.0,0.99915236,2.997457,1.3862943611198906,1.3862943611198906,1.3856584,1.0,0.6666666666666666,0.0,0.0,0.3333333333333333,0.0
2025-05-27,5,3,0.6,0.6567875,3.2839377,1.791759469228055,1.3862943611198906,1.4548726,0.8,0.6,0.6,0.0,0.6,0.0
2025-05-28,1,1,1.0,0.99924976,0.99924976,0.6931471805599453,0.6931471805599453,0.692772,1.0,1.0,1.0,0.0,0.0,0.0
2025-05-29,6,3,0.5,0.5281022,3.1686132,1.9459101490553132,1.3862943611198906,1.4275835,0.6666666666666666,0.6666666666666666,0.5,0.3333333333333333,0.0,0.0
2025-05-30,2,2,1.0,0.9995829,1.9991658,1.0986122886681098,1.0986122886681098,1.0983342,1.0,1.0,1.0,0.0,0.0,0.0
2025-05-31,2,1,0.5,0.5008337,1.0016674,1.0986122886681098,0.6931471805599453,0.6939805,0.5,0.5,1.0,0.0,0.0,0.0
2025-06-01,5,4,0.8,0.7998668,3.9993339,1.791759469228055,1.6094379124341003,1.6093047,0.6,0.6,0.8,0.0,0.0,0.0
2025-06-02,4,3,0.75,0.7503881,3.0015523,1.6094379124341003,1.3862943611198906,1.3866824,0.75,0.75,0.75,0.0,0.0,0.0
2025-06-03,5,5,1.0,0.99833757,4.991688,1.791759469228055,1.791759469228055,1.7903731,1.0,0.8,0.8,0.0,0.0,0.0
2025-06-04,3,2,0.6666666666666666,0.70271206,2.1081362,1.3862943611198906,1.0986122886681098,1.1340232,0.6666666666666666,1.0,1.0,0.3333333333333333,0.0,0.0
2025-06-05,7,6,0.8571428571428571,0.88192093,6.1734467,2.0794415416798357,1.9459101490553132,1.9703863,0.8571428571428571,0.8571428571428571,0.8571428571428571,0.0,0.0,0.0
2025-06-06,4,3,0.75,0.74524796,2.9809918,1.6094379124341003,1.3862943611198906,1.381531,0.5,1.0,0.75,0.0,0.0,0.0
2025-06-07,4,1,0.25,0.25132936,1.0053174,1.6094379124341003,0.6931471805599453,0.6958024,0.25,0.25,1.0,0.0,0.0,0.0
2025-06-08,4,2,0.5,0.58388853,2.3355541,1.6094379124341003,1.0986122886681098,1.2046388,0.25,1.0,1.0,0.25,0.0,0.0
2025-06-09,8,5,0.625,0.6005481,4.8043847,2.1972245773362196,1.791759469228055,1.7586136,0.375,0.625,1.0,0.125,0.25,0.0
2025-06-10,6,3,0.5,0.48659503,2.9195702,1.9459101490553132,1.3862943611198906,1.365982,0.3333333333333333,0.8333333333333334,0.8333333333333334,0.16666666666666666,0.16666666666666666,0.0
2025-06-11,10,7,0.7,0.7088574,7.0885744,2.3978952727983707,2.0794415416798357,2.0904524,0.7,1.0,0.9,0.1,0.1,0.0
2025-06-12,4,3,0.75,0.724375,2.8975,1.6094379124341003,1.3862943611198906,1.3603354,0.75,0.75,0.5,0.0,0.25,0.0
2025-06-13,9,4,0.4444444444444444,0.44478056,4.003025,2.302585092994046,1.6094379124341003,1.6100428,0.5555555555555556,0.6666666666666666,0.4444444444444444,0.0,0.0,0.0
2025-07-02,5,3,0.6,0.5467061,2.7335303,1.791759469228055,1.3862943611198906,1.3173542,0.8,0.8,0.8,0.0,0.0,0.0
2025-07-03,4,3,0.75,0.75190806,3.0076323,1.6094379124341003,1.3862943611198906,1.3882006,0.75,0.75,0.75,0.0,0.0,0.0
2025-07-05,1,1,1.0,0.9995664,0.9995664,0.6931471805599453,0.6931471805599453,0.69293034,1.0,0.0,1.0,0.0,0.0,0.0
2025-07-06,2,0,0.0,0.001077483,0.002154966,1.0986122886681098,0.0,0.0021526474,0.0,0.0,1.0,0.0,0.0,0.0
2025-07-07,1,0,0.0,0.013584718,0.013584718,0.6931471805599453,0.0,0.013493273,0.0,1.0,1.0,0.0,0.0,0.0
2025-07-08,1,0,0.0,0.027166497,0.027166497,0.6931471805599453,0.0,0.026804037,0.0,0.0,1.0,0.0,0.0,0.0
2025-07-09,7,3,0.42857142857142855,0.43151388,3.0205972,2.0794415416798357,1.3862943611198906,1.3914305,0.42857142857142855,0.5714285714285714,0.8571428571428571,0.0,0.0,0.0
2025-07-10,5,1,0.2,0.22352572,1.1176286,1.791759469228055,0.6931471805599453,0.7502969,0.4,0.4,0.8,0.0,0.0,0.0
2025-07-11,4,4,1.0,0.9923532,3.9694128,1.6094379124341003,1.6094379124341003,1.6033016,0.75,0.5,1.0,0.0,0.0,0.0
2025-07-12,1,0,0.0,0.0012662525,0.0012662525,0.6931471805599453,0.0,0.0012654514,0.0,0.0,1.0,0.0,0.0,0.0
2025-07-13,3,2,0.6666666666666666,0.5854867,1.7564601,1.3862943611198906,1.0986122886681098,1.0139472,0.6666666666666666,0.3333333333333333,0.6666666666666666,0.0,0.3333333333333333,0.0
2025-07-14,2,0,0.0,0.07452917,0.14905834,1.0986122886681098,0.0,0.13894276,0.0,0.5,1.0,0.0,0.0,0.0
2025-07-15,2,2,1.0,0.90547127,1.8109425,1.0986122886681098,1.0986122886681098,1.0335199,0.5,0.0,0.5,0.0,0.0,0.0
2025-07-16,5,3,0.6,0.6619197,3.3095987,1.791759469228055,1.3862943611198906,1.4608448,0.6,0.6,0.6,0.0,0.0,0.0
2025-07-17,3,3,1.0,0.9991924,2.9975772,1.3862943611198906,1.3862943611198906,1.3856884,0.6666666666666666,0.3333333333333333,0.6666666666666666,0.0,0.3333333333333333,0.0
2025-07-18,3,2,0.6666666666666666,0.6846364,2.0539093,1.3862943611198906,1.0986122886681098,1.1164225,0.6666666666666666,1.0,1.0,0.0,0.3333333333333333,0.0
2025-07-19,2,1,0.5,0.4938422,0.9876844,1.0986122886681098,0.6931471805599453,0.68697035,0.0,1.0,1.0,0.0,0.0,0.0
2025-07-20,7,5,0.7142857142857143,0.6610449,4.627314,2.0794415416798357,1.791759469228055,1.7276323,0.42857142857142855,0.8571428571428571,0.8571428571428571,0.14285714285714285,0.0,0.0
2025-07-21,3,2,0.6666666666666666,0.69791883,2.0937564,1.3862943611198906,1.0986122886681098,1.1293861,0.3333333333333333,0.3333333333333333,0.6666666666666666,0.0,0.0,0.0
2025-07-22,11,9,0.8181818181818182,0.81584924,8.974341,2.4849066497880004,2.302585092994046,2.300016,0.7272727272727273,0.6363636363636364,1.0,0.0,0.0,0.0
2025-07-23,8,6,0.75,0.73253816,5.8603053,2.1972245773362196,1.9459101490553132,1.9257519,0.375,0.5,0.875,0.0,0.125,0.0
2025-07-24,4,3,0.75,0.75013065,3.0005226,1.6094379124341003,1.3862943611198906,1.386425,0.75,0.75,0.75,0.25,0.25,0.0
2025-07-25,2,1,0.5,0.50062233,1.0012447,1.0986122886681098,0.6931471805599453,0.69376934,0.5,0.5,1.0,0.0,0.0,0.0
2025-07-26,2,2,1.0,0.9995744,1.9991488,1.0986122886681098,1.0986122886681098,1.0983286,0.5,1.0,1.0,0.0,0.0,0.0
2025-07-27,7,3,0.42857142857142855,0.4299166,3.009416,2.0794415416798357,1.3862943611198906,1.3886456,0.42857142857142855,0.8571428571428571,1.0,0.0,0.2857142857142857,0.0
2025-07-28,2,0,0.0,0.00154863,0.00309726,1.0986122886681098,0.0,0.0030924734,0.0,0.5,1.0,0.0,0.0,0.0
2025-07-29,6,3,0.5,0.5068992,3.0413952,1.9459101490553132,1.3862943611198906,1.39659,0.6666666666666666,0.5,1.0,0.0,0.0,0.0
2025-07-30,5,2,0.4,0.4489388,2.244694,1.791759469228055,1.0986122886681098,1.177021,0.6,0.8,0.6,0.2,0.0,0.0
2025-07-31,6,0,0.0,0.021091543,0.12654926,1.9459101490553132,0.0,0.1191592,0.0,0.3333333333333333,1.0,0.0,0.0,0.0
2025-08-01,5,3,0.6,0.6027619,3.0138097,1.791759469228055,1.3862943611198906,1.3897408,0.6,0.6,1.0,0.0,0.0,0.0
2025-08-02,4,4,1.0,0.9920822,3.9683287,1.6094379124341003,1.6094379124341003,1.6030835,0.5,0.75,1.0,0.0,0.5,0.0
2025-08-03,3,1,0.3333333333333333,0.3346647,1.0039941,1.3862943611198906,0.6931471805599453,0.69514227,0.6666666666666666,0.6666666666666666,0.6666666666666666,0.0,0.3333333333333333,0.0
2025-08-04,3,1,0.3333333333333333,0.35396656,1.0618997,1.3862943611198906,0.6931471805599453,0.72362775,0.6666666666666666,0.6666666666666666,0.6666666666666666,0.0,0.0,0.0
2025-08-05,5,4,0.8,0.79968345,3.9984174,1.791759469228055,1.6094379124341003,1.6091213,0.8,0.8,1.0,0.0,0.0,0.0
2025-08-06,6,5,0.8333333333333334,0.83290076,4.9974046,1.9459101490553132,1.791759469228055,1.7913268,0.6666666666666666,0.6666666666666666,1.0,0.0,0.5,0.0
2025-08-07,2,2,1.0,0.77473855,1.5494771,1.0986122886681098,1.0986122886681098,0.9358883,1.0,0.5,0.5,0.0,0.5,0.0
2025-08-08,4,3,0.75,0.7496892,2.998757,1.6094379124341003,1.3862943611198906,1.3859836,0.5,1.0,1.0,0.25,0.5,0.0
2025-08-09,6,4,0.6666666666666666,0.6480436,3.8882616,1.9459101490553132,1.6094379124341003,1.5868367,0.6666666666666666,0.6666666666666666,0.6666666666666666,0.0,0.16666666666666666,0.0
2025-08-10,2,0,0.0,0.06316692,0.12633383,1.0986122886681098,0.0,0.11896796,0.5,1.0,1.0,0.0,0.0,0.0
2025-08-11,4,1,0.25,0.25307232,1.0122893,1.6094379124341003,0.6931471805599453,0.69927305,0.5,0.25,0.75,0.0,0.25,0.0
2025-08-12,5,3,0.6,0.600217,3.0010848,1.791759469228055,1.3862943611198906,1.3865656,0.6,0.8,1.0,0.0,0.0,0.0
2025-08-13,8,5,0.625,0.62877685,5.030215,2.1972245773362196,1.791759469228055,1.7967826,0.875,1.0,0.875,0.0,0.0,0.0
2025-08-15,2,1,0.5,0.5017555,1.003511,1.0986122886681098,0.6931471805599453,0.6949011,0.5,1.0,1.0,0.0,0.0,0.0
2025-08-16,1,0,0.0,0.0022521012,0.0022521012,0.6931471805599453,0.0,0.002249569,0.0,0.0,1.0,0.0,0.0,0.0
2025-08-17,5,2,0.4,0.4020361,2.0101805,1.791759469228055,1.0986122886681098,1.102,0.4,0.6,1.0,0.0,0.2,0.0
2025-08-18,5,3,0.6,0.5756351,2.8781753,1.791759469228055,1.3862943611198906,1.3553648,0.6,1.0,0.8,0.0,0.0,0.0
2025-08-19,3,1,0.3333333333333333,0.3165427,0.9496282,1.3862943611198906,0.6931471805599453,0.66763866,0.3333333333333333,1.0,1.0,0.0,0.0,0.0
2025-08-20,6,2,0.3333333333333333,0.32574323,1.9544593,1.9459101490553132,1.0986122886681098,1.0833156,0.16666666666666666,0.3333333333333333,1.0,0.0,0.16666666666666666,0.0
2025-08-21,3,1,0.3333333333333333,0.4245048,1.2735144,1.3862943611198906,0.6931471805599453,0.82132685,1.0,1.0,0.3333333333333333,0.3333333333333333,0.0,0.0
2025-08-22,4,2,0.5,0.5809832,2.323933,1.6094379124341003,1.0986122886681098,1.2011487,0.75,1.0,0.5,0.0,0.0,0.0
2025-08-23,6,6,1.0,0.97142774,5.8285666,1.9459101490553132,1.9459101490553132,1.9211148,1.0,1.0,0.6666666666666666,0.16666666666666666,0.0,0.0
2025-08-24,2,1,0.5,0.60386276,1.2077255,1.0986122886681098,0.6931471805599453,0.7919628,0.5,0.5,1.0,0.0,0.0,0.0
2025-08-25,5,4,0.8,0.8000786,4.000393,1.791759469228055,1.6094379124341003,1.6095165,0.8,1.0,0.6,0.0,0.2,0.0
2025-08-27,4,4,1.0,0.9996507,3.9986029,1.6094379124341003,1.6094379124341003,1.6091585,1.0,1.0,1.0,0.0,0.0,0.0
2025-08-28,2,0,0.0,0.025915213,0.051830426,1.0986122886681098,0.0,0.05053191,0.0,0.5,1.0,0.0,0.0,0.0
2025-08-29,4,3,0.75,0.81239164,3.2495666,1.6094379124341003,1.3862943611198906,1.446817,0.75,0.75,0.75,0.25,0.0,0.0
2025-08-30,2,2,1.0,0.9996582,1.9993165,1.0986122886681098,1.0986122886681098,1.0983844,1.0,0.0,1.0,0.0,0.0,0.0
2025-08-31,3,3,1.0,0.99741983,2.9922595,1.3862943611198906,1.3862943611198906,1.3843573,0.6666666666666666,1.0,1.0,0.3333333333333333,0.6666666666666666,0.0
2025-09-01,6,6,1.0,0.998333,5.989998,1.9459101490553132,1.9459101490553132,1.9444803,1.0,1.0,0.8333333333333334,0.0,0.0,0.0
2025-09-02,7,3,0.42857142857142855,0.34774134,2.4341893,2.0794415416798357,1.3862943611198906,1.2337809,0.5714285714285714,0.8571428571428571,0.7142857142857143,0.0,0.0,0.0
2025-09-03,5,3,0.6,0.52911156,2.6455579,1.791759469228055,1.3862943611198906,1.2935094,0.4,0.8,0.8,0.2,0.0,0.0
2025-09-04,2,2,1.0,0.80917597,1.6183519,1.0986122886681098,1.0986122886681098,0.96254504,1.0,1.0,0.5,0.0,0.0,0.0
2025-09-05,9,4,0.4444444444444444,0.4381181,3.943063,2.302585092994046,1.6094379124341003,1.5979851,0.5555555555555556,0.8888888888888888,0.5555555555555556,0.1111111111111111,0.0,0.0
2025-09-06,4,1,0.25,0.25291,1.01164,1.6094379124341003,0.6931471805599453,0.6989503,0.75,0.25,0.5,0.0,0.25,0.0
2025-09-07,5,2,0.4,0.41994196,2.0997097,1.791759469228055,1.0986122886681098,1.1313086,0.8,0.8,0.6,0.0,0.2,0.0
2025-09-08,7,4,0.5714285714285714,0.6449161,4.514413,2.0794415416798357,1.6094379124341003,1.7073652,0.7142857142857143,1.0,0.5714285714285714,0.0,0.0,0.0
2025-09-09,2,1,0.5,0.5004389,1.0008779,1.0986122886681098,0.6931471805599453,0.693586,0.5,0.5,1.0,0.5,0.5,0.0
2025-09-10,4,3,0.75,0.78074855,3.1229942,1.6094379124341003,1.3862943611198906,1.4165796,0.75,1.0,0.75,0.25,0.0,0.0
2025-09-12,10,4,0.4,0.42608005,4.2608004,2.3978952727983707,1.6094379124341003,1.6602832,0.4,0.8,0.9,0.1,0.0,0.0
2025-09-13,10,7,0.7,0.7235448,7.235448,2.3978952727983707,2.0794415416798357,2.1084478,0.8,0.8,0.8,0.1,0.2,0.0
2025-09-14,5,4,0.8,0.7976562,3.9882808,1.791759469228055,1.6094379124341003,1.6070913,0.6,1.0,0.8,0.0,0.2,0.0
2025-09-15,2,1,0.5,0.45999804,0.9199961,1.0986122886681098,0.6931471805599453,0.6523231,0.5,0.0,0.5,0.0,0.0,0.0
2025-09-16,4,3,0.75,0.75013226,3.000529,1.6094379124341003,1.3862943611198906,1.3864266,1.0,0.75,0.0,0.25,0.25,0.0
2025-09-17,9,7,0.7777777777777778,0.76158416,6.8542576,2.302585092994046,2.0794415416798357,2.0610557,0.5555555555555556,0.4444444444444444,0.6666666666666666,0.0,0.0,0.0
2025-09-18,5,4,0.8,0.7477337,3.7386684,1.791759469228055,1.6094379124341003,1.5557562,0.6,0.2,0.8,0.0,0.0,0.0
2025-09-19,1,0,0.0,0.003582489,0.003582489,0.6931471805599453,0.0,0.003576087,1.0,1.0,0.0,0.0,0.0,0.0
2025-09-20,4,0,0.0,0.04364416,0.17457664,1.6094379124341003,0.0,0.16090778,0.25,0.25,0.75,0.0,0.0,0.0
2025-09-21,2,1,0.5,0.50051796,1.0010359,1.0986122886681098,0.6931471805599453,0.693665,1.0,1.0,0.5,0.0,0.0,0.0
2025-09-22,5,4,0.8,0.7980847,3.9904234,1.791759469228055,1.6094379124341003,1.6075208,0.6,0.6,0.8,0.0,0.0,0.0
2025-09-23,4,3,0.75,0.7490654,2.9962616,1.6094379124341003,1.3862943611198906,1.3853593,0.75,0.75,0.5,0.0,0.0,0.0
2025-09-24,1,0,0.0,0.0014107163,0.0014107163,0.6931471805599453,0.0,0.0014097223,1.0,1.0,0.0,0.0,0.0,0.0
2025-09-25,6,4,0.6666666666666666,0.6669888,4.0019326,1.9459101490553132,1.6094379124341003,1.6098244,0.8333333333333334,0.6666666666666666,0.8333333333333334,0.16666666666666666,0.16666666666666666,0.0
2025-09-26,2,1,0.5,0.5014209,1.0028418,1.0986122886681098,0.6931471805599453,0.6945671,0.5,0.5,1.0,0.0,0.5,0.0
2025-09-27,6,6,1.0,0.99967146,5.9980288,1.9459101490553132,1.9459101490553132,1.9456285,1.0,1.0,1.0,0.0,1.0,0.0
2025-09-28,4,3,0.75,0.7503376,3.0013504,1.6094379124341003,1.3862943611198906,1.386632,0.75,0.75,0.75,0.0,0.0,0.0
2025-09-29,3,3,1.0,0.9995281,2.9985843,1.3862943611198906,1.3862943611198906,1.3859403,1.0,1.0,1.0,0.0,0.3333333333333333,0.0
2025-09-30,1,0,0.0,0.004394228,0.004394228,0.6931471805599453,0.0,0.0043846015,1.0,0.0,0.0,0.0,0.0,0.0
2025-10-01,2,2,1.0,0.9723226,1.9446452,1.0986122886681098,1.0986122886681098,1.0799884,0.5,0.0,1.0,0.0,0.0,0.0
2025-10-02,5,3,0.6,0.60072863,3.003643,1.791759469228055,1.3862943611198906,1.3872048,0.6,0.8,1.0,0.0,0.6,0.0
2025-10-03,1,1,1.0,0.99950075,0.99950075,0.6931471805599453,0.6931471805599453,0.6928975,1.0,1.0,1.0,0.0,0.0,0.0
2025-10-04,4,4,1.0,0.99946934,3.9978774,1.6094379124341003,1.6094379124341003,1.6090133,1.0,0.75,0.5,0.0,0.0,0.0
2025-10-05,2,2,1.0,0.9992766,1.9985532,1.0986122886681098,1.0986122886681098,1.0981299,0.5,1.0,1.0,0.0,0.0,0.0
2025-10-06,8,5,0.625,0.61640567,4.9312453,2.1972245773362196,1.791759469228055,1.7802342,0.625,0.75,0.75,0.0,0.25,0.0
2025-10-07,7,4,0.5714285714285714,0.5751731,4.0262117,2.0794415416798357,1.6094379124341003,1.6146666,0.7142857142857143,0.8571428571428571,0.2857142857142857,0.14285714285714285,0.0,0.0
2025-10-08,2,1,0.5,0.5027195,1.005439,1.0986122886681098,0.6931471805599453,0.695863,0.5,1.0,0.5,0.0,0.5,0.0
2025-10-09,4,2,0.5,0.50320715,2.0128286,1.6094379124341003,1.0986122886681098,1.1028794,0.75,0.75,0.5,0.0,0.0,0.0
2025-10-10,5,1,0.2,0.23116906,1.1558453,1.791759469228055,0.6931471805599453,0.7681829,0.4,0.4,0.6,0.2,0.0,0.0
2025-10-12,2,2,1.0,0.9977164,1.9954329,1.0986122886681098,1.0986122886681098,1.0970888,1.0,0.5,0.5,0.5,1.0,0.0
2025-10-13,2,1,0.5,0.4682452,0.9364904,1.0986122886681098,0.6931471805599453,0.6608773,0.5,1.0,0.5,0.0,0.0,0.0
2025-10-14,4,2,0.5,0.56201726,2.248069,1.6094379124341003,1.0986122886681098,1.1780607,0.5,0.5,0.75,0.0,0.0,0.0
2025-10-15,4,2,0.5,0.51646495,2.0658598,1.6094379124341003,1.0986122886681098,1.1203281,0.75,0.75,0.5,0.25,0.0,0.0
2025-10-16,3,1,0.3333333333333333,0.3346535,1.0039605,1.3862943611198906,0.6931471805599453,0.69512546,0.6666666666666666,0.3333333333333333,0.3333333333333333,0.0,0.0,0.0
2025-10-17,1,1,1.0,0.9995635,0.9995635,0.6931471805599453,0.6931471805599453,0.6929289,1.0,0.0,1.0,0.0,0.0,0.0
2025-10-18,3,1,0.3333333333333333,0.28535804,0.85607415,1.3862943611198906,0.6931471805599453,0.6184636,1.0,1.0,0.0,0.0,0.0,0.0
2025-10-19,3,2,0.6666666666666666,0.66722494,2.001675,1.3862943611198906,1.0986122886681098,1.0991704,0.6666666666666666,0.3333333333333333,1.0,0.0,0.3333333333333333,0.0
2025-10-20,3,3,1.0,0.9971583,2.9914749,1.3862943611198906,1.3862943611198906,1.3841608,1.0,0.6666666666666666,0.3333333333333333,0.3333333333333333,0.3333333333333333,0.0
2025-10-21,3,2,0.6666666666666666,0.6741362,2.0224087,1.3862943611198906,1.0986122886681098,1.1060541,0.6666666666666666,0.3333333333333333,0.6666666666666666,0.0,0.0,0.0
2025-10-23,1,0,0.0,0.004356614,0.004356614,0.6931471805599453,0.0,0.004347151,0.0,0.0,1.0,0.0,0.0,0.0
2025-10-24,3,3,1.0,0.9993877,2.998163,1.3862943611198906,1.3862943611198906,1.385835,1.0,1.0,0.3333333333333333,0.0,0.0,0.0
2025-10-25,4,2,0.5,0.5009363,2.0037453,1.6094379124341003,1.0986122886681098,1.09986,1.0,0.25,0.25,0.0,0.0,0.0
2025-10-26,6,4,0.6666666666666666,0.6576175,3.945705,1.9459101490553132,1.6094379124341003,1.5985196,0.5,1.0,1.0,0.0,0.16666666666666666,0.0
2025-10-27,4,0,0.0,0.00850044,0.03400176,1.6094379124341003,0.0,0.033436477,0.25,0.25,0.75,0.0,0.25,0.0
2025-10-28,2,0,0.0,0.0030622112,0.0061244224,1.0986122886681098,0.0,0.0061057443,0.0,0.0,1.0,0.0,0.0,0.0
2025-10-29,3,1,0.3333333333333333,0.3403158,1.0209473,1.3862943611198906,0.6931471805599453,0.7035664,0.3333333333333333,0.3333333333333333,1.0,0.0,0.0,0.0
2025-10-30,7,1,0.14285714285714285,0.20036301,1.402541,2.0794415416798357,0.6931471805599453,0.87652695,0.5714285714285714,0.5714285714285714,0.5714285714285714,0.0,0.0,0.0
2025-10-31,1,1,1.0,0.99962866,0.99962866,0.6931471805599453,0.6931471805599453,0.6929615,1.0,1.0,1.0,0.0,1.0,0.0
2025-11-01,3,0,0.0,0.00965649,0.028969469,1.3862943611198906,0.0,0.028557785,0.0,1.0,1.0,0.3333333333333333,0.0,0.0
2025-11-02,4,3,0.75,0.75101054,3.0040421,1.6094379124341003,1.3862943611198906,1.3873044,1.0,0.5,0.75,0.0,0.25,0.0
2025-11-03,1,1,1.0,0.9996333,0.9996333,0.6931471805599453,0.6931471805599453,0.69296384,1.0,0.0,1.0,0.0,0.0,0.0
2025-11-04,4,3,0.75,0.6684538,2.6738153,1.6094379124341003,1.3862943611198906,1.3012307,0.75,1.0,0.5,0.0,0.5,0.0
2025-11-05,2,1,0.5,0.54306704,1.0861341,1.0986122886681098,0.6931471805599453,0.73531264,1.0,1.0,0.5,0.5,0.0,0.0
2025-11-06,4,3,0.75,0.72482777,2.899311,1.6094379124341003,1.3862943611198906,1.3607999,0.5,0.5,1.0,0.0,0.0,0.0
2025-11-07,2,1,0.5,0.49962714,0.9992543,1.0986122886681098,0.6931471805599453,0.69277424,0.5,0.5,1.0,0.0,0.5,0.0
2025-11-08,3,2,0.6666666666666666,0.67234474,2.0170343,1.3862943611198906,1.0986122886681098,1.1042743,0.6666666666666666,1.0,0.6666666666666666,0.0,0.3333333333333333,0.0
2025-11-09,3,2,0.6666666666666666,0.6667597,2.0002792,1.3862943611198906,1.0986122886681098,1.0987053,1.0,0.6666666666666666,0.3333333333333333,0.0,0.0,0.0
2025-11-10,6,5,0.8333333333333334,0.803905,4.82343,1.9459101490553132,1.791759469228055,1.7618895,0.5,0.8333333333333334,0.8333333333333334,0.0,0.0,0.0
2025-11-11,5,3,0.6,0.6014389,3.0071943,1.791759469228055,1.3862943611198906,1.3880913,0.4,0.6,0.8,0.2,0.2,0.0
2025-11-12,4,3,0.75,0.7506423,3.0025692,1.6094379124341003,1.3862943611198906,1.3869364,0.75,0.75,0.5,0.25,0.0,0.0
2025-11-13,5,3,0.6,0.5994106,2.997053,1.791759469228055,1.3862943611198906,1.3855573,0.0,1.0,1.0,0.0,0.0,0.0
2025-11-14,7,4,0.5714285714285714,0.53948134,3.7763696,2.0794415416798357,1.6094379124341003,1.5636808,0.42857142857142855,0.7142857142857143,0.5714285714285714,0.14285714285714285,0.14285714285714285,0.0
2025-11-15,3,2,0.6666666666666666,0.7301468,2.1904404,1.3862943611198906,1.0986122886681098,1.160159,0.3333333333333333,0.3333333333333333,0.6666666666666666,0.0,0.0,0.0
2025-11-16,5,3,0.6,0.60026836,3.0013418,1.791759469228055,1.3862943611198906,1.3866298,1.0,0.6,0.4,0.0,0.0,0.0
2025-11-17,2,2,1.0,0.99810755,1.9962151,1.0986122886681098,1.0986122886681098,1.0973499,1.0,0.5,0.0,0.5,0.0,0.0
2025-11-18,7,4,0.5714285714285714,0.55753946,3.9027762,2.0794415416798357,1.6094379124341003,1.5898017,0.7142857142857143,0.7142857142857143,0.5714285714285714,0.0,0.0,0.0
2025-11-19,1,1,1.0,0.98289585,0.98289585,0.6931471805599453,0.6931471805599453,0.68455833,0.0,0.0,1.0,0.0,0.0,0.0
2025-11-20,5,2,0.4,0.40073887,2.0036943,1.791759469228055,1.0986122886681098,1.099843,0.4,0.6,0.6,0.0,0.0,0.0
2025-11-21,8,3,0.375,0.3368753,2.6950023,2.1972245773362196,1.3862943611198906,1.3069812,0.625,0.625,0.625,0.0,0.125,0.0
2025-11-22,4,0,0.0,0.06828827,0.27315307,1.6094379124341003,0.0,0.24149656,0.25,1.0,1.0,0.0,0.0,0.0
2025-11-23,1,1,1.0,0.99941945,0.99941945,0.6931471805599453,0.6931471805599453,0.69285685,1.0,0.0,0.0,0.0,0.0,0.0
2025-11-24,11,6,0.5454545454545454,0.5484633,6.0330963,2.4849066497880004,1.9459101490553132,1.9506271,0.6363636363636364,0.6363636363636364,0.6363636363636364,0.0,0.18181818181818182,0.0
2025-11-25,3,2,0.6666666666666666,0.6671384,2.0014153,1.3862943611198906,1.0986122886681098,1.0990839,0.3333333333333333,0.6666666666666666,0.6666666666666666,0.0,0.0,0.0
2025-11-26,6,2,0.3333333333333333,0.33889484,2.033369,1.9459101490553132,1.0986122886681098,1.109674,0.3333333333333333,0.6666666666666666,0.8333333333333334,0.0,0.0,0.0
2025-11-27,7,3,0.42857142857142855,0.44114065,3.0879846,2.0794415416798357,1.3862943611198906,1.4080521,0.8571428571428571,0.42857142857142855,0.2857142857142857,0.0,0.0,0.0
2025-11-28,2,1,0.5,0.5055231,1.0110462,1.0986122886681098,0.6931471805599453,0.69865507,0.5,0.5,1.0,0.0,0.0,0.0
2025-11-29,3,1,0.3333333333333333,0.42326918,1.2698076,1.3862943611198906,0.6931471805599453,0.81969506,0.3333333333333333,1.0,1.0,0.0,0.0,0.0
2025-11-30,4,1,0.25,0.26354948,1.0541979,1.6094379124341003,0.6931471805599453,0.71988547,0.25,0.5,1.0,0.0,0.0,0.0
2025-12-01,3,3,1.0,0.9993492,2.9980476,1.3862943611198906,1.3862943611198906,1.3858062,0.6666666666666666,0.0,0.6666666666666666,0.0,0.0,0.0
2025-12-02,3,1,0.3333333333333333,0.3352364,1.0057092,1.3862943611198906,0.6931471805599453,0.6959977,0.6666666666666666,0.0,0.6666666666666666,0.0,0.3333333333333333,0.0
2025-12-03,7,4,0.5714285714285714,0.59297407,4.1508183,2.0794415416798357,1.6094379124341003,1.6391556,0.5714285714285714,0.5714285714285714,0.5714285714285714,0.0,0.0,0.0
2025-12-04,5,5,1.0,0.99930906,4.9965453,1.791759469228055,1.791759469228055,1.7911835,0.6,1.0,0.6,0.0,0.0,0.0
2025-12-06,4,2,0.5,0.5006927,2.002771,1.6094379124341003,1.0986122886681098,1.0995355,0.5,0.5,1.0,0.0,0.0,0.0
2025-12-07,3,2,0.6666666666666666,0.6807447,2.0422342,1.3862943611198906,1.0986122886681098,1.1125922,0.6666666666666666,0.6666666666666666,0.6666666666666666,0.0,0.0,0.0
2025-12-08,8,3,0.375,0.45857316,3.6685853,2.1972245773362196,1.3862943611198906,1.5408561,0.625,0.625,0.625,0.0,0.0,0.0
2025-12-09,4,4,1.0,0.9988345,3.995338,1.6094379124341003,1.6094379124341003,1.6085051,0.75,1.0,0.5,0.0,0.25,0.0
2025-12-10,4,0,0.0,0.0052544614,0.021017846,1.6094379124341003,0.0,0.020800017,0.5,0.75,0.75,0.0,0.0,0.0
2025-12-11,6,2,0.3333333333333333,0.3481456,2.0888736,1.9459101490553132,1.0986122886681098,1.1278065,0.5,0.3333333333333333,0.6666666666666666,0.16666666666666666,0.16666666666666666,0.0
2025-12-12,4,1,0.25,0.31473765,1.2589506,1.6094379124341003,0.6931471805599453,0.81490034,0.5,0.75,1.0,0.0,0.25,0.0
2025-12-13,1,0,0.0,0.0014046468,0.0014046468,0.6931471805599453,0.0,0.0014036612,0.0,0.0,1.0,0.0,0.0,0.0
2025-12-14,2,1,0.5,0.5034015,1.006803,1.0986122886681098,0.6931471805599453,0.6965429,0.0,1.0,1.0,0.5,0.5,0.0
2025-12-15,2,2,1.0,0.9995582,1.9991164,1.0986122886681098,1.0986122886681098,1.0983177,1.0,1.0,0.5,0.0,0.0,0.0
2025-12-16,3,3,1.0,0.98450965,2.953529,1.3862943611198906,1.3862943611198906,1.3746085,1.0,0.6666666666666666,0.6666666666666666,0.0,0.0,0.0
2025-12-17,3,3,1.0,0.9986589,2.9959767,1.3862943611198906,1.3862943611198906,1.385288,0.6666666666666666,1.0,1.0,0.3333333333333333,0.3333333333333333,0.0
2025-12-18,7,1,0.14285714285714285,0.20878604,1.4615023,2.0794415416798357,0.6931471805599453,0.90077186,0.42857142857142855,0.7142857142857143,0.8571428571428571,0.14285714285714285,0.2857142857142857,0.0
2025-12-19,5,3,0.6,0.60129786,3.0064893,1.791759469228055,1.3862943611198906,1.3879154,0.8,0.4,0.6,0.0,0.0,0.0
2025-12-20,8,5,0.625,0.607752,4.862016,2.1972245773362196,1.791759469228055,1.7684937,0.75,1.0,0.875,0.0,0.25,0.0
2025-12-21,9,6,0.6666666666666666,0.65783924,5.920553,2.302585092994046,1.9459101490553132,1.9344957,0.6666666666666666,0.8888888888888888,0.7777777777777778,0.1111111111111111,0.2222222222222222,0.0
2025-12-22,3,2,0.6666666666666666,0.6712434,2.0137303,1.3862943611198906,1.0986122886681098,1.1031786,0.6666666666666666,0.3333333333333333,0.6666666666666666,0.0,0.3333333333333333,0.0
2025-12-23,7,5,0.7142857142857143,0.78488815,5.494217,2.0794415416798357,1.791759469228055,1.8709121,0.7142857142857143,0.42857142857142855,0.7142857142857143,0.0,0.0,0.0
2025-12-24,10,6,0.6,0.6875073,6.875073,2.3978952727983707,1.9459101490553132,2.0637023,0.9,1.0,0.9,0.1,0.0,0.0
2025-12-25,1,0,0.0,0.0037750602,0.0037750602,0.6931471805599453,0.0,0.0037679526,1.0,1.0,0.0,0.0,0.0,0.0
2025-12-26,5,4,0.8,0.79935294,3.9967647,1.791759469228055,1.6094379124341003,1.6087906,1.0,1.0,0.6,0.0,0.0,0.0
2025-12-27,6,5,0.8333333333333334,0.76899093,4.6139455,1.9459101490553132,1.791759469228055,1.7252538,0.6666666666666666,0.6666666666666666,0.6666666666666666,0.0,0.16666666666666666,0.0
2025-12-28,6,3,0.5,0.5359377,3.2156262,1.9459101490553132,1.3862943611198906,1.4387982,0.3333333333333333,0.3333333333333333,1.0,0.0,0.3333333333333333,0.0
2025-12-29,4,3,0.75,0.7440173,2.9760692,1.6094379124341003,1.3862943611198906,1.3802937,0.5,0.75,0.75,0.0,0.25,0.0
2025-12-30,3,1,0.3333333333333333,0.42687616,1.2806284,1.3862943611198906,0.6931471805599453,0.824451,0.0,0.3333333333333333,1.0,0.0,0.3333333333333333,0.0
2025-12-31,6,4,0.6666666666666666,0.66644424,3.9986653,1.9459101490553132,1.6094379124341003,1.6091709,0.5,0.6666666666666666,1.0,0.0,0.3333333333333333,0.0
