news_date,n_articles,n_pred_climate,climate_share,climate_intensity_mean,climate_intensity_sum,avg_tone_score,log_n_articles,log_n_pred_climate,log_climate_intensity_sum,is_core_climate,is_policy_regulation,is_physical_risk,is_energy_geopolitics,is_cleantech,is_activism_litigation
2015-02-18,4,1,0.25,0.44659311237925126,1.786372449517005,0.25,1.6094379124341003,0.6931471805599453,1.0247405525376423,1.0,0.0,0.0,0.5,0.0,0.0
2015-02-19,3,3,1.0,0.6768144668626244,2.030443400587873,1.0,1.3862943611198906,1.3862943611198906,1.1087089456427695,1.0,0.0,0.0,0.0,0.0,0.0
2015-02-20,2,1,0.5,0.5191686394104479,1.0383372788208958,0.5,1.0986122886681098,0.6931471805599453,0.7121344161130917,1.0,0.0,0.0,0.5,0.0,0.0
2015-02-21,4,3,0.75,0.5738477384393996,2.2953909537575985,0.75,1.6094379124341003,1.3862943611198906,1.1925248115253302,0.75,0.0,0.25,0.25,0.0,0.0
2015-02-22,1,0,0.0,0.42148285748745806,0.42148285748745806,0.0,0.6931471805599453,0.0,0.3517005925831296,0.0,0.0,1.0,0.0,0.0,0.0
2015-02-23,2,0,0.0,0.29350636624584664,0.5870127324916933,0.0,1.0986122886681098,0.0,0.4618534645062236,0.0,0.0,1.0,0.0,0.0,0.0
2015-02-24,4,1,0.25,0.3605693321563749,1.4422773286254995,0.25,1.6094379124341003,0.6931471805599453,0.89293093542607,0.0,0.0,1.0,0.0,0.0,0.0
2015-03-10,4,4,1.0,0.726828443679948,2.907313774719792,1.0,1.6094379124341003,1.6094379124341003,1.3628501237567574,1.0,1.0,0.5,1.0,0.0,0.0
2015-03-11,2,2,1.0,0.7048752214603917,1.4097504429207834,1.0,1.0986122886681098,1.0986122886681098,0.8795231914855478,0.5,0.5,0.5,0.5,0.5,0.0
2015-03-12,5,4,0.8,0.7294206688596603,3.6471033442983014,0.8,1.791759469228055,1.6094379124341003,1.5362440887835354,1.0,0.2,0.4,0.2,0.0,0.0
2015-03-13,2,2,1.0,0.6848659414012783,1.3697318828025566,1.0,1.0986122886681098,1.0986122886681098,0.8627768191282273,1.0,0.5,0.5,0.5,0.0,0.0
2015-03-15,3,1,0.3333333333333333,0.4823154474427249,1.4469463423281748,0.3333333333333333,1.3862943611198906,0.6931471805599453,0.8948408562790328,0.0,0.0,1.0,0.0,0.0,0.0
2015-03-17,2,2,1.0,0.5588379087012312,1.1176758174024624,1.0,1.0986122886681098,1.0986122886681098,0.7503191747477322,1.0,0.5,0.0,0.0,0.0,0.0
2015-03-18,2,1,0.5,0.5356717994558716,1.0713435989117432,0.5,1.0986122886681098,0.6931471805599453,0.7281974783148019,0.5,0.0,1.0,0.0,0.0,0.0
2015-03-19,1,1,1.0,0.6559702071409251,0.6559702071409251,1.0,0.6931471805599453,0.6931471805599453,0.5043870649443012,1.0,0.0,0.0,0.0,0.0,0.0
2015-03-20,2,1,0.5,0.4608940033562491,0.9217880067124982,0.5,1.0986122886681098,0.6931471805599453,0.6532560061882627,0.5,0.0,0.5,0.0,0.0,0.0
2015-03-21,2,1,0.5,0.5610830476214774,1.1221660952429549,0.5,1.0986122886681098,0.6931471805599453,0.752437310098912,1.0,0.0,0.5,0.0,0.0,0.0
2015-03-22,3,0,0.0,0.3007089893211901,0.9021269679635704,0.0,1.3862943611198906,0.0,0.6429727168707734,1.0,0.0,0.0,0.0,0.0,0.0
2015-03-23,2,1,0.5,0.5355784355253567,1.0711568710507133,0.5,1.0986122886681098,0.6931471805599453,0.7281073260685871,0.5,0.0,1.0,0.0,0.0,0.0
2015-03-24,2,2,1.0,0.6939312580674983,1.3878625161349967,1.0,1.0986122886681098,1.0986122886681098,0.8703986210651876,1.0,0.5,1.0,0.5,0.5,0.0
2015-03-25,5,3,0.6,0.632233378263191,3.161166891315955,0.6,1.791759469228055,1.3862943611198906,1.4257955376598206,0.6,0.2,0.8,0.2,0.2,0.0
2015-03-26,5,2,0.4,0.40116965099777513,2.0058482549888756,0.4,1.791759469228055,1.0986122886681098,1.100559809347632,0.6,0.4,0.6,0.0,0.2,0.0
2015-03-27,1,1,1.0,0.7624904440763797,0.7624904440763797,1.0,0.6931471805599453,0.6931471805599453,0.566727833888953,1.0,0.0,0.0,1.0,0.0,0.0
2015-03-28,1,0,0.0,0.2335684021880137,0.2335684021880137,0.0,0.6931471805599453,0.0,0.20991110918954856,0.0,0.0,1.0,0.0,0.0,0.0
2015-03-29,2,2,1.0,0.7131329350743354,1.4262658701486708,1.0,1.0986122886681098,1.0986122886681098,0.8863533964992355,1.0,0.5,0.5,0.0,0.0,0.0
2015-03-30,1,0,0.0,0.2515354893513434,0.2515354893513434,0.0,0.6931471805599453,0.0,0.22437118893975908,0.0,0.0,1.0,0.0,0.0,0.0
2015-03-31,1,0,0.0,0.20542218153713082,0.20542218153713082,0.0,0.6931471805599453,0.0,0.18682986370364352,0.0,0.0,1.0,0.0,0.0,0.0
2015-04-01,3,0,0.0,0.23641155447770634,0.709234663433119,0.0,1.3862943611198906,0.0,0.5360457050835601,0.0,0.0,1.0,0.0,0.0,0.0
2015-04-02,4,0,0.0,0.3151193043093414,1.2604772172373655,0.0,1.6094379124341003,0.0,0.8155759490630979,0.0,0.0,1.0,0.0,0.0,0.0
2015-04-03,4,3,0.75,0.5194619048204169,2.0778476192816675,0.75,1.6094379124341003,1.3862943611198906,1.124230527784989,0.25,0.25,1.0,0.0,0.0,0.0
2015-04-04,1,0,0.0,0.3593033412068739,0.3593033412068739,0.0,0.6931471805599453,0.0,0.3069723193909695,1.0,0.0,0.0,0.0,0.0,0.0
2015-04-06,2,0,0.0,0.3436864276176203,0.6873728552352406,0.0,1.0986122886681098,0.0,0.523172795880184,0.5,0.0,1.0,0.0,0.0,0.0
2015-04-07,1,1,1.0,0.8880256692872167,0.8880256692872167,1.0,0.6931471805599453,0.6931471805599453,0.6355316636516555,1.0,1.0,0.0,0.0,0.0,0.0
2015-04-08,4,1,0.25,0.5216383526587396,2.0865534106349584,0.25,1.6094379124341003,0.6931471805599453,1.1270550672978978,0.75,0.5,0.25,0.0,0.0,0.0
2015-04-09,2,1,0.5,0.6278019729725932,1.2556039459451864,0.5,1.0986122886681098,0.6931471805599453,0.8134177623487153,0.5,0.5,0.5,0.0,0.0,0.0
2015-04-10,4,1,0.25,0.439501856560296,1.758007426241184,0.25,1.6094379124341003,0.6931471805599453,1.0145084719857531,0.25,0.25,0.75,0.0,0.25,0.0
2015-04-11,2,2,1.0,0.7299313341514401,1.4598626683028801,1.0,1.0986122886681098,1.0986122886681098,0.9001055224928102,1.0,0.5,0.0,0.0,0.0,0.0
2015-04-12,2,1,0.5,0.6775293116135668,1.3550586232271336,0.5,1.0986122886681098,0.6931471805599453,0.8565656202486311,0.5,0.5,1.0,0.5,0.5,0.0
2015-04-13,1,0,0.0,0.31556697565034086,0.31556697565034086,0.0,0.6931471805599453,0.0,0.27426773289725503,1.0,1.0,0.0,1.0,1.0,0.0
2015-04-16,3,3,1.0,0.7185702182113589,2.1557106546340767,1.0,1.3862943611198906,1.3862943611198906,1.1492137177394972,0.6666666666666666,0.3333333333333333,0.6666666666666666,0.3333333333333333,0.0,0.0
2015-04-17,5,3,0.6,0.6217558655962492,3.108779327981246,0.6,1.791759469228055,1.3862943611198906,1.4131259839035817,1.0,0.4,0.8,0.4,0.4,0.0
2015-04-18,3,2,0.6666666666666666,0.7513967753620422,2.2541903260861265,0.6666666666666666,1.3862943611198906,1.0986122886681098,1.1799434969714828,1.0,1.0,0.6666666666666666,0.6666666666666666,0.0,0.0
2015-04-20,4,3,0.75,0.7164364435183674,2.8657457740734698,0.75,1.6094379124341003,1.3862943611198906,1.3521546192016147,0.75,0.25,0.25,0.25,0.0,0.0
2015-04-21,1,0,0.0,0.43800044744780253,0.43800044744780253,0.0,0.6931471805599453,0.0,0.36325357045861356,0.0,0.0,1.0,0.0,0.0,0.0
2015-04-22,1,0,0.0,0.356177987529884,0.356177987529884,0.0,0.6931471805599453,0.0,0.3046704401447909,1.0,1.0,1.0,1.0,0.0,0.0
2015-04-23,2,1,0.5,0.417016334719189,0.834032669438378,0.5,1.0986122886681098,0.6931471805599453,0.6065171868917473,0.0,0.0,1.0,0.0,0.5,0.0
2015-04-24,1,1,1.0,0.9516244470510473,0.9516244470510473,1.0,0.6931471805599453,0.6931471805599453,0.6686620755520479,1.0,1.0,1.0,1.0,1.0,0.0
2015-04-25,1,0,0.0,0.4822618917086653,0.4822618917086653,0.0,0.6931471805599453,0.0,0.3935692263147099,0.0,0.0,1.0,0.0,0.0,0.0
2015-04-26,1,1,1.0,0.6871593260755678,0.6871593260755678,1.0,0.6931471805599453,0.6931471805599453,0.5230462425397593,1.0,0.0,0.0,0.0,0.0,0.0
2015-04-27,2,1,0.5,0.4263115909619767,0.8526231819239534,0.5,1.0986122886681098,0.6931471805599453,0.6166025709431094,1.0,0.0,0.5,0.0,0.0,0.0
2015-04-28,2,0,0.0,0.3851192183465951,0.7702384366931903,0.0,1.0986122886681098,0.0,0.5711142475093137,0.5,0.0,1.0,0.0,0.0,0.0
2015-04-29,4,0,0.0,0.2852757900318208,1.1411031601272832,0.0,1.6094379124341003,0.0,0.7613211915982384,0.0,0.0,1.0,0.0,0.0,0.0
2015-04-30,1,1,1.0,0.9572945700382368,0.9572945700382368,1.0,0.6931471805599453,0.6931471805599453,0.6715631983122221,1.0,0.0,1.0,0.0,0.0,0.0
2015-05-01,4,3,0.75,0.6269103579673432,2.5076414318693727,0.75,1.6094379124341003,1.3862943611198906,1.2549438548812906,0.5,0.5,0.75,0.25,0.0,0.0
2015-05-02,2,0,0.0,0.2905679141804889,0.5811358283609778,0.0,1.0986122886681098,0.0,0.45814346747882445,0.0,0.0,1.0,0.0,0.0,0.0
2015-05-03,4,2,0.5,0.5865038023371644,2.3460152093486575,0.5,1.6094379124341003,1.0986122886681098,1.2077701480858787,1.0,0.5,0.75,0.25,0.25,0.0
2015-05-04,4,2,0.5,0.5760873193605612,2.304349277442245,0.5,1.6094379124341003,1.0986122886681098,1.1952395635830275,0.0,0.0,1.0,0.0,0.0,0.0
2015-05-05,4,2,0.5,0.4914451474418257,1.9657805897673029,0.5,1.6094379124341003,1.0986122886681098,1.0871402658504177,0.25,0.25,0.75,0.25,0.0,0.0
2015-05-06,1,1,1.0,0.8574726806680991,0.8574726806680991,1.0,0.6931471805599453,0.6931471805599453,0.6192167899205155,1.0,0.0,1.0,0.0,0.0,0.0
2015-05-07,1,0,0.0,0.41741611252157285,0.41741611252157285,0.0,0.6931471805599453,0.0,0.348835574989611,0.0,1.0,1.0,1.0,0.0,0.0
2015-05-12,1,0,0.0,0.42814677081983116,0.42814677081983116,0.0,0.6931471805599453,0.0,0.3563776393219761,1.0,0.0,0.0,0.0,0.0,0.0
2015-05-14,2,2,1.0,0.7507588429891294,1.5015176859782589,1.0,1.0986122886681098,1.0986122886681098,0.9168976220703433,1.0,1.0,0.0,0.0,0.0,0.0
2015-05-15,3,1,0.3333333333333333,0.4373606281818046,1.3120818845454139,0.3333333333333333,1.3862943611198906,0.6931471805599453,0.8381483673738801,0.6666666666666666,0.3333333333333333,0.6666666666666666,0.0,0.0,0.0
2015-05-16,2,0,0.0,0.49947565698659235,0.9989513139731847,0.0,1.0986122886681098,0.0,0.6926227000306674,0.0,0.0,1.0,0.0,0.0,0.0
2015-05-17,8,6,0.75,0.6417887947950887,5.134310358360709,0.75,2.1972245773362196,1.9459101490553132,1.8138976608191326,0.875,0.75,0.25,0.0,0.0,0.0
2015-05-18,4,1,0.25,0.46056914220802087,1.8422765688320835,0.25,1.6094379124341003,0.6931471805599453,1.0446053398001123,0.25,0.0,0.75,0.0,0.0,0.0
2015-05-19,2,2,1.0,0.610043069022544,1.220086138045088,1.0,1.0986122886681098,1.0986122886681098,0.7975459960526626,0.5,0.5,0.5,0.0,0.0,0.0
2015-05-20,3,2,0.6666666666666666,0.7592760141743221,2.2778280425229664,0.6666666666666666,1.3862943611198906,1.0986122886681098,1.1871810208989815,0.6666666666666666,0.3333333333333333,0.3333333333333333,0.3333333333333333,0.3333333333333333,0.0
2015-05-21,2,0,0.0,0.2416615941708706,0.4833231883417412,0.0,1.0986122886681098,0.0,0.3942849681664764,0.0,0.0,1.0,0.0,0.0,0.0
2015-05-22,1,1,1.0,0.6980681432474417,0.6980681432474417,1.0,0.6931471805599453,0.6931471805599453,0.5294912185606124,1.0,0.0,1.0,0.0,0.0,0.0
2015-05-24,1,1,1.0,0.8074721960553485,0.8074721960553485,1.0,0.6931471805599453,0.6931471805599453,0.5919292923904776,1.0,0.0,0.0,0.0,0.0,0.0
2015-05-27,3,0,0.0,0.41621657484085245,1.2486497245225574,0.0,1.3862943611198906,0.0,0.8103299136363652,0.3333333333333333,0.0,1.0,0.0,0.0,0.0
2015-05-29,1,0,0.0,0.2082177104816853,0.2082177104816853,0.0,0.6931471805599453,0.0,0.18914630718292547,0.0,0.0,1.0,0.0,0.0,0.0
2015-05-30,1,0,0.0,0.3227320901333227,0.3227320901333227,0.0,0.6931471805599453,0.0,0.2796993628376912,1.0,0.0,0.0,0.0,0.0,0.0
2015-05-31,4,3,0.75,0.5947630557879545,2.379052223151818,0.75,1.6094379124341003,1.3862943611198906,1.217595262821902,0.75,0.25,1.0,0.0,0.0,0.0
2015-06-01,2,2,1.0,0.7207054533769763,1.4414109067539527,1.0,1.0986122886681098,1.0986122886681098,0.892576112661439,0.0,0.0,1.0,0.0,0.5,0.0
2015-06-02,4,3,0.75,0.5700660522446761,2.2802642089787044,0.75,1.6094379124341003,1.3862943611198906,1.1879239706698508,0.75,0.0,0.25,0.0,0.0,0.0
2015-06-03,1,0,0.0,0.27093918633130376,0.27093918633130376,0.0,0.6931471805599453,0.0,0.23975614395899159,1.0,1.0,0.0,1.0,1.0,0.0
2015-06-06,3,2,0.6666666666666666,0.6277374785987988,1.8832124357963964,0.6666666666666666,1.3862943611198906,1.0986122886681098,1.058905101615004,0.3333333333333333,0.0,0.6666666666666666,0.0,0.0,0.0
2015-06-07,1,0,0.0,0.3442699316273414,0.3442699316273414,0.0,0.6931471805599453,0.0,0.2958510639195355,1.0,0.0,1.0,0.0,1.0,0.0
2015-06-08,3,2,0.6666666666666666,0.5630684697359095,1.6892054092077284,0.6666666666666666,1.3862943611198906,1.0986122886681098,0.9892457630668158,0.6666666666666666,0.3333333333333333,0.6666666666666666,0.0,0.0,0.0
2015-06-09,1,0,0.0,0.4163791396600393,0.4163791396600393,0.0,0.6931471805599453,0.0,0.34810371342902674,0.0,0.0,1.0,0.0,0.0,0.0
2015-06-10,5,2,0.4,0.45968575140202744,2.298428757010137,0.4,1.791759469228055,1.0986122886681098,1.193446220845182,0.4,0.2,0.6,0.2,0.2,0.0
2015-06-11,4,2,0.5,0.5289312760646494,2.1157251042585976,0.5,1.6094379124341003,1.0986122886681098,1.1364619034039238,0.5,0.25,0.75,0.0,0.0,0.0
2015-06-12,3,0,0.0,0.4292698814168889,1.2878096442506666,0.0,1.3862943611198906,0.0,0.8275948726135618,0.3333333333333333,0.6666666666666666,0.6666666666666666,0.6666666666666666,0.0,0.0
2015-06-13,1,0,0.0,0.47124927025470803,0.47124927025470803,0.0,0.6931471805599453,0.0,0.3861118835886295,0.0,1.0,1.0,1.0,0.0,0.0
2015-06-16,1,1,1.0,0.5774954049755842,0.5774954049755842,1.0,0.6931471805599453,0.6931471805599453,0.4558384025767442,0.0,0.0,1.0,0.0,0.0,0.0
2015-06-17,1,0,0.0,0.19126365908179332,0.19126365908179332,0.0,0.6931471805599453,0.0,0.1750146420962309,0.0,0.0,1.0,0.0,0.0,0.0
2015-06-18,1,1,1.0,0.977383012727003,0.977383012727003,1.0,0.6931471805599453,0.6931471805599453,0.6817742597324562,1.0,1.0,1.0,1.0,1.0,0.0
2015-06-19,2,0,0.0,0.44957663280314664,0.8991532656062933,0.0,1.0986122886681098,0.0,0.6414081371601651,0.0,0.0,1.0,0.0,0.0,0.0
2015-06-21,4,3,0.75,0.5787992051748375,2.31519682069935,0.75,1.6094379124341003,1.3862943611198906,1.1985169946353182,0.5,0.25,0.75,0.25,0.0,0.0
2015-06-22,4,1,0.25,0.4367393802643835,1.746957521057534,0.25,1.6094379124341003,0.6931471805599453,1.0104939432358484,0.75,0.75,0.25,0.0,0.0,0.0
2015-06-23,3,2,0.6666666666666666,0.6563619528485426,1.9690858585456277,0.6666666666666666,1.3862943611198906,1.0986122886681098,1.0882541137015314,0.3333333333333333,1.0,0.6666666666666666,0.6666666666666666,0.0,0.0
2015-06-24,1,1,1.0,0.6800133920159354,0.6800133920159354,1.0,0.6931471805599453,0.6931471805599453,0.5188017648214526,1.0,1.0,1.0,1.0,0.0,0.0
2015-06-28,1,1,1.0,0.7372675804075323,0.7372675804075323,1.0,0.6931471805599453,0.6931471805599453,0.552313522837327,1.0,0.0,1.0,0.0,0.0,0.0
2015-06-29,1,0,0.0,0.41656006776932425,0.41656006776932425,0.0,0.6931471805599453,0.0,0.3482314451565954,1.0,0.0,1.0,0.0,0.0,0.0
2015-06-30,2,2,1.0,0.8871483831900522,1.7742967663801044,1.0,1.0986122886681098,1.0986122886681098,1.020397297562069,1.0,0.5,1.0,0.5,0.0,0.0
2015-07-01,4,3,0.75,0.6575347560057221,2.6301390240228883,0.75,1.6094379124341003,1.3862943611198906,1.2892709461722804,0.75,0.75,0.75,0.0,0.0,0.0
2015-07-02,2,1,0.5,0.5740625014254843,1.1481250028509686,0.5,1.0986122886681098,0.6931471805599453,0.7645953699491507,0.5,0.5,1.0,0.0,0.0,0.0
2015-07-03,1,0,0.0,0.4401387350562875,0.4401387350562875,0.0,0.6931471805599453,0.0,0.364739452736233,1.0,1.0,1.0,0.0,0.0,0.0
2015-07-04,1,1,1.0,0.9262435445652932,0.9262435445652932,1.0,0.6931471805599453,0.6931471805599453,0.6555717563501644,1.0,1.0,1.0,1.0,1.0,0.0
2015-07-06,4,1,0.25,0.4095039055556159,1.6380156222224636,0.25,1.6094379124341003,0.6931471805599453,0.9700269762724566,0.75,0.25,0.25,0.0,0.0,0.0
2015-07-07,3,0,0.0,0.3339864629321811,1.0019593887965432,0.0,1.3862943611198906,0.0,0.6941263953708671,0.0,0.0,1.0,0.0,0.0,0.0
2015-07-09,2,0,0.0,0.3057251779323914,0.6114503558647828,0.0,1.0986122886681098,0.0,0.47713461563363746,0.0,1.0,1.0,0.0,0.0,0.0
2015-07-10,5,0,0.0,0.4102940658690519,2.0514703293452596,0.0,1.791759469228055,0.0,1.1156235496535711,1.0,0.8,0.2,0.8,0.0,0.0
2015-07-11,3,0,0.0,0.3387769071826265,1.0163307215478794,0.0,1.3862943611198906,0.0,0.7012793851415019,0.3333333333333333,0.6666666666666666,0.6666666666666666,0.6666666666666666,0.0,0.0
2015-07-12,1,1,1.0,0.687569198129856,0.687569198129856,1.0,0.6931471805599453,0.6931471805599453,0.5232891492229864,0.0,1.0,1.0,0.0,0.0,0.0
2015-07-13,1,0,0.0,0.2910151653864418,0.2910151653864418,0.0,0.6931471805599453,0.0,0.25542885880282346,0.0,0.0,1.0,0.0,0.0,0.0
2015-07-14,3,1,0.3333333333333333,0.4142765964470156,1.2428297893410467,0.3333333333333333,1.3862943611198906,0.6931471805599453,0.8077383673893772,0.3333333333333333,0.0,0.6666666666666666,0.0,0.0,0.0
2015-07-15,3,2,0.6666666666666666,0.5033791205690252,1.5101373617070757,0.6666666666666666,1.3862943611198906,1.0986122886681098,0.9203374774260031,1.0,1.0,0.0,0.0,0.0,0.0
2015-07-16,1,1,1.0,0.8869751377431305,0.8869751377431305,1.0,0.6931471805599453,0.6931471805599453,0.6349750907527842,1.0,1.0,0.0,0.0,0.0,0.0
2015-07-17,1,1,1.0,0.6187094816636199,0.6187094816636199,1.0,0.6931471805599453,0.6931471805599453,0.48162921551992655,1.0,1.0,0.0,1.0,0.0,0.0
2015-07-18,4,1,0.25,0.4223883053088887,1.6895532212355548,0.25,1.6094379124341003,0.6931471805599453,0.9893750910594654,0.25,0.5,1.0,0.0,0.25,0.0
2015-07-19,2,1,0.5,0.6033484244363312,1.2066968488726624,0.5,1.0986122886681098,0.6931471805599453,0.7914967589241239,1.0,1.0,0.5,0.5,0.0,0.0
2015-07-21,3,1,0.3333333333333333,0.43258589836056033,1.297757695081681,0.3333333333333333,1.3862943611198906,0.6931471805599453,0.8319337322143217,0.3333333333333333,0.0,1.0,0.0,0.0,0.0
2015-07-22,2,1,0.5,0.5573659923233772,1.1147319846467545,0.5,1.0986122886681098,0.6931471805599453,0.7489280832612225,0.5,0.5,1.0,0.0,0.0,0.0
2015-07-24,3,2,0.6666666666666666,0.49138217776817456,1.4741465333045236,0.6666666666666666,1.3862943611198906,1.0986122886681098,0.9058955015229081,0.3333333333333333,0.6666666666666666,1.0,0.0,0.0,0.0
2015-07-25,1,0,0.0,0.3312895689958348,0.3312895689958348,0.0,0.6931471805599453,0.0,0.2861480732232324,1.0,1.0,0.0,0.0,0.0,0.0
2015-07-26,1,1,1.0,0.9314352864286022,0.9314352864286022,1.0,0.6931471805599453,0.6931471805599453,0.6582633982546604,1.0,1.0,1.0,0.0,0.0,0.0
2015-07-27,1,0,0.0,0.19807851826213002,0.19807851826213002,0.0,0.6931471805599453,0.0,0.18071903866584108,0.0,0.0,1.0,0.0,0.0,0.0
2015-07-29,1,1,1.0,0.6941185633622747,0.6941185633622747,1.0,0.6931471805599453,0.6931471805599453,0.5271625839591029,1.0,1.0,0.0,1.0,0.0,0.0
2015-07-30,1,1,1.0,0.8743897200462026,0.8743897200462026,1.0,0.6931471805599453,0.6931471805599453,0.6282831237993772,1.0,1.0,1.0,0.0,0.0,0.0
2015-08-05,1,0,0.0,0.2559681772237739,0.2559681772237739,0.0,0.6931471805599453,0.0,0.22790673111975418,0.0,0.0,1.0,0.0,0.0,0.0
2015-08-06,2,1,0.5,0.5123100208337883,1.0246200416675766,0.5,1.0986122886681098,0.6931471805599453,0.7053820492086825,0.5,0.5,0.5,0.0,0.5,0.0
2015-08-07,1,0,0.0,0.28088919030689874,0.28088919030689874,0.0,0.6931471805599453,0.0,0.24755451668037784,0.0,1.0,1.0,0.0,0.0,0.0
2015-08-09,2,0,0.0,0.1479343657652213,0.2958687315304426,0.0,1.0986122886681098,0.0,0.2591813054008181,1.0,0.0,0.0,0.0,0.0,0.0
2015-08-10,1,1,1.0,0.7625196405448671,0.7625196405448671,1.0,0.6931471805599453,0.6931471805599453,0.5667443992137533,1.0,1.0,0.0,0.0,0.0,0.0
2015-08-12,1,0,0.0,0.39995313198906784,0.39995313198906784,0.0,0.6931471805599453,0.0,0.3364387589101748,1.0,1.0,1.0,0.0,0.0,0.0
2015-08-13,2,1,0.5,0.5305123764073968,1.0610247528147936,0.5,1.0986122886681098,0.6931471805599453,0.7232033119355674,1.0,0.5,0.5,0.0,0.0,0.0
2015-08-14,2,0,0.0,0.30221416988498256,0.6044283397699651,0.0,1.0986122886681098,0.0,0.4727675185385889,1.0,1.0,0.0,0.0,1.0,0.0
2015-08-16,1,0,0.0,0.432299542731149,0.432299542731149,0.0,0.6931471805599453,0.0,0.3592812245486911,0.0,0.0,1.0,0.0,0.0,0.0
2015-08-17,1,1,1.0,0.6876922303503746,0.6876922303503746,1.0,0.6931471805599453,0.6931471805599453,0.5233620515585122,1.0,1.0,1.0,1.0,1.0,0.0
2015-08-18,2,2,1.0,0.8859933430579978,1.7719866861159956,1.0,1.0986122886681098,1.0986122886681098,1.0195642783276648,1.0,1.0,0.5,0.0,0.0,0.0
2015-08-19,1,1,1.0,0.8713144594331983,0.8713144594331983,1.0,0.6931471805599453,0.6931471805599453,0.6266411034172981,1.0,1.0,0.0,0.0,1.0,0.0
2015-08-22,1,0,0.0,0.36185612995226796,0.36185612995226796,0.0,0.6931471805599453,0.0,0.30884857068850363,0.0,0.0,1.0,0.0,1.0,0.0
2015-08-24,1,1,1.0,0.6286658092185462,0.6286658092185462,1.0,0.6931471805599453,0.6931471805599453,0.48776115769485645,1.0,1.0,1.0,0.0,0.0,0.0
2015-08-26,4,4,1.0,0.772615858252433,3.090463433009732,1.0,1.6094379124341003,1.6094379124341003,1.408658272440088,0.5,1.0,0.75,0.75,0.0,0.0
2015-08-27,1,1,1.0,0.7177422252348654,0.7177422252348654,1.0,0.6931471805599453,0.6931471805599453,0.5410107687857042,1.0,1.0,1.0,0.0,0.0,0.0
2015-08-28,2,2,1.0,0.6236005613672304,1.2472011227344608,1.0,1.0986122886681098,1.0986122886681098,0.8096854964226087,0.0,0.0,1.0,0.0,0.0,0.0
2015-08-30,2,0,0.0,0.29459747394400393,0.5891949478880079,0.0,1.0986122886681098,0.0,0.4632275659248167,0.5,0.5,1.0,0.0,0.0,0.0
2015-09-01,3,1,0.3333333333333333,0.5488935501642228,1.6466806504926685,0.3333333333333333,1.3862943611198906,0.6931471805599453,0.9733062701384384,0.6666666666666666,0.0,0.6666666666666666,0.0,0.0,0.0
2015-09-02,3,1,0.3333333333333333,0.35298889492560553,1.0589666847768167,0.3333333333333333,1.3862943611198906,0.6931471805599453,0.7222042476218004,0.0,0.0,1.0,0.0,0.0,0.0
2015-09-03,2,2,1.0,0.640180189817177,1.280360379634354,1.0,1.0986122886681098,1.0986122886681098,0.824333491719125,0.5,0.5,0.5,0.0,0.0,0.0
2015-09-04,4,3,0.75,0.5636839850461566,2.2547359401846263,0.75,1.6094379124341003,1.3862943611198906,1.1801111480025308,0.5,0.25,0.75,0.5,0.5,0.0
2015-09-05,1,0,0.0,0.4015644688684468,0.4015644688684468,0.0,0.6931471805599453,0.0,0.3375890904708767,1.0,1.0,1.0,0.0,0.0,0.0
2015-09-06,1,1,1.0,0.7556175593607656,0.7556175593607656,1.0,0.6931471805599453,0.6931471805599453,0.5628206806962347,1.0,1.0,1.0,0.0,0.0,0.0
2015-09-07,1,0,0.0,0.25337204621587744,0.25337204621587744,0.0,0.6931471805599453,0.0,0.225837556194871,0.0,0.0,1.0,0.0,0.0,0.0
2015-09-13,1,0,0.0,0.3810356372525205,0.3810356372525205,0.0,0.6931471805599453,0.0,0.3228336794906682,1.0,0.0,0.0,0.0,0.0,0.0
2015-09-14,1,1,1.0,0.6881382741991393,0.6881382741991393,1.0,0.6931471805599453,0.6931471805599453,0.5236263088135843,1.0,0.0,1.0,0.0,0.0,0.0
2015-09-18,3,1,0.3333333333333333,0.5322103743797791,1.5966311231393375,0.3333333333333333,1.3862943611198906,0.6931471805599453,0.9542148829845368,0.3333333333333333,0.0,0.6666666666666666,0.0,0.0,0.0
2015-09-19,1,0,0.0,0.2782405159951391,0.2782405159951391,0.0,0.6931471805599453,0.0,0.24548453542777054,0.0,0.0,1.0,0.0,0.0,0.0
2015-09-21,1,1,1.0,0.5512936561578455,0.5512936561578455,1.0,0.6931471805599453,0.6931471805599453,0.4390891997081925,0.0,0.0,1.0,0.0,0.0,0.0
2015-09-23,4,3,0.75,0.7103699211780857,2.841479684712343,0.75,1.6094379124341003,1.3862943611198906,1.345857626937846,1.0,0.75,0.25,0.25,0.25,0.0
2015-09-24,1,1,1.0,0.5173303698612434,0.5173303698612434,1.0,0.6931471805599453,0.6931471805599453,0.41695245507486745,1.0,0.0,1.0,0.0,0.0,0.0
2015-09-26,1,1,1.0,0.958655768716947,0.958655768716947,1.0,0.6931471805599453,0.6931471805599453,0.6722584056646047,1.0,1.0,1.0,0.0,0.0,0.0
2015-09-28,3,1,0.3333333333333333,0.4618276849828154,1.3854830549484463,0.3333333333333333,1.3862943611198906,0.6931471805599453,0.8694016425945498,0.6666666666666666,0.0,0.3333333333333333,0.0,0.0,0.0
2015-09-30,1,0,0.0,0.32841010033371454,0.32841010033371454,0.0,0.6931471805599453,0.0,0.28398281387435115,0.0,0.0,1.0,0.0,0.0,0.0
2015-10-01,6,1,0.16666666666666666,0.38817530352235025,2.3290518211341014,0.16666666666666666,1.9459101490553132,0.6931471805599453,1.2026875250485103,0.8333333333333334,0.5,0.6666666666666666,0.0,0.0,0.0
2015-10-03,1,1,1.0,0.5122817188263701,0.5122817188263701,1.0,0.6931471805599453,0.6931471805599453,0.41361958237667035,1.0,0.0,0.0,0.0,0.0,0.0
2015-10-04,2,0,0.0,0.39449766887329624,0.7889953377465925,0.0,1.0986122886681098,0.0,0.581654198456441,0.0,0.0,1.0,0.0,0.0,0.0
2015-10-06,1,0,0.0,0.37071631002026373,0.37071631002026373,0.0,0.6931471805599453,0.0,0.31533345722888173,0.0,0.0,1.0,0.0,0.0,0.0
2015-10-07,1,0,0.0,0.4089990992542438,0.4089990992542438,0.0,0.6931471805599453,0.0,0.3428795936361712,0.0,0.0,1.0,0.0,0.0,0.0
2015-10-08,1,1,1.0,0.6090123791767803,0.6090123791767803,1.0,0.6931471805599453,0.6931471805599453,0.4756205616890278,0.0,0.0,1.0,0.0,0.0,0.0
2015-10-10,2,2,1.0,0.636420578725101,1.272841157450202,1.0,1.0986122886681098,1.0986122886681098,0.8210306600924913,0.5,1.0,0.5,0.0,0.0,0.0
2015-10-11,5,3,0.6,0.4817345067366771,2.4086725336833856,0.6,1.791759469228055,1.3862943611198906,1.226322929193982,1.0,0.6,0.2,0.0,0.0,0.0
2015-10-12,6,3,0.5,0.4813420003637223,2.888052002182334,0.5,1.9459101490553132,1.3862943611198906,1.3579082615556441,0.8333333333333334,0.5,0.3333333333333333,0.0,0.0,0.0
2015-10-13,2,1,0.5,0.4659202075708716,0.9318404151417432,0.5,1.0986122886681098,0.6931471805599453,0.6584731315203766,0.5,0.0,1.0,0.0,0.0,0.0
2015-10-14,1,0,0.0,0.31310099940038144,0.31310099940038144,0.0,0.6931471805599453,0.0,0.2723915149825109,1.0,0.0,1.0,0.0,0.0,0.0
2015-10-19,1,0,0.0,0.4860775046199565,0.4860775046199565,0.0,0.6931471805599453,0.0,0.3961401014764829,1.0,1.0,0.0,0.0,0.0,0.0
2015-10-20,1,0,0.0,0.341687929741921,0.341687929741921,0.0,0.6931471805599453,0.0,0.2939284703316827,1.0,0.0,1.0,0.0,0.0,0.0
2015-10-21,2,1,0.5,0.6040140411317623,1.2080280822635245,0.5,1.0986122886681098,0.6931471805599453,0.7920998467504219,1.0,0.0,0.0,0.0,0.0,0.0
2015-10-22,4,3,0.75,0.6610496399397752,2.6441985597591007,0.75,1.6094379124341003,1.3862943611198906,1.2931364674190031,0.75,0.75,0.75,0.5,0.75,0.0
2015-10-23,1,1,1.0,0.9094475975455573,0.9094475975455573,1.0,0.6931471805599453,0.6931471805599453,0.6468139842828071,1.0,0.0,0.0,0.0,0.0,0.0
2015-10-25,3,1,0.3333333333333333,0.4398174680301043,1.3194524040903128,0.3333333333333333,1.3862943611198906,0.6931471805599453,0.8413311250984195,1.0,0.0,1.0,0.0,0.0,0.0
2015-10-26,1,1,1.0,0.9546819568461169,0.9546819568461169,1.0,0.6931471805599453,0.6931471805599453,0.6702274982830454,1.0,1.0,1.0,0.0,0.0,0.0
2015-10-29,1,0,0.0,0.25333819712465977,0.25333819712465977,0.0,0.6931471805599453,0.0,0.2258105494107326,1.0,1.0,0.0,1.0,0.0,0.0
2015-10-30,1,0,0.0,0.18015239323386298,0.18015239323386298,0.0,0.6931471805599453,0.0,0.16564357694720075,0.0,0.0,1.0,0.0,0.0,0.0
2015-10-31,3,2,0.6666666666666666,0.5659123421927218,1.6977370265781655,0.6666666666666666,1.3862943611198906,1.0986122886681098,0.9924132832716108,0.6666666666666666,0.6666666666666666,0.3333333333333333,0.0,0.0,0.0
2015-11-01,1,0,0.0,0.4108655212364303,0.4108655212364303,0.0,0.6931471805599453,0.0,0.3442033609129245,1.0,0.0,0.0,0.0,0.0,0.0
2015-11-02,2,0,0.0,0.3081827266565549,0.6163654533131098,0.0,1.0986122886681098,0.0,0.48018008138373075,1.0,1.0,0.0,0.0,0.0,0.0
2015-11-05,2,1,0.5,0.6251824051242522,1.2503648102485043,0.5,1.0986122886681098,0.6931471805599453,0.8110923409616262,0.5,0.5,0.5,0.0,0.0,0.0
2015-11-08,2,1,0.5,0.4054062083752251,0.8108124167504502,0.5,1.0986122886681098,0.6931471805599453,0.5937755936085373,0.0,0.5,1.0,0.5,0.0,0.0
2015-11-09,1,1,1.0,0.7400493437291082,0.7400493437291082,1.0,0.6931471805599453,0.6931471805599453,0.5539134712893488,1.0,1.0,1.0,0.0,0.0,0.0
2015-11-10,2,1,0.5,0.5168185414302148,1.0336370828604295,0.5,1.0986122886681098,0.6931471805599453,0.7098258563676518,0.5,0.5,1.0,0.0,0.0,0.0
2015-11-11,1,1,1.0,0.5725743627642128,0.5725743627642128,1.0,0.6931471805599453,0.6931471805599453,0.4527139979905372,1.0,1.0,1.0,1.0,1.0,0.0
2015-11-12,4,2,0.5,0.6836190026259037,2.7344760105036148,0.5,1.6094379124341003,1.0986122886681098,1.3176075170438137,0.5,0.25,0.75,0.0,0.0,0.0
2015-11-16,1,0,0.0,0.4470074048870435,0.4470074048870435,0.0,0.6931471805599453,0.0,0.369497565042641,1.0,1.0,0.0,0.0,1.0,0.0
2015-11-17,8,6,0.75,0.5979877423948619,4.783901939158895,0.75,2.1972245773362196,1.9459101490553132,1.7550785309020434,0.875,0.75,0.75,0.125,0.25,0.0
2015-11-19,1,1,1.0,0.938569086691731,0.938569086691731,1.0,0.6931471805599453,0.6931471805599453,0.6619501167466757,1.0,1.0,0.0,0.0,1.0,0.0
2015-11-20,3,2,0.6666666666666666,0.6543710665434489,1.9631131996303466,0.6666666666666666,1.3862943611198906,1.0986122886681098,1.086240472259346,0.3333333333333333,0.0,1.0,0.0,0.0,0.0
2015-11-21,4,4,1.0,0.7306250842703218,2.922500337081287,1.0,1.6094379124341003,1.6094379124341003,1.3667292915603655,1.0,0.75,0.5,0.0,0.25,0.0
2015-11-23,4,3,0.75,0.7983619583050163,3.1934478332200653,0.75,1.6094379124341003,1.3862943611198906,1.4335232674508156,0.75,0.75,1.0,0.25,0.25,0.0
2015-11-25,4,4,1.0,0.5522882583857963,2.2091530335431853,1.0,1.6094379124341003,1.6094379124341003,1.1660070498479767,1.0,1.0,0.0,0.0,0.0,0.0
2015-11-26,2,1,0.5,0.5335353883845475,1.067070776769095,0.5,1.0986122886681098,0.6931471805599453,0.7261325214143765,1.0,0.0,0.0,0.0,0.0,0.0
2015-11-27,2,0,0.0,0.288959992081683,0.577919984163366,0.0,1.0986122886681098,0.0,0.4561075140172256,0.5,0.5,1.0,0.0,0.0,0.0
2015-11-29,3,3,1.0,0.6673333933306237,2.002000179991871,1.0,1.3862943611198906,1.3862943611198906,1.0992787931685872,1.0,0.0,0.0,0.0,0.0,0.0
2015-11-30,2,2,1.0,0.9887905998199085,1.977581199639817,1.0,1.0986122886681098,1.0986122886681098,1.0911112929551725,1.0,1.0,1.0,0.0,0.0,0.0
2015-12-01,2,1,0.5,0.6099422139187918,1.2198844278375836,0.5,1.0986122886681098,0.6931471805599453,0.7974551349964235,0.5,1.0,0.5,0.5,0.5,0.0
2015-12-02,5,2,0.4,0.49072985065826114,2.4536492532913057,0.4,1.791759469228055,1.0986122886681098,1.2394314265922606,1.0,0.8,0.4,0.6,0.0,0.0
2015-12-03,3,0,0.0,0.3169686419618322,0.9509059258854966,0.0,1.3862943611198906,0.0,0.6682938420701754,1.0,1.0,0.0,0.6666666666666666,0.0,0.0
2015-12-04,4,4,1.0,0.7273716265848708,2.909486506339483,1.0,1.6094379124341003,1.6094379124341003,1.3634060370710355,1.0,0.5,0.25,0.5,0.0,0.0
2015-12-05,4,2,0.5,0.4658631886628304,1.8634527546513215,0.5,1.6094379124341003,1.0986122886681098,1.052028153554259,0.75,0.0,0.75,0.0,0.0,0.0
2015-12-06,1,1,1.0,0.5486992845262668,0.5486992845262668,1.0,0.6931471805599453,0.6931471805599453,0.43741540735645806,0.0,0.0,1.0,0.0,0.0,0.0
2015-12-07,3,1,0.3333333333333333,0.5152003253103424,1.5456009759310274,0.3333333333333333,1.3862943611198906,0.6931471805599453,0.9343667619808795,0.6666666666666666,0.3333333333333333,0.6666666666666666,0.3333333333333333,0.3333333333333333,0.0
2015-12-08,1,0,0.0,0.30531616308729015,0.30531616308729015,0.0,0.6931471805599453,0.0,0.26644528199685585,1.0,1.0,0.0,0.0,0.0,0.0
2015-12-09,3,0,0.0,0.22355884609689947,0.6706765382906984,0.0,1.3862943611198906,0.0,0.5132286571415704,0.0,0.0,1.0,0.0,0.0,0.0
2015-12-10,3,1,0.3333333333333333,0.5207244377160731,1.5621733131482194,0.3333333333333333,1.3862943611198906,0.6931471805599453,0.9408558487853835,0.3333333333333333,0.0,0.6666666666666666,0.0,0.0,0.0
2015-12-11,2,1,0.5,0.7038040865468782,1.4076081730937564,0.5,1.0986122886681098,0.6931471805599453,0.8786337953915467,1.0,0.5,0.5,0.0,0.0,0.0
2015-12-13,3,1,0.3333333333333333,0.41340742924381607,1.2402222877314482,0.3333333333333333,1.3862943611198906,0.6931471805599453,0.8065750965378191,0.6666666666666666,0.3333333333333333,0.3333333333333333,0.0,0.0,0.0
2015-12-14,1,1,1.0,0.8087870031109996,0.8087870031109996,1.0,0.6931471805599453,0.6931471805599453,0.5926564565903724,1.0,1.0,1.0,0.0,0.0,0.0
2015-12-17,3,2,0.6666666666666666,0.5846394689261301,1.7539184067783902,0.6666666666666666,1.3862943611198906,1.0986122886681098,1.0130247726992294,0.6666666666666666,0.3333333333333333,0.6666666666666666,0.0,0.0,0.0
2015-12-18,1,1,1.0,0.8653119902010612,0.8653119902010612,1.0,0.6931471805599453,0.6931471805599453,0.6234283260759521,1.0,1.0,1.0,0.0,0.0,0.0
2015-12-19,1,0,0.0,0.3281067030630294,0.3281067030630294,0.0,0.6931471805599453,0.0,0.2837543965184991,0.0,1.0,1.0,0.0,0.0,0.0
2015-12-20,2,1,0.5,0.4092430977308476,0.8184861954616952,0.5,1.0986122886681098,0.6931471805599453,0.5980043942484803,0.0,0.5,1.0,0.0,0.0,0.0
2015-12-21,2,1,0.5,0.6079353383570284,1.2158706767140568,0.5,1.0986122886681098,0.6931471805599453,0.7956454082985431,0.5,1.0,0.5,0.0,0.5,0.0
2015-12-22,4,2,0.5,0.5625079338683403,2.250031735473361,0.5,1.6094379124341003,1.0986122886681098,1.1786647610550054,0.75,0.75,0.75,0.25,0.25,0.0
2015-12-24,1,0,0.0,0.30417406863979757,0.30417406863979757,0.0,0.6931471805599453,0.0,0.2655699428164051,0.0,0.0,1.0,0.0,0.0,0.0
2015-12-25,1,0,0.0,0.37864205278546575,0.37864205278546575,0.0,0.6931471805599453,0.0,0.3210989949831894,0.0,1.0,1.0,1.0,0.0,0.0
2015-12-26,1,1,1.0,0.5382229835845155,0.5382229835845155,1.0,0.6931471805599453,0.6931471805599453,0.4306278433992407,0.0,1.0,1.0,0.0,0.0,0.0
2015-12-27,1,1,1.0,0.5338322063589968,0.5338322063589968,1.0,0.6931471805599453,0.6931471805599453,0.4277693138847223,1.0,0.0,1.0,0.0,0.0,0.0
2015-12-30,5,2,0.4,0.49442676696774673,2.4721338348387336,0.4,1.791759469228055,1.0986122886681098,1.244769342955748,0.2,0.2,1.0,0.4,0.2,0.0
2015-12-31,3,0,0.0,0.26580825873224984,0.7974247761967496,0.0,1.3862943611198906,0.0,0.5863549606117743,0.3333333333333333,0.6666666666666666,0.6666666666666666,0.0,0.0,0.0
2016-01-01,1,0,0.0,0.49129322171932255,0.49129322171932255,0.0,0.6931471805599453,0.0,0.39964367756023206,0.0,0.0,1.0,0.0,1.0,0.0
2016-01-04,3,3,1.0,0.6103927785702242,1.8311783357106726,1.0,1.3862943611198906,1.3862943611198906,1.0406929980385857,0.6666666666666666,1.0,0.6666666666666666,0.3333333333333333,0.3333333333333333,0.0
2016-01-05,2,0,0.0,0.34110800182227563,0.6822160036445513,0.0,1.0986122886681098,0.0,0.5201119740216643,0.5,0.5,0.5,0.0,0.0,0.0
2016-01-07,2,1,0.5,0.39072059153177197,0.7814411830635439,0.5,1.0986122886681098,0.6931471805599453,0.5774226901179722,1.0,1.0,0.0,1.0,0.0,0.0
2016-01-08,1,1,1.0,0.6609761270875941,0.6609761270875941,1.0,0.6931471805599453,0.6931471805599453,0.5074054579135386,1.0,1.0,0.0,0.0,0.0,0.0
2016-01-09,1,0,0.0,0.4456144146346808,0.4456144146346808,0.0,0.6931471805599453,0.0,0.3685344316315308,0.0,1.0,1.0,0.0,0.0,0.0
2016-01-10,4,4,1.0,0.8367123285140994,3.3468493140563975,1.0,1.6094379124341003,1.6094379124341003,1.4694512870525767,1.0,0.75,1.0,0.25,0.25,0.0
2016-01-11,2,1,0.5,0.5420598692116361,1.0841197384232721,0.5,1.0986122886681098,0.6931471805599453,0.7343465782978168,1.0,1.0,1.0,0.0,0.0,0.0
2016-01-12,6,5,0.8333333333333334,0.6020710210485803,3.612426126291482,0.8333333333333334,1.9459101490553132,1.791759469228055,1.5287539932582217,1.0,1.0,0.5,0.16666666666666666,0.16666666666666666,0.0
2016-01-14,2,1,0.5,0.7210261718285562,1.4420523436571124,0.5,1.0986122886681098,0.6931471805599453,0.8928388102078143,0.5,1.0,0.5,0.5,0.0,0.0
2016-01-15,1,1,1.0,0.5371100068134878,0.5371100068134878,1.0,0.6931471805599453,0.6931471805599453,0.42990403441784364,1.0,1.0,1.0,1.0,0.0,0.0
2016-01-16,1,0,0.0,0.4339085473472921,0.4339085473472921,0.0,0.6931471805599453,0.0,0.36040396563000454,0.0,1.0,1.0,1.0,0.0,0.0
2016-01-17,6,5,0.8333333333333334,0.7950190428285498,4.770114256971299,0.8333333333333334,1.9459101490553132,1.791759469228055,1.7526918822253914,1.0,1.0,0.16666666666666666,0.6666666666666666,0.0,0.0
2016-01-18,2,2,1.0,0.5746310544014133,1.1492621088028265,1.0,1.0986122886681098,1.0986122886681098,0.7651245780231976,0.5,1.0,0.5,0.5,0.0,0.0
2016-01-19,5,4,0.8,0.6117473773710165,3.0587368868550824,0.8,1.791759469228055,1.6094379124341003,1.4008718135963352,1.0,0.8,0.2,0.0,0.0,0.0
2016-01-20,3,3,1.0,0.7110396349772565,2.1331189049317696,1.0,1.3862943611198906,1.3862943611198906,1.1420289636698508,0.6666666666666666,0.6666666666666666,0.3333333333333333,0.3333333333333333,0.0,0.0
2016-01-21,1,0,0.0,0.31397214530299367,0.31397214530299367,0.0,0.6931471805599453,0.0,0.27305472143818127,1.0,0.0,1.0,0.0,0.0,0.0
2016-01-22,2,1,0.5,0.5752289007996929,1.1504578015993858,0.5,1.0986122886681098,0.6931471805599453,0.7656807504494472,0.5,1.0,1.0,0.0,0.0,0.0
2016-01-23,2,1,0.5,0.4341544532481072,0.8683089064962144,0.5,1.0986122886681098,0.6931471805599453,0.6250336936382793,0.0,0.5,1.0,0.0,0.0,0.0
2016-01-24,2,2,1.0,0.7585708228899715,1.517141645779943,1.0,1.0986122886681098,1.0986122886681098,0.9231239902074058,1.0,0.5,0.5,0.0,0.5,0.0
2016-01-25,1,1,1.0,0.8589230195640469,0.8589230195640469,1.0,0.6931471805599453,0.6931471805599453,0.6199972982875257,1.0,1.0,0.0,0.0,0.0,0.0
2016-01-26,2,2,1.0,0.6892843766771835,1.378568753354367,1.0,1.0986122886681098,1.0986122886681098,0.8664989426546252,1.0,1.0,0.5,0.0,0.0,0.0
2016-01-28,1,0,0.0,0.3782154733381154,0.3782154733381154,0.0,0.6931471805599453,0.0,0.320789527085982,0.0,1.0,1.0,0.0,0.0,0.0
2016-01-30,1,1,1.0,0.5119409159397345,0.5119409159397345,1.0,0.6931471805599453,0.6931471805599453,0.4133942002343899,0.0,1.0,1.0,0.0,0.0,0.0
2016-01-31,2,1,0.5,0.6044459959285429,1.2088919918570857,0.5,1.0986122886681098,0.6931471805599453,0.7924910286554961,0.5,0.5,1.0,0.5,0.0,0.0
2016-02-01,2,0,0.0,0.2809142547387028,0.5618285094774056,0.0,1.0986122886681098,0.0,0.4458572563232716,0.0,0.5,1.0,0.0,0.0,0.0
2016-02-03,2,2,1.0,0.5801370095845799,1.1602740191691598,1.0,1.0986122886681098,1.0986122886681098,0.770235074376395,1.0,1.0,0.0,1.0,0.0,0.0
2016-02-04,1,1,1.0,0.9009986695553094,0.9009986695553094,1.0,0.6931471805599453,0.6931471805599453,0.6423793636403499,1.0,1.0,1.0,0.0,0.0,0.0
2016-02-06,1,0,0.0,0.4728365297566355,0.4728365297566355,0.0,0.6931471805599453,0.0,0.3871901535600475,0.0,1.0,1.0,0.0,0.0,0.0
2016-02-10,1,0,0.0,0.42323218732931717,0.42323218732931717,0.0,0.6931471805599453,0.0,0.35293047328105775,0.0,1.0,1.0,1.0,0.0,0.0
2016-02-13,2,0,0.0,0.39432368498554093,0.7886473699710819,0.0,1.0986122886681098,0.0,0.5814596749642782,1.0,0.5,0.0,0.0,0.0,0.0
2016-02-14,1,1,1.0,0.6369932438597148,0.6369932438597148,1.0,0.6931471805599453,0.6931471805599453,0.4928611712330864,1.0,1.0,0.0,0.0,0.0,0.0
2016-02-15,8,6,0.75,0.6193430387859837,4.95474431028787,0.75,2.1972245773362196,1.9459101490553132,1.784188264906078,0.75,1.0,0.25,0.125,0.125,0.0
2016-02-16,4,2,0.5,0.6108513967049118,2.4434055868196474,0.5,1.6094379124341003,1.0986122886681098,1.2364609778307916,0.75,0.75,0.5,0.25,0.5,0.0
2016-02-18,2,1,0.5,0.5484874350489686,1.0969748700979371,0.5,1.0986122886681098,0.6931471805599453,0.7404957681083193,0.5,0.5,0.5,0.0,0.5,0.0
2016-02-20,1,0,0.0,0.3186383886285552,0.3186383886285552,0.0,0.6931471805599453,0.0,0.27659968044524874,1.0,0.0,0.0,0.0,0.0,0.0
2016-02-21,1,0,0.0,0.3649092822661333,0.3649092822661333,0.0,0.6931471805599453,0.0,0.31108796655007687,0.0,1.0,1.0,0.0,1.0,0.0
2016-02-23,2,0,0.0,0.3186557693642813,0.6373115387285626,0.0,1.0986122886681098,0.0,0.4930555910510233,0.0,1.0,1.0,0.0,0.0,0.0
2016-02-25,1,1,1.0,0.5380486949293556,0.5380486949293556,1.0,0.6931471805599453,0.6931471805599453,0.43051453178468885,0.0,0.0,1.0,0.0,0.0,0.0
2016-03-01,1,0,0.0,0.46029350469833097,0.46029350469833097,0.0,0.6931471805599453,0.0,0.3786374461315938,0.0,1.0,1.0,0.0,0.0,0.0
2016-03-02,1,0,0.0,0.3328505593907958,0.3328505593907958,0.0,0.6931471805599453,0.0,0.28731992642792165,0.0,1.0,1.0,0.0,0.0,0.0
2016-03-03,1,1,1.0,0.8726386978665911,0.8726386978665911,1.0,0.6931471805599453,0.6931471805599453,0.6273485046229107,1.0,1.0,0.0,0.0,1.0,0.0
2016-03-04,2,1,0.5,0.446975559363101,0.893951118726202,0.5,1.0986122886681098,0.6931471805599453,0.638665185944148,0.0,0.5,1.0,0.0,0.0,0.0
2016-03-07,3,1,0.3333333333333333,0.5711600740042783,1.713480222012835,0.3333333333333333,1.3862943611198906,0.6931471805599453,0.9982320257580117,0.6666666666666666,1.0,0.3333333333333333,1.0,0.0,0.0
2016-03-09,3,1,0.3333333333333333,0.51182571675304,1.53547715025912,0.3333333333333333,1.3862943611198906,0.6931471805599453,0.9303818442853403,0.3333333333333333,0.3333333333333333,1.0,0.0,0.0,0.0
2016-03-10,3,2,0.6666666666666666,0.6854923429542698,2.056477028862809,0.6666666666666666,1.3862943611198906,1.0986122886681098,1.1172629549546584,1.0,1.0,0.3333333333333333,0.3333333333333333,0.3333333333333333,0.0
2016-03-12,1,0,0.0,0.4463961419117938,0.4463961419117938,0.0,0.6931471805599453,0.0,0.36907504327928736,1.0,1.0,0.0,0.0,0.0,0.0
2016-03-14,1,0,0.0,0.49269241104091765,0.49269241104091765,0.0,0.6931471805599453,0.0,0.40058147659570925,1.0,1.0,0.0,0.0,0.0,0.0
2016-03-15,2,2,1.0,0.7374623917158867,1.4749247834317734,1.0,1.0986122886681098,1.0986122886681098,0.9062100050262352,1.0,0.5,0.0,0.0,0.0,0.0
2016-03-16,2,0,0.0,0.384000010933695,0.76800002186739,0.0,1.0986122886681098,0.0,0.5698489765838849,1.0,0.5,0.5,0.0,0.0,0.0
2016-03-17,2,1,0.5,0.5447682915430275,1.089536583086055,0.5,1.0986122886681098,0.6931471805599453,0.7369423108100251,1.0,1.0,0.5,0.0,0.0,0.0
2016-03-19,2,1,0.5,0.44664338427714323,0.8932867685542865,0.5,1.0986122886681098,0.6931471805599453,0.6383143496890709,0.5,0.5,0.5,0.0,0.5,0.0
2016-03-21,3,2,0.6666666666666666,0.6320501161456488,1.8961503484369464,0.6666666666666666,1.3862943611198906,1.0986122886681098,1.063382389072622,0.6666666666666666,0.3333333333333333,0.6666666666666666,0.0,0.3333333333333333,0.0
2016-03-22,3,2,0.6666666666666666,0.6288397995059599,1.8865193985178799,0.6666666666666666,1.3862943611198906,1.0986122886681098,1.0600514159251206,1.0,1.0,0.3333333333333333,0.0,0.0,0.0
2016-03-23,2,2,1.0,0.6962737546963627,1.3925475093927253,1.0,1.0986122886681098,1.0986122886681098,0.8723587017832249,1.0,1.0,0.0,0.5,0.0,0.0
2016-03-25,2,0,0.0,0.41546255894194883,0.8309251178838977,0.0,1.0986122886681098,0.0,0.6048213680149487,0.5,0.5,0.5,0.0,0.0,0.0
2016-03-26,2,0,0.0,0.4093583136535851,0.8187166273071702,0.0,1.0986122886681098,0.0,0.5981311025223994,0.5,0.5,0.5,0.0,0.0,0.0
2016-03-27,6,5,0.8333333333333334,0.6663427399318612,3.998056439591167,0.8333333333333334,1.9459101490553132,1.791759469228055,1.6090491247842091,1.0,1.0,1.0,0.0,0.0,0.0
2016-03-28,1,1,1.0,0.9051921517941705,0.9051921517941705,1.0,0.6931471805599453,0.6931471805599453,0.644582870575476,1.0,1.0,1.0,0.0,0.0,0.0
2016-03-29,2,2,1.0,0.868084502858185,1.73616900571637,1.0,1.0986122886681098,1.0986122886681098,1.006558768947713,1.0,1.0,0.5,0.0,0.5,0.0
2016-03-30,1,1,1.0,0.9322105550210643,0.9322105550210643,1.0,0.6931471805599453,0.6931471805599453,0.6586647127822757,1.0,1.0,0.0,0.0,0.0,0.0
2016-03-31,1,1,1.0,0.5020714489967925,0.5020714489967925,1.0,0.6931471805599453,0.6931471805599453,0.40684512144943913,1.0,1.0,0.0,0.0,0.0,0.0
2016-04-02,1,1,1.0,0.9908254617818378,0.9908254617818378,1.0,0.6931471805599453,0.6931471805599453,0.688549357644122,1.0,1.0,0.0,0.0,0.0,0.0
2016-04-03,1,0,0.0,0.33627784286352497,0.33627784286352497,0.0,0.6931471805599453,0.0,0.2898880197076917,0.0,1.0,1.0,0.0,1.0,0.0
2016-04-04,1,0,0.0,0.25655124198918533,0.25655124198918533,0.0,0.6931471805599453,0.0,0.2283708586973717,1.0,1.0,1.0,0.0,0.0,0.0
2016-04-05,2,0,0.0,0.3775728838636777,0.7551457677273554,0.0,1.0986122886681098,0.0,0.5625519120027658,0.0,0.0,1.0,0.0,0.0,0.0
2016-04-07,1,1,1.0,0.8603809637556633,0.8603809637556633,1.0,0.6931471805599453,0.6931471805599453,0.6207812859759912,1.0,1.0,1.0,0.0,0.0,0.0
2016-04-14,1,0,0.0,0.30166440694653646,0.30166440694653646,0.0,0.6931471805599453,0.0,0.2636437586014461,1.0,1.0,0.0,0.0,0.0,0.0
2016-04-20,1,0,0.0,0.35083106671589365,0.35083106671589365,0.0,0.6931471805599453,0.0,0.3007200080180609,0.0,0.0,1.0,0.0,0.0,0.0
2016-04-27,2,0,0.0,0.4465728495177549,0.8931456990355098,0.0,1.0986122886681098,0.0,0.6382398365318711,0.0,0.0,1.0,0.0,0.5,0.0
2016-04-28,3,2,0.6666666666666666,0.5577277286958177,1.6731831860874529,0.6666666666666666,1.3862943611198906,1.0986122886681098,0.9832699668278195,0.6666666666666666,0.6666666666666666,0.6666666666666666,0.0,0.6666666666666666,0.0
2016-04-30,2,1,0.5,0.46374912368179355,0.9274982473635871,0.5,1.0986122886681098,0.6931471805599453,0.6562229171753424,1.0,0.5,0.5,0.0,0.0,0.0
2016-05-02,2,1,0.5,0.4745964342897787,0.9491928685795574,0.5,1.0986122886681098,0.6931471805599453,0.6674153733408523,1.0,1.0,0.5,0.0,0.0,0.0
2016-05-03,2,1,0.5,0.512793460636832,1.025586921273664,0.5,1.0986122886681098,0.6931471805599453,0.7058594962296872,0.5,0.5,0.5,0.0,0.0,0.0
2016-05-05,1,0,0.0,0.25750852689209924,0.25750852689209924,0.0,0.6931471805599453,0.0,0.22913240379747465,0.0,0.0,1.0,0.0,0.0,0.0
2016-05-10,1,0,0.0,0.35362286072697063,0.35362286072697063,0.0,0.6931471805599453,0.0,0.30278459856214396,0.0,0.0,1.0,0.0,0.0,0.0
2016-05-11,2,0,0.0,0.3198541562545091,0.6397083125090182,0.0,1.0986122886681098,0.0,0.49451836779124864,0.0,0.5,1.0,0.0,0.0,0.0
2016-05-16,3,2,0.6666666666666666,0.5464792422523904,1.6394377267571711,0.6666666666666666,1.3862943611198906,1.0986122886681098,0.9705659121853258,0.3333333333333333,1.0,0.6666666666666666,0.0,0.0,0.0
2016-05-17,2,1,0.5,0.5805945691638941,1.1611891383277881,0.5,1.0986122886681098,0.6931471805599453,0.7706585972152834,0.5,1.0,0.5,0.0,0.0,0.0
2016-05-20,2,2,1.0,0.7686957366331773,1.5373914732663545,1.0,1.0986122886681098,1.0986122886681098,0.9311365742971628,1.0,0.5,1.0,0.0,0.0,0.0
2016-05-24,1,1,1.0,0.7456867979423875,0.7456867979423875,1.0,0.6931471805599453,0.6931471805599453,0.5571480587046524,1.0,1.0,1.0,0.0,0.0,0.0
2016-05-26,3,0,0.0,0.2580475014226533,0.7741425042679599,0.0,1.3862943611198906,0.0,0.5733172100117557,0.3333333333333333,0.3333333333333333,0.6666666666666666,0.0,0.0,0.0
2016-05-27,3,1,0.3333333333333333,0.4742634909766532,1.4227904729299596,0.3333333333333333,1.3862943611198906,0.6931471805599453,0.8849199638608397,0.3333333333333333,0.0,0.6666666666666666,0.0,0.0,0.0
2016-05-28,1,0,0.0,0.4618137878851753,0.4618137878851753,0.0,0.6931471805599453,0.0,0.37967798514799006,0.0,1.0,1.0,0.0,0.0,0.0
2016-05-29,1,1,1.0,0.6332816444341466,0.6332816444341466,1.0,0.6931471805599453,0.6931471805599453,0.49059126968290945,0.0,0.0,1.0,0.0,0.0,0.0
2016-06-04,1,1,1.0,0.9026004321706272,0.9026004321706272,1.0,0.6931471805599453,0.6931471805599453,0.6432215989375853,1.0,1.0,1.0,0.0,0.0,0.0
2016-06-06,1,0,0.0,0.4318660659468079,0.4318660659468079,0.0,0.6931471805599453,0.0,0.35897853479755565,0.0,0.0,1.0,0.0,0.0,0.0
2016-06-07,2,1,0.5,0.5193214871805591,1.0386429743611183,0.5,1.0986122886681098,0.6931471805599453,0.7122843778601748,1.0,1.0,0.0,0.0,0.0,0.0
2016-06-10,1,1,1.0,0.5641784336632786,0.5641784336632786,1.0,0.6931471805599453,0.6931471805599453,0.4473607236355752,0.0,1.0,1.0,0.0,0.0,0.0
2016-06-11,1,0,0.0,0.3213314194386054,0.3213314194386054,0.0,0.6931471805599453,0.0,0.2786398793414224,1.0,1.0,0.0,0.0,0.0,0.0
2016-06-12,2,1,0.5,0.5970689919141537,1.1941379838283075,0.5,1.0986122886681098,0.6931471805599453,0.7857892513195327,1.0,0.5,0.5,0.5,0.0,0.0
2016-06-13,2,0,0.0,0.44997763254163725,0.8999552650832745,0.0,1.0986122886681098,0.0,0.6418303412022007,0.5,0.0,1.0,0.0,0.5,0.0
2016-06-14,3,0,0.0,0.27247728525932796,0.8174318557779838,0.0,1.3862943611198906,0.0,0.5974244363405158,0.0,0.0,1.0,0.0,0.0,0.0
2016-06-15,1,0,0.0,0.37138774383371853,0.37138774383371853,0.0,0.6931471805599453,0.0,0.3158231788540915,0.0,0.0,1.0,0.0,0.0,0.0
2016-06-16,1,0,0.0,0.39529125911350926,0.39529125911350926,0.0,0.6931471805599453,0.0,0.3331031813751585,0.0,0.0,1.0,0.0,0.0,0.0
2016-06-17,1,1,1.0,0.5112093530011341,0.5112093530011341,1.0,0.6931471805599453,0.6931471805599453,0.41291022630798885,1.0,1.0,0.0,0.0,0.0,0.0
2016-06-18,1,0,0.0,0.2700326949150478,0.2700326949150478,0.0,0.6931471805599453,0.0,0.2390426441667248,0.0,1.0,1.0,0.0,0.0,0.0
2016-06-19,1,1,1.0,0.6649247594887575,0.6649247594887575,1.0,0.6931471805599453,0.6931471805599453,0.5097799329150894,1.0,0.0,1.0,0.0,1.0,0.0
2016-06-23,2,1,0.5,0.4737718402910831,0.9475436805821662,0.5,1.0986122886681098,0.6931471805599453,0.6665689275649826,1.0,1.0,1.0,0.0,0.0,0.0
2016-06-27,2,0,0.0,0.3968360003114353,0.7936720006228706,0.0,1.0986122886681098,0.0,0.5842649156070262,0.5,0.0,0.5,0.0,0.0,0.0
2016-06-28,2,1,0.5,0.6161871754700672,1.2323743509401344,0.5,1.0986122886681098,0.6931471805599453,0.8030657504109026,0.5,1.0,1.0,0.0,0.0,0.0
2016-06-30,1,0,0.0,0.37422880137114395,0.37422880137114395,0.0,0.6931471805599453,0.0,0.3178927020410715,1.0,0.0,1.0,0.0,0.0,0.0
2016-07-01,2,0,0.0,0.278362657735148,0.556725315470296,0.0,1.0986122886681098,0.0,0.44258445819396014,0.5,0.0,0.5,0.0,0.0,0.0
2016-07-06,1,0,0.0,0.3164816058363072,0.3164816058363072,0.0,0.6931471805599453,0.0,0.27496272783710146,0.0,1.0,1.0,0.0,0.0,0.0
2016-07-07,2,0,0.0,0.3063378764362435,0.612675752872487,0.0,1.0986122886681098,0.0,0.47789475777782214,0.0,1.0,1.0,0.0,0.0,0.0
2016-07-08,1,0,0.0,0.3059465032942127,0.3059465032942127,0.0,0.6931471805599453,0.0,0.26692806775968336,1.0,0.0,0.0,0.0,0.0,0.0
2016-07-13,1,0,0.0,0.4982319722682746,0.4982319722682746,0.0,0.6931471805599453,0.0,0.4042857277580025,0.0,1.0,1.0,0.0,0.0,0.0
2016-07-14,1,0,0.0,0.3294162734374962,0.3294162734374962,0.0,0.6931471805599453,0.0,0.28473995374005323,0.0,0.0,1.0,0.0,0.0,0.0
2016-07-15,1,1,1.0,0.5632470816283218,0.5632470816283218,1.0,0.6931471805599453,0.6931471805599453,0.4467651206017473,1.0,0.0,1.0,0.0,0.0,0.0
2016-07-16,1,1,1.0,0.6811221507878988,0.6811221507878988,1.0,0.6931471805599453,0.6931471805599453,0.5194615173354832,1.0,1.0,0.0,0.0,0.0,0.0
2016-07-18,1,1,1.0,0.6667323016207646,0.6667323016207646,1.0,0.6931471805599453,0.6931471805599453,0.5108650039630394,1.0,1.0,0.0,0.0,0.0,0.0
2016-07-19,2,0,0.0,0.38551783956726327,0.7710356791345265,0.0,1.0986122886681098,0.0,0.5715645049187822,0.0,0.5,1.0,0.0,0.0,0.0
2016-07-20,4,2,0.5,0.49076033851169004,1.9630413540467602,0.5,1.6094379124341003,1.0986122886681098,1.0862162253103542,0.5,1.0,0.5,0.0,0.25,0.0
2016-07-21,1,1,1.0,0.6275061697698454,0.6275061697698454,1.0,0.6931471805599453,0.6931471805599453,0.48704888604261537,1.0,1.0,0.0,0.0,0.0,0.0
2016-07-23,1,0,0.0,0.43876733796395534,0.43876733796395534,0.0,0.6931471805599453,0.0,0.3637867316947816,0.0,1.0,1.0,0.0,0.0,0.0
2016-07-26,2,1,0.5,0.5623211281406918,1.1246422562813836,0.5,1.0986122886681098,0.6931471805599453,0.7536034382186995,0.5,0.5,1.0,0.0,0.0,0.0
2016-07-27,2,1,0.5,0.5401954012230443,1.0803908024460886,0.5,1.0986122886681098,0.6931471805599453,0.7325557618562906,0.5,0.5,0.5,0.0,0.0,0.0
2016-07-28,3,1,0.3333333333333333,0.41414087172958486,1.2424226151887545,0.3333333333333333,1.3862943611198906,0.6931471805599453,0.8075568060783573,0.3333333333333333,0.0,1.0,0.0,0.3333333333333333,0.0
2016-07-30,1,0,0.0,0.39092859327440216,0.39092859327440216,0.0,0.6931471805599453,0.0,0.3299715768101153,1.0,1.0,0.0,0.0,0.0,0.0
2016-07-31,2,1,0.5,0.45343783179942915,0.9068756635988583,0.5,1.0986122886681098,0.6931471805599453,0.6454661244920709,0.5,0.5,0.5,0.0,0.0,0.0
2016-08-03,1,0,0.0,0.3448672130380794,0.3448672130380794,0.0,0.6931471805599453,0.0,0.29629528181429376,0.0,1.0,1.0,0.0,0.0,0.0
2016-08-04,2,0,0.0,0.21428956004826683,0.42857912009653365,0.0,1.0986122886681098,0.0,0.3566803279918119,0.0,0.0,1.0,0.0,0.0,0.0
2016-08-06,1,0,0.0,0.36910903637932746,0.36910903637932746,0.0,0.6931471805599453,0.0,0.31416018986903077,1.0,1.0,1.0,0.0,0.0,0.0
2016-08-07,1,0,0.0,0.33856900204179585,0.33856900204179585,0.0,0.6931471805599453,0.0,0.2916011344177683,0.0,0.0,1.0,0.0,0.0,0.0
2016-08-10,2,2,1.0,0.541052659332002,1.082105318664004,1.0,1.0986122886681098,1.0986122886681098,0.7333795542467175,0.0,0.5,1.0,0.0,0.0,0.0
2016-08-11,5,0,0.0,0.2892284117525344,1.4461420587626719,0.0,1.791759469228055,0.0,0.8945121135681645,0.0,0.0,1.0,0.0,0.0,0.0
2016-08-12,1,1,1.0,0.7067289275141725,0.7067289275141725,1.0,0.6931471805599453,0.6931471805599453,0.5345786306832279,1.0,1.0,1.0,0.0,0.0,0.0
2016-08-15,1,0,0.0,0.3808989307941439,0.3808989307941439,0.0,0.6931471805599453,0.0,0.3227346862269828,1.0,1.0,0.0,0.0,0.0,0.0
2016-08-16,2,0,0.0,0.28809738162607923,0.5761947632521585,0.0,1.0986122886681098,0.0,0.4550135645439717,0.0,0.5,1.0,0.0,0.0,0.0
2016-08-18,2,0,0.0,0.26351916359945743,0.5270383271989149,0.0,1.0986122886681098,0.0,0.4233301255933538,0.0,0.0,1.0,0.0,0.0,0.0
2016-08-19,2,2,1.0,0.6718634261852592,1.3437268523705184,1.0,1.0986122886681098,1.0986122886681098,0.8517423343659005,1.0,1.0,0.0,0.0,0.0,0.0
2016-08-22,3,0,0.0,0.35694051577141567,1.070821547314247,0.0,1.3862943611198906,0.0,0.727945411300653,0.0,0.3333333333333333,1.0,0.0,0.0,0.0
2016-08-23,1,1,1.0,0.9237486486687508,0.9237486486687508,1.0,0.6931471805599453,0.6931471805599453,0.6542757037243119,1.0,1.0,0.0,0.0,0.0,0.0
2016-08-24,1,0,0.0,0.3047431882779094,0.3047431882779094,0.0,0.6931471805599453,0.0,0.26600623081720726,0.0,0.0,1.0,0.0,0.0,0.0
2016-08-25,1,1,1.0,0.5496856677857807,0.5496856677857807,1.0,0.6931471805599453,0.6931471805599453,0.43805211538855776,0.0,0.0,1.0,0.0,0.0,0.0
2016-08-26,1,0,0.0,0.19648337447159425,0.19648337447159425,0.0,0.6931471805599453,0.0,0.17938673313527234,0.0,1.0,1.0,0.0,0.0,0.0
2016-08-27,1,1,1.0,0.5584380538535575,0.5584380538535575,1.0,0.6931471805599453,0.6931471805599453,0.443684072148533,0.0,0.0,1.0,0.0,0.0,0.0
2016-08-29,1,0,0.0,0.3327082898507759,0.3327082898507759,0.0,0.6931471805599453,0.0,0.28721317992694273,0.0,0.0,1.0,0.0,0.0,0.0
2016-08-30,1,0,0.0,0.43435032225058556,0.43435032225058556,0.0,0.6931471805599453,0.0,0.3607120095875911,0.0,0.0,1.0,0.0,0.0,0.0
2016-09-01,1,0,0.0,0.35386720680245914,0.35386720680245914,0.0,0.6931471805599453,0.0,0.3029650949407511,0.0,0.0,1.0,0.0,0.0,0.0
2016-09-02,1,0,0.0,0.4033262707852247,0.4033262707852247,0.0,0.6931471805599453,0.0,0.3388453263189021,0.0,0.0,1.0,0.0,1.0,0.0
2016-09-03,1,1,1.0,0.5624402042148093,0.5624402042148093,1.0,0.6931471805599453,0.6931471805599453,0.44624883259360903,1.0,1.0,1.0,0.0,0.0,0.0
2016-09-05,1,0,0.0,0.3035241685332826,0.3035241685332826,0.0,0.6931471805599453,0.0,0.26507149548020176,0.0,0.0,1.0,0.0,0.0,0.0
2016-09-07,3,2,0.6666666666666666,0.5343211049061852,1.6029633147185556,0.6666666666666666,1.3862943611198906,1.0986122886681098,0.9566505324511689,0.6666666666666666,0.3333333333333333,0.3333333333333333,0.0,0.0,0.0
2016-09-08,2,1,0.5,0.61386469042765,1.2277293808553,0.5,1.0986122886681098,0.6931471805599453,0.8009828518760286,1.0,1.0,0.0,0.0,0.0,0.0
2016-09-10,1,0,0.0,0.2288720329745488,0.2288720329745488,0.0,0.6931471805599453,0.0,0.20609670227790786,1.0,0.0,0.0,0.0,0.0,0.0
2016-09-17,1,0,0.0,0.2629709076969307,0.2629709076969307,0.0,0.6931471805599453,0.0,0.23346680881717857,0.0,1.0,1.0,0.0,0.0,0.0
2016-09-18,1,0,0.0,0.3718521514050561,0.3718521514050561,0.0,0.6931471805599453,0.0,0.3161617621304431,0.0,0.0,1.0,0.0,0.0,0.0
2016-09-19,4,2,0.5,0.49207188979588967,1.9682875591835587,0.5,1.6094379124341003,1.0986122886681098,1.0879852071293101,0.5,1.0,0.75,0.0,0.0,0.0
2016-09-20,2,1,0.5,0.6022989214294558,1.2045978428589117,0.5,1.0986122886681098,0.6931471805599453,0.7905451080738205,0.5,0.5,0.5,0.0,0.0,0.0
2016-09-21,2,0,0.0,0.4007424057093936,0.8014848114187872,0.0,1.0986122886681098,0.0,0.5886112200956911,0.0,0.5,1.0,0.0,0.0,0.0
2016-09-22,1,0,0.0,0.4069282817519266,0.4069282817519266,0.0,0.6931471805599453,0.0,0.3414088043753485,1.0,1.0,1.0,0.0,0.0,0.0
2016-09-23,2,2,1.0,0.8156098177481514,1.6312196354963029,1.0,1.0986122886681098,1.0986122886681098,0.9674474784280696,1.0,1.0,1.0,0.0,0.0,0.0
2016-09-26,1,0,0.0,0.42231272517351726,0.42231272517351726,0.0,0.6931471805599453,0.0,0.35228422645236784,0.0,1.0,1.0,0.0,0.0,0.0
2016-09-27,2,1,0.5,0.5124458678182496,1.0248917356364993,0.5,1.0986122886681098,0.6931471805599453,0.7055162352460479,0.5,0.5,0.5,0.0,0.0,0.0
2016-09-29,2,1,0.5,0.5460707659003823,1.0921415318007646,0.5,1.0986122886681098,0.6931471805599453,0.7381881977387169,0.5,0.5,1.0,0.0,0.0,0.0
2016-09-30,2,1,0.5,0.48175367404224523,0.9635073480844905,0.5,1.0986122886681098,0.6931471805599453,0.6747323373688741,0.5,1.0,0.5,0.5,0.0,0.0
2016-10-04,1,0,0.0,0.2996371437419625,0.2996371437419625,0.0,0.6931471805599453,0.0,0.26208510530770796,0.0,0.0,1.0,0.0,0.0,0.0
2016-10-06,4,0,0.0,0.3534755203311589,1.4139020813246357,0.0,1.6094379124341003,0.0,0.8812445590210948,0.25,0.25,0.75,0.0,0.0,0.0
2016-10-07,1,0,0.0,0.2762405394418407,0.2762405394418407,0.0,0.6931471805599453,0.0,0.24391867769107792,0.0,0.0,1.0,0.0,0.0,0.0
2016-10-10,3,0,0.0,0.4663697259661461,1.3991091778984384,0.0,1.3862943611198906,0.0,0.8750974925754333,0.3333333333333333,0.6666666666666666,1.0,0.0,0.0,0.0
2016-10-11,2,0,0.0,0.32714207489873615,0.6542841497974723,0.0,1.0986122886681098,0.0,0.5033683773708076,0.0,0.5,1.0,0.5,0.0,0.0
2016-10-13,2,1,0.5,0.484739306869457,0.969478613738914,0.5,1.0986122886681098,0.6931471805599453,0.6777688446437509,0.5,0.5,1.0,0.0,0.0,0.0
2016-10-14,1,0,0.0,0.23034512292442055,0.23034512292442055,0.0,0.6931471805599453,0.0,0.20729471777037856,0.0,0.0,1.0,0.0,0.0,0.0
2016-10-15,2,1,0.5,0.42588937767555823,0.8517787553511165,0.5,1.0986122886681098,0.6931471805599453,0.6161466665343757,0.5,0.5,0.5,0.5,0.0,0.0
2016-10-17,1,0,0.0,0.40236815990249664,0.40236815990249664,0.0,0.6931471805599453,0.0,0.33816235036151227,1.0,0.0,1.0,0.0,0.0,0.0
2016-10-20,1,1,1.0,0.6033515552650143,0.6033515552650143,1.0,0.6931471805599453,0.6931471805599453,0.4720961604151331,1.0,0.0,0.0,0.0,0.0,0.0
2016-10-21,1,0,0.0,0.2905062391143975,0.2905062391143975,0.0,0.6931471805599453,0.0,0.2550345748137384,1.0,1.0,0.0,0.0,0.0,0.0
2016-10-24,1,0,0.0,0.37457895611821695,0.37457895611821695,0.0,0.6931471805599453,0.0,0.3181474704933308,1.0,1.0,0.0,0.0,0.0,0.0
2016-10-25,3,1,0.3333333333333333,0.44295420922270906,1.3288626276681272,0.3333333333333333,1.3862943611198906,0.6931471805599453,0.8453800057655034,0.3333333333333333,1.0,1.0,0.3333333333333333,0.3333333333333333,0.0
2016-10-26,1,1,1.0,0.5508492406069414,0.5508492406069414,1.0,0.6931471805599453,0.6931471805599453,0.4388026780560739,1.0,0.0,1.0,0.0,0.0,0.0
2016-10-27,2,0,0.0,0.435264935444595,0.87052987088919,0.0,1.0986122886681098,0.0,0.6262217441461768,0.0,1.0,1.0,0.0,0.0,0.0
2016-10-29,1,0,0.0,0.2191793474135313,0.2191793474135313,0.0,0.6931471805599453,0.0,0.1981779663493651,0.0,0.0,1.0,0.0,0.0,0.0
2016-10-31,1,0,0.0,0.3585776656780546,0.3585776656780546,0.0,0.6931471805599453,0.0,0.3064383184216663,0.0,0.0,1.0,0.0,0.0,0.0
2016-11-01,2,1,0.5,0.6056865139366504,1.2113730278733008,0.5,1.0986122886681098,0.6931471805599453,0.7936136021960801,1.0,1.0,0.0,0.0,0.0,0.0
2016-11-03,2,0,0.0,0.3831694471023447,0.7663388942046894,0.0,1.0986122886681098,0.0,0.568908983094602,0.5,1.0,0.5,0.0,0.0,0.0
2016-11-04,2,0,0.0,0.23280963253295686,0.4656192650659137,0.0,1.0986122886681098,0.0,0.38227785968342803,0.0,0.5,1.0,0.0,0.0,0.0
2016-11-05,1,0,0.0,0.34362179839520013,0.34362179839520013,0.0,0.6931471805599453,0.0,0.2953688024969763,0.0,0.0,1.0,0.0,0.0,0.0
2016-11-06,2,1,0.5,0.5336537772105354,1.0673075544210708,0.5,1.0986122886681098,0.6931471805599453,0.7262470622876431,1.0,1.0,0.5,0.0,0.0,0.0
2016-11-08,3,2,0.6666666666666666,0.5703118077408161,1.7109354232224483,0.6666666666666666,1.3862943611198906,1.0986122886681098,0.9972937499533848,0.6666666666666666,1.0,0.3333333333333333,0.3333333333333333,0.0,0.0
2016-11-09,1,1,1.0,0.8455518798667341,0.8455518798667341,1.0,0.6931471805599453,0.6931471805599453,0.6127783546434491,1.0,1.0,0.0,0.0,0.0,0.0
2016-11-10,2,0,0.0,0.3690338042703981,0.7380676085407962,0.0,1.0986122886681098,0.0,0.5527739262826926,1.0,0.5,0.0,0.0,0.0,0.0
2016-11-11,2,0,0.0,0.292892229796414,0.585784459592828,0.0,1.0986122886681098,0.0,0.46107921208108366,0.5,0.5,1.0,0.0,0.0,0.0
2016-11-14,1,1,1.0,0.761106596201253,0.761106596201253,1.0,0.6931471805599453,0.6931471805599453,0.5659423593125712,1.0,1.0,0.0,1.0,1.0,0.0
2016-11-15,2,1,0.5,0.554931642531846,1.109863285063692,0.5,1.0986122886681098,0.6931471805599453,0.7466231515800889,0.0,0.0,1.0,0.0,0.0,0.0
2016-11-16,4,1,0.25,0.3938740663201619,1.5754962652806477,0.25,1.6094379124341003,0.6931471805599453,0.9460422399275759,0.5,0.5,0.5,0.0,0.0,0.0
2016-11-18,2,2,1.0,0.5498862914526669,1.0997725829053338,1.0,1.0986122886681098,1.0986122886681098,0.7418290450105715,0.0,0.5,1.0,0.0,0.5,0.0
2016-11-19,4,2,0.5,0.5312864217009148,2.125145686803659,0.5,1.6094379124341003,1.0986122886681098,1.1394809018788676,0.25,0.5,0.75,0.0,0.0,0.0
2016-11-20,1,0,0.0,0.45323760264886775,0.45323760264886775,0.0,0.6931471805599453,0.0,0.37379389678630925,1.0,0.0,0.0,0.0,0.0,0.0
2016-11-21,1,1,1.0,0.5854070842850083,0.5854070842850083,1.0,0.6931471805599453,0.6931471805599453,0.4608412098636966,0.0,1.0,1.0,0.0,0.0,0.0
2016-11-22,2,2,1.0,0.8431691129886054,1.6863382259772108,1.0,1.0986122886681098,1.0986122886681098,0.9881790119819039,1.0,1.0,0.5,0.0,0.0,0.0
2016-11-23,1,0,0.0,0.3425373886689688,0.3425373886689688,0.0,0.6931471805599453,0.0,0.2945613970458292,0.0,1.0,1.0,0.0,0.0,0.0
2016-11-24,1,0,0.0,0.3437509973353962,0.3437509973353962,0.0,0.6931471805599453,0.0,0.295464955096646,0.0,0.0,1.0,0.0,0.0,0.0
2016-11-25,1,0,0.0,0.34448774088990075,0.34448774088990075,0.0,0.6931471805599453,0.0,0.29601307871563415,0.0,1.0,1.0,0.0,0.0,0.0
2016-11-29,2,2,1.0,0.5685143742874705,1.137028748574941,1.0,1.0986122886681098,1.0986122886681098,0.7594164290190737,0.5,0.5,0.5,0.0,0.0,0.0
2016-12-01,2,1,0.5,0.5301675037105859,1.0603350074211717,0.5,1.0986122886681098,0.6931471805599453,0.7228685945412179,0.0,0.0,1.0,0.0,0.0,0.0
2016-12-04,1,0,0.0,0.39786252732881777,0.39786252732881777,0.0,0.6931471805599453,0.0,0.3349443037323412,1.0,1.0,0.0,0.0,0.0,0.0
2016-12-06,3,3,1.0,0.5560465326436249,1.6681395979308746,1.0,1.3862943611198906,1.3862943611198906,0.9813814497471203,1.0,1.0,0.0,0.0,0.0,0.0
2016-12-07,4,1,0.25,0.4116266374398382,1.6465065497593527,0.25,1.6094379124341003,0.6931471805599453,0.9732404871888498,0.25,0.5,1.0,0.0,0.0,0.0
2016-12-08,1,0,0.0,0.4516061141044561,0.4516061141044561,0.0,0.6931471805599453,0.0,0.372670608323973,0.0,0.0,1.0,0.0,0.0,0.0
2016-12-19,2,0,0.0,0.42173099804615655,0.8434619960923131,0.0,1.0986122886681098,0.0,0.6116453233953878,0.5,1.0,0.5,0.0,0.0,0.0
2016-12-20,1,0,0.0,0.39410032721275357,0.39410032721275357,0.0,0.6931471805599453,0.0,0.3322492804894189,0.0,0.0,1.0,0.0,0.0,0.0
2016-12-21,3,1,0.3333333333333333,0.4731207441008766,1.4193622323026298,0.3333333333333333,1.3862943611198906,0.6931471805599453,0.8835039650649149,1.0,1.0,0.0,0.0,0.0,0.0
2016-12-22,4,2,0.5,0.5821226466558229,2.3284905866232917,0.5,1.6094379124341003,1.0986122886681098,1.2025189239408447,0.75,1.0,0.75,0.0,0.0,0.0
2016-12-23,1,1,1.0,0.5667711124374256,0.5667711124374256,1.0,0.6931471805599453,0.6931471805599453,0.4490168853389737,1.0,0.0,0.0,0.0,0.0,0.0
2016-12-24,1,0,0.0,0.23182329225757306,0.23182329225757306,0.0,0.6931471805599453,0.0,0.20849542321491832,0.0,1.0,1.0,0.0,0.0,0.0
2017-01-03,3,0,0.0,0.37496678830358293,1.1249003649107487,0.0,1.3862943611198906,0.0,0.7537249141763216,0.3333333333333333,0.6666666666666666,0.6666666666666666,0.0,0.0,0.0
2017-01-04,3,0,0.0,0.4270223702713396,1.2810671108140188,0.0,1.3862943611198906,0.0,0.8246433645327561,0.6666666666666666,0.6666666666666666,0.3333333333333333,0.0,0.0,0.0
2017-01-05,1,0,0.0,0.1974709909546443,0.1974709909546443,0.0,0.6931471805599453,0.0,0.18021182533698024,0.0,1.0,1.0,0.0,0.0,0.0
2017-01-06,1,0,0.0,0.42334878032057677,0.42334878032057677,0.0,0.6931471805599453,0.0,0.35301239119777955,1.0,1.0,0.0,0.0,0.0,0.0
2017-01-08,1,0,0.0,0.32090959198003255,0.32090959198003255,0.0,0.6931471805599453,0.0,0.27832058412169525,0.0,1.0,1.0,0.0,0.0,0.0
2017-01-09,2,0,0.0,0.31491189707298295,0.6298237941459659,0.0,1.0986122886681098,0.0,0.4884719072243144,0.0,0.5,1.0,0.0,0.0,0.0
2017-01-10,2,0,0.0,0.43153392893666276,0.8630678578733255,0.0,1.0986122886681098,0.0,0.6222245149353551,0.0,0.0,1.0,1.0,0.0,0.0
2017-01-11,2,0,0.0,0.38637059121424744,0.7727411824284949,0.0,1.0986122886681098,0.0,0.5725270392386723,0.5,0.5,0.5,0.0,0.0,0.0
2017-01-14,1,1,1.0,0.9542281602305955,0.9542281602305955,1.0,0.6931471805599453,0.6931471805599453,0.6699953125310233,1.0,1.0,1.0,0.0,0.0,0.0
2017-01-17,6,5,0.8333333333333334,0.7256632230924898,4.353979338554939,0.8333333333333334,1.9459101490553132,1.791759469228055,1.6778400860236504,0.8333333333333334,0.5,0.8333333333333334,0.16666666666666666,0.0,0.0
2017-01-18,3,3,1.0,0.6714213094294942,2.0142639282884827,1.0,1.3862943611198906,1.3862943611198906,1.1033556638185684,0.3333333333333333,0.3333333333333333,1.0,0.0,0.0,0.0
2017-01-21,1,1,1.0,0.8335351300588086,0.8335351300588086,1.0,0.6931471805599453,0.6931471805599453,0.6062458684541224,1.0,1.0,1.0,0.0,0.0,0.0
2017-01-23,1,1,1.0,0.6197271923261449,0.6197271923261449,1.0,0.6931471805599453,0.6931471805599453,0.4822577352647786,1.0,0.0,0.0,0.0,0.0,0.0
2017-01-24,1,0,0.0,0.49911959999730454,0.49911959999730454,0.0,0.6931471805599453,0.0,0.40487800246023675,1.0,1.0,0.0,1.0,0.0,0.0
2017-01-25,1,1,1.0,0.6727684724900527,0.6727684724900527,1.0,0.6931471805599453,0.6931471805599453,0.514480021806215,0.0,1.0,1.0,0.0,0.0,0.0
2017-01-26,2,1,0.5,0.4399359407384128,0.8798718814768256,0.5,1.0986122886681098,0.6931471805599453,0.6312036263690425,1.0,1.0,0.0,0.0,0.0,0.0
2017-01-27,1,0,0.0,0.44170292197895245,0.44170292197895245,0.0,0.6931471805599453,0.0,0.3658249995930155,1.0,1.0,0.0,0.0,0.0,0.0
2017-01-29,1,1,1.0,0.7811721233086196,0.7811721233086196,1.0,0.6931471805599453,0.6931471805599453,0.5772716438312733,1.0,1.0,1.0,0.0,0.0,0.0
2017-02-01,2,1,0.5,0.6539028794376749,1.3078057588753498,0.5,1.0986122886681098,0.6931471805599453,0.8362971851715165,1.0,1.0,0.5,1.0,0.0,0.0
2017-02-02,3,3,1.0,0.7594467100239051,2.278340130071715,1.0,1.3862943611198906,1.3862943611198906,1.1873372364005699,0.6666666666666666,1.0,1.0,0.0,0.0,0.0
2017-02-03,1,0,0.0,0.39565555496490384,0.39565555496490384,0.0,0.6931471805599453,0.0,0.33336423676440907,0.0,1.0,1.0,0.0,0.0,0.0
2017-02-04,1,1,1.0,0.5648678843560422,0.5648678843560422,1.0,0.6931471805599453,0.6931471805599453,0.447801401486811,0.0,1.0,1.0,1.0,0.0,0.0
2017-02-05,1,1,1.0,0.8207379170368382,0.8207379170368382,1.0,0.6931471805599453,0.6931471805599453,0.5992418678378401,1.0,1.0,1.0,0.0,0.0,0.0
2017-02-06,1,1,1.0,0.504206118589119,0.504206118589119,1.0,0.6931471805599453,0.6931471805599453,0.40826526307182953,0.0,0.0,1.0,0.0,0.0,0.0
2017-02-07,4,0,0.0,0.31174154604193294,1.2469661841677318,0.0,1.6094379124341003,0.0,0.8095809437653979,0.75,0.5,0.75,0.0,0.0,0.0
2017-02-09,2,0,0.0,0.36811173929515234,0.7362234785903047,0.0,1.0986122886681098,0.0,0.5517123398597751,0.5,0.0,0.5,0.0,0.0,0.0
2017-02-10,3,3,1.0,0.578795717650524,1.736387152951572,1.0,1.3862943611198906,1.3862943611198906,1.0066384930214338,0.6666666666666666,1.0,0.6666666666666666,0.6666666666666666,0.0,0.0
2017-02-11,2,0,0.0,0.39263347615676547,0.7852669523135309,0.0,1.0986122886681098,0.0,0.5795679571664739,0.0,0.5,1.0,0.0,0.0,0.0
2017-02-14,2,2,1.0,0.699069103013664,1.398138206027328,1.0,1.0986122886681098,1.0986122886681098,0.8746926888175021,1.0,1.0,1.0,0.0,1.0,0.0
2017-02-15,6,3,0.5,0.5965721664774386,3.5794329988646316,0.5,1.9459101490553132,1.3862943611198906,1.521575191087784,0.8333333333333334,0.8333333333333334,0.8333333333333334,0.0,0.16666666666666666,0.0
2017-02-27,3,2,0.6666666666666666,0.6476955341136992,1.9430866023410975,0.6666666666666666,1.3862943611198906,1.0986122886681098,1.0794588953698945,0.3333333333333333,1.0,1.0,0.0,0.0,0.0
2017-02-28,1,0,0.0,0.19630576161281904,0.19630576161281904,0.0,0.6931471805599453,0.0,0.17923827637707085,0.0,0.0,1.0,0.0,0.0,0.0
2017-03-01,1,1,1.0,0.7941706495026798,0.7941706495026798,1.0,0.6931471805599453,0.6931471805599453,0.5845428814665392,1.0,0.0,0.0,0.0,0.0,0.0
2017-03-05,1,1,1.0,0.5636045131240496,0.5636045131240496,1.0,0.6931471805599453,0.6931471805599453,0.4469937412998862,1.0,1.0,0.0,0.0,0.0,0.0
2017-03-06,1,1,1.0,0.5546600445495,0.5546600445495,1.0,0.6931471805599453,0.6931471805599453,0.44125690086168307,1.0,1.0,1.0,0.0,0.0,0.0
2017-03-15,2,0,0.0,0.46354700306038354,0.9270940061207671,0.0,1.0986122886681098,0.0,0.6560131719064691,0.0,0.5,1.0,0.0,0.0,0.0
2017-03-16,1,1,1.0,0.9338368469627311,0.9338368469627311,1.0,0.6931471805599453,0.6931471805599453,0.6595060330603246,1.0,1.0,1.0,0.0,1.0,0.0
2017-03-18,1,0,0.0,0.4411424401018135,0.4411424401018135,0.0,0.6931471805599453,0.0,0.3654361602250958,0.0,1.0,1.0,0.0,0.0,0.0
2017-03-19,2,1,0.5,0.5276675308118981,1.0553350616237962,0.5,1.0986122886681098,0.6931471805599453,0.7204388816763563,0.5,1.0,1.0,0.0,0.0,0.0
2017-03-20,2,0,0.0,0.46237106177072024,0.9247421235414405,0.0,1.0986122886681098,0.0,0.6547919969694104,0.0,1.0,1.0,0.0,0.0,0.0
2017-03-21,1,0,0.0,0.3268785613886229,0.3268785613886229,0.0,0.6931471805599453,0.0,0.2828292375140785,0.0,0.0,1.0,0.0,0.0,0.0
2017-03-23,2,2,1.0,0.6179803931095161,1.2359607862190323,1.0,1.0986122886681098,1.0986122886681098,0.8046710176699426,1.0,1.0,0.0,0.0,0.0,0.0
2017-03-25,1,1,1.0,0.6401888128798505,0.6401888128798505,1.0,0.6931471805599453,0.6931471805599453,0.4948113650139666,1.0,1.0,1.0,0.0,0.0,0.0
2017-03-31,1,0,0.0,0.4962945465097117,0.4962945465097117,0.0,0.6931471805599453,0.0,0.40299174955026523,0.0,0.0,1.0,0.0,0.0,0.0
2017-04-04,1,1,1.0,0.619646067611669,0.619646067611669,1.0,0.6931471805599453,0.6931471805599453,0.4822076485918433,1.0,1.0,1.0,0.0,0.0,0.0
2017-04-05,2,0,0.0,0.35785383734127235,0.7157076746825447,0.0,1.0986122886681098,0.0,0.5398256338049932,0.0,0.0,1.0,0.0,0.0,0.0
2017-04-06,1,1,1.0,0.9051119099884721,0.9051119099884721,1.0,0.6931471805599453,0.6931471805599453,0.6445407522539935,1.0,0.0,1.0,0.0,0.0,0.0
2017-04-08,3,1,0.3333333333333333,0.43775797008725403,1.313273910261762,0.3333333333333333,1.3862943611198906,0.6931471805599453,0.8386637983139504,0.3333333333333333,1.0,0.6666666666666666,0.0,0.0,0.0
2017-04-09,1,1,1.0,0.8368452837186613,0.8368452837186613,1.0,0.6931471805599453,0.6931471805599453,0.6080495804316922,1.0,1.0,1.0,0.0,0.0,0.0
2017-04-10,2,1,0.5,0.4782555759805049,0.9565111519610098,0.5,1.0986122886681098,0.6931471805599453,0.671162862606601,0.0,0.5,1.0,0.0,0.0,0.0
2017-04-11,1,1,1.0,0.728792685886688,0.728792685886688,1.0,0.6931471805599453,0.6931471805599453,0.5474232954558051,0.0,0.0,1.0,0.0,0.0,0.0
2017-04-13,3,0,0.0,0.3668909126374127,1.100672737912238,0.0,1.3862943611198906,0.0,0.7422576448146079,0.0,0.0,1.0,0.0,0.0,0.0
2017-04-14,3,1,0.3333333333333333,0.42740671328131813,1.2822201398439543,0.3333333333333333,1.3862943611198906,0.6931471805599453,0.8251487147292872,0.6666666666666666,1.0,0.6666666666666666,0.3333333333333333,0.0,0.0
2017-04-15,1,0,0.0,0.3860638918684108,0.3860638918684108,0.0,0.6931471805599453,0.0,0.3264679977343864,1.0,1.0,0.0,0.0,0.0,0.0
2017-04-16,1,0,0.0,0.41455488221154285,0.41455488221154285,0.0,0.6931471805599453,0.0,0.3468149107321699,0.0,1.0,1.0,0.0,0.0,0.0
2017-04-17,5,3,0.6,0.5135167220536755,2.5675836102683776,0.6,1.791759469228055,1.3862943611198906,1.271888506749687,0.4,0.8,1.0,0.0,0.0,0.0
2017-04-18,1,0,0.0,0.16886657400917945,0.16886657400917945,0.0,0.6931471805599453,0.0,0.15603453911455764,0.0,1.0,1.0,0.0,0.0,0.0
2017-04-19,1,1,1.0,0.8892953552922147,0.8892953552922147,1.0,0.6931471805599453,0.6931471805599453,0.6362039316662377,1.0,1.0,1.0,0.0,0.0,0.0
2017-04-21,2,0,0.0,0.36253387005683657,0.7250677401136731,0.0,1.0986122886681098,0.0,0.5452663193434062,0.0,0.5,1.0,0.0,0.0,0.0
2017-04-22,1,0,0.0,0.20274684867561174,0.20274684867561174,0.0,0.6931471805599453,0.0,0.18460798149473082,0.0,0.0,1.0,0.0,0.0,0.0
2017-04-25,2,0,0.0,0.23708830059229996,0.4741766011845999,0.0,1.0986122886681098,0.0,0.38809959743476785,0.0,0.0,1.0,0.0,0.0,0.0
2017-04-27,1,1,1.0,0.90860257872211,0.90860257872211,1.0,0.6931471805599453,0.6931471805599453,0.6463713401067316,1.0,1.0,1.0,0.0,0.0,0.0
2017-04-28,2,1,0.5,0.3882782853469109,0.7765565706938218,0.5,1.0986122886681098,0.6931471805599453,0.5746769798750185,0.5,0.5,1.0,0.0,0.0,0.0
2017-04-29,3,1,0.3333333333333333,0.41633577096505997,1.24900731289518,0.3333333333333333,1.3862943611198906,0.6931471805599453,0.8104889245926925,0.0,0.3333333333333333,1.0,0.0,0.0,0.0
2017-04-30,1,0,0.0,0.3598108386021225,0.3598108386021225,0.0,0.6931471805599453,0.0,0.3073456008110068,0.0,1.0,1.0,0.0,0.0,0.0
2017-05-01,3,1,0.3333333333333333,0.4032902815268737,1.209870844580621,0.3333333333333333,1.3862943611198906,0.6931471805599453,0.7929340724556634,0.3333333333333333,0.3333333333333333,1.0,0.0,0.0,0.0
2017-05-02,2,1,0.5,0.5215235983667014,1.0430471967334027,0.5,1.0986122886681098,0.6931471805599453,0.7144424172492144,0.5,0.5,0.5,0.5,0.5,0.0
2017-05-03,2,1,0.5,0.4396700384352559,0.8793400768705119,0.5,1.0986122886681098,0.6931471805599453,0.630920692277667,0.0,0.5,1.0,0.0,0.0,0.0
2017-05-04,2,2,1.0,0.8238374511099673,1.6476749022199346,1.0,1.0986122886681098,1.0986122886681098,0.9736818594727983,1.0,1.0,0.5,0.5,0.0,0.0
2017-05-05,1,0,0.0,0.48103559638212406,0.48103559638212406,0.0,0.6931471805599453,0.0,0.3927415703662457,1.0,0.0,0.0,0.0,0.0,0.0
2017-05-09,1,0,0.0,0.45822042721813927,0.45822042721813927,0.0,0.6931471805599453,0.0,0.3772168068081487,1.0,1.0,0.0,0.0,0.0,0.0
2017-05-10,3,2,0.6666666666666666,0.6443202068651469,1.9329606205954408,0.6666666666666666,1.3862943611198906,1.0986122886681098,1.0760123635824528,0.6666666666666666,0.6666666666666666,0.3333333333333333,0.0,0.6666666666666666,0.0
2017-05-11,2,2,1.0,0.5363187516972066,1.072637503394413,1.0,1.0986122886681098,1.0986122886681098,0.7288219524582762,0.0,0.0,1.0,0.0,0.0,0.0
2017-05-12,1,0,0.0,0.32867456571063697,0.32867456571063697,0.0,0.6931471805599453,0.0,0.2841818781956168,1.0,1.0,0.0,0.0,0.0,0.0
2017-05-22,3,3,1.0,0.874819797762473,2.624459393287419,1.0,1.3862943611198906,1.3862943611198906,1.2877051442989942,1.0,1.0,1.0,0.0,0.0,0.0
2017-05-24,1,1,1.0,0.6711610994628163,0.6711610994628163,1.0,0.6931471805599453,0.6931471805599453,0.513518653980459,1.0,1.0,0.0,0.0,0.0,0.0
2017-05-25,3,3,1.0,0.6131387090607276,1.839416127182183,1.0,1.3862943611198906,1.3862943611198906,1.043598442016437,0.3333333333333333,0.6666666666666666,1.0,0.0,0.0,0.0
2017-05-26,1,1,1.0,0.5378674705266162,0.5378674705266162,1.0,0.6931471805599453,0.6931471805599453,0.43039669736190167,0.0,1.0,1.0,0.0,0.0,0.0
2017-05-27,3,0,0.0,0.34162626902235754,1.0248788070670727,0.0,1.3862943611198906,0.0,0.7055098504055783,0.0,0.3333333333333333,1.0,0.0,0.0,0.0
2017-05-31,1,1,1.0,0.8000958125664456,0.8000958125664456,1.0,0.6931471805599453,0.6931471805599453,0.5878398926890761,0.0,0.0,1.0,0.0,0.0,0.0
2017-06-01,1,1,1.0,0.6627249743646674,0.6627249743646674,1.0,0.6931471805599453,0.6931471805599453,0.5084578073186666,0.0,1.0,1.0,0.0,0.0,0.0
2017-06-02,1,0,0.0,0.474700263369262,0.474700263369262,0.0,0.6931471805599453,0.0,0.38845475786649775,0.0,1.0,1.0,0.0,0.0,0.0
2017-06-03,1,0,0.0,0.4094596354695644,0.4094596354695644,0.0,0.6931471805599453,0.0,0.34320639368028427,0.0,1.0,1.0,0.0,0.0,0.0
2017-06-04,2,2,1.0,0.5933612744278878,1.1867225488557755,1.0,1.0986122886681098,1.0986122886681098,0.7824038698405077,0.0,1.0,1.0,0.0,0.0,0.0
2017-06-06,1,1,1.0,0.7538157053409984,0.7538157053409984,1.0,0.6931471805599453,0.6931471805599453,0.561793817358373,0.0,1.0,1.0,1.0,0.0,0.0
2017-06-07,1,1,1.0,0.7433350670427394,0.7433350670427394,1.0,0.6931471805599453,0.6931471805599453,0.5557999838878102,1.0,1.0,0.0,1.0,0.0,0.0
2017-06-08,3,2,0.6666666666666666,0.47973608706564413,1.4392082611969323,0.6666666666666666,1.3862943611198906,1.0986122886681098,0.891673503533062,0.6666666666666666,1.0,1.0,0.0,0.6666666666666666,0.0
2017-06-09,1,1,1.0,0.9326688513045933,0.9326688513045933,1.0,0.6931471805599453,0.6931471805599453,0.6589018722056341,1.0,1.0,1.0,0.0,0.0,0.0
2017-06-10,2,1,0.5,0.451162273834501,0.902324547669002,0.5,1.0986122886681098,0.6931471805599453,0.6430765845136109,0.5,0.5,0.5,0.5,0.5,0.0
2017-06-11,2,1,0.5,0.5225801626869582,1.0451603253739163,0.5,1.0986122886681098,0.6931471805599453,0.7154761851375979,1.0,1.0,0.0,0.0,0.0,0.0
2017-06-12,4,1,0.25,0.4157982466507752,1.6631929866031008,0.25,1.6094379124341003,0.6931471805599453,0.9795257738278919,0.5,0.25,0.75,0.0,0.0,0.0
2017-06-13,6,3,0.5,0.5387869857590547,3.232721914554328,0.5,1.9459101490553132,1.3862943611198906,1.4428452647326362,0.5,0.6666666666666666,0.8333333333333334,0.0,0.16666666666666666,0.0
2017-06-14,1,0,0.0,0.3670692665397621,0.3670692665397621,0.0,0.6931471805599453,0.0,0.3126692269334271,0.0,1.0,1.0,0.0,0.0,0.0
2017-06-15,3,0,0.0,0.3259361626736866,0.9778084880210597,0.0,1.3862943611198906,0.0,0.681989407492365,1.0,1.0,0.0,0.0,0.0,0.0
2017-06-16,5,0,0.0,0.2956011902007973,1.4780059510039865,0.0,1.791759469228055,0.0,0.9074541847391705,1.0,0.2,0.0,0.0,0.0,0.0
2017-06-17,3,0,0.0,0.2583957219977209,0.7751871659931626,0.0,1.3862943611198906,0.0,0.5739058629983302,0.3333333333333333,0.3333333333333333,0.6666666666666666,0.0,0.0,0.0
2017-06-20,3,1,0.3333333333333333,0.42345844512776337,1.27037533538329,0.3333333333333333,1.3862943611198906,0.6931471805599453,0.819945163808999,0.6666666666666666,0.6666666666666666,0.6666666666666666,0.0,0.0,0.0
2017-06-21,1,1,1.0,0.5384209031512723,0.5384209031512723,1.0,0.6931471805599453,0.6931471805599453,0.4307565027919531,0.0,0.0,1.0,0.0,0.0,0.0
2017-06-22,3,1,0.3333333333333333,0.5191788087810806,1.5575364263432416,0.3333333333333333,1.3862943611198906,0.6931471805599453,0.9390444616916738,0.3333333333333333,0.6666666666666666,1.0,0.0,0.0,0.0
2017-06-23,1,0,0.0,0.34459784825417433,0.34459784825417433,0.0,0.6931471805599453,0.0,0.29609497076457425,0.0,0.0,1.0,0.0,0.0,0.0
2017-06-24,3,2,0.6666666666666666,0.6083994733594482,1.8251984200783447,0.6666666666666666,1.3862943611198906,1.0986122886681098,1.0385785993277623,0.6666666666666666,0.3333333333333333,0.3333333333333333,0.3333333333333333,0.0,0.0
2017-06-26,3,1,0.3333333333333333,0.528275124565336,1.5848253736960078,0.3333333333333333,1.3862943611198906,0.6931471805599453,0.9496579519826037,0.3333333333333333,1.0,0.6666666666666666,0.0,0.0,0.0
2017-06-27,3,2,0.6666666666666666,0.612048016985733,1.836144050957199,0.6666666666666666,1.3862943611198906,1.0986122886681098,1.0424454010883866,0.3333333333333333,0.6666666666666666,0.6666666666666666,0.3333333333333333,0.0,0.0
2017-06-28,3,2,0.6666666666666666,0.6897117901480057,2.069135370444017,0.6666666666666666,1.3862943611198906,1.0986122886681098,1.1213958836397429,0.6666666666666666,1.0,0.6666666666666666,0.3333333333333333,0.0,0.0
2017-06-29,2,1,0.5,0.5836386602311225,1.167277320462245,0.5,1.0986122886681098,0.6931471805599453,0.7734716887373336,1.0,0.5,0.5,0.0,0.0,0.0
2017-06-30,1,0,0.0,0.41566830601449606,0.41566830601449606,0.0,0.6931471805599453,0.0,0.3476017206664717,0.0,0.0,1.0,0.0,0.0,0.0
2017-07-01,2,0,0.0,0.4170667006480051,0.8341334012960102,0.0,1.0986122886681098,0.0,0.6065721090821362,0.0,0.5,1.0,0.0,0.0,0.0
2017-07-02,1,1,1.0,0.8206777144451867,0.8206777144451867,1.0,0.6931471805599453,0.6931471805599453,0.5992088023502662,1.0,1.0,1.0,0.0,0.0,0.0
2017-07-07,1,1,1.0,0.8690711062340551,0.8690711062340551,1.0,0.6931471805599453,0.6931471805599453,0.6254415728187808,1.0,0.0,1.0,0.0,0.0,0.0
2017-07-08,1,1,1.0,0.9009538726661036,0.9009538726661036,1.0,0.6931471805599453,0.6931471805599453,0.642355798438675,1.0,1.0,0.0,0.0,1.0,0.0
2017-07-12,3,0,0.0,0.398387247861483,1.195161743584449,0.0,1.3862943611198906,0.0,0.7862557310945694,0.6666666666666666,0.3333333333333333,0.3333333333333333,0.0,0.3333333333333333,0.0
2017-07-15,1,0,0.0,0.25420818898112424,0.25420818898112424,0.0,0.6931471805599453,0.0,0.22650444835209865,0.0,0.0,1.0,0.0,0.0,0.0
2017-07-16,1,0,0.0,0.16845045375544215,0.16845045375544215,0.0,0.6931471805599453,0.0,0.15567847251923428,0.0,1.0,1.0,0.0,0.0,0.0
2017-07-17,2,0,0.0,0.2036799238812566,0.4073598477625132,0.0,1.0986122886681098,0.0,0.34171550077181445,0.0,0.5,1.0,0.0,0.0,0.0
2017-07-18,2,0,0.0,0.388671850112254,0.777343700224508,0.0,1.0986122886681098,0.0,0.5751199464658361,0.5,0.5,1.0,0.0,0.0,0.0
2017-07-19,1,0,0.0,0.43220176021059775,0.43220176021059775,0.0,0.6931471805599453,0.0,0.35921295261564024,0.0,0.0,1.0,0.0,0.0,0.0
2017-07-28,2,2,1.0,0.6205576183184669,1.2411152366369338,1.0,1.0986122886681098,1.0986122886681098,0.8069736154676913,0.5,0.5,0.5,0.0,0.0,0.0
2017-07-29,2,1,0.5,0.4346340338790705,0.869268067758141,0.5,1.0986122886681098,0.6931471805599453,0.6255469466305732,0.5,1.0,0.5,0.0,0.0,0.0
2017-07-30,1,1,1.0,0.8290344862084013,0.8290344862084013,1.0,0.6931471805599453,0.6931471805599453,0.603788224456997,0.0,1.0,1.0,0.0,0.0,0.0
2017-07-31,1,1,1.0,0.5635438322134131,0.5635438322134131,1.0,0.6931471805599453,0.6931471805599453,0.4469549321971875,0.0,1.0,1.0,0.0,0.0,0.0
2017-08-01,3,2,0.6666666666666666,0.5498905203116852,1.6496715609350556,0.6666666666666666,1.3862943611198906,1.0986122886681098,0.9744356930472345,0.0,1.0,1.0,0.0,0.0,0.0
2017-08-04,1,0,0.0,0.3272983413305336,0.3272983413305336,0.0,0.6931471805599453,0.0,0.28314555399244196,1.0,0.0,0.0,0.0,0.0,0.0
2017-08-09,5,2,0.4,0.43580533834749796,2.17902669173749,0.4,1.791759469228055,1.0986122886681098,1.1565750781618946,0.6,0.8,0.4,0.0,0.0,0.0
2017-08-11,1,0,0.0,0.37295439670060826,0.37295439670060826,0.0,0.6931471805599453,0.0,0.31696491188652565,1.0,0.0,0.0,0.0,0.0,0.0
2017-08-12,1,0,0.0,0.37824815260662914,0.37824815260662914,0.0,0.6931471805599453,0.0,0.32081323809613843,0.0,0.0,1.0,0.0,0.0,0.0
2017-08-14,1,0,0.0,0.37907855604442786,0.37907855604442786,0.0,0.6931471805599453,0.0,0.3214155631382155,1.0,0.0,0.0,0.0,0.0,0.0
2017-08-15,2,1,0.5,0.47977519696359844,0.9595503939271969,0.5,1.0986122886681098,0.6931471805599453,0.6727150560748489,0.5,1.0,0.5,0.0,0.0,0.0
2017-08-21,1,0,0.0,0.3135245353763656,0.3135245353763656,0.0,0.6931471805599453,0.0,0.27271400935717316,1.0,0.0,0.0,0.0,0.0,0.0
2017-08-22,3,1,0.3333333333333333,0.5388789922602523,1.616636976780757,0.3333333333333333,1.3862943611198906,0.6931471805599453,0.961889896608622,0.6666666666666666,0.6666666666666666,0.3333333333333333,0.0,0.0,0.0
2017-08-23,1,0,0.0,0.38326096394812365,0.38326096394812365,0.0,0.6931471805599453,0.0,0.3244437289877846,0.0,0.0,1.0,0.0,0.0,0.0
2017-08-24,6,3,0.5,0.5420900440926045,3.252540264555627,0.5,1.9459101490553132,1.3862943611198906,1.4475165136864705,0.16666666666666666,0.8333333333333334,0.8333333333333334,0.16666666666666666,0.16666666666666666,0.0
2017-08-25,2,2,1.0,0.6228576686725762,1.2457153373451524,1.0,1.0986122886681098,1.0986122886681098,0.8090241062291024,0.0,0.0,1.0,0.0,0.0,0.0
2017-08-27,1,1,1.0,0.5873289251405899,0.5873289251405899,1.0,0.6931471805599453,0.6931471805599453,0.4620526822868189,0.0,0.0,1.0,0.0,0.0,0.0
2017-08-28,4,2,0.5,0.47908983018101536,1.9163593207240615,0.5,1.6094379124341003,1.0986122886681098,1.0703360303972485,0.0,0.25,1.0,0.25,0.0,0.0
2017-08-30,3,1,0.3333333333333333,0.5303188839229028,1.5909566517687086,0.3333333333333333,1.3862943611198906,0.6931471805599453,0.9520271711307602,0.3333333333333333,0.3333333333333333,0.6666666666666666,0.0,0.0,0.0
2017-08-31,2,1,0.5,0.4238440345785164,0.8476880691570328,0.5,1.0986122886681098,0.6931471805599453,0.6139351652260304,0.0,0.0,1.0,0.0,0.0,0.0
2017-09-01,7,7,1.0,0.5563307949550899,3.894315564685629,1.0,2.0794415416798357,2.0794415416798357,1.5880744428529838,0.0,1.0,1.0,0.0,0.0,0.0
2017-09-02,1,0,0.0,0.36649777422876906,0.36649777422876906,0.0,0.6931471805599453,0.0,0.31225109757292774,1.0,0.0,1.0,0.0,1.0,0.0
2017-09-03,1,1,1.0,0.678851977157128,0.678851977157128,1.0,0.6931471805599453,0.6931471805599453,0.5181102128969526,0.0,0.0,1.0,0.0,0.0,0.0
2017-09-04,5,4,0.8,0.503996669723342,2.51998334861671,0.8,1.791759469228055,1.6094379124341003,1.2584562590922004,0.4,0.4,1.0,0.0,0.0,0.0
2017-09-05,1,1,1.0,0.5396906559341166,0.5396906559341166,1.0,0.6931471805599453,0.6931471805599453,0.4315815234778466,0.0,0.0,1.0,0.0,0.0,0.0
2017-09-08,2,1,0.5,0.5143709976318215,1.028741995263643,0.5,1.0986122886681098,0.6931471805599453,0.7074158941894124,0.0,0.0,1.0,0.0,0.0,0.0
2017-09-10,1,0,0.0,0.29369808046950535,0.29369808046950535,0.0,0.6931471805599453,0.0,0.257504846188207,0.0,1.0,1.0,0.0,0.0,0.0
2017-09-11,1,0,0.0,0.29377120233581133,0.29377120233581133,0.0,0.6931471805599453,0.0,0.2575613661761438,0.0,0.0,1.0,0.0,0.0,0.0
2017-09-12,3,2,0.6666666666666666,0.5213967254761352,1.5641901764284056,0.6666666666666666,1.3862943611198906,1.0986122886681098,0.9416427080817827,0.3333333333333333,0.3333333333333333,1.0,0.0,0.0,0.0
2017-09-14,4,0,0.0,0.29082932079159496,1.1633172831663798,0.0,1.6094379124341003,0.0,0.771642822836875,0.0,0.5,1.0,0.0,0.0,0.0
2017-09-18,3,2,0.6666666666666666,0.5785730839074213,1.7357192517222642,0.6666666666666666,1.3862943611198906,1.0986122886681098,1.0063943818206522,0.0,0.3333333333333333,1.0,0.0,0.0,0.0
2017-09-20,1,1,1.0,0.5581345837079239,0.5581345837079239,1.0,0.6931471805599453,0.6931471805599453,0.44348932607206737,0.0,0.0,1.0,0.0,0.0,0.0
2017-09-21,1,1,1.0,0.5467203518676292,0.5467203518676292,1.0,0.6931471805599453,0.6931471805599453,0.4361367872269102,0.0,0.0,1.0,0.0,0.0,0.0
2017-09-22,1,0,0.0,0.30861881358867715,0.30861881358867715,0.0,0.6931471805599453,0.0,0.26897224023283656,0.0,0.0,1.0,0.0,0.0,0.0
2017-09-23,1,0,0.0,0.3347009504930504,0.3347009504930504,0.0,0.6931471805599453,0.0,0.2887072596375596,1.0,0.0,1.0,0.0,0.0,0.0
2017-09-24,1,0,0.0,0.3668618440217609,0.3668618440217609,0.0,0.6931471805599453,0.0,0.31251748754423925,0.0,0.0,1.0,0.0,0.0,0.0
2017-09-25,1,1,1.0,0.5209154242215714,0.5209154242215714,1.0,0.6931471805599453,0.6931471805599453,0.41931240635411193,0.0,0.0,1.0,0.0,0.0,0.0
2017-09-27,5,0,0.0,0.2940782378014318,1.4703911890071588,0.0,1.791759469228055,0.0,0.9043765142159714,1.0,0.4,1.0,0.0,0.0,0.0
2017-09-28,2,2,1.0,0.6468054965456407,1.2936109930912814,1.0,1.0986122886681098,1.0986122886681098,0.8301274285173234,0.5,0.5,0.5,0.0,0.0,0.0
2017-09-29,3,1,0.3333333333333333,0.33239774610867817,0.9971932383260345,0.3333333333333333,1.3862943611198906,0.6931471805599453,0.6917428140617958,0.3333333333333333,0.3333333333333333,1.0,0.0,0.0,0.0
2017-10-01,5,4,0.8,0.5246629066723685,2.6233145333618424,0.8,1.791759469228055,1.6094379124341003,1.2873892238669595,0.0,0.8,1.0,0.8,0.0,0.0
2017-10-03,1,1,1.0,0.6742299713754237,0.6742299713754237,1.0,0.6931471805599453,0.6931471805599453,0.515353340992209,0.0,1.0,1.0,0.0,0.0,0.0
2017-10-04,1,0,0.0,0.44097485866094205,0.44097485866094205,0.0,0.6931471805599453,0.0,0.3653198697180215,0.0,1.0,1.0,0.0,0.0,0.0
2017-10-05,2,1,0.5,0.49091910328124283,0.9818382065624857,0.5,1.0986122886681098,0.6931471805599453,0.6840248011744027,0.0,0.5,1.0,0.0,0.0,0.0
2017-10-06,1,1,1.0,0.6378618428530486,0.6378618428530486,1.0,0.6931471805599453,0.6931471805599453,0.4933916368510774,0.0,1.0,1.0,0.0,0.0,0.0
2017-10-08,1,0,0.0,0.40976431077426484,0.40976431077426484,0.0,0.6931471805599453,0.0,0.343422534938798,0.0,0.0,1.0,0.0,0.0,0.0
2017-10-09,6,2,0.3333333333333333,0.5206553027817366,3.1239318166904195,0.3333333333333333,1.9459101490553132,1.0986122886681098,1.4168070327227944,0.16666666666666666,0.6666666666666666,1.0,0.0,0.0,0.0
2017-10-10,2,0,0.0,0.32305931075026695,0.6461186215005339,0.0,1.0986122886681098,0.0,0.49842016618344404,0.0,0.0,1.0,0.0,0.5,0.0
2017-10-11,2,1,0.5,0.44004211784676994,0.8800842356935399,0.5,1.0986122886681098,0.6931471805599453,0.6313165820580572,0.0,1.0,1.0,0.0,0.0,0.0
2017-10-12,1,1,1.0,0.5490148094877079,0.5490148094877079,1.0,0.6931471805599453,0.6931471805599453,0.43761912206540554,1.0,1.0,1.0,0.0,1.0,0.0
2017-10-13,1,0,0.0,0.4257311159607141,0.4257311159607141,0.0,0.6931471805599453,0.0,0.3546847459804474,0.0,0.0,1.0,0.0,0.0,0.0
2017-10-14,1,1,1.0,0.5253556063620102,0.5253556063620102,1.0,0.6931471805599453,0.6931471805599453,0.42222756737577405,0.0,1.0,1.0,0.0,0.0,0.0
2017-10-17,2,2,1.0,0.7370111161529859,1.4740222323059717,1.0,1.0986122886681098,1.0986122886681098,0.9058452603106674,0.5,1.0,1.0,0.0,0.5,0.0
2017-10-18,1,0,0.0,0.30663389499845933,0.30663389499845933,0.0,0.6931471805599453,0.0,0.2674542844614221,0.0,1.0,1.0,0.0,0.0,0.0
2017-10-19,3,2,0.6666666666666666,0.5877310141790922,1.7631930425372766,0.6666666666666666,1.3862943611198906,1.0986122886681098,1.0163869105065848,0.3333333333333333,0.3333333333333333,1.0,0.0,0.0,0.0
2017-10-20,3,1,0.3333333333333333,0.5766182662028535,1.7298547986085606,0.3333333333333333,1.3862943611198906,0.6931471805599453,1.004248420459501,0.3333333333333333,0.3333333333333333,1.0,0.0,0.0,0.0
2017-10-21,3,2,0.6666666666666666,0.5426524506426508,1.6279573519279524,0.6666666666666666,1.3862943611198906,1.0986122886681098,0.9662068721527656,0.3333333333333333,0.6666666666666666,0.6666666666666666,0.0,0.0,0.0
2017-10-22,1,0,0.0,0.4261313504757841,0.4261313504757841,0.0,0.6931471805599453,0.0,0.3549654288832227,0.0,0.0,1.0,0.0,0.0,0.0
2017-10-23,1,1,1.0,0.82430955787135,0.82430955787135,1.0,0.6931471805599453,0.6931471805599453,0.6012015909976488,1.0,1.0,1.0,0.0,0.0,0.0
2017-10-24,1,1,1.0,0.7503214884108333,0.7503214884108333,1.0,0.6931471805599453,0.6931471805599453,0.5597994787265695,1.0,1.0,0.0,1.0,0.0,0.0
2017-10-25,2,1,0.5,0.5108064977474529,1.0216129954949058,0.5,1.0986122886681098,0.6931471805599453,0.7038957053927657,1.0,1.0,0.0,1.0,0.0,0.0
2017-10-26,1,0,0.0,0.4703102644211109,0.4703102644211109,0.0,0.6931471805599453,0.0,0.3854734427517718,0.0,1.0,1.0,1.0,0.0,0.0
2017-10-27,2,0,0.0,0.2975475575740535,0.595095115148107,0.0,1.0986122886681098,0.0,0.4669333677805092,0.0,0.5,1.0,0.0,0.0,0.0
2017-10-28,1,1,1.0,0.7118557313535353,0.7118557313535353,1.0,0.6931471805599453,0.6931471805599453,0.5375780050995161,1.0,1.0,0.0,0.0,0.0,0.0
2017-10-30,2,1,0.5,0.4933362224675485,0.986672444935097,0.5,1.0986122886681098,0.6931471805599453,0.6864611009292966,0.5,0.5,0.5,0.0,0.5,0.0
2017-10-31,1,0,0.0,0.3663489675157768,0.3663489675157768,0.0,0.6931471805599453,0.0,0.3121421952251552,1.0,0.0,0.0,0.0,0.0,0.0
2017-11-01,1,1,1.0,0.6681108811329282,0.6681108811329282,1.0,0.6931471805599453,0.6931471805599453,0.5116917772265144,1.0,1.0,1.0,0.0,0.0,0.0
2017-11-02,1,1,1.0,0.9792121332884183,0.9792121332884183,1.0,0.6931471805599453,0.6931471805599453,0.6826988530376686,1.0,1.0,1.0,0.0,0.0,0.0
2017-11-03,4,0,0.0,0.33138892241194673,1.325555689647787,0.0,1.6094379124341003,0.0,0.8439590167819875,0.0,1.0,1.0,0.0,0.0,0.0
2017-11-06,1,0,0.0,0.32359990058993804,0.32359990058993804,0.0,0.6931471805599453,0.0,0.2803552219594983,0.0,1.0,1.0,0.0,0.0,0.0
2017-11-11,2,1,0.5,0.6374304430864282,1.2748608861728563,0.5,1.0986122886681098,0.6931471805599453,0.8219189015982332,1.0,1.0,0.0,0.5,0.0,0.0
2017-11-12,2,1,0.5,0.6079447660688087,1.2158895321376173,0.5,1.0986122886681098,0.6931471805599453,0.7956539175240752,1.0,0.5,0.0,0.0,0.0,0.0
2017-11-13,4,3,0.75,0.7297027488393745,2.918810995357498,0.75,1.6094379124341003,1.3862943611198906,1.3657882902814686,0.75,0.5,1.0,0.0,0.25,0.0
2017-11-14,1,1,1.0,0.5698647320745633,0.5698647320745633,1.0,0.6931471805599453,0.6931471805599453,0.4509894577341195,1.0,1.0,0.0,0.0,0.0,0.0
2017-11-15,1,0,0.0,0.26385659598293093,0.26385659598293093,0.0,0.6931471805599453,0.0,0.2341678367432893,0.0,1.0,1.0,0.0,0.0,0.0
2017-11-17,2,1,0.5,0.42069762469156324,0.8413952493831265,0.5,1.0986122886681098,0.6931471805599453,0.6105235719742469,0.5,0.5,0.5,0.0,0.0,0.0
2017-11-19,3,1,0.3333333333333333,0.5595289554618254,1.678586866385476,0.3333333333333333,1.3862943611198906,0.6931471805599453,0.9852893667950756,0.3333333333333333,0.3333333333333333,0.6666666666666666,0.0,0.0,0.0
2017-11-21,2,1,0.5,0.5579919541502028,1.1159839083004055,0.5,1.0986122886681098,0.6931471805599453,0.7495199091941712,1.0,1.0,0.0,1.0,0.0,0.0
2017-11-22,7,6,0.8571428571428571,0.6574688484649415,4.60228193925459,0.8571428571428571,2.0794415416798357,1.9459101490553132,1.7231740038925514,1.0,1.0,0.0,1.0,0.0,0.0
2017-11-23,2,1,0.5,0.5331675019622033,1.0663350039244066,0.5,1.0986122886681098,0.6931471805599453,0.7257765085322653,1.0,1.0,0.0,1.0,0.0,0.0
2017-11-24,1,1,1.0,0.5221579596512814,0.5221579596512814,1.0,0.6931471805599453,0.6931471805599453,0.42012903831924797,1.0,1.0,0.0,0.0,0.0,0.0
2017-11-25,1,1,1.0,0.97128756698763,0.97128756698763,1.0,0.6931471805599453,0.6931471805599453,0.6786869165581011,1.0,1.0,1.0,0.0,0.0,0.0
2017-11-26,1,1,1.0,0.5258310690619818,0.5258310690619818,1.0,0.6931471805599453,0.6931471805599453,0.4225392249401242,0.0,0.0,1.0,0.0,0.0,0.0
2017-11-27,4,0,0.0,0.43109763797793865,1.7243905519117546,0.0,1.6094379124341003,0.0,1.00224475242708,0.0,1.0,1.0,0.0,0.0,0.0
2017-11-30,1,0,0.0,0.3058699028195864,0.3058699028195864,0.0,0.6931471805599453,0.0,0.2668694108996767,0.0,0.0,1.0,0.0,0.0,0.0
2017-12-02,1,0,0.0,0.3375903506492996,0.3375903506492996,0.0,0.6931471805599453,0.0,0.29086974939382537,0.0,0.0,1.0,0.0,0.0,0.0
2017-12-03,2,1,0.5,0.4830669051127576,0.9661338102255153,0.5,1.0986122886681098,0.6931471805599453,0.676069081578492,0.0,0.0,1.0,0.0,0.0,0.0
2017-12-06,4,2,0.5,0.5065808150008133,2.0263232600032532,0.5,1.6094379124341003,1.0986122886681098,1.1073484371566316,0.0,0.25,1.0,0.0,0.0,0.0
2017-12-07,2,0,0.0,0.30106387987527505,0.6021277597505501,0.0,1.0986122886681098,0.0,0.47133259562269114,0.0,0.5,1.0,0.0,0.0,0.0
2017-12-08,2,1,0.5,0.4129094600717627,0.8258189201435254,0.5,1.0986122886681098,0.6931471805599453,0.6020286097545475,0.0,1.0,1.0,0.0,0.0,0.0
2017-12-10,1,0,0.0,0.32017728525829386,0.32017728525829386,0.0,0.6931471805599453,0.0,0.277766034593759,0.0,0.0,1.0,0.0,0.0,0.0
2017-12-11,1,0,0.0,0.3765103385467275,0.3765103385467275,0.0,0.6931471805599453,0.0,0.319551556321849,1.0,1.0,0.0,1.0,1.0,0.0
2017-12-12,3,1,0.3333333333333333,0.4830248892049307,1.449074667614792,0.3333333333333333,1.3862943611198906,0.6931471805599453,0.8957102665272149,0.6666666666666666,0.6666666666666666,0.6666666666666666,0.3333333333333333,0.0,0.0
2017-12-15,1,0,0.0,0.3012670128136759,0.3012670128136759,0.0,0.6931471805599453,0.0,0.26333841506997135,0.0,1.0,1.0,0.0,0.0,0.0
2017-12-17,1,1,1.0,0.5761364433573674,0.5761364433573674,1.0,0.6931471805599453,0.6931471805599453,0.4549765634225949,0.0,0.0,1.0,0.0,0.0,0.0
2017-12-18,2,2,1.0,0.832407185695571,1.664814371391142,1.0,1.0986122886681098,1.0986122886681098,0.9801344009296015,1.0,1.0,0.5,0.0,0.0,0.0
2017-12-20,4,2,0.5,0.6277928451545965,2.511171380618386,0.5,1.6094379124341003,1.0986122886681098,1.25594970847532,0.75,0.5,0.5,0.0,0.5,0.0
2017-12-22,2,1,0.5,0.5816322227246903,1.1632644454493806,0.5,1.0986122886681098,0.6931471805599453,0.7716183981430562,0.0,0.0,1.0,0.0,0.5,0.0
2017-12-25,1,0,0.0,0.27755406875265803,0.27755406875265803,0.0,0.6931471805599453,0.0,0.24494736607692846,0.0,0.0,1.0,0.0,0.0,0.0
2017-12-26,1,0,0.0,0.48460189588529134,0.48460189588529134,0.0,0.6931471805599453,0.0,0.39514665273490834,0.0,0.0,1.0,0.0,0.0,0.0
2017-12-27,1,1,1.0,0.5458129929493775,0.5458129929493775,1.0,0.6931471805599453,0.6931471805599453,0.4355499809790103,1.0,1.0,0.0,1.0,0.0,0.0
2017-12-28,2,1,0.5,0.4732886980874068,0.9465773961748136,0.5,1.0986122886681098,0.6931471805599453,0.6660726489911333,1.0,1.0,0.5,0.0,0.0,0.0
2017-12-30,2,1,0.5,0.5058063014324135,1.011612602864827,0.5,1.0986122886681098,0.6931471805599453,0.6989366903909102,0.5,0.5,1.0,0.0,0.0,0.0
2017-12-31,1,0,0.0,0.26190978413705474,0.26190978413705474,0.0,0.6931471805599453,0.0,0.23262627514302814,1.0,0.0,0.0,0.0,0.0,0.0
2018-01-02,1,1,1.0,0.6724040389456303,0.6724040389456303,1.0,0.6931471805599453,0.6931471805599453,0.5142621355569299,0.0,1.0,1.0,0.0,1.0,0.0
2018-01-04,4,1,0.25,0.40372150492216213,1.6148860196886485,0.25,1.6094379124341003,0.6931471805599453,0.9612205094497887,0.75,0.25,0.25,0.0,0.0,0.0
2018-01-05,1,0,0.0,0.46683536824785615,0.46683536824785615,0.0,0.6931471805599453,0.0,0.3831072694467316,0.0,1.0,1.0,0.0,0.0,0.0
2018-01-06,3,1,0.3333333333333333,0.36464845343647984,1.0939453603094396,0.3333333333333333,1.3862943611198906,0.6931471805599453,0.7390500186549154,0.6666666666666666,0.6666666666666666,0.6666666666666666,0.0,0.0,0.0
2018-01-07,6,2,0.3333333333333333,0.41919924486990423,2.5151954692194254,0.3333333333333333,1.9459101490553132,1.0986122886681098,1.2570951337361995,0.16666666666666666,0.6666666666666666,0.8333333333333334,0.0,0.0,0.0
2018-01-09,1,0,0.0,0.2960808312510676,0.2960808312510676,0.0,0.6931471805599453,0.0,0.25934496577765875,0.0,1.0,1.0,0.0,0.0,0.0
2018-01-10,2,0,0.0,0.28757990219539875,0.5751598043907975,0.0,1.0986122886681098,0.0,0.45435673023583195,0.0,0.0,1.0,0.0,0.0,0.0
2018-01-11,1,0,0.0,0.43049701480712016,0.43049701480712016,0.0,0.6931471805599453,0.0,0.35802194668803866,0.0,0.0,1.0,0.0,0.0,0.0
2018-01-12,2,1,0.5,0.4367137336402145,0.873427467280429,0.5,1.0986122886681098,0.6931471805599453,0.6277696234129807,0.0,1.0,1.0,0.0,0.5,0.0
2018-01-13,1,0,0.0,0.41933417073660684,0.41933417073660684,0.0,0.6931471805599453,0.0,0.3501878678006133,0.0,0.0,1.0,0.0,0.0,0.0
2018-01-14,1,0,0.0,0.3944723452180415,0.3944723452180415,0.0,0.6931471805599453,0.0,0.332516096564304,0.0,1.0,1.0,0.0,0.0,0.0
2018-01-15,1,0,0.0,0.43352689556790147,0.43352689556790147,0.0,0.6931471805599453,0.0,0.36013776833333144,0.0,1.0,1.0,0.0,1.0,0.0
2018-01-16,3,2,0.6666666666666666,0.5899781105382923,1.769934331614877,0.6666666666666666,1.3862943611198906,1.0986122886681098,1.0188236129199926,0.6666666666666666,1.0,1.0,0.0,0.3333333333333333,0.0
2018-01-17,2,2,1.0,0.7905164668329894,1.5810329336659787,1.0,1.0986122886681098,1.0986122886681098,0.9481896806961293,1.0,1.0,1.0,0.0,0.0,0.0
2018-01-18,1,1,1.0,0.5431141190111018,0.5431141190111018,1.0,0.6931471805599453,0.6931471805599453,0.43380252982382084,0.0,1.0,1.0,0.0,0.0,0.0
2018-01-19,3,1,0.3333333333333333,0.4240068102074102,1.2720204306222307,0.3333333333333333,1.3862943611198906,0.6931471805599453,0.8206694931698079,0.6666666666666666,0.6666666666666666,0.3333333333333333,0.0,0.0,0.0
2018-01-21,1,1,1.0,0.7583424584912605,0.7583424584912605,1.0,0.6931471805599453,0.6931471805599453,0.5643715803438304,1.0,0.0,0.0,0.0,0.0,0.0
2018-02-04,2,2,1.0,0.7190168580127043,1.4380337160254086,1.0,1.0986122886681098,1.0986122886681098,0.8911918603422114,1.0,1.0,0.5,0.0,0.0,0.0
2018-02-05,1,0,0.0,0.334405851849677,0.334405851849677,0.0,0.6931471805599453,0.0,0.2884861379916841,0.0,0.0,1.0,0.0,0.0,0.0
2018-02-06,8,7,0.875,0.6836358460739966,5.469086768591973,0.875,2.1972245773362196,2.0794415416798357,1.8670349499556598,1.0,1.0,0.125,0.75,0.0,0.0
2018-02-09,1,0,0.0,0.18589392655675582,0.18589392655675582,0.0,0.6931471805599453,0.0,0.17049685859659253,0.0,1.0,1.0,0.0,0.0,0.0
2018-02-10,3,0,0.0,0.4183103434176325,1.2549310302528975,0.0,1.3862943611198906,0.0,0.8131193872331993,0.3333333333333333,0.6666666666666666,1.0,0.0,0.0,0.0
2018-02-11,2,0,0.0,0.3364686463459613,0.6729372926919226,0.0,1.0986122886681098,0.0,0.5145809393487976,0.0,0.0,1.0,0.0,0.0,0.0
2018-02-12,7,1,0.14285714285714285,0.36738731614683257,2.571711213027828,0.14285714285714285,2.0794415416798357,0.6931471805599453,1.2730448123293026,0.14285714285714285,0.2857142857142857,1.0,0.0,0.0,0.0
2018-02-13,2,0,0.0,0.3060508123616149,0.6121016247232298,0.0,1.0986122886681098,0.0,0.47753868472960986,0.0,0.5,1.0,0.5,0.0,0.0
2018-02-14,3,0,0.0,0.2694885601666631,0.8084656804999893,0.0,1.3862943611198906,0.0,0.5924787954536145,0.0,1.0,1.0,0.0,0.0,0.0
2018-02-16,7,0,0.0,0.27738338813345764,1.9416837169342034,0.0,2.0794415416798357,0.0,1.078982110259395,0.14285714285714285,0.5714285714285714,0.8571428571428571,0.0,0.0,0.0
2018-02-18,1,1,1.0,0.6196415820694746,0.6196415820694746,1.0,0.6931471805599453,0.6931471805599453,0.4822048791297396,1.0,0.0,1.0,0.0,1.0,0.0
2018-02-20,2,1,0.5,0.5726862146641689,1.1453724293283378,0.5,1.0986122886681098,0.6931471805599453,0.7633131640351025,0.5,0.0,0.5,0.0,0.0,0.0
2018-02-21,2,2,1.0,0.688655842602567,1.377311685205134,1.0,1.0986122886681098,1.0986122886681098,0.8659703052362765,0.5,1.0,1.0,0.0,0.0,0.0
2018-02-22,3,0,0.0,0.29942725230096806,0.8982817569029042,0.0,1.3862943611198906,0.0,0.6409491385395045,0.3333333333333333,0.3333333333333333,1.0,0.0,0.3333333333333333,0.0
2018-02-24,3,1,0.3333333333333333,0.516081417475409,1.548244252426227,0.3333333333333333,1.3862943611198906,0.6931471805599453,0.9354045935654512,1.0,0.6666666666666666,0.3333333333333333,0.0,0.0,0.0
2018-02-25,2,0,0.0,0.41511543888635477,0.8302308777727095,0.0,1.0986122886681098,0.0,0.604442121612811,0.0,0.5,1.0,0.0,0.5,0.0
2018-02-26,4,3,0.75,0.5235773130048258,2.094309252019303,0.75,1.6094379124341003,1.3862943611198906,1.1295646993277093,0.5,0.5,0.75,0.0,0.0,0.0
2018-02-27,2,0,0.0,0.31636622327134306,0.6327324465426861,0.0,1.0986122886681098,0.0,0.49025495888856585,0.5,0.5,0.5,0.0,0.0,0.0
2018-03-02,1,1,1.0,0.90455451057492,0.90455451057492,1.0,0.6931471805599453,0.6931471805599453,0.6442481285142767,0.0,0.0,1.0,0.0,0.0,0.0
2018-03-03,2,0,0.0,0.3709421741869283,0.7418843483738566,0.0,1.0986122886681098,0.0,0.5549674860850888,0.0,0.0,1.0,0.0,1.0,0.0
2018-03-04,1,1,1.0,0.6350382465715784,0.6350382465715784,1.0,0.6931471805599453,0.6931471805599453,0.49166619647413773,1.0,0.0,0.0,0.0,0.0,0.0
2018-03-05,1,0,0.0,0.36793606276156693,0.36793606276156693,0.0,0.6931471805599453,0.0,0.3133030803607236,0.0,1.0,1.0,0.0,0.0,0.0
2018-03-07,2,0,0.0,0.29419565661018643,0.5883913132203729,0.0,1.0986122886681098,0.0,0.4627217513733094,0.0,0.0,1.0,0.0,0.0,0.0
2018-03-08,2,1,0.5,0.6060223450499352,1.2120446900998705,0.5,1.0986122886681098,0.6931471805599453,0.793917286936955,1.0,0.5,0.5,0.5,0.5,0.0
2018-03-09,4,0,0.0,0.44382257733972075,1.775290309358883,0.0,1.6094379124341003,0.0,1.0207553577117103,0.25,0.5,0.75,0.0,0.0,0.0
2018-03-10,1,0,0.0,0.42195717802833055,0.42195717802833055,0.0,0.6931471805599453,0.0,0.35203421702348886,0.0,0.0,1.0,0.0,0.0,0.0
2018-03-12,5,1,0.2,0.355979386154352,1.77989693077176,0.2,1.791759469228055,0.6931471805599453,1.0224138517532844,0.8,0.0,1.0,0.0,0.8,0.0
2018-03-13,6,2,0.3333333333333333,0.44160509840030454,2.649630590401827,0.3333333333333333,1.9459101490553132,1.0986122886681098,1.2946259543634253,1.0,0.8333333333333334,1.0,0.0,1.0,0.0
2018-03-14,1,0,0.0,0.49515858641375704,0.49515858641375704,0.0,0.6931471805599453,0.0,0.4022322790855243,1.0,1.0,1.0,0.0,1.0,0.0
2018-03-15,4,0,0.0,0.39452724495903585,1.5781089798361434,0.0,1.6094379124341003,0.0,0.9470561766398642,0.75,0.5,0.75,0.0,0.25,0.0
2018-03-17,5,0,0.0,0.3294277737152026,1.6471388685760129,0.0,1.791759469228055,0.0,0.9734793844967342,0.8,1.0,0.2,0.0,0.0,0.0
2018-03-18,1,0,0.0,0.44971221592493243,0.44971221592493243,0.0,0.6931471805599453,0.0,0.37136506495844507,0.0,0.0,1.0,0.0,1.0,0.0
2018-03-19,2,1,0.5,0.6159560071795718,1.2319120143591435,0.5,1.0986122886681098,0.6931471805599453,0.8028586236520829,1.0,0.0,0.0,0.0,0.0,0.0
2018-03-20,3,1,0.3333333333333333,0.47715676142321906,1.4314702842696572,0.3333333333333333,1.3862943611198906,0.6931471805599453,0.888496129635331,0.6666666666666666,0.3333333333333333,0.6666666666666666,0.3333333333333333,0.0,0.0
2018-03-21,2,1,0.5,0.5032355491040802,1.0064710982081604,0.5,1.0986122886681098,0.6931471805599453,0.6963775065384433,0.5,1.0,0.5,0.5,0.0,0.0
2018-03-22,2,0,0.0,0.21557214882867434,0.4311442976573487,0.0,1.0986122886681098,0.0,0.35847433242796223,0.0,0.5,1.0,0.0,0.0,0.0
2018-03-23,6,4,0.6666666666666666,0.6029508257314143,3.6177049543884863,0.6666666666666666,1.9459101490553132,1.6094379124341003,1.529897818546596,0.5,0.5,1.0,0.0,0.16666666666666666,0.0
2018-03-24,6,2,0.3333333333333333,0.5912604928176989,3.5475629569061935,0.3333333333333333,1.9459101490553132,1.0986122886681098,1.5145914756037413,0.6666666666666666,0.16666666666666666,0.8333333333333334,0.0,0.0,0.0
2018-03-25,1,0,0.0,0.35587884948044224,0.35587884948044224,0.0,0.6931471805599453,0.0,0.30444984148581544,1.0,1.0,1.0,0.0,0.0,0.0
2018-03-26,3,1,0.3333333333333333,0.3487817671670704,1.0463453015012112,0.3333333333333333,1.3862943611198906,0.6931471805599453,0.7160554223517143,0.3333333333333333,0.6666666666666666,1.0,0.3333333333333333,0.0,0.0
2018-03-28,2,0,0.0,0.3001742469593715,0.600348493918743,0.0,1.0986122886681098,0.0,0.470221414228079,0.5,0.5,1.0,0.0,0.0,0.0
2018-03-30,3,2,0.6666666666666666,0.6906474242706291,2.0719422728118873,0.6666666666666666,1.3862943611198906,1.0986122886681098,1.1223100237064847,0.6666666666666666,0.3333333333333333,0.3333333333333333,0.0,0.3333333333333333,0.0
2018-03-31,2,0,0.0,0.386729914548573,0.773459829097146,0.0,1.0986122886681098,0.0,0.5729323443390618,0.5,0.5,0.5,0.5,0.0,0.0
2018-04-01,1,1,1.0,0.6399789895191871,0.6399789895191871,1.0,0.6931471805599453,0.6931471805599453,0.4946834304852537,1.0,0.0,0.0,0.0,0.0,0.0
2018-04-02,1,0,0.0,0.3321053356913877,0.3321053356913877,0.0,0.6931471805599453,0.0,0.2867606498408621,0.0,0.0,1.0,0.0,1.0,0.0
2018-04-03,3,1,0.3333333333333333,0.4980902841578123,1.494270852473437,0.3333333333333333,1.3862943611198906,0.6931471805599453,0.913996442994409,0.6666666666666666,0.6666666666666666,1.0,0.0,0.3333333333333333,0.0
2018-04-04,4,2,0.5,0.4264899389209823,1.7059597556839292,0.5,1.6094379124341003,1.0986122886681098,0.9954566573852055,0.25,0.5,0.75,0.25,0.0,0.0
2018-04-05,1,0,0.0,0.28146116607298566,0.28146116607298566,0.0,0.6931471805599453,0.0,0.2480009628692552,0.0,0.0,1.0,0.0,0.0,0.0
2018-04-06,1,1,1.0,0.5089558992505406,0.5089558992505406,1.0,0.6931471805599453,0.6931471805599453,0.41141795420990174,0.0,0.0,1.0,0.0,1.0,0.0
2018-04-07,2,0,0.0,0.494006343881904,0.988012687763808,0.0,1.0986122886681098,0.0,0.68713549038897,0.5,1.0,0.5,0.0,0.0,0.0
2018-04-08,3,2,0.6666666666666666,0.5601478003863383,1.6804434011590148,0.6666666666666666,1.3862943611198906,1.0986122886681098,0.9859822290313845,0.6666666666666666,0.6666666666666666,0.3333333333333333,0.0,0.0,0.0
2018-04-09,3,2,0.6666666666666666,0.5386649660895744,1.6159948982687231,0.6666666666666666,1.3862943611198906,1.0986122886681098,0.9616444833899631,0.3333333333333333,1.0,0.6666666666666666,0.0,0.0,0.0
2018-04-10,4,3,0.75,0.6005511534208144,2.4022046136832578,0.75,1.6094379124341003,1.3862943611198906,1.2244236372806212,1.0,0.5,0.5,0.0,0.25,0.0
2018-04-11,4,1,0.25,0.5174859944099547,2.0699439776398187,0.25,1.6094379124341003,0.6931471805599453,1.121659313106811,0.5,0.75,0.5,0.0,0.25,0.0
2018-04-12,2,0,0.0,0.27052286072523013,0.5410457214504603,0.0,1.0986122886681098,0.0,0.4324612258851534,1.0,1.0,0.0,0.0,0.0,0.0
2018-04-13,2,0,0.0,0.3937328780600149,0.7874657561200298,0.0,1.0986122886681098,0.0,0.580798837987152,0.5,1.0,0.5,0.0,0.0,0.0
2018-04-15,2,0,0.0,0.3509188384662387,0.7018376769324775,0.0,1.0986122886681098,0.0,0.5317086536479222,1.0,0.5,0.0,0.0,0.0,0.0
2018-04-16,1,0,0.0,0.2963973179700122,0.2963973179700122,0.0,0.6931471805599453,0.0,0.25958912345405954,0.0,0.0,1.0,0.0,0.0,0.0
2018-04-17,4,1,0.25,0.4572897309229584,1.8291589236918335,0.25,1.6094379124341003,0.6931471805599453,1.039979467373549,0.5,0.5,0.5,0.25,0.5,0.0
2018-04-18,3,2,0.6666666666666666,0.5351495681091761,1.6054487043275283,0.6666666666666666,1.3862943611198906,1.0986122886681098,0.9576049077150812,0.6666666666666666,0.6666666666666666,0.6666666666666666,0.3333333333333333,0.0,0.0
2018-04-19,3,0,0.0,0.33780342385810136,1.013410271574304,0.0,1.3862943611198906,0.0,0.6998299369065619,0.3333333333333333,0.6666666666666666,0.6666666666666666,0.0,0.0,0.0
2018-04-20,5,2,0.4,0.4716943821188617,2.3584719105943086,0.4,1.791759469228055,1.0986122886681098,1.2114860820138524,0.6,0.8,0.6,0.2,0.0,0.0
2018-04-21,1,1,1.0,0.5433718343608891,0.5433718343608891,1.0,0.6931471805599453,0.6931471805599453,0.43396952578899256,0.0,0.0,1.0,0.0,1.0,0.0
2018-04-23,1,1,1.0,0.5864328845961695,0.5864328845961695,1.0,0.6931471805599453,0.6931471805599453,0.46148802707830333,1.0,1.0,1.0,0.0,0.0,0.0
2018-04-24,1,1,1.0,0.887879348905416,0.887879348905416,1.0,0.6931471805599453,0.6931471805599453,0.6354541614998963,1.0,1.0,1.0,0.0,0.0,0.0
2018-04-25,3,0,0.0,0.3017916232268954,0.9053748696806861,0.0,1.3862943611198906,0.0,0.6446787712042413,1.0,0.3333333333333333,0.0,0.0,0.0,0.0
2018-04-27,2,0,0.0,0.3687494832378164,0.7374989664756328,0.0,1.0986122886681098,0.0,0.5524467036224651,1.0,0.5,0.0,0.0,0.0,0.0
2018-04-28,2,1,0.5,0.5646916275173477,1.1293832550346954,0.5,1.0986122886681098,0.6931471805599453,0.755832386166264,0.5,1.0,0.5,0.0,0.0,0.0
2018-04-29,4,2,0.5,0.48083246009731084,1.9233298403892434,0.5,1.6094379124341003,1.0986122886681098,1.0727233228655224,0.25,0.5,1.0,0.0,0.0,0.0
2018-04-30,2,0,0.0,0.4596596999015275,0.919319399803055,0.0,1.0986122886681098,0.0,0.6519706439278204,0.0,0.0,1.0,0.0,0.0,0.0
2018-05-01,5,1,0.2,0.4578313380831284,2.289156690415642,0.2,1.791759469228055,0.6931471805599453,1.1906312068187583,0.6,0.8,0.6,0.4,0.0,0.0
2018-05-02,4,1,0.25,0.591192381757215,2.36476952702886,0.25,1.6094379124341003,0.6931471805599453,1.2133594695263528,0.25,0.5,1.0,0.25,0.0,0.0
2018-05-04,1,1,1.0,0.5105147323907149,0.5105147323907149,1.0,0.6931471805599453,0.6931471805599453,0.41245047511759225,0.0,1.0,1.0,0.0,0.0,0.0
2018-05-06,2,1,0.5,0.5008815034321911,1.0017630068643821,0.5,1.0986122886681098,0.6931471805599453,0.6940282956961586,1.0,1.0,0.0,0.5,0.0,0.0
2018-05-07,3,2,0.6666666666666666,0.5514720550530597,1.654416165159179,0.6666666666666666,1.3862943611198906,1.0986122886681098,0.9762247303839544,0.6666666666666666,0.6666666666666666,0.6666666666666666,0.0,0.0,0.0
2018-05-09,1,0,0.0,0.49255025575813494,0.49255025575813494,0.0,0.6931471805599453,0.0,0.4004862379174797,1.0,1.0,0.0,1.0,0.0,0.0
2018-05-10,3,2,0.6666666666666666,0.5376523001619081,1.6129569004857245,0.6666666666666666,1.3862943611198906,1.0986122886681098,0.9604824921375084,0.6666666666666666,0.6666666666666666,0.3333333333333333,0.3333333333333333,0.0,0.0
2018-05-12,1,0,0.0,0.3973573011660941,0.3973573011660941,0.0,0.6931471805599453,0.0,0.33458281075559915,0.0,0.0,1.0,0.0,0.0,0.0
2018-05-13,2,2,1.0,0.6168725669592414,1.2337451339184828,1.0,1.0986122886681098,1.0986122886681098,0.8036796090530822,1.0,0.5,1.0,0.0,0.0,0.0
2018-05-14,3,0,0.0,0.3098544041459524,0.9295632124378571,0.0,1.3862943611198906,0.0,0.6572936625046979,0.0,0.3333333333333333,1.0,0.0,0.0,0.0
2018-05-15,2,0,0.0,0.39372685811870234,0.7874537162374047,0.0,1.0986122886681098,0.0,0.5807921022367565,1.0,1.0,1.0,0.0,0.0,0.0
2018-05-16,2,0,0.0,0.37029288831920293,0.7405857766384059,0.0,1.0986122886681098,0.0,0.5542217098119137,0.0,0.0,1.0,0.0,0.0,0.0
2018-05-17,5,1,0.2,0.48845199217629753,2.4422599608814877,0.2,1.791759469228055,0.6931471805599453,1.2361282210505518,0.4,0.8,0.6,0.0,0.2,0.0
2018-05-18,4,0,0.0,0.36057877535369337,1.4423151014147735,0.0,1.6094379124341003,0.0,0.8929464015227059,0.0,0.75,1.0,0.0,0.0,0.0
2018-05-19,2,1,0.5,0.4372641008682427,0.8745282017364854,0.5,1.0986122886681098,0.6931471805599453,0.6283570020187647,0.5,1.0,0.5,0.5,0.0,0.0
2018-05-21,2,0,0.0,0.3826093559764691,0.7652187119529382,0.0,1.0986122886681098,0.0,0.5682745988289366,0.0,0.0,1.0,0.0,0.0,0.0
2018-05-24,1,0,0.0,0.45045291655943936,0.45045291655943936,0.0,0.6931471805599453,0.0,0.3718758639073156,0.0,1.0,1.0,0.0,0.0,0.0
2018-05-25,4,2,0.5,0.4945612629067018,1.9782450516268073,0.5,1.6094379124341003,1.0986122886681098,1.091334218192321,0.0,0.0,1.0,0.0,0.0,0.0
2018-05-27,2,0,0.0,0.378672478715765,0.75734495743153,0.0,1.0986122886681098,0.0,0.5638041231336247,0.0,0.0,1.0,0.0,0.0,0.0
2018-05-30,2,0,0.0,0.387424455696514,0.774848911393028,0.0,1.0986122886681098,0.0,0.5737152989624811,0.0,0.5,1.0,0.0,0.0,0.0
2018-05-31,3,1,0.3333333333333333,0.5549175289643867,1.66475258689316,0.3333333333333333,1.3862943611198906,0.6931471805599453,0.980111215369323,0.6666666666666666,0.3333333333333333,1.0,0.0,0.0,0.0
2018-06-01,1,1,1.0,0.7000719391139304,0.7000719391139304,1.0,0.6931471805599453,0.6931471805599453,0.5306705672926675,1.0,1.0,0.0,0.0,0.0,0.0
2018-06-02,1,1,1.0,0.537358755708547,0.537358755708547,1.0,0.6931471805599453,0.6931471805599453,0.43006585027275446,0.0,1.0,1.0,0.0,0.0,0.0
2018-06-03,2,1,0.5,0.5308562372554049,1.0617124745108097,0.5,1.0986122886681098,0.6931471805599453,0.7235369357706433,0.5,0.5,1.0,0.0,0.0,0.0
2018-06-05,5,3,0.6,0.45186983669379666,2.2593491834689834,0.6,1.791759469228055,1.3862943611198906,1.1815275384757988,0.0,1.0,1.0,0.0,0.0,0.0
2018-06-06,3,1,0.3333333333333333,0.4182237116752084,1.2546711350256252,0.3333333333333333,1.3862943611198906,0.6931471805599453,0.8130041241931195,0.6666666666666666,1.0,0.6666666666666666,0.0,0.3333333333333333,0.0
2018-06-07,6,4,0.6666666666666666,0.5790962079913577,3.4745772479481465,0.6666666666666666,1.9459101490553132,1.6094379124341003,1.4984118775320148,0.5,0.8333333333333334,0.6666666666666666,0.0,0.3333333333333333,0.0
2018-06-08,2,2,1.0,0.9061915722080882,1.8123831444161764,1.0,1.0986122886681098,1.0986122886681098,1.0340322180153432,1.0,1.0,1.0,0.0,0.0,0.0
2018-06-27,1,0,0.0,0.1960849175909835,0.1960849175909835,0.0,0.6931471805599453,0.0,0.1790536543382186,0.0,0.0,1.0,0.0,0.0,0.0
2018-06-28,1,1,1.0,0.824142984754661,0.824142984754661,1.0,0.6931471805599453,0.6931471805599453,0.6011102793443609,1.0,1.0,0.0,0.0,0.0,0.0
2018-06-29,1,0,0.0,0.2587517476872633,0.2587517476872633,0.0,0.6931471805599453,0.0,0.2301205534804662,0.0,1.0,1.0,0.0,0.0,0.0
2018-07-03,2,2,1.0,0.5569900460241294,1.1139800920482588,1.0,1.0986122886681098,1.0986122886681098,0.748572470207989,0.0,0.0,1.0,0.0,0.0,0.0
2018-07-04,4,3,0.75,0.4968317515264582,1.9873270061058328,0.75,1.6094379124341003,1.3862943611198906,1.0943790096750199,0.0,1.0,1.0,0.0,0.0,0.0
2018-07-05,4,1,0.25,0.41120827618461353,1.6448331047384541,0.25,1.6094379124341003,0.6931471805599453,0.9726079649219151,0.25,1.0,1.0,0.0,0.0,0.0
2018-07-06,2,0,0.0,0.3579728830259672,0.7159457660519344,0.0,1.0986122886681098,0.0,0.5399643957014861,0.5,0.5,0.5,0.0,0.0,0.0
2018-07-08,1,1,1.0,0.8194897851303786,0.8194897851303786,1.0,0.6931471805599453,0.6931471805599453,0.5985561239462549,1.0,1.0,0.0,0.0,0.0,0.0
2018-07-11,2,1,0.5,0.6649232131114668,1.3298464262229337,0.5,1.0986122886681098,0.6931471805599453,0.8458023539130483,0.5,1.0,0.5,0.0,0.0,0.0
2018-07-13,2,2,1.0,0.6826470417615969,1.3652940835231937,1.0,1.0986122886681098,1.0986122886681098,0.860902362426065,1.0,1.0,1.0,1.0,0.0,0.0
2018-07-14,4,3,0.75,0.4617621481776403,1.847048592710561,0.75,1.6094379124341003,1.3862943611198906,1.0462828761904823,0.0,0.75,1.0,0.0,0.0,0.0
2018-07-15,2,0,0.0,0.42317711362844934,0.8463542272568987,0.0,1.0986122886681098,0.0,0.6132130067605484,0.0,0.5,1.0,0.0,0.0,0.0
2018-07-16,2,0,0.0,0.3913965358840531,0.7827930717681062,0.0,1.0986122886681098,0.0,0.5781812759306519,0.5,0.5,1.0,0.0,0.0,0.0
2018-07-18,3,2,0.6666666666666666,0.5216088679183225,1.5648266037549674,0.6666666666666666,1.3862943611198906,1.0986122886681098,0.9418908754624343,0.6666666666666666,0.6666666666666666,0.3333333333333333,0.0,0.0,0.0
2018-07-19,2,1,0.5,0.5003125430398554,1.0006250860797108,0.5,1.0986122886681098,0.6931471805599453,0.6934596747683992,0.0,0.5,1.0,0.0,0.0,0.0
2018-07-20,3,0,0.0,0.26967791324775436,0.8090337397432631,0.0,1.3862943611198906,0.0,0.5927928572858094,0.3333333333333333,0.3333333333333333,0.6666666666666666,0.0,0.0,0.0
2018-07-21,1,0,0.0,0.25761056857277354,0.25761056857277354,0.0,0.6931471805599453,0.0,0.22921354642083136,0.0,1.0,1.0,0.0,0.0,0.0
2018-07-22,2,1,0.5,0.48454374319657084,0.9690874863931417,0.5,1.0986122886681098,0.6931471805599453,0.6775702305608007,0.0,1.0,1.0,0.5,0.0,0.0
2018-07-24,1,1,1.0,0.8266256404737414,0.8266256404737414,1.0,0.6931471805599453,0.6931471805599453,0.6024703524449269,1.0,0.0,0.0,0.0,0.0,0.0
2018-07-25,2,2,1.0,0.7700303182372479,1.5400606364744958,1.0,1.0986122886681098,1.0986122886681098,0.9321879533732528,1.0,0.0,0.0,0.0,0.0,0.0
2018-07-26,2,1,0.5,0.4725211281675873,0.9450422563351746,0.5,1.0986122886681098,0.6931471805599453,0.6652837024566094,0.0,0.5,1.0,0.0,0.0,0.0
2018-07-27,1,0,0.0,0.42937863689050443,0.42937863689050443,0.0,0.6931471805599453,0.0,0.3572398301838041,0.0,1.0,1.0,0.0,0.0,0.0
2018-07-28,1,1,1.0,0.717839461837638,0.717839461837638,1.0,0.6931471805599453,0.6931471805599453,0.541067374398177,1.0,0.0,0.0,0.0,0.0,0.0
2018-07-29,3,3,1.0,0.7732217573960919,2.3196652721882756,1.0,1.3862943611198906,1.3862943611198906,1.1998639562155176,1.0,0.0,0.0,0.0,0.0,0.0
2018-07-30,2,0,0.0,0.4071757014142283,0.8143514028284566,0.0,1.0986122886681098,0.0,0.595728050037202,0.0,0.0,1.0,0.0,0.0,0.0
2018-08-01,4,2,0.5,0.4612623269088688,1.8450493076354753,0.5,1.6094379124341003,1.0986122886681098,1.0455803987586798,0.25,0.5,0.75,0.0,0.0,0.0
2018-08-02,1,1,1.0,0.5909066705678843,0.5909066705678843,1.0,0.6931471805599453,0.6931471805599453,0.46430408677261065,1.0,0.0,0.0,0.0,0.0,0.0
2018-08-04,1,1,1.0,0.7461547918105604,0.7461547918105604,1.0,0.6931471805599453,0.6931471805599453,0.5574161085911928,0.0,0.0,1.0,0.0,0.0,0.0
2018-08-06,1,0,0.0,0.28735913807817187,0.28735913807817187,0.0,0.6931471805599453,0.0,0.2525929402524122,0.0,1.0,1.0,0.0,0.0,0.0
2018-08-07,3,3,1.0,0.6161025608525452,1.8483076825576357,1.0,1.3862943611198906,1.3862943611198906,1.0467250223203228,0.6666666666666666,0.0,0.6666666666666666,0.0,0.0,0.0
2018-08-08,1,0,0.0,0.4866930390115624,0.4866930390115624,0.0,0.6931471805599453,0.0,0.39655421645197003,0.0,0.0,1.0,0.0,0.0,0.0
2018-08-09,2,0,0.0,0.40025791939846883,0.8005158387969377,0.0,1.0986122886681098,0.0,0.5880732009561526,0.0,0.5,1.0,0.0,0.0,0.0
2018-08-10,1,0,0.0,0.19638125399919565,0.19638125399919565,0.0,0.6931471805599453,0.0,0.17930137897754395,0.0,1.0,1.0,0.0,0.0,0.0
2018-08-11,1,1,1.0,0.7130210661629791,0.7130210661629791,1.0,0.6931471805599453,0.6931471805599453,0.5382585170848003,1.0,1.0,1.0,0.0,0.0,0.0
2018-08-12,1,0,0.0,0.353020558142759,0.353020558142759,0.0,0.6931471805599453,0.0,0.30233954356158177,0.0,1.0,1.0,0.0,0.0,0.0
2018-08-13,1,0,0.0,0.46854081514533563,0.46854081514533563,0.0,0.6931471805599453,0.0,0.38426926503627407,1.0,1.0,0.0,1.0,0.0,0.0
2018-08-14,2,0,0.0,0.36214384018872336,0.7242876803774467,0.0,1.0986122886681098,0.0,0.5448140262889472,0.0,0.0,1.0,0.0,0.0,0.0
2018-08-16,1,0,0.0,0.38602123615062567,0.38602123615062567,0.0,0.6931471805599453,0.0,0.32643722254833074,0.0,0.0,1.0,0.0,0.0,0.0
2018-08-18,1,0,0.0,0.3720185511579746,0.3720185511579746,0.0,0.6931471805599453,0.0,0.31628305046445027,0.0,0.0,1.0,0.0,0.0,0.0
2018-08-20,2,0,0.0,0.39420526543690565,0.7884105308738113,0.0,1.0986122886681098,0.0,0.5813272537934826,0.0,0.0,1.0,0.0,0.0,0.0
2018-08-21,4,2,0.5,0.41371858131343986,1.6548743252537594,0.5,1.6094379124341003,1.0986122886681098,0.9763973184525654,0.0,0.0,1.0,0.0,0.0,0.0
2018-08-22,1,1,1.0,0.7380380241211524,0.7380380241211524,1.0,0.6931471805599453,0.6931471805599453,0.5527569046942997,1.0,1.0,1.0,0.0,0.0,0.0
2018-08-23,3,2,0.6666666666666666,0.46561632722448554,1.3968489816734566,0.6666666666666666,1.3862943611198906,1.0986122886681098,0.8741549504109243,0.3333333333333333,0.6666666666666666,1.0,0.0,0.0,0.0
2018-08-24,3,0,0.0,0.38566582106055297,1.1569974631816589,0.0,1.3862943611198906,0.0,0.7687171913199387,0.0,0.3333333333333333,1.0,0.0,0.3333333333333333,0.0
2018-08-25,3,2,0.6666666666666666,0.46051101270557765,1.381533038116733,0.6666666666666666,1.3862943611198906,1.0986122886681098,0.867744413980831,0.0,0.0,1.0,0.0,0.0,0.0
2018-08-26,2,2,1.0,0.560976576903562,1.121953153807124,1.0,1.0986122886681098,1.0986122886681098,0.7523369635141373,0.0,1.0,1.0,0.0,0.5,0.0
2018-08-27,1,1,1.0,0.6474532698958633,0.6474532698958633,1.0,0.6931471805599453,0.6931471805599453,0.4992306227408794,0.0,0.0,1.0,0.0,0.0,0.0
2018-08-29,1,0,0.0,0.3038112109758231,0.3038112109758231,0.0,0.6931471805599453,0.0,0.26529167616424876,0.0,1.0,1.0,0.0,0.0,0.0
2018-08-30,1,1,1.0,0.8454031352299705,0.8454031352299705,1.0,0.6931471805599453,0.6931471805599453,0.6126977551041777,0.0,0.0,1.0,0.0,0.0,0.0
2018-09-01,2,1,0.5,0.4254631296425997,0.8509262592851994,0.5,1.0986122886681098,0.6931471805599453,0.6156861944861781,0.5,1.0,0.5,0.0,0.0,0.0
2018-09-02,2,1,0.5,0.4404153043427798,0.8808306086855596,0.5,1.0986122886681098,0.6931471805599453,0.631713492401791,0.5,1.0,1.0,0.0,0.0,0.0
2018-09-03,1,0,0.0,0.497793522791458,0.497793522791458,0.0,0.6931471805599453,0.0,0.40399304034217803,0.0,1.0,1.0,0.0,0.0,0.0
2018-09-04,2,0,0.0,0.30093759682140475,0.6018751936428095,0.0,1.0986122886681098,0.0,0.47117493902128493,0.0,0.0,1.0,0.0,0.0,0.0
2018-09-05,2,2,1.0,0.67244162938286,1.34488325876572,1.0,1.0986122886681098,1.0986122886681098,0.852235617616689,0.5,0.5,0.5,0.0,0.0,0.0
2018-09-06,1,0,0.0,0.2943023371372866,0.2943023371372866,0.0,0.6931471805599453,0.0,0.2579718141799049,0.0,0.0,1.0,0.0,0.0,0.0
2018-09-08,2,0,0.0,0.37548180988169877,0.7509636197633975,0.0,1.0986122886681098,0.0,0.5601662762537201,0.0,0.0,1.0,0.0,0.0,0.0
2018-09-09,3,1,0.3333333333333333,0.46879357726470633,1.406380731794119,0.3333333333333333,1.3862943611198906,0.6931471805599453,0.8781238476743883,0.3333333333333333,0.0,0.6666666666666666,0.0,0.0,0.0
2018-09-10,1,0,0.0,0.34861207892547297,0.34861207892547297,0.0,0.6931471805599453,0.0,0.29907597391880425,0.0,0.0,1.0,0.0,0.0,0.0
2018-09-11,3,3,1.0,0.7190436975766836,2.157131092730051,1.0,1.3862943611198906,1.3862943611198906,1.149663733176852,0.3333333333333333,0.3333333333333333,1.0,0.0,0.3333333333333333,0.0
2018-09-12,2,1,0.5,0.4302558207120717,0.8605116414241434,0.5,1.0986122886681098,0.6931471805599453,0.6208515259331198,0.0,0.5,1.0,0.5,0.0,0.0
2018-09-13,6,1,0.16666666666666666,0.391537593288519,2.349225559731114,0.16666666666666666,1.9459101490553132,0.6931471805599453,1.208729142911971,0.0,0.16666666666666666,1.0,0.0,0.0,0.0
2018-09-14,6,1,0.16666666666666666,0.3648658458889802,2.189195075333881,0.16666666666666666,1.9459101490553132,0.6931471805599453,1.159768557475276,0.0,0.16666666666666666,1.0,0.0,0.0,0.0
2018-09-15,5,1,0.2,0.43716966200733837,2.185848310036692,0.2,1.791759469228055,0.6931471805599453,1.1587185989409297,0.0,1.0,1.0,0.0,0.0,0.0
2018-09-16,1,0,0.0,0.3299626653318723,0.3299626653318723,0.0,0.6931471805599453,0.0,0.28515087066061606,0.0,0.0,1.0,0.0,0.0,0.0
2018-09-17,1,0,0.0,0.24657984403155037,0.24657984403155037,0.0,0.6931471805599453,0.0,0.2204036765081275,0.0,0.0,1.0,0.0,0.0,0.0
2018-09-18,4,2,0.5,0.5390980034361472,2.156392013744589,0.5,1.6094379124341003,1.0986122886681098,1.149429607483044,0.25,0.25,1.0,0.0,0.0,0.0
2018-09-19,1,0,0.0,0.35554477840691784,0.35554477840691784,0.0,0.6931471805599453,0.0,0.30420342401583483,0.0,0.0,1.0,0.0,0.0,0.0
2018-09-20,5,3,0.6,0.48598221751260284,2.4299110875630143,0.6,1.791759469228055,1.3862943611198906,1.2325343388485777,0.0,0.2,1.0,0.0,0.0,0.0
2018-09-21,2,0,0.0,0.4427197529609249,0.8854395059218498,0.0,1.0986122886681098,0.0,0.6341609533627282,0.0,0.0,1.0,0.0,0.0,0.0
2018-09-22,3,1,0.3333333333333333,0.47587202390711836,1.427616071721355,0.3333333333333333,1.3862943611198906,0.6931471805599453,0.8869097353734313,0.3333333333333333,0.3333333333333333,1.0,0.3333333333333333,0.0,0.0
2018-09-23,2,2,1.0,0.5391803323745021,1.0783606647490043,1.0,1.0986122886681098,1.0986122886681098,0.7315794410184817,0.0,0.5,1.0,0.5,0.0,0.0
2018-09-24,5,2,0.4,0.44535864275925885,2.2267932137962942,0.4,1.791759469228055,1.0986122886681098,1.171488831003069,0.2,0.6,1.0,0.0,0.0,0.0
2018-09-26,2,0,0.0,0.36317874015311497,0.7263574803062299,0.0,1.0986122886681098,0.0,0.546013686109436,0.0,0.0,1.0,0.0,0.0,0.0
2018-09-27,2,1,0.5,0.46392735708544375,0.9278547141708875,0.5,1.0986122886681098,0.6931471805599453,0.6564078376284749,0.0,0.0,1.0,0.0,0.0,0.0
2018-09-28,3,3,1.0,0.6864812652764417,2.059443795829325,1.0,1.3862943611198906,1.3862943611198906,1.1182331333739874,0.0,0.6666666666666666,1.0,0.0,0.0,0.0
2018-09-29,1,0,0.0,0.3344860276554473,0.3344860276554473,0.0,0.6931471805599453,0.0,0.2885462197105504,0.0,1.0,1.0,0.0,0.0,0.0
2018-09-30,2,2,1.0,0.7348883147699545,1.469776629539909,1.0,1.0986122886681098,1.0986122886681098,0.9041277131658886,1.0,1.0,1.0,0.0,0.0,0.0
2018-10-01,1,0,0.0,0.36743520312442635,0.36743520312442635,0.0,0.6931471805599453,0.0,0.3129368707357381,0.0,1.0,1.0,0.0,0.0,0.0
2018-10-02,3,1,0.3333333333333333,0.479832433075057,1.4394972992251711,0.3333333333333333,1.3862943611198906,0.6931471805599453,0.8917919931713469,0.3333333333333333,0.3333333333333333,1.0,0.0,0.3333333333333333,0.0
2018-10-03,3,1,0.3333333333333333,0.4502872226341908,1.3508616679025724,0.3333333333333333,1.3862943611198906,0.6931471805599453,0.8547819281426642,0.3333333333333333,0.6666666666666666,1.0,0.0,0.0,0.0
2018-10-04,4,2,0.5,0.5741580573611043,2.296632229444417,0.5,1.6094379124341003,1.0986122886681098,1.1929014108384672,1.0,0.5,0.25,0.0,0.0,0.0
2018-10-05,3,0,0.0,0.3828556292406842,1.1485668877220527,0.0,1.3862943611198906,0.0,0.7648010560369111,0.3333333333333333,1.0,0.6666666666666666,0.3333333333333333,0.0,0.0
2018-10-06,2,0,0.0,0.35044970026933137,0.7008994005386627,0.0,1.0986122886681098,0.0,0.5311571703001154,0.5,0.5,0.5,0.5,0.0,0.0
2018-10-07,2,2,1.0,0.7192422500213054,1.4384845000426107,1.0,1.0986122886681098,1.0986122886681098,0.8913767397986239,1.0,1.0,0.5,0.0,0.0,0.0
2018-10-09,2,0,0.0,0.32315681919314443,0.6463136383862889,0.0,1.0986122886681098,0.0,0.4985386299030224,0.0,0.0,1.0,0.0,0.0,0.0
2018-10-10,2,0,0.0,0.3903113467212783,0.7806226934425566,0.0,1.0986122886681098,0.0,0.5769631309052411,0.0,0.0,1.0,0.0,0.5,0.0
2018-10-11,2,1,0.5,0.463343259558896,0.926686519117792,0.5,1.0986122886681098,0.6931471805599453,0.6558016980034667,0.0,0.0,1.0,0.0,0.0,0.0
2018-10-12,2,0,0.0,0.4094409656774618,0.8188819313549236,0.0,1.0986122886681098,0.0,0.5982219888833881,0.0,0.0,1.0,0.0,0.0,0.0
2018-10-13,5,2,0.4,0.48326250242639224,2.4163125121319613,0.4,1.791759469228055,1.0986122886681098,1.2285617565579907,0.2,0.2,0.8,0.2,0.0,0.0
2018-10-14,1,0,0.0,0.25447684033520135,0.25447684033520135,0.0,0.6931471805599453,0.0,0.22671862538266618,0.0,0.0,1.0,0.0,0.0,0.0
2018-10-15,2,1,0.5,0.5098009316750273,1.0196018633500545,0.5,1.0986122886681098,0.6931471805599453,0.7029003946354196,0.0,0.0,1.0,0.0,0.0,0.0
2018-10-16,1,0,0.0,0.316003207858666,0.316003207858666,0.0,0.6931471805599453,0.0,0.2745992704827275,0.0,0.0,1.0,0.0,0.0,0.0
2018-10-17,2,0,0.0,0.4348596772909861,0.8697193545819722,0.0,1.0986122886681098,0.0,0.6257883418400496,0.0,0.0,1.0,0.0,0.0,0.0
2018-10-18,2,0,0.0,0.25942686308646945,0.5188537261729389,0.0,1.0986122886681098,0.0,0.41795592284318467,0.0,0.5,1.0,0.0,0.0,0.0
2018-10-19,3,0,0.0,0.33447220448647924,1.0034166134594378,0.0,1.3862943611198906,0.0,0.6948540297933872,0.0,0.6666666666666666,1.0,0.0,0.0,0.0
2018-10-20,2,0,0.0,0.33952166166458386,0.6790433233291677,0.0,1.0986122886681098,0.0,0.5182241808174051,0.0,1.0,1.0,0.0,0.0,0.0
2018-10-21,7,0,0.0,0.32861078628724966,2.3002755040107474,0.0,2.0794415416798357,0.0,1.19400595105153,0.0,0.7142857142857143,1.0,0.0,0.0,0.0
2018-10-22,3,0,0.0,0.3926526517069968,1.1779579551209904,0.0,1.3862943611198906,0.0,0.778387719972275,0.0,0.0,1.0,0.0,0.0,0.0
2018-10-23,2,1,0.5,0.41236202416167117,0.8247240483233423,0.5,1.0986122886681098,0.6931471805599453,0.6014287692034462,1.0,0.5,0.5,0.0,0.5,0.0
2018-10-24,1,1,1.0,0.5149591455319971,0.5149591455319971,1.0,0.6931471805599453,0.6931471805599453,0.41538847195217943,0.0,0.0,1.0,0.0,0.0,0.0
2018-10-26,1,0,0.0,0.27860696096807236,0.27860696096807236,0.0,0.6931471805599453,0.0,0.24577117354658196,0.0,1.0,1.0,0.0,0.0,0.0
2018-10-27,1,0,0.0,0.3511809060622043,0.3511809060622043,0.0,0.6931471805599453,0.0,0.3009789553149567,1.0,0.0,0.0,0.0,0.0,0.0
2018-10-28,5,0,0.0,0.3116185849918329,1.5580929249591646,0.0,1.791759469228055,0.0,0.9392620296896275,0.0,0.8,1.0,0.0,0.0,0.0
2018-10-29,5,0,0.0,0.33670662765212,1.6835331382606,0.0,1.791759469228055,0.0,0.9871342614538228,0.0,0.6,1.0,0.0,0.0,0.0
2018-10-30,1,0,0.0,0.27796894149265355,0.27796894149265355,0.0,0.6931471805599453,0.0,0.2452720532286207,0.0,1.0,1.0,0.0,0.0,0.0
2018-10-31,3,1,0.3333333333333333,0.359146728135808,1.077440184407424,0.3333333333333333,1.3862943611198906,0.6931471805599453,0.7311364552306426,0.0,0.3333333333333333,1.0,0.0,0.3333333333333333,0.0
2018-11-02,1,0,0.0,0.2921097615497131,0.2921097615497131,0.0,0.6931471805599453,0.0,0.2562763565117987,0.0,1.0,1.0,0.0,0.0,0.0
2018-11-03,3,1,0.3333333333333333,0.5014178020657744,1.504253406197323,0.3333333333333333,1.3862943611198906,0.6931471805599453,0.9179906486754573,0.3333333333333333,0.3333333333333333,0.6666666666666666,0.0,0.0,0.0
2018-11-04,3,2,0.6666666666666666,0.5243284469782202,1.5729853409346608,0.6666666666666666,1.3862943611198906,1.0986122886681098,0.9450668360174083,0.0,0.3333333333333333,1.0,0.0,0.0,0.0
2018-11-05,3,2,0.6666666666666666,0.5801341330326896,1.7404023990980688,0.6666666666666666,1.3862943611198906,1.0986122886681098,1.0081047706016568,0.6666666666666666,1.0,0.6666666666666666,0.0,0.3333333333333333,0.0
2018-11-06,2,0,0.0,0.3872229923115442,0.7744459846230884,0.0,1.0986122886681098,0.0,0.5734882528682709,0.0,0.5,1.0,0.0,0.5,0.0
2018-11-08,4,3,0.75,0.6526449482138317,2.6105797928553267,0.75,1.6094379124341003,1.3862943611198906,1.2838683668879443,0.25,0.25,0.75,0.0,0.0,0.0
2018-11-09,1,0,0.0,0.29581039666272296,0.29581039666272296,0.0,0.6931471805599453,0.0,0.25913628835600344,0.0,0.0,1.0,0.0,0.0,0.0
2018-11-10,4,2,0.5,0.6015816965978392,2.406326786391357,0.5,1.6094379124341003,1.0986122886681098,1.2256345219691251,0.5,0.5,0.5,0.0,0.5,0.0
2018-11-11,7,4,0.5714285714285714,0.49219580542846764,3.4453706379992735,0.5714285714285714,2.0794415416798357,1.6094379124341003,1.4918632486166339,0.2857142857142857,0.2857142857142857,1.0,0.0,0.2857142857142857,0.0
2018-11-13,4,1,0.25,0.4895086517442613,1.9580346069770451,0.25,1.6094379124341003,0.6931471805599453,1.0845250636715038,0.5,0.25,0.75,0.25,0.0,0.0
2018-11-14,3,1,0.3333333333333333,0.46278777956953254,1.3883633387085976,0.3333333333333333,1.3862943611198906,0.6931471805599453,0.8706083358444536,0.3333333333333333,0.3333333333333333,1.0,0.3333333333333333,0.3333333333333333,0.0
2018-11-15,3,1,0.3333333333333333,0.5234790149204891,1.5704370447614673,0.3333333333333333,1.3862943611198906,0.6931471805599453,0.9440759407766094,0.6666666666666666,0.3333333333333333,0.3333333333333333,0.0,0.0,0.0
2018-11-16,4,3,0.75,0.6227516629786726,2.4910066519146903,0.75,1.6094379124341003,1.3862943611198906,1.2501901335678582,0.75,0.75,1.0,0.5,0.0,0.0
2018-11-17,1,0,0.0,0.293350981662501,0.293350981662501,0.0,0.6931471805599453,0.0,0.2572365104893076,0.0,1.0,1.0,0.0,0.0,0.0
2018-11-18,1,0,0.0,0.3105608766683832,0.3105608766683832,0.0,0.6931471805599453,0.0,0.2704551957114841,1.0,1.0,0.0,0.0,0.0,0.0
2018-11-19,3,1,0.3333333333333333,0.38854716185220645,1.1656414855566193,0.3333333333333333,1.3862943611198906,0.6931471805599453,0.7727166157453939,0.6666666666666666,0.6666666666666666,0.3333333333333333,0.0,0.0,0.0
2018-11-20,1,0,0.0,0.2827452427186266,0.2827452427186266,0.0,0.6931471805599453,0.0,0.24900250217480754,1.0,0.0,1.0,0.0,0.0,0.0
2018-11-21,5,4,0.8,0.7480045224625471,3.740022612312736,0.8,1.791759469228055,1.6094379124341003,1.5560419062257191,0.8,0.6,0.2,0.0,0.0,0.0
2018-11-22,1,1,1.0,0.6368750434897356,0.6368750434897356,1.0,0.6931471805599453,0.6931471805599453,0.49278896284859686,1.0,1.0,0.0,1.0,0.0,0.0
2018-11-23,4,2,0.5,0.6418783313533436,2.5675133254133744,0.5,1.6094379124341003,1.0986122886681098,1.2718688055863703,0.5,0.75,1.0,0.0,0.0,0.0
2018-11-24,4,4,1.0,0.694965556296425,2.7798622251857,1.0,1.6094379124341003,1.6094379124341003,1.329687560603667,0.25,0.75,1.0,0.25,0.0,0.0
2018-11-25,2,1,0.5,0.5334906577834689,1.0669813155669379,0.5,1.0986122886681098,0.6931471805599453,0.7260892412620353,0.0,1.0,1.0,1.0,0.5,0.0
2018-11-27,5,2,0.4,0.5385453364768629,2.6927266823843143,0.4,1.791759469228055,1.0986122886681098,1.3063651234874707,0.4,0.8,0.6,0.2,0.0,0.0
2018-11-28,3,1,0.3333333333333333,0.5769046522251804,1.7307139566755412,0.3333333333333333,1.3862943611198906,0.6931471805599453,1.0045630975975697,0.6666666666666666,0.6666666666666666,0.3333333333333333,0.0,0.3333333333333333,0.0
2018-11-29,2,1,0.5,0.47541261029225024,0.9508252205845005,0.5,1.0986122886681098,0.6931471805599453,0.6682524730993377,0.5,1.0,0.5,0.0,0.0,0.0
2018-12-01,5,5,1.0,0.6295051947910227,3.147525973955114,1.0,1.791759469228055,1.791759469228055,1.4225120056198421,0.8,1.0,0.2,1.0,0.0,0.0
2018-12-02,2,1,0.5,0.5265286278146635,1.053057255629327,0.5,1.0986122886681098,0.6931471805599453,0.7193300264103706,0.5,0.5,0.5,0.0,0.5,0.0
2018-12-03,2,1,0.5,0.6214381237948255,1.242876247589651,0.5,1.0986122886681098,0.6931471805599453,0.8077590812962733,1.0,1.0,0.0,0.5,0.0,0.0
2018-12-04,4,4,1.0,0.7190641831988197,2.876256732795279,1.0,1.6094379124341003,1.6094379124341003,1.3548699283662673,1.0,1.0,0.5,0.25,0.5,0.0
2018-12-05,14,13,0.9285714285714286,0.6433810437026038,9.007334611836454,0.9285714285714286,2.70805020110221,2.6390573296152584,2.3033182853264904,1.0,1.0,0.0,0.9285714285714286,0.0,0.0
2018-12-06,5,4,0.8,0.564046948912882,2.82023474456441,0.8,1.791759469228055,1.6094379124341003,1.3403118721870722,1.0,0.8,0.2,0.6,0.0,0.0
2018-12-07,2,1,0.5,0.3508738381046927,0.7017476762093854,0.5,1.0986122886681098,0.6931471805599453,0.5316557678150283,0.0,0.5,1.0,0.0,0.0,0.0
2018-12-08,1,0,0.0,0.3735226210467406,0.3735226210467406,0.0,0.6931471805599453,0.0,0.3173786960548023,0.0,0.0,1.0,0.0,0.0,0.0
2018-12-09,1,0,0.0,0.4301227589463644,0.4301227589463644,0.0,0.6931471805599453,0.0,0.357760286004347,1.0,0.0,0.0,0.0,0.0,0.0
2018-12-10,1,0,0.0,0.3414741052618047,0.3414741052618047,0.0,0.6931471805599453,0.0,0.2937690878733895,0.0,1.0,1.0,0.0,0.0,0.0
2018-12-11,1,0,0.0,0.38029683140163906,0.38029683140163906,0.0,0.6931471805599453,0.0,0.32229857125803246,0.0,1.0,1.0,0.0,0.0,0.0
2018-12-12,1,0,0.0,0.46052343410385194,0.46052343410385194,0.0,0.6931471805599453,0.0,0.3787948879780453,0.0,1.0,1.0,0.0,0.0,0.0
2018-12-13,2,2,1.0,0.6847070510187375,1.369414102037475,1.0,1.0986122886681098,1.0986122886681098,0.8626427102543609,1.0,1.0,0.5,0.5,0.0,0.0
2018-12-15,2,1,0.5,0.5044254843132369,1.0088509686264737,0.5,1.0986122886681098,0.6931471805599453,0.6975629012128309,0.5,1.0,1.0,0.0,0.0,0.0
2018-12-16,1,1,1.0,0.6928491157337909,0.6928491157337909,1.0,0.6931471805599453,0.6931471805599453,0.5264129767539549,1.0,0.0,0.0,0.0,0.0,0.0
2018-12-17,3,2,0.6666666666666666,0.5708609889219737,1.712582966765921,0.6666666666666666,1.3862943611198906,1.0986122886681098,0.9979013052249565,0.6666666666666666,0.3333333333333333,0.3333333333333333,0.0,0.0,0.0
2018-12-18,3,1,0.3333333333333333,0.35398664247449224,1.0619599274234768,0.3333333333333333,1.3862943611198906,0.6931471805599453,0.7236569515666836,0.3333333333333333,0.0,0.6666666666666666,0.0,0.0,0.0
2018-12-19,5,2,0.4,0.5346139677547146,2.673069838773573,0.4,1.791759469228055,1.0986122886681098,1.3010277807524828,0.6,0.6,0.8,0.0,0.6,0.0
2018-12-20,1,1,1.0,0.8522016861363676,0.8522016861363676,1.0,0.6931471805599453,0.6931471805599453,0.6163750320961112,1.0,0.0,1.0,0.0,0.0,0.0
2018-12-21,1,0,0.0,0.4258508433129226,0.4258508433129226,0.0,0.6931471805599453,0.0,0.3547687185640791,0.0,1.0,1.0,0.0,0.0,0.0
2018-12-22,3,2,0.6666666666666666,0.509776979448226,1.5293309383446778,0.6666666666666666,1.3862943611198906,1.0986122886681098,0.9279548165188689,0.3333333333333333,0.3333333333333333,1.0,0.0,0.0,0.0
2018-12-23,2,1,0.5,0.613905400993826,1.227810801987652,0.5,1.0986122886681098,0.6931471805599453,0.8010194001413431,1.0,0.5,1.0,0.5,0.0,0.0
2018-12-25,2,2,1.0,0.8647847406935728,1.7295694813871456,1.0,1.0986122886681098,1.0986122886681098,1.0041438976354662,1.0,0.5,1.0,0.0,0.0,0.0
2018-12-26,3,2,0.6666666666666666,0.6636650142105206,1.9909950426315617,0.6666666666666666,1.3862943611198906,1.0986122886681098,1.095606122218006,0.6666666666666666,0.3333333333333333,1.0,0.3333333333333333,0.3333333333333333,0.0
2018-12-27,1,0,0.0,0.3499867182821196,0.3499867182821196,0.0,0.6931471805599453,0.0,0.3000947540924005,0.0,0.0,1.0,0.0,0.0,0.0
2018-12-28,2,2,1.0,0.5154998938216331,1.0309997876432662,1.0,1.0986122886681098,1.0986122886681098,0.7085281780405199,0.5,0.0,0.5,0.0,0.0,0.0
2018-12-29,1,1,1.0,0.822352535106272,0.822352535106272,1.0,0.6931471805599453,0.6931471805599453,0.6001282681050647,1.0,0.0,0.0,0.0,0.0,0.0
2018-12-30,3,2,0.6666666666666666,0.4772226093787935,1.4316678281363806,0.6666666666666666,1.3862943611198906,1.0986122886681098,0.888577370949999,0.6666666666666666,0.0,0.3333333333333333,0.0,0.0,0.0
2019-01-01,1,0,0.0,0.36913691737426,0.36913691737426,0.0,0.6931471805599453,0.0,0.31418055399658135,0.0,0.0,1.0,0.0,0.0,0.0
2019-01-03,4,3,0.75,0.5317688424845894,2.1270753699383578,0.75,1.6094379124341003,1.3862943611198906,1.1400981811396165,0.5,0.25,0.5,0.0,0.0,0.0
2019-01-04,1,1,1.0,0.8212568934331826,0.8212568934331826,1.0,0.6931471805599453,0.6931471805599453,0.5995268635211757,1.0,0.0,0.0,0.0,1.0,0.0
2019-01-06,1,0,0.0,0.23903498062106457,0.23903498062106457,0.0,0.6931471805599453,0.0,0.2143328351952466,1.0,0.0,0.0,0.0,0.0,0.0
2019-01-07,3,1,0.3333333333333333,0.5824018553916189,1.747205566174857,0.3333333333333333,1.3862943611198906,0.6931471805599453,1.010584237285571,0.3333333333333333,1.0,1.0,0.3333333333333333,0.0,0.0
2019-01-08,4,2,0.5,0.5243252235244035,2.097300894097614,0.5,1.6094379124341003,1.0986122886681098,1.1305310529063488,0.25,0.75,0.75,0.0,0.0,0.0
2019-01-09,5,1,0.2,0.4467339946181298,2.233669973090649,0.2,1.791759469228055,0.6931471805599453,1.173617706810457,0.6,0.8,0.8,0.2,0.2,0.0
2019-01-10,1,0,0.0,0.3092365215343258,0.3092365215343258,0.0,0.6931471805599453,0.0,0.26944415932540444,1.0,1.0,0.0,0.0,0.0,0.0
2019-01-11,3,3,1.0,0.6311853165269524,1.8935559495808572,1.0,1.3862943611198906,1.3862943611198906,1.0624861781437092,0.3333333333333333,0.3333333333333333,1.0,0.0,0.3333333333333333,0.0
2019-01-12,6,5,0.8333333333333334,0.5911738796073296,3.5470432776439775,0.8333333333333334,1.9459101490553132,1.791759469228055,1.5144771926431866,0.8333333333333334,0.6666666666666666,0.16666666666666666,0.16666666666666666,0.0,0.0
2019-01-13,2,0,0.0,0.47842661435712547,0.9568532287142509,0.0,1.0986122886681098,0.0,0.671337687499372,0.0,0.0,1.0,0.0,0.0,0.0
2019-01-15,2,2,1.0,0.8030460650042504,1.6060921300085007,1.0,1.0986122886681098,1.0986122886681098,0.9578518311124774,1.0,0.5,0.5,0.0,0.0,0.0
2019-01-16,1,1,1.0,0.791968590262837,0.791968590262837,1.0,0.6931471805599453,0.6931471805599453,0.5833147866440125,1.0,0.0,1.0,0.0,0.0,0.0
2019-01-17,1,1,1.0,0.9212192813242431,0.9212192813242431,1.0,0.6931471805599453,0.6931471805599453,0.6529600268419953,1.0,1.0,1.0,0.0,0.0,0.0
2019-01-19,2,1,0.5,0.41846468351952226,0.8369293670390445,0.5,1.0986122886681098,0.6931471805599453,0.6080953553244883,1.0,0.5,0.0,0.0,0.0,0.0
2019-01-20,1,1,1.0,0.6754774961933637,0.6754774961933637,1.0,0.6931471805599453,0.6931471805599453,0.5160981970058738,1.0,1.0,0.0,0.0,1.0,0.0
2019-01-21,1,1,1.0,0.8319858700036072,0.8319858700036072,1.0,0.6931471805599453,0.6931471805599453,0.605400553342067,1.0,1.0,0.0,0.0,0.0,0.0
2019-01-22,3,3,1.0,0.6957320281574813,2.0871960844724438,1.0,1.3862943611198906,1.3862943611198906,1.1272632629301682,1.0,0.6666666666666666,0.0,0.3333333333333333,0.3333333333333333,0.0
2019-01-23,2,0,0.0,0.26599091914511197,0.5319818382902239,0.0,1.0986122886681098,0.0,0.4265622163461871,0.0,0.0,1.0,0.0,0.0,0.0
2019-01-27,2,1,0.5,0.49112956134796204,0.9822591226959241,0.5,1.0986122886681098,0.6931471805599453,0.6842371653522009,0.5,0.5,0.5,0.0,0.0,0.0
2019-01-28,3,1,0.3333333333333333,0.41570750225522496,1.2471225067656748,0.3333333333333333,1.3862943611198906,0.6931471805599453,0.8096505118619607,1.0,0.3333333333333333,0.3333333333333333,0.0,0.0,0.0
2019-01-29,2,1,0.5,0.36247461098448924,0.7249492219689785,0.5,1.0986122886681098,0.6931471805599453,0.545197613510337,0.0,0.5,1.0,0.0,0.0,0.0
2019-01-31,2,1,0.5,0.5157471717006968,1.0314943434013937,0.5,1.0986122886681098,0.6931471805599453,0.7087716519974625,1.0,0.5,0.0,0.0,0.0,0.0
2019-02-01,1,1,1.0,0.7728597644566402,0.7728597644566402,1.0,0.6931471805599453,0.6931471805599453,0.5725939289027749,1.0,1.0,0.0,0.0,1.0,0.0
2019-02-02,2,1,0.5,0.5004219071683211,1.0008438143366423,0.5,1.0986122886681098,0.6931471805599453,0.6935689987504632,0.5,0.5,0.5,0.0,0.0,0.0
2019-02-05,3,2,0.6666666666666666,0.62821832210809,1.88465496632427,0.6666666666666666,1.3862943611198906,1.0986122886681098,1.0594052970797674,0.3333333333333333,0.3333333333333333,1.0,0.0,0.3333333333333333,0.0
2019-02-06,5,2,0.4,0.5069433590524228,2.534716795262114,0.4,1.791759469228055,1.0986122886681098,1.2626331816447471,0.8,0.6,0.4,0.0,0.0,0.0
2019-02-07,3,1,0.3333333333333333,0.5046894860511985,1.5140684581535955,0.3333333333333333,1.3862943611198906,0.6931471805599453,0.921902340566436,0.3333333333333333,0.3333333333333333,1.0,0.0,0.0,0.0
2019-02-08,1,0,0.0,0.4250322911886867,0.4250322911886867,0.0,0.6931471805599453,0.0,0.3541944739471579,0.0,0.0,1.0,0.0,0.0,0.0
2019-02-09,2,2,1.0,0.6943768737774122,1.3887537475548244,1.0,1.0986122886681098,1.0986122886681098,0.8707717854062065,1.0,0.5,0.0,0.5,0.0,0.0
2019-02-10,3,3,1.0,0.6434614547308867,1.9303843641926601,1.0,1.3862943611198906,1.3862943611198906,1.0751335967436422,1.0,1.0,0.3333333333333333,0.0,0.3333333333333333,0.0
2019-02-11,5,2,0.4,0.5505081023322903,2.7525405116614516,0.4,1.791759469228055,1.0986122886681098,1.32243308037965,0.6,0.0,0.6,0.0,0.2,0.0
2019-02-12,4,3,0.75,0.7099023080336937,2.839609232134775,0.75,1.6094379124341003,1.3862943611198906,1.345370598956582,1.0,0.5,0.25,0.0,0.0,0.0
2019-02-13,5,4,0.8,0.8485366497926421,4.2426832489632105,0.8,1.791759469228055,1.6094379124341003,1.6568334376824638,1.0,1.0,0.6,0.0,0.0,0.0
2019-02-14,5,1,0.2,0.3326048707787195,1.6630243538935974,0.2,1.791759469228055,0.6931471805599453,0.9794624520748431,0.4,0.2,0.8,0.0,0.2,0.0
2019-02-15,2,1,0.5,0.5738513207382925,1.147702641476585,0.5,1.0986122886681098,0.6931471805599453,0.7643987319968332,0.5,0.0,1.0,0.0,0.0,0.0
2019-02-16,4,3,0.75,0.5748747803494098,2.299499121397639,0.75,1.6094379124341003,1.3862943611198906,1.1937706755578181,0.75,0.75,0.5,0.25,0.5,0.0
2019-02-17,2,1,0.5,0.5241653115737162,1.0483306231474323,0.5,1.0986122886681098,0.6931471805599453,0.7170251312314048,1.0,1.0,0.5,0.0,0.5,0.0
2019-02-18,5,2,0.4,0.5194623555128611,2.5973117775643058,0.4,1.791759469228055,1.0986122886681098,1.280186838067142,0.4,0.2,0.8,0.2,0.2,0.0
2019-02-20,3,1,0.3333333333333333,0.38929849614199313,1.1678954884259793,0.3333333333333333,1.3862943611198906,0.6931471805599453,0.7737568759698502,1.0,0.6666666666666666,0.0,0.6666666666666666,0.0,0.0
2019-02-21,2,2,1.0,0.879497532461873,1.758995064923746,1.0,1.0986122886681098,1.0986122886681098,1.014866506514356,1.0,1.0,0.5,0.5,0.0,0.0
2019-02-22,4,1,0.25,0.4258140925895406,1.7032563703581625,0.25,1.6094379124341003,0.6931471805599453,0.9944571093960504,1.0,0.75,0.0,0.25,0.25,0.0
2019-02-23,3,2,0.6666666666666666,0.7477731008302119,2.2433193024906357,0.6666666666666666,1.3862943611198906,1.0986122886681098,1.1765972814641164,0.6666666666666666,1.0,0.6666666666666666,0.0,0.3333333333333333,0.0
2019-02-24,1,0,0.0,0.4461047504940698,0.4461047504940698,0.0,0.6931471805599453,0.0,0.368873562671641,0.0,0.0,1.0,0.0,0.0,0.0
2019-02-27,7,2,0.2857142857142857,0.48000297538564896,3.3600208276995427,0.2857142857142857,2.0794415416798357,1.0986122886681098,1.4724768343448411,0.42857142857142855,1.0,0.7142857142857143,0.14285714285714285,0.14285714285714285,0.0
2019-02-28,5,1,0.2,0.32750328529285067,1.6375164264642534,0.2,1.791759469228055,0.6931471805599453,0.9698377268261096,0.0,1.0,1.0,0.0,0.0,0.0
2019-03-04,1,0,0.0,0.4883094996787468,0.4883094996787468,0.0,0.6931471805599453,0.0,0.39764091187843525,1.0,1.0,0.0,0.0,0.0,0.0
2019-03-05,3,0,0.0,0.3826910064456874,1.148073019337062,0.0,1.3862943611198906,0.0,0.7645711701736093,0.0,0.6666666666666666,1.0,0.0,0.0,0.0
2019-03-06,4,2,0.5,0.4432296690322791,1.7729186761291165,0.5,1.6094379124341003,1.0986122886681098,1.019900439167575,0.5,0.25,0.75,0.0,0.0,0.0
2019-03-07,6,1,0.16666666666666666,0.37820882740506695,2.2692529644304016,0.16666666666666666,1.9459101490553132,0.6931471805599453,1.184561507565676,0.16666666666666666,0.3333333333333333,0.8333333333333334,0.0,0.0,0.0
2019-03-08,3,2,0.6666666666666666,0.4836734741855641,1.4510204225566923,0.6666666666666666,1.3862943611198906,1.0986122886681098,0.8965044368477335,0.0,0.0,1.0,0.0,0.0,0.0
2019-03-09,3,1,0.3333333333333333,0.5138207479663707,1.5414622438991121,0.3333333333333333,1.3862943611198906,0.6931471805599453,0.9327396019609524,0.6666666666666666,0.6666666666666666,0.6666666666666666,0.3333333333333333,0.3333333333333333,0.0
2019-03-10,2,2,1.0,0.6268743659163462,1.2537487318326923,1.0,1.0986122886681098,1.0986122886681098,0.8125949328431373,1.0,1.0,0.5,0.0,0.0,0.0
2019-03-12,2,2,1.0,0.6997495624477938,1.3994991248955877,1.0,1.0986122886681098,1.0986122886681098,0.8752600176132784,0.0,1.0,1.0,0.0,0.0,0.0
2019-03-13,1,1,1.0,0.5025621459912362,0.5025621459912362,1.0,0.6931471805599453,0.6931471805599453,0.40717174829646946,0.0,0.0,1.0,0.0,0.0,0.0
2019-03-14,4,2,0.5,0.5174221676401413,2.069688670560565,0.5,1.6094379124341003,1.0986122886681098,1.1215761462158813,0.5,0.75,1.0,0.0,0.25,0.0
2019-03-15,3,2,0.6666666666666666,0.6090234628608195,1.8270703885824586,0.6666666666666666,1.3862943611198906,1.0986122886681098,1.0392409770864732,0.3333333333333333,0.3333333333333333,0.6666666666666666,0.0,0.0,0.0
2019-03-16,1,1,1.0,0.8508030440123265,0.8508030440123265,1.0,0.6931471805599453,0.6931471805599453,0.6156196227502013,1.0,1.0,0.0,0.0,0.0,0.0
2019-03-18,5,2,0.4,0.5241744012075529,2.6208720060377644,0.4,1.791759469228055,1.0986122886681098,1.2867148824751822,0.0,0.2,1.0,0.0,0.0,0.0
2019-03-19,4,1,0.25,0.3670837289784187,1.4683349159136747,0.25,1.6094379124341003,0.6931471805599453,0.90354380020486,0.0,0.0,1.0,0.0,0.0,0.0
2019-03-20,2,1,0.5,0.6203279807786489,1.2406559615572978,0.5,1.0986122886681098,0.6931471805599453,0.8067686629786268,0.0,0.0,1.0,0.0,0.0,0.0
2019-03-21,3,3,1.0,0.7684471857929503,2.305341557378851,1.0,1.3862943611198906,1.3862943611198906,1.1955398136155504,0.3333333333333333,0.0,1.0,0.0,0.0,0.0
2019-03-22,2,2,1.0,0.7547449500975572,1.5094899001951143,1.0,1.0986122886681098,1.0986122886681098,0.920079505476386,0.5,0.5,1.0,0.0,0.0,0.0
2019-03-23,4,2,0.5,0.46525699942456716,1.8610279976982687,0.5,1.6094379124341003,1.0986122886681098,1.0511810000034074,0.25,0.75,1.0,0.0,0.0,0.0
2019-03-24,5,1,0.2,0.4211149810678956,2.105574905339478,0.2,1.791759469228055,0.6931471805599453,1.1331988529451311,0.2,0.6,1.0,0.0,0.0,0.0
2019-03-25,2,0,0.0,0.33941926971991765,0.6788385394398353,0.0,1.0986122886681098,0.0,0.5181022087540893,0.5,0.5,0.5,0.0,0.0,0.0
2019-03-27,2,1,0.5,0.5745411078268912,1.1490822156537823,0.5,1.0986122886681098,0.6931471805599453,0.7650408745617854,0.5,0.5,1.0,0.0,0.5,0.0
2019-03-28,2,1,0.5,0.42675223121891015,0.8535044624378203,0.5,1.0986122886681098,0.6931471805599453,0.6170781511794341,0.5,0.5,1.0,0.0,0.0,0.0
2019-03-29,1,0,0.0,0.3477965742745547,0.3477965742745547,0.0,0.6931471805599453,0.0,0.298471091810289,0.0,0.0,1.0,0.0,0.0,0.0
2019-03-30,2,2,1.0,0.5440496683047789,1.0880993366095577,1.0,1.0986122886681098,1.0986122886681098,0.7362542438933151,0.0,1.0,1.0,0.0,0.0,0.0
2019-03-31,2,0,0.0,0.4003313109433191,0.8006626218866382,0.0,1.0986122886681098,0.0,0.5881547204317266,0.0,1.0,1.0,0.0,0.5,0.0
2019-04-01,2,2,1.0,0.7807449221364413,1.5614898442728826,1.0,1.0986122886681098,1.0986122886681098,0.9405890596314553,1.0,1.0,0.0,0.0,0.0,0.0
2019-04-02,6,4,0.6666666666666666,0.5815945049334222,3.4895670296005337,0.6666666666666666,1.9459101490553132,1.6094379124341003,1.501756267171432,0.8333333333333334,0.8333333333333334,0.16666666666666666,0.0,0.0,0.0
2019-04-03,3,1,0.3333333333333333,0.4529830399005413,1.358949119701624,0.3333333333333333,1.3862943611198906,0.6931471805599453,0.8582162316052362,0.3333333333333333,0.6666666666666666,1.0,0.0,0.0,0.0
2019-04-04,1,0,0.0,0.4024573234861972,0.4024573234861972,0.0,0.6931471805599453,0.0,0.33822592906489946,0.0,1.0,1.0,0.0,0.0,0.0
2019-04-05,5,2,0.4,0.4018045280394533,2.0090226401972666,0.4,1.791759469228055,1.0986122886681098,1.1016153217795441,0.2,0.2,0.8,0.0,0.0,0.0
2019-04-06,1,0,0.0,0.3441519020390492,0.3441519020390492,0.0,0.6931471805599453,0.0,0.29576325806489623,0.0,1.0,1.0,0.0,0.0,0.0
2019-04-07,2,1,0.5,0.5740055530481283,1.1480111060962566,0.5,1.0986122886681098,0.6931471805599453,0.7645423470691253,0.5,0.5,1.0,0.5,0.0,0.0
2019-04-08,2,1,0.5,0.5522250371121438,1.1044500742242875,0.5,1.0986122886681098,0.6931471805599453,0.74405418560391,0.0,0.5,1.0,0.5,0.0,0.0
2019-04-09,5,3,0.6,0.6145491047555816,3.0727455237779076,0.6,1.791759469228055,1.3862943611198906,1.4043173478972821,0.8,1.0,0.2,0.0,0.0,0.0
2019-04-11,1,1,1.0,0.696471161896205,0.696471161896205,1.0,0.6931471805599453,0.6931471805599453,0.5285503065101105,1.0,0.0,0.0,0.0,0.0,0.0
2019-04-12,4,2,0.5,0.49014360375802946,1.9605744150321178,0.5,1.6094379124341003,1.0986122886681098,1.0853833086414035,0.25,0.25,1.0,0.0,0.0,0.0
2019-04-13,5,1,0.2,0.3620108756524487,1.8100543782622436,0.2,1.791759469228055,0.6931471805599453,1.0332038348531614,1.0,1.0,0.0,0.0,0.0,0.0
2019-04-14,3,0,0.0,0.3822699112743264,1.1468097338229792,0.0,1.3862943611198906,0.0,0.7639828954182227,0.3333333333333333,1.0,0.6666666666666666,0.0,0.0,0.0
2019-04-15,1,1,1.0,0.6799396938671707,0.6799396938671707,1.0,0.6931471805599453,0.6931471805599453,0.518757896263236,1.0,1.0,0.0,0.0,0.0,0.0
2019-04-16,6,5,0.8333333333333334,0.7577069960737989,4.5462419764427935,0.8333333333333334,1.9459101490553132,1.791759469228055,1.7131205770464772,0.8333333333333334,0.5,0.16666666666666666,0.0,0.0,0.0
2019-04-17,3,2,0.6666666666666666,0.6671694901230673,2.0015084703692017,0.6666666666666666,1.3862943611198906,1.0986122886681098,1.0991149857511566,0.6666666666666666,0.6666666666666666,0.3333333333333333,0.0,0.0,0.0
2019-04-18,2,2,1.0,0.7517160742228226,1.5034321484456452,1.0,1.0986122886681098,1.0986122886681098,0.9176626497425855,1.0,0.5,0.0,0.0,0.0,0.0
2019-04-19,7,6,0.8571428571428571,0.6613143819870976,4.629200673909683,0.8571428571428571,2.0794415416798357,1.9459101490553132,1.7279674558570457,0.8571428571428571,0.7142857142857143,0.2857142857142857,0.0,0.0,0.0
2019-04-20,1,1,1.0,0.7609125946490138,0.7609125946490138,1.0,0.6931471805599453,0.6931471805599453,0.5658321943521194,1.0,0.0,0.0,0.0,0.0,0.0
2019-04-22,2,2,1.0,0.8071801986543088,1.6143603973086176,1.0,1.0986122886681098,1.0986122886681098,0.9610194776605455,1.0,1.0,0.0,0.0,0.0,0.0
2019-04-23,5,5,1.0,0.6852952888807349,3.4264764444036744,1.0,1.791759469228055,1.791759469228055,1.4876038825600992,1.0,0.2,0.2,0.0,0.0,0.0
2019-04-24,4,2,0.5,0.5502723406072961,2.2010893624291845,0.5,1.6094379124341003,1.0986122886681098,1.1634911776330996,0.25,0.25,0.75,0.0,0.0,0.0
2019-04-25,2,2,1.0,0.8491580340193172,1.6983160680386344,1.0,1.0986122886681098,1.0986122886681098,0.9926278999377327,1.0,0.0,0.0,0.0,0.0,0.0
2019-04-26,3,1,0.3333333333333333,0.5933936545329591,1.7801809635988775,0.3333333333333333,1.3862943611198906,0.6931471805599453,1.02251602040371,0.3333333333333333,0.3333333333333333,0.6666666666666666,0.0,0.0,0.0
2019-04-27,1,1,1.0,0.5034136234877304,0.5034136234877304,1.0,0.6931471805599453,0.6931471805599453,0.40773827150528114,0.0,0.0,1.0,0.0,0.0,0.0
2019-04-29,3,1,0.3333333333333333,0.5961745507993529,1.7885236523980585,0.3333333333333333,1.3862943611198906,0.6931471805599453,1.0255122989338075,0.3333333333333333,0.3333333333333333,0.6666666666666666,0.0,0.0,0.0
2019-04-30,2,2,1.0,0.8725345067807878,1.7450690135615756,1.0,1.0986122886681098,1.0986122886681098,1.009806216197937,0.5,1.0,1.0,0.0,0.0,0.0
2019-05-01,6,3,0.5,0.5397927299324664,3.2387563795947987,0.5,1.9459101490553132,1.3862943611198906,1.4442699195217037,0.5,0.3333333333333333,0.6666666666666666,0.0,0.0,0.0
2019-05-02,2,0,0.0,0.3136877530203937,0.6273755060407874,0.0,1.0986122886681098,0.0,0.48696859819061805,0.0,0.0,1.0,0.0,0.0,0.0
2019-05-03,3,2,0.6666666666666666,0.5828610731712961,1.7485832195138884,0.6666666666666666,1.3862943611198906,1.0986122886681098,1.011085586016976,0.6666666666666666,0.3333333333333333,0.3333333333333333,0.0,0.0,0.0
2019-05-04,2,2,1.0,0.5598824561189827,1.1197649122379654,1.0,1.0986122886681098,1.0986122886681098,0.7513051920813303,0.5,0.5,1.0,0.0,0.0,0.0
2019-05-06,1,0,0.0,0.35980924430256384,0.35980924430256384,0.0,0.6931471805599453,0.0,0.3073444283681582,1.0,1.0,0.0,0.0,0.0,0.0
2019-05-07,3,2,0.6666666666666666,0.550134090678429,1.6504022720352869,0.6666666666666666,1.3862943611198906,1.0986122886681098,0.974711429245593,0.3333333333333333,0.3333333333333333,0.6666666666666666,0.0,0.0,0.0
2019-05-08,2,1,0.5,0.5341655587721627,1.0683311175443253,0.5,1.0986122886681098,0.6931471805599453,0.7267420586958606,0.0,0.5,1.0,0.0,0.0,0.0
2019-05-09,1,0,0.0,0.41101713704996173,0.41101713704996173,0.0,0.6931471805599453,0.0,0.3443108181193623,1.0,0.0,0.0,0.0,0.0,0.0
2019-05-10,6,1,0.16666666666666666,0.48394342469928175,2.9036605481956905,0.16666666666666666,1.9459101490553132,0.6931471805599453,1.3619147150255415,0.16666666666666666,0.16666666666666666,1.0,0.0,0.0,0.0
2019-05-12,3,3,1.0,0.9222248064889277,2.766674419466783,1.0,1.3862943611198906,1.3862943611198906,1.3261924953135846,1.0,0.6666666666666666,0.6666666666666666,0.0,0.0,0.0
2019-05-13,1,0,0.0,0.4701070329457743,0.4701070329457743,0.0,0.6931471805599453,0.0,0.38533520966775187,0.0,0.0,1.0,0.0,0.0,0.0
2019-05-14,6,1,0.16666666666666666,0.4625785816463172,2.775471489877903,0.16666666666666666,1.9459101490553132,0.6931471805599453,1.328525272882786,0.6666666666666666,0.8333333333333334,0.8333333333333334,0.0,0.5,0.0
2019-05-15,3,3,1.0,0.8428625400059692,2.5285876200179076,1.0,1.3862943611198906,1.3862943611198906,1.260897683237133,0.6666666666666666,1.0,0.6666666666666666,0.0,0.0,0.0
2019-05-16,1,0,0.0,0.47258529917440195,0.47258529917440195,0.0,0.6931471805599453,0.0,0.38701956299785695,1.0,1.0,0.0,0.0,0.0,0.0
2019-05-17,3,3,1.0,0.5737325479132922,1.7211976437398766,1.0,1.3862943611198906,1.3862943611198906,1.0010720935983,0.3333333333333333,0.3333333333333333,0.6666666666666666,0.0,0.0,0.0
2019-05-18,3,1,0.3333333333333333,0.534846820655024,1.604540461965072,0.3333333333333333,1.3862943611198906,0.6931471805599453,0.9572562534884917,0.6666666666666666,0.3333333333333333,0.6666666666666666,0.0,0.0,0.0
2019-05-19,4,3,0.75,0.74872103191881,2.99488412767524,0.75,1.6094379124341003,1.3862943611198906,1.3850145744609934,0.75,0.75,0.75,0.0,0.25,0.0
2019-05-21,3,0,0.0,0.36146373270881904,1.0843911981264571,0.0,1.3862943611198906,0.0,0.7344768213067476,0.6666666666666666,0.6666666666666666,1.0,0.0,0.0,0.0
2019-05-22,4,4,1.0,0.8078250847171338,3.231300338868535,1.0,1.6094379124341003,1.6094379124341003,1.4425093545337742,0.75,0.75,0.5,0.0,0.25,0.0
2019-05-23,1,0,0.0,0.4138174887900958,0.4138174887900958,0.0,0.6931471805599453,0.0,0.3462934847376901,0.0,1.0,1.0,0.0,0.0,0.0
2019-05-24,2,2,1.0,0.9022078501558297,1.8044157003116594,1.0,1.0986122886681098,1.0986122886681098,1.0311952107915936,1.0,0.0,0.5,0.0,0.0,0.0
2019-05-26,2,2,1.0,0.6905240808242502,1.3810481616485004,1.0,1.0986122886681098,1.0986122886681098,0.8675407947879733,1.0,1.0,0.5,0.0,0.0,0.0
2019-05-27,3,3,1.0,0.6445181451512678,1.9335544354538035,1.0,1.3862943611198906,1.3862943611198906,1.0762148056983316,0.3333333333333333,0.3333333333333333,0.6666666666666666,0.0,0.0,0.0
2019-05-28,3,2,0.6666666666666666,0.6382547715813719,1.9147643147441156,0.6666666666666666,1.3862943611198906,1.0986122886681098,1.0697889639587925,0.6666666666666666,0.3333333333333333,0.3333333333333333,0.0,0.0,0.0
2019-05-29,2,0,0.0,0.3440957415625394,0.6881914831250788,0.0,1.0986122886681098,0.0,0.5236578276104841,0.0,0.0,1.0,0.0,0.0,0.0
2019-05-30,3,2,0.6666666666666666,0.5536617936378693,1.6609853809136077,0.6666666666666666,1.3862943611198906,1.0986122886681098,0.9786964981486713,0.6666666666666666,0.6666666666666666,1.0,0.0,0.0,0.0
2019-05-31,3,3,1.0,0.7375807232589021,2.2127421697767065,1.0,1.3862943611198906,1.3862943611198906,1.167124830968218,0.3333333333333333,0.3333333333333333,1.0,0.3333333333333333,0.0,0.0
2019-06-01,2,0,0.0,0.3338213663816282,0.6676427327632564,0.0,1.0986122886681098,0.0,0.5114110920039636,0.0,0.5,1.0,0.0,0.0,0.0
2019-06-02,2,1,0.5,0.5264714491500262,1.0529428983000524,0.5,1.0986122886681098,0.6931471805599453,0.7192743238653062,0.0,0.5,1.0,0.0,0.0,0.0
2019-06-03,3,3,1.0,0.7470039827330966,2.24101194819929,1.0,1.3862943611198906,1.3862943611198906,1.1758856107306124,0.3333333333333333,0.3333333333333333,1.0,0.3333333333333333,0.0,0.0
2019-06-04,2,0,0.0,0.4551725795866549,0.9103451591733098,0.0,1.0986122886681098,0.0,0.6472839373412252,0.0,0.5,1.0,0.0,0.0,0.0
2019-06-05,2,1,0.5,0.42206961720482095,0.8441392344096419,0.5,1.0986122886681098,0.6931471805599453,0.6120126290136532,0.5,0.5,1.0,0.5,0.5,0.0
2019-06-06,2,0,0.0,0.42305938413236976,0.8461187682647395,0.0,1.0986122886681098,0.0,0.6130854721826305,0.5,0.5,1.0,0.5,0.5,0.0
2019-06-07,2,1,0.5,0.688357189228574,1.376714378457148,0.5,1.0986122886681098,0.6931471805599453,0.8657190206437521,0.5,0.5,1.0,0.0,0.0,0.0
2019-06-08,4,2,0.5,0.5810340984417866,2.324136393767146,0.5,1.6094379124341003,1.0986122886681098,1.2012099091739774,1.0,0.75,0.25,0.0,0.0,0.0
2019-06-09,1,1,1.0,0.7643541145886839,0.7643541145886839,1.0,0.6931471805599453,0.6931471805599453,0.5677846826696519,0.0,1.0,1.0,0.0,0.0,0.0
2019-06-11,1,1,1.0,0.5685934911313386,0.5685934911313386,1.0,0.6931471805599453,0.6931471805599453,0.45017935231143247,0.0,0.0,1.0,0.0,0.0,0.0
2019-06-12,2,2,1.0,0.6470427998278329,1.2940855996556657,1.0,1.0986122886681098,1.0986122886681098,0.830334332594994,0.5,0.5,0.5,0.0,0.0,0.0
2019-06-13,1,1,1.0,0.5209002230230447,0.5209002230230447,1.0,0.6931471805599453,0.6931471805599453,0.4193024115350369,0.0,1.0,1.0,0.0,0.0,0.0
2019-06-14,4,4,1.0,0.8276996695095526,3.3107986780382106,1.0,1.6094379124341003,1.6094379124341003,1.461123195077741,0.75,1.0,0.5,0.0,0.0,0.0
2019-06-16,6,4,0.6666666666666666,0.6538808659489742,3.923285195693845,0.6666666666666666,1.9459101490553132,1.6094379124341003,1.5939760303786001,0.6666666666666666,0.5,0.5,0.0,0.0,0.0
2019-06-17,3,2,0.6666666666666666,0.645133936053449,1.9354018081603472,0.6666666666666666,1.3862943611198906,1.0986122886681098,1.0768443461790829,0.6666666666666666,0.6666666666666666,0.6666666666666666,0.0,0.0,0.0
2019-06-18,2,0,0.0,0.41060204870709527,0.8212040974141905,0.0,1.0986122886681098,0.0,0.5994978743190243,0.0,0.5,1.0,0.0,0.0,0.0
2019-06-19,3,2,0.6666666666666666,0.6550570144054568,1.9651710432163705,0.6666666666666666,1.3862943611198906,1.0986122886681098,1.0869347182112534,0.6666666666666666,0.0,0.3333333333333333,0.0,0.0,0.0
2019-06-20,2,1,0.5,0.5914522314768289,1.1829044629536578,0.5,1.0986122886681098,0.6931471805599453,0.7806563125027817,0.5,0.0,0.5,0.0,0.0,0.0
2019-06-21,2,1,0.5,0.6328781066306994,1.2657562132613989,0.5,1.0986122886681098,0.6931471805599453,0.8179085722027285,0.5,0.5,0.5,0.0,0.0,0.0
2019-06-22,1,1,1.0,0.7853325641520229,0.7853325641520229,1.0,0.6931471805599453,0.6931471805599453,0.5796047083272786,1.0,0.0,0.0,0.0,0.0,0.0
2019-06-23,4,2,0.5,0.6014680971858652,2.405872388743461,0.5,1.6094379124341003,1.0986122886681098,1.2255011149336326,0.5,0.25,0.75,0.0,0.0,0.0
2019-06-24,3,1,0.3333333333333333,0.5500273907050691,1.6500821721152072,0.3333333333333333,1.3862943611198906,0.6931471805599453,0.9745906478627433,0.3333333333333333,0.3333333333333333,0.6666666666666666,0.0,0.0,0.0
2019-06-25,3,2,0.6666666666666666,0.6162930381769952,1.8488791145309855,0.6666666666666666,1.3862943611198906,1.0986122886681098,1.0469256237735027,0.3333333333333333,0.3333333333333333,0.6666666666666666,0.0,0.0,0.0
2019-06-26,2,1,0.5,0.5292010133089462,1.0584020266178924,0.5,1.0986122886681098,0.6931471805599453,0.7219299665447128,0.5,0.5,0.5,0.0,0.0,0.0
2019-06-27,8,3,0.375,0.4851644513191694,3.8813156105533553,0.375,2.1972245773362196,1.3862943611198906,1.5854147758580819,0.375,0.125,0.75,0.0,0.125,0.0
2019-06-28,6,3,0.5,0.4563753740660171,2.7382522443961026,0.5,1.9459101490553132,1.3862943611198906,1.3186181878684753,0.6666666666666666,0.5,0.5,0.0,0.0,0.0
2019-06-29,1,0,0.0,0.45894897420089575,0.45894897420089575,0.0,0.6931471805599453,0.0,0.37771629579740595,0.0,1.0,1.0,0.0,0.0,0.0
2019-06-30,1,1,1.0,0.5653237618304889,0.5653237618304889,1.0,0.6931471805599453,0.6931471805599453,0.4480926791651125,0.0,0.0,1.0,0.0,0.0,0.0
2019-07-01,2,1,0.5,0.5710313319460385,1.142062663892077,0.5,1.0986122886681098,0.6931471805599453,0.7617692264492187,0.5,1.0,1.0,0.0,0.0,0.0
2019-07-02,2,2,1.0,0.6147629944491876,1.2295259888983752,1.0,1.0986122886681098,1.0986122886681098,0.8017890018456106,0.5,0.5,1.0,0.5,0.0,0.0
2019-07-03,1,0,0.0,0.4809350248897093,0.4809350248897093,0.0,0.6931471805599453,0.0,0.3926736618652422,1.0,1.0,0.0,0.0,0.0,0.0
2019-07-04,4,1,0.25,0.42814180199048424,1.712567207961937,0.25,1.6094379124341003,0.6931471805599453,0.9978954956884546,0.5,0.25,0.75,0.0,0.25,0.0
2019-07-06,1,0,0.0,0.49234797527554686,0.49234797527554686,0.0,0.6931471805599453,0.0,0.4003507019847671,0.0,0.0,1.0,0.0,0.0,0.0
2019-07-09,2,1,0.5,0.38104165672480245,0.7620833134496049,0.5,1.0986122886681098,0.6931471805599453,0.5664968098522357,0.5,0.5,0.5,0.0,0.0,0.0
2019-07-10,2,1,0.5,0.5417983340592738,1.0835966681185476,0.5,1.0986122886681098,0.6931471805599453,0.7340955677892083,1.0,1.0,0.0,0.0,0.0,0.0
2019-07-11,5,2,0.4,0.4714932840336575,2.3574664201682873,0.4,1.791759469228055,1.0986122886681098,1.2111866479261604,0.4,0.6,0.8,0.0,0.0,0.0
2019-07-12,3,3,1.0,0.6710245711843342,2.013073713553003,1.0,1.3862943611198906,1.3862943611198906,1.1029607250175004,0.0,0.0,1.0,0.0,0.0,0.0
2019-07-13,5,4,0.8,0.6417762286664727,3.208881143332363,0.8,1.791759469228055,1.6094379124341003,1.4371968506946233,0.2,0.2,0.8,0.0,0.0,0.0
2019-07-14,2,2,1.0,0.5229932266708395,1.045986453341679,1.0,1.0986122886681098,1.0986122886681098,0.7158800464623928,0.0,0.0,1.0,0.0,0.0,0.0
2019-07-15,1,1,1.0,0.5733481262099674,0.5733481262099674,1.0,0.6931471805599453,0.6931471805599453,0.4532059131372514,1.0,1.0,0.0,0.0,0.0,0.0
2019-07-16,4,3,0.75,0.7032229107561732,2.8128916430246926,0.75,1.6094379124341003,1.3862943611198906,1.3383878626968353,1.0,0.0,0.0,0.0,0.0,0.0
2019-07-17,4,3,0.75,0.6396974928443515,2.558789971377406,0.75,1.6094379124341003,1.3862943611198906,1.2694205914058057,0.25,0.0,0.75,0.0,0.0,0.0
2019-07-18,4,3,0.75,0.7196960271288504,2.8787841085154016,0.75,1.6094379124341003,1.3862943611198906,1.3555217304292915,0.5,0.5,0.75,0.0,0.25,0.0
2019-07-19,6,4,0.6666666666666666,0.642396461240556,3.8543787674433365,0.6666666666666666,1.9459101490553132,1.6094379124341003,1.5798811362838308,0.6666666666666666,0.8333333333333334,0.5,0.0,0.0,0.0
2019-07-20,4,2,0.5,0.5938792294771308,2.375516917908523,0.5,1.6094379124341003,1.0986122886681098,1.2165484734583505,0.5,0.75,0.5,0.0,0.0,0.0
2019-07-21,1,0,0.0,0.3953541975916201,0.3953541975916201,0.0,0.6931471805599453,0.0,0.333148288128487,0.0,1.0,1.0,0.0,0.0,0.0
2019-07-23,1,1,1.0,0.5089076650328038,0.5089076650328038,1.0,0.6931471805599453,0.6931471805599453,0.4113859884058066,0.0,1.0,1.0,0.0,0.0,0.0
2019-07-24,4,4,1.0,0.7032197963438601,2.8128791853754405,1.0,1.6094379124341003,1.6094379124341003,1.3383845954469973,0.5,1.0,1.0,0.0,0.5,0.0
2019-07-25,1,0,0.0,0.2695981643574821,0.2695981643574821,0.0,0.6931471805599453,0.0,0.23870044438582397,0.0,0.0,1.0,0.0,0.0,0.0
2019-07-26,2,1,0.5,0.6310937929380288,1.2621875858760576,0.5,1.0986122886681098,0.6931471805599453,0.8163323034668346,0.5,0.0,0.5,0.0,0.5,0.0
2019-07-27,1,0,0.0,0.43307050994927787,0.43307050994927787,0.0,0.6931471805599453,0.0,0.3598193520662956,0.0,0.0,1.0,0.0,0.0,0.0
2019-07-28,1,0,0.0,0.3370170516947438,0.3370170516947438,0.0,0.6931471805599453,0.0,0.2904410517368657,0.0,0.0,1.0,0.0,0.0,0.0
2019-07-29,2,1,0.5,0.5518179019411349,1.1036358038822698,0.5,1.0986122886681098,0.6931471805599453,0.7436671828783159,0.5,0.0,0.5,0.0,0.0,0.0
2019-07-30,1,1,1.0,0.9085887719555399,0.9085887719555399,1.0,0.6931471805599453,0.6931471805599453,0.6463641061143525,1.0,0.0,0.0,0.0,0.0,0.0
2019-07-31,2,1,0.5,0.4567886343249312,0.9135772686498624,0.5,1.0986122886681098,0.6931471805599453,0.6489744058626216,0.0,0.5,1.0,0.0,0.0,0.0
2019-08-01,1,0,0.0,0.2792121875336533,0.2792121875336533,0.0,0.6931471805599453,0.0,0.24624440995755387,0.0,0.0,1.0,0.0,0.0,0.0
2019-08-02,1,1,1.0,0.788937042712958,0.788937042712958,1.0,0.6931471805599453,0.6931471805599453,0.5816216125786541,1.0,1.0,0.0,0.0,0.0,0.0
2019-08-03,2,1,0.5,0.541476324903462,1.082952649806924,0.5,1.0986122886681098,0.6931471805599453,0.733786430290712,0.5,0.5,0.5,0.0,0.0,0.0
2019-08-04,2,1,0.5,0.48932244587646656,0.9786448917529331,0.5,1.0986122886681098,0.6931471805599453,0.6824122122945695,0.5,0.5,1.0,0.0,0.5,0.0
2019-08-05,1,0,0.0,0.3553419020071237,0.3553419020071237,0.0,0.6931471805599453,0.0,0.3040537487072809,1.0,1.0,0.0,0.0,0.0,0.0
2019-08-06,5,2,0.4,0.5918569104713047,2.9592845523565234,0.4,1.791759469228055,1.0986122886681098,1.3760633403470146,0.8,0.8,0.4,0.0,0.0,0.0
2019-08-07,2,2,1.0,0.8797529283019178,1.7595058566038355,1.0,1.0986122886681098,1.0986122886681098,1.0150516262375606,1.0,0.0,0.5,0.0,0.0,0.0
2019-08-08,4,1,0.25,0.4236211377078989,1.6944845508315955,0.25,1.6094379124341003,0.6931471805599453,0.9912069247812105,0.25,0.25,0.75,0.0,0.0,0.0
2019-08-09,2,1,0.5,0.439657967244779,0.879315934489558,0.5,1.0986122886681098,0.6931471805599453,0.6309078459938458,0.5,0.5,0.5,0.0,0.0,0.0
2019-08-11,2,1,0.5,0.5177666687190507,1.0355333374381015,0.5,1.0986122886681098,0.6931471805599453,0.7107578668361625,0.0,0.5,1.0,0.0,0.0,0.0
2019-08-12,5,3,0.6,0.4704850532007777,2.3524252660038885,0.6,1.791759469228055,1.3862943611198906,1.2096840439055057,0.2,0.2,0.8,0.0,0.0,0.0
2019-08-13,4,1,0.25,0.47975211831252784,1.9190084732501114,0.25,1.6094379124341003,0.6931471805599453,1.0712439946598549,0.25,0.25,0.75,0.0,0.0,0.0
2019-08-14,5,3,0.6,0.6178420373480933,3.089210186740466,0.6,1.791759469228055,1.3862943611198906,1.408351843030473,0.8,0.8,0.2,0.0,0.0,0.0
2019-08-15,1,1,1.0,0.5905253641853945,0.5905253641853945,1.0,0.6931471805599453,0.6931471805599453,0.46406437938288786,1.0,1.0,1.0,0.0,0.0,0.0
2019-08-16,1,0,0.0,0.3231922070434857,0.3231922070434857,0.0,0.6931471805599453,0.0,0.28004715579253275,1.0,0.0,0.0,0.0,0.0,0.0
2019-08-17,3,2,0.6666666666666666,0.5177396628463994,1.5532189885391983,0.6666666666666666,1.3862943611198906,1.0986122886681098,0.9373549115251718,0.0,1.0,1.0,0.0,0.0,0.0
2019-08-18,3,2,0.6666666666666666,0.6244642837934099,1.8733928513802298,0.6666666666666666,1.3862943611198906,1.0986122886681098,1.0554935097303964,1.0,1.0,0.6666666666666666,0.3333333333333333,0.3333333333333333,0.0
2019-08-19,5,3,0.6,0.6150468012973969,3.0752340064869843,0.6,1.791759469228055,1.3862943611198906,1.4049281699488607,0.6,0.6,0.4,0.0,0.2,0.0
2019-08-20,5,4,0.8,0.6355379240740626,3.177689620370313,0.8,1.791759469228055,1.6094379124341003,1.4297583713298834,0.2,0.2,0.8,0.0,0.2,0.0
2019-08-21,6,4,0.6666666666666666,0.5996378813134916,3.5978272878809494,0.6666666666666666,1.9459101490553132,1.6094379124341003,1.525583863191169,0.5,0.6666666666666666,0.5,0.0,0.0,0.0
2019-08-22,2,2,1.0,0.7795316406130601,1.5590632812261203,1.0,1.0986122886681098,1.0986122886681098,0.9396412857605732,1.0,0.0,0.0,0.0,0.0,0.0
2019-08-23,4,2,0.5,0.4878032690446763,1.9512130761787052,0.5,1.6094379124341003,1.0986122886681098,1.0822162980911043,0.25,0.5,0.75,0.0,0.0,0.0
2019-08-24,1,0,0.0,0.3815727772689102,0.3815727772689102,0.0,0.6931471805599453,0.0,0.323222543884431,0.0,0.0,1.0,0.0,0.0,0.0
2019-08-25,2,2,1.0,0.7517782146761272,1.5035564293522543,1.0,1.0986122886681098,1.0986122886681098,0.9177122927184795,1.0,0.5,0.5,0.0,0.5,0.0
2019-08-26,1,1,1.0,0.5516422516764982,0.5516422516764982,1.0,0.6931471805599453,0.6931471805599453,0.43931388724958775,1.0,1.0,0.0,0.0,0.0,0.0
2019-08-27,2,2,1.0,0.7844501833139403,1.5689003666278807,1.0,1.0986122886681098,1.0986122886681098,0.9434779344359572,1.0,1.0,0.5,0.0,0.5,0.0
2019-08-28,4,2,0.5,0.552692374613786,2.210769498455144,0.5,1.6094379124341003,1.0986122886681098,1.166510627558786,0.75,0.25,0.25,0.0,0.25,0.0
2019-08-29,1,1,1.0,0.7177750851441411,0.7177750851441411,1.0,0.6931471805599453,0.6931471805599453,0.5410298983119489,1.0,1.0,0.0,0.0,0.0,0.0
2019-08-31,1,0,0.0,0.350859478663166,0.350859478663166,0.0,0.6931471805599453,0.0,0.3007410407357584,0.0,0.0,1.0,0.0,0.0,0.0
2019-09-02,2,2,1.0,0.6361774200342567,1.2723548400685134,1.0,1.0986122886681098,1.0986122886681098,0.82081666827176,0.0,0.0,1.0,0.0,0.0,0.0
2019-09-03,4,2,0.5,0.4964448752273727,1.9857795009094907,0.5,1.6094379124341003,1.0986122886681098,1.0938608520867874,0.0,0.0,1.0,0.0,0.5,0.0
2019-09-04,5,4,0.8,0.5754663066165487,2.8773315330827436,0.8,1.791759469228055,1.6094379124341003,1.355147167821728,0.0,0.0,1.0,0.0,0.0,0.0
2019-09-05,4,1,0.25,0.44697755453279603,1.7879102181311841,0.25,1.6094379124341003,0.6931471805599453,1.0252922894138916,0.25,0.25,0.75,0.0,0.25,0.0
2019-09-06,2,0,0.0,0.35652813437684056,0.7130562687536811,0.0,1.0986122886681098,0.0,0.5382790668782008,0.0,0.0,1.0,0.0,0.0,0.0
2019-09-07,3,0,0.0,0.311579205022467,0.934737615067401,0.0,1.3862943611198906,0.0,0.6599717178389372,0.0,0.0,1.0,0.0,0.3333333333333333,0.0
2019-09-09,1,1,1.0,0.6291226720636165,0.6291226720636165,1.0,0.6931471805599453,0.6931471805599453,0.48804163191882166,0.0,0.0,1.0,0.0,0.0,0.0
2019-09-10,4,4,1.0,0.6833695286006322,2.7334781144025286,1.0,1.6094379124341003,1.6094379124341003,1.317340269524524,0.75,0.5,0.25,0.0,0.0,0.0
2019-09-11,2,0,0.0,0.3777299978472635,0.755459995694527,0.0,1.0986122886681098,0.0,0.56273092838295,0.0,0.5,1.0,0.0,0.0,0.0
2019-09-12,2,0,0.0,0.4301031382894053,0.8602062765788105,0.0,1.0986122886681098,0.0,0.6206873829624631,0.0,0.0,1.0,0.0,0.0,0.0
2019-09-13,1,1,1.0,0.850893966083144,0.850893966083144,1.0,0.6931471805599453,0.6931471805599453,0.6156687472844827,1.0,1.0,1.0,0.0,0.0,0.0
2019-09-14,2,2,1.0,0.7341021767220276,1.4682043534440552,1.0,1.0986122886681098,1.0986122886681098,0.9034909038487182,1.0,0.5,0.5,0.0,0.0,0.0
2019-09-15,2,2,1.0,0.6225432550317648,1.2450865100635296,1.0,1.0986122886681098,1.0986122886681098,0.8087440550012372,0.0,0.5,1.0,0.0,0.5,0.0
2019-09-16,1,1,1.0,0.6878729878543094,0.6878729878543094,1.0,0.6931471805599453,0.6931471805599453,0.5234691491806424,1.0,1.0,0.0,0.0,0.0,0.0
2019-09-17,3,3,1.0,0.8380520090914735,2.5141560272744203,1.0,1.3862943611198906,1.3862943611198906,1.2567993903939867,1.0,0.6666666666666666,0.3333333333333333,0.0,0.0,0.0
2019-09-18,2,0,0.0,0.2980924920929901,0.5961849841859802,0.0,1.0986122886681098,0.0,0.4676163971895993,0.0,1.0,1.0,0.0,0.0,0.0
2019-09-19,5,3,0.6,0.6207864265523286,3.103932132761643,0.6,1.791759469228055,1.3862943611198906,1.4119455708802817,0.6,0.6,0.8,0.0,0.0,0.0
2019-09-20,3,3,1.0,0.8653279727825285,2.5959839183475855,1.0,1.3862943611198906,1.3862943611198906,1.2798176445047091,1.0,0.6666666666666666,1.0,0.0,0.0,0.0
2019-09-21,3,3,1.0,0.7930250201043894,2.379075060313168,1.0,1.3862943611198906,1.3862943611198906,1.2176020212507959,1.0,1.0,0.6666666666666666,0.3333333333333333,0.0,0.0
2019-09-22,2,1,0.5,0.4383442465016927,0.8766884930033854,0.5,1.0986122886681098,0.6931471805599453,0.6295087837906628,0.5,1.0,0.5,0.0,0.0,0.0
2019-09-23,4,3,0.75,0.6362844882457451,2.5451379529829805,0.75,1.6094379124341003,1.3862943611198906,1.2655770740317194,0.75,1.0,0.75,0.0,0.25,0.0
2019-09-24,5,5,1.0,0.7059499533968484,3.529749766984242,1.0,1.791759469228055,1.791759469228055,1.5106666988928825,1.0,0.4,0.0,0.0,0.0,0.0
2019-09-25,2,2,1.0,0.6867702764487956,1.3735405528975912,1.0,1.0986122886681098,1.0986122886681098,0.8643827445584912,0.5,0.0,0.5,0.0,0.0,0.0
2019-09-26,2,2,1.0,0.8672714052502286,1.7345428105004572,1.0,1.0986122886681098,1.0986122886681098,1.005964259378048,1.0,1.0,1.0,0.5,0.5,0.0
2019-09-27,4,1,0.25,0.5009445737847438,2.003778295138975,0.25,1.6094379124341003,0.6931471805599453,1.0998709279622434,0.25,0.25,1.0,0.0,0.0,0.0
2019-09-29,1,1,1.0,0.7290097328216198,0.7290097328216198,1.0,0.6931471805599453,0.6931471805599453,0.5475488358476116,1.0,0.0,0.0,0.0,0.0,0.0
2019-09-30,4,0,0.0,0.31068868971799557,1.2427547588719823,0.0,1.6094379124341003,0.0,0.8077049133464247,1.0,0.5,0.25,0.0,0.0,0.0
2019-10-01,6,5,0.8333333333333334,0.7193878904996721,4.316327342998033,0.8333333333333334,1.9459101490553132,1.791759469228055,1.670782715892394,0.8333333333333334,0.8333333333333334,0.5,0.5,0.3333333333333333,0.0
2019-10-02,6,2,0.3333333333333333,0.4442797689293412,2.665678613576047,0.3333333333333333,1.9459101490553132,1.0986122886681098,1.2990134787922452,0.5,0.6666666666666666,0.5,0.0,0.0,0.0
2019-10-03,2,2,1.0,0.7357872443946254,1.4715744887892508,1.0,1.0986122886681098,1.0986122886681098,0.9048553924121603,0.5,0.5,0.5,0.0,0.0,0.0
2019-10-04,5,3,0.6,0.6269188835657598,3.134594417828799,0.6,1.791759469228055,1.3862943611198906,1.419389238496622,0.6,0.8,0.6,0.0,0.0,0.0
2019-10-05,3,3,1.0,0.8231866743744422,2.4695600231233263,1.0,1.3862943611198906,1.3862943611198906,1.244027791430712,1.0,1.0,0.0,0.0,0.0,0.0
2019-10-06,7,7,1.0,0.8419782490714975,5.893847743500483,1.0,2.0794415416798357,2.0794415416798357,1.9306293824867737,1.0,0.8571428571428571,0.2857142857142857,0.14285714285714285,0.0,0.0
2019-10-07,1,1,1.0,0.7992839392838975,0.7992839392838975,1.0,0.6931471805599453,0.6931471805599453,0.5873887742451835,1.0,1.0,0.0,0.0,0.0,0.0
2019-10-08,2,1,0.5,0.46210213085370083,0.9242042617074017,0.5,1.0986122886681098,0.6931471805599453,0.6545125117369835,1.0,0.5,0.0,0.0,0.0,0.0
2019-10-21,2,1,0.5,0.55986675140338,1.11973350280676,0.5,1.0986122886681098,0.6931471805599453,0.7512903745590053,0.5,0.5,1.0,0.5,0.0,0.0
2019-10-22,2,2,1.0,0.6129411562557487,1.2258823125114975,1.0,1.0986122886681098,1.0986122886681098,0.800153381964022,1.0,1.0,0.5,0.0,0.0,0.0
2019-10-23,6,4,0.6666666666666666,0.49017216552495274,2.9410329931497166,0.6666666666666666,1.9459101490553132,1.6094379124341003,1.3714428699488757,0.8333333333333334,0.8333333333333334,0.3333333333333333,0.0,0.0,0.0
2019-10-24,4,2,0.5,0.5925258964396828,2.370103585758731,0.5,1.6094379124341003,1.0986122886681098,1.2149434815057465,0.75,0.75,0.25,0.0,0.0,0.0
2019-10-25,6,6,1.0,0.7353021141074741,4.411812684644845,1.0,1.9459101490553132,1.9459101490553132,1.68858409859442,0.6666666666666666,0.3333333333333333,0.5,0.0,0.3333333333333333,0.0
2019-10-26,2,0,0.0,0.3399769132775461,0.6799538265550922,0.0,1.0986122886681098,0.0,0.5187663088440727,0.0,0.5,1.0,0.0,0.0,0.0
2019-10-27,5,5,1.0,0.7369234960495351,3.6846174802476757,1.0,1.791759469228055,1.791759469228055,1.544284264597725,0.8,0.6,0.6,0.0,0.2,0.0
2019-10-28,3,2,0.6666666666666666,0.5239971869686063,1.5719915609058188,0.6666666666666666,1.3862943611198906,1.0986122886681098,0.944680525229173,0.3333333333333333,0.0,0.6666666666666666,0.0,0.0,0.0
2019-10-29,2,0,0.0,0.32606980030096305,0.6521396006019261,0.0,1.0986122886681098,0.0,0.5020711755248481,0.5,0.0,0.5,0.0,0.0,0.0
2019-10-30,2,2,1.0,0.8913650106699972,1.7827300213399944,1.0,1.0986122886681098,1.0986122886681098,1.0234324678990685,1.0,1.0,1.0,0.0,0.0,0.0
2019-11-01,4,3,0.75,0.6626318453074537,2.6505273812298147,0.75,1.6094379124341003,1.3862943611198906,1.2948716451651816,0.5,0.25,0.5,0.25,0.0,0.0
2019-11-02,2,1,0.5,0.44647603179107065,0.8929520635821413,0.5,1.0986122886681098,0.6931471805599453,0.6381375489177217,0.0,0.5,1.0,0.0,0.5,0.0
2019-11-05,2,2,1.0,0.6599497565280994,1.3198995130561988,1.0,1.0986122886681098,1.0986122886681098,0.8415238714023235,1.0,0.5,0.0,0.0,0.0,0.0
2019-11-06,8,8,1.0,0.7278894915875964,5.823115932700771,1.0,2.1972245773362196,2.1972245773362196,1.9203162491444181,0.875,0.625,0.25,0.0,0.0,0.0
2019-11-07,2,1,0.5,0.6022262644800416,1.2044525289600831,0.5,1.0986122886681098,0.6931471805599453,0.790479191884788,0.5,0.5,0.5,0.0,0.0,0.0
2019-11-08,6,4,0.6666666666666666,0.5473175538232669,3.283905322939601,0.6666666666666666,1.9459101490553132,1.6094379124341003,1.4548650521871356,0.16666666666666666,0.16666666666666666,0.8333333333333334,0.0,0.0,0.0
2019-11-10,3,3,1.0,0.9325249418705202,2.7975748256115605,1.0,1.3862943611198906,1.3862943611198906,1.3343626592071829,1.0,1.0,1.0,0.0,0.0,0.0
2019-11-11,6,5,0.8333333333333334,0.6531799168003681,3.9190795008022086,0.8333333333333334,1.9459101490553132,1.791759469228055,1.5931214196671915,0.6666666666666666,1.0,0.8333333333333334,0.0,0.16666666666666666,0.0
2019-11-12,2,1,0.5,0.5253928851071422,1.0507857702142844,0.5,1.0986122886681098,0.6931471805599453,0.7182230222522166,0.5,0.0,1.0,0.0,0.0,0.0
2019-11-13,2,1,0.5,0.46741946635413195,0.9348389327082639,0.5,1.0986122886681098,0.6931471805599453,0.6600240841067367,0.0,0.5,1.0,0.0,0.0,0.0
2019-11-14,2,0,0.0,0.3723988352892812,0.7447976705785624,0.0,1.0986122886681098,0.0,0.5566386008393763,0.0,0.0,1.0,0.0,0.0,0.0
2019-11-15,1,1,1.0,0.9881502474874271,0.9881502474874271,1.0,0.6931471805599453,0.6931471805599453,0.6872046825855244,1.0,0.0,1.0,0.0,0.0,0.0
2019-11-17,3,1,0.3333333333333333,0.47797627070724524,1.4339288121217357,0.3333333333333333,1.3862943611198906,0.6931471805599453,0.8895067468581414,0.0,0.3333333333333333,1.0,0.3333333333333333,0.3333333333333333,0.0
2019-11-18,2,2,1.0,0.6562721181118718,1.3125442362237436,1.0,1.0986122886681098,1.0986122886681098,0.8383483193993179,0.5,0.5,1.0,0.0,0.0,0.0
2019-11-19,4,4,1.0,0.6886916679626199,2.7547666718504797,1.0,1.6094379124341003,1.6094379124341003,1.3230261452962335,1.0,1.0,0.5,0.0,0.0,0.0
2019-11-20,6,6,1.0,0.7470468346523171,4.482281007913903,1.0,1.9459101490553132,1.9459101490553132,1.7015212566751765,0.8333333333333334,0.8333333333333334,0.8333333333333334,0.3333333333333333,0.16666666666666666,0.0
2019-11-21,3,2,0.6666666666666666,0.6612152573592857,1.9836457720778569,0.6666666666666666,1.3862943611198906,1.0986122886681098,1.0931459662058427,0.6666666666666666,1.0,0.3333333333333333,0.0,0.0,0.0
2019-11-22,14,13,0.9285714285714286,0.7086121049654983,9.920569469516977,0.9285714285714286,2.70805020110221,2.6390573296152584,2.3906481181802017,0.9285714285714286,0.8571428571428571,0.9285714285714286,0.0,0.8571428571428571,0.0
2019-11-23,1,1,1.0,0.5287711966424035,0.5287711966424035,1.0,0.6931471805599453,0.6931471805599453,0.4244642732656591,1.0,0.0,0.0,0.0,0.0,0.0
2019-11-25,1,1,1.0,0.7517178599172752,0.7517178599172752,1.0,0.6931471805599453,0.6931471805599453,0.5605969406860475,1.0,1.0,0.0,0.0,1.0,0.0
2019-11-26,1,1,1.0,0.7971864640809296,0.7971864640809296,1.0,0.6931471805599453,0.6931471805599453,0.586222366514533,1.0,1.0,0.0,0.0,0.0,0.0
2019-11-27,2,1,0.5,0.5573971371537553,1.1147942743075105,0.5,1.0986122886681098,0.6931471805599453,0.7489575379362602,0.5,0.5,0.5,0.0,0.0,0.0
2019-11-28,3,3,1.0,0.7655315837681695,2.2965947513045086,1.0,1.3862943611198906,1.3862943611198906,1.1928900421596644,0.6666666666666666,0.3333333333333333,0.3333333333333333,0.0,0.0,0.0
2019-11-29,4,3,0.75,0.6879375662684439,2.7517502650737757,0.75,1.6094379124341003,1.3862943611198906,1.322222468447328,0.5,0.5,0.75,0.25,0.25,0.0
2019-11-30,7,2,0.2857142857142857,0.4059776693485689,2.841843685439982,0.2857142857142857,2.0794415416798357,1.0986122886681098,1.3459523777924893,0.42857142857142855,0.8571428571428571,0.5714285714285714,0.14285714285714285,0.0,0.0
2019-12-01,4,2,0.5,0.48821387687317386,1.9528555074926954,0.5,1.6094379124341003,1.0986122886681098,1.0827726708137724,0.75,0.5,0.5,0.0,0.25,0.0
2019-12-02,3,2,0.6666666666666666,0.586825451611166,1.7604763548334978,0.6666666666666666,1.3862943611198906,1.0986122886681098,1.0154032571676932,0.3333333333333333,0.6666666666666666,0.6666666666666666,0.3333333333333333,0.0,0.0
2019-12-04,2,1,0.5,0.4969776488204819,0.9939552976409638,0.5,1.0986122886681098,0.6931471805599453,0.6901202528535272,0.5,0.0,0.5,0.0,0.0,0.0
2019-12-05,5,3,0.6,0.7050454276825334,3.525227138412667,0.6,1.791759469228055,1.3862943611198906,1.5096677722263867,0.8,0.8,0.8,0.0,0.0,0.0
2019-12-06,3,1,0.3333333333333333,0.5455818667030751,1.636745600109225,0.3333333333333333,1.3862943611198906,0.6931471805599453,0.9695454294936552,0.6666666666666666,0.6666666666666666,0.3333333333333333,0.3333333333333333,0.0,0.0
2019-12-07,2,2,1.0,0.856355080454652,1.712710160909304,1.0,1.0986122886681098,1.0986122886681098,0.9979481945415014,1.0,1.0,0.5,0.0,0.5,0.0
2019-12-08,1,0,0.0,0.28902099591939595,0.28902099591939595,0.0,0.6931471805599453,0.0,0.2538830123576721,0.0,0.0,1.0,0.0,0.0,0.0
2019-12-09,4,2,0.5,0.5919475447056374,2.3677901788225495,0.5,1.6094379124341003,1.0986122886681098,1.2142567959900894,0.75,0.75,0.75,0.0,0.0,0.0
2019-12-10,1,1,1.0,0.6549832508534079,0.6549832508534079,1.0,0.6931471805599453,0.6931471805599453,0.5037908884475483,0.0,0.0,1.0,0.0,0.0,0.0
2019-12-11,2,0,0.0,0.37935399585202134,0.7587079917040427,0.0,1.0986122886681098,0.0,0.5645794438472259,0.5,0.0,1.0,0.0,0.0,0.0
2019-12-12,1,1,1.0,0.8147298392170366,0.8147298392170366,1.0,0.6931471805599453,0.6931471805599453,0.5959366077214815,0.0,1.0,1.0,0.0,0.0,0.0
2019-12-13,2,1,0.5,0.4664010800002564,0.9328021600005127,0.5,1.0986122886681098,0.6931471805599453,0.6589708463076684,0.0,0.5,1.0,0.0,0.0,0.0
2019-12-14,2,1,0.5,0.6419432847362138,1.2838865694724275,0.5,1.0986122886681098,0.6931471805599453,0.8258786274573707,0.5,1.0,0.5,0.0,0.5,0.0
2019-12-16,4,4,1.0,0.7095853585221055,2.838341434088422,1.0,1.6094379124341003,1.6094379124341003,1.3450403550899597,0.75,0.75,0.75,0.25,0.0,0.0
2019-12-17,1,0,0.0,0.2701523759697588,0.2701523759697588,0.0,0.6931471805599453,0.0,0.23913687435189618,0.0,0.0,1.0,0.0,0.0,0.0
2019-12-18,1,0,0.0,0.26694596555413347,0.26694596555413347,0.0,0.6931471805599453,0.0,0.2366092528795563,0.0,0.0,1.0,0.0,0.0,0.0
2019-12-19,3,1,0.3333333333333333,0.33549218426737926,1.0064765528021378,0.3333333333333333,1.3862943611198906,0.6931471805599453,0.696380225035893,0.3333333333333333,0.6666666666666666,0.6666666666666666,0.0,0.0,0.0
2019-12-20,1,1,1.0,0.5045183278186591,0.5045183278186591,1.0,0.6931471805599453,0.6931471805599453,0.40847279901353634,0.0,0.0,1.0,0.0,0.0,0.0
2019-12-22,1,0,0.0,0.3760742902855458,0.3760742902855458,0.0,0.6931471805599453,0.0,0.31923472808684267,0.0,0.0,1.0,0.0,0.0,0.0
2019-12-23,3,2,0.6666666666666666,0.5939835363960856,1.7819506091882569,0.6666666666666666,1.3862943611198906,1.0986122886681098,1.0231523396370588,0.3333333333333333,0.3333333333333333,1.0,0.0,0.0,0.0
2019-12-24,3,3,1.0,0.7721163216613727,2.316348964984118,1.0,1.3862943611198906,1.3862943611198906,1.1988644684622645,1.0,1.0,0.0,0.6666666666666666,0.0,0.0
2019-12-27,3,3,1.0,0.7302141140859665,2.1906423422578993,1.0,1.3862943611198906,1.3862943611198906,1.1602222577356789,1.0,0.6666666666666666,0.3333333333333333,0.0,0.0,0.0
2019-12-28,1,1,1.0,0.7179781217226878,0.7179781217226878,1.0,0.6931471805599453,0.6931471805599453,0.5411480887444732,1.0,1.0,1.0,0.0,1.0,0.0
2019-12-30,2,2,1.0,0.8859109070524452,1.7718218141048905,1.0,1.0986122886681098,1.0986122886681098,1.0195047986356274,1.0,0.0,1.0,0.0,0.0,0.0
2019-12-31,4,1,0.25,0.47972479784727007,1.9188991913890803,0.25,1.6094379124341003,0.6931471805599453,1.0712065559515636,0.5,0.0,0.75,0.0,0.0,0.0
2020-01-03,1,0,0.0,0.3853050140210729,0.3853050140210729,0.0,0.6931471805599453,0.0,0.3259203421229718,0.0,0.0,1.0,0.0,0.0,0.0
2020-01-04,1,1,1.0,0.9452317318561616,0.9452317318561616,1.0,0.6931471805599453,0.6931471805599453,0.6653811123160239,1.0,1.0,0.0,0.0,0.0,0.0
2020-01-05,1,0,0.0,0.4809185203783254,0.4809185203783254,0.0,0.6931471805599453,0.0,0.39266251714715816,0.0,0.0,1.0,0.0,0.0,0.0
2020-01-06,2,2,1.0,0.6921118218355855,1.384223643671171,1.0,1.0986122886681098,1.0986122886681098,0.8688735550679485,1.0,0.0,0.0,0.0,1.0,0.0
2020-01-07,2,2,1.0,0.6012524755848994,1.2025049511697987,1.0,1.0986122886681098,1.0986122886681098,0.7895953268028779,1.0,0.0,0.5,0.0,0.0,0.0
2020-01-08,2,2,1.0,0.686932909614794,1.373865819229588,1.0,1.0986122886681098,1.0986122886681098,0.8645197736253162,1.0,0.5,1.0,0.0,0.0,0.0
2020-01-10,2,2,1.0,0.8027690730095518,1.6055381460191036,1.0,1.0986122886681098,1.0986122886681098,0.9576392358353213,1.0,1.0,0.5,0.0,0.0,0.0
2020-01-11,4,2,0.5,0.5764383494274998,2.3057533977099993,0.5,1.6094379124341003,1.0986122886681098,1.1956644042724622,0.5,0.25,1.0,0.0,0.0,0.0
2020-01-12,5,4,0.8,0.6814760101628761,3.4073800508143806,0.8,1.791759469228055,1.6094379124341003,1.4832804201298553,0.6,0.6,0.8,0.0,0.2,0.0
2020-01-13,1,0,0.0,0.27325255243652885,0.27325255243652885,0.0,0.6931471805599453,0.0,0.2415746914430682,0.0,0.0,1.0,0.0,0.0,0.0
2020-01-14,1,0,0.0,0.3034718762787348,0.3034718762787348,0.0,0.6931471805599453,0.0,0.2650313786149239,1.0,1.0,0.0,0.0,0.0,0.0
2020-01-15,4,3,0.75,0.7225968229817694,2.8903872919270777,0.75,1.6094379124341003,1.3862943611198906,1.3585087135812006,0.75,0.0,1.0,0.0,0.0,0.0
2020-01-16,2,2,1.0,0.816902501550256,1.633805003100512,1.0,1.0986122886681098,1.0986122886681098,0.9684295698671318,1.0,0.5,1.0,0.0,0.0,0.0
2020-01-17,3,3,1.0,0.9203986524663491,2.7611959573990474,1.0,1.3862943611198906,1.3862943611198906,1.324736980603406,1.0,0.6666666666666666,0.6666666666666666,0.6666666666666666,0.0,0.0
2020-01-18,5,3,0.6,0.6124784319532025,3.0623921597660124,0.6,1.791759469228055,1.3862943611198906,1.4017720020151574,0.2,0.2,0.8,0.0,0.0,0.0
2020-01-19,2,1,0.5,0.5886283089905469,1.1772566179810937,0.5,1.0986122886681098,0.6931471805599453,0.778065652191601,1.0,0.0,0.0,0.0,0.0,0.0
2020-01-20,2,2,1.0,0.5622502933996718,1.1245005867993436,1.0,1.0986122886681098,1.0986122886681098,0.7535367567785483,1.0,0.0,0.0,0.0,0.5,0.0
2020-01-21,2,1,0.5,0.47501669477676167,0.9500333895535233,0.5,1.0986122886681098,0.6931471805599453,0.6678464952770219,0.5,0.5,0.5,0.0,0.0,0.0
2020-01-22,3,2,0.6666666666666666,0.6836943285933628,2.0510829857800883,0.6666666666666666,1.3862943611198906,1.0986122886681098,1.1154966048992396,0.6666666666666666,0.6666666666666666,1.0,0.0,0.0,0.0
2020-01-23,1,0,0.0,0.34582402873459656,0.34582402873459656,0.0,0.6931471805599453,0.0,0.29700648622302966,1.0,0.0,0.0,0.0,0.0,0.0
2020-01-24,4,2,0.5,0.5613501075620531,2.2454004302482122,0.5,1.6094379124341003,1.0986122886681098,1.1772387416949956,0.5,0.25,0.5,0.0,0.0,0.0
2020-01-25,2,1,0.5,0.5891305573267227,1.1782611146534454,0.5,1.0986122886681098,0.6931471805599453,0.7785269046772169,0.5,0.5,0.5,0.0,0.0,0.0
2020-01-26,1,0,0.0,0.45984524338596394,0.45984524338596394,0.0,0.6931471805599453,0.0,0.3783304324212473,0.0,0.0,1.0,0.0,0.0,0.0
2020-01-27,1,0,0.0,0.4040122239994475,0.4040122239994475,0.0,0.6931471805599453,0.0,0.3393340121180306,0.0,1.0,1.0,0.0,0.0,0.0
2020-01-28,2,0,0.0,0.30173351838491064,0.6034670367698213,0.0,1.0986122886681098,0.0,0.47216818288945933,0.0,1.0,1.0,0.0,0.0,0.0
2020-02-13,3,3,1.0,0.8168002361501813,2.4504007084505437,1.0,1.3862943611198906,1.3862943611198906,1.2384903716756532,1.0,0.6666666666666666,0.3333333333333333,0.0,0.0,0.0
2020-02-17,5,3,0.6,0.6654816369896664,3.3274081849483323,0.6,1.791759469228055,1.3862943611198906,1.46496879119343,0.8,0.4,0.6,0.0,0.4,0.0
2020-02-18,6,4,0.6666666666666666,0.7039476264988095,4.223685758992857,0.6666666666666666,1.9459101490553132,1.6094379124341003,1.6532032368326972,0.8333333333333334,0.8333333333333334,0.8333333333333334,0.3333333333333333,0.16666666666666666,0.0
2020-02-19,2,0,0.0,0.42065622900283955,0.8413124580056791,0.0,1.0986122886681098,0.0,0.6104786097431716,0.5,0.5,1.0,0.5,0.0,0.0
2020-02-20,1,1,1.0,0.5707910178835811,0.5707910178835811,1.0,0.6931471805599453,0.6931471805599453,0.45157932552583024,1.0,0.0,0.0,0.0,0.0,0.0
2020-02-21,1,1,1.0,0.7617630120755873,0.7617630120755873,1.0,0.6931471805599453,0.6931471805599453,0.5663150190785692,1.0,1.0,0.0,0.0,0.0,0.0
2020-02-22,1,1,1.0,0.6046868803216859,0.6046868803216859,1.0,0.6931471805599453,0.6931471805599453,0.4729286474071702,1.0,0.0,0.0,0.0,0.0,0.0
2020-02-23,1,0,0.0,0.166890551953445,0.166890551953445,0.0,0.6931471805599453,0.0,0.15434256309086875,0.0,0.0,1.0,0.0,0.0,0.0
2020-02-24,5,4,0.8,0.813288805119743,4.066444025598715,0.8,1.791759469228055,1.6094379124341003,1.622639195902586,0.8,0.6,0.6,0.2,0.0,0.0
2020-02-25,1,1,1.0,0.8772173127139307,0.8772173127139307,1.0,0.6931471805599453,0.6931471805599453,0.6297905275218123,1.0,1.0,0.0,0.0,0.0,0.0
2020-02-26,2,1,0.5,0.5807445786021376,1.1614891572042751,0.5,1.0986122886681098,0.6931471805599453,0.7707974087836941,0.5,0.0,1.0,0.0,0.0,0.0
2020-02-27,1,1,1.0,0.7037911250922608,0.7037911250922608,1.0,0.6931471805599453,0.6931471805599453,0.5328558417224749,1.0,0.0,0.0,0.0,0.0,0.0
2020-02-28,9,3,0.3333333333333333,0.46116811807654223,4.15051306268888,0.3333333333333333,2.302585092994046,1.3862943611198906,1.6390963335366047,0.5555555555555556,0.7777777777777778,0.7777777777777778,0.0,0.1111111111111111,0.0
2020-02-29,3,0,0.0,0.3221130603526372,0.9663391810579116,0.0,1.3862943611198906,0.0,0.6761735302717383,0.3333333333333333,0.3333333333333333,0.6666666666666666,0.0,0.3333333333333333,0.0
2020-03-01,7,5,0.7142857142857143,0.5746669099493192,4.022668369645235,0.7142857142857143,2.0794415416798357,1.791759469228055,1.6139613402202753,0.5714285714285714,0.7142857142857143,0.8571428571428571,0.0,0.2857142857142857,0.0
2020-03-02,2,2,1.0,0.6986952700768865,1.397390540153773,1.0,1.0986122886681098,1.0986122886681098,0.8743808709057824,0.5,0.5,1.0,0.5,0.0,0.0
2020-03-03,1,0,0.0,0.280752994986433,0.280752994986433,0.0,0.6931471805599453,0.0,0.24744818229739807,0.0,0.0,1.0,0.0,0.0,0.0
2020-03-04,1,1,1.0,0.9267314106470257,0.9267314106470257,1.0,0.6931471805599453,0.6931471805599453,0.6558249975936248,0.0,1.0,1.0,0.0,0.0,0.0
2020-03-05,6,6,1.0,0.5885657271358687,3.5313943628152127,1.0,1.9459101490553132,1.9459101490553132,1.5110296984932576,1.0,1.0,0.0,0.6666666666666666,0.0,0.0
2020-03-06,3,2,0.6666666666666666,0.5283988292149697,1.5851964876449092,0.6666666666666666,1.3862943611198906,1.0986122886681098,0.9498015157660816,0.6666666666666666,0.6666666666666666,0.3333333333333333,0.0,0.0,0.0
2020-03-07,3,2,0.6666666666666666,0.4849297003697311,1.4547891011091933,0.6666666666666666,1.3862943611198906,1.0986122886681098,0.8980408516945283,0.3333333333333333,1.0,1.0,0.0,0.0,0.0
2020-03-08,1,0,0.0,0.4715478024149311,0.4715478024149311,0.0,0.6931471805599453,0.0,0.38631477366489037,1.0,1.0,0.0,0.0,0.0,0.0
2020-03-09,2,0,0.0,0.37431677994029056,0.7486335598805811,0.0,1.0986122886681098,0.0,0.5588346600090419,0.5,0.5,0.5,0.0,0.0,0.0
2020-03-10,6,4,0.6666666666666666,0.5717283967579267,3.4303703805475605,0.6666666666666666,1.9459101490553132,1.6094379124341003,1.488483187909224,1.0,1.0,0.16666666666666666,0.6666666666666666,0.16666666666666666,0.0
2020-03-11,4,2,0.5,0.5688240568090229,2.2752962272360917,0.5,1.6094379124341003,1.0986122886681098,1.1864083160612198,0.5,0.75,0.75,0.25,0.0,0.0
2020-03-12,3,0,0.0,0.3560798553294928,1.0682395659884785,0.0,1.3862943611198906,0.0,0.7266977942251838,0.0,0.6666666666666666,1.0,0.0,0.0,0.0
2020-03-13,1,1,1.0,0.5176304752529468,0.5176304752529468,1.0,0.6931471805599453,0.6931471805599453,0.4171502206527428,1.0,0.0,0.0,0.0,0.0,0.0
2020-03-14,7,3,0.42857142857142855,0.476993882059337,3.338957174415359,0.42857142857142855,2.0794415416798357,1.3862943611198906,1.4676340368471,0.42857142857142855,0.8571428571428571,0.8571428571428571,0.0,0.14285714285714285,0.0
2020-03-15,6,2,0.3333333333333333,0.4471088224214779,2.6826529345288677,0.3333333333333333,1.9459101490553132,1.0986122886681098,1.303633398574815,0.8333333333333334,0.6666666666666666,0.5,0.0,0.16666666666666666,0.0
2020-03-16,2,2,1.0,0.9286408186373379,1.8572816372746759,1.0,1.0986122886681098,1.0986122886681098,1.049870696365182,1.0,1.0,0.0,0.0,0.0,0.0
2020-03-17,2,1,0.5,0.5006609727594591,1.0013219455189182,0.5,1.0986122886681098,0.6931471805599453,0.6938079349731187,0.5,0.5,0.5,0.0,0.0,0.0
2020-03-19,2,1,0.5,0.5353395562403811,1.0706791124807622,0.5,1.0986122886681098,0.6931471805599453,0.7278766271350853,1.0,1.0,0.0,0.0,0.0,0.0
2020-03-20,2,1,0.5,0.4290759942272635,0.858151988454527,0.5,1.0986122886681098,0.6931471805599453,0.6195824392282304,0.5,1.0,0.5,0.0,0.5,0.0
2020-03-21,6,3,0.5,0.5708398387529595,3.4250390325177573,0.5,1.9459101490553132,1.3862943611198906,1.4872790993289566,0.6666666666666666,0.8333333333333334,0.6666666666666666,0.0,0.0,0.0
2020-03-22,2,1,0.5,0.676412620369998,1.352825240739996,0.5,1.0986122886681098,0.6931471805599453,0.8556168361582799,0.5,0.0,0.5,0.0,0.0,0.0
2020-03-23,1,0,0.0,0.2610965485757981,0.2610965485757981,0.0,0.6931471805599453,0.0,0.23198161913969104,0.0,0.0,1.0,0.0,0.0,0.0
2020-03-24,2,0,0.0,0.3979969935759097,0.7959939871518193,0.0,1.0986122886681098,0.0,0.5855586219633898,0.5,0.5,0.5,0.0,0.0,0.0
2020-03-25,3,1,0.3333333333333333,0.5465153866496866,1.6395461599490597,0.3333333333333333,1.3862943611198906,0.6931471805599453,0.9706069932699554,0.0,0.3333333333333333,1.0,0.0,0.0,0.0
2020-03-26,4,1,0.25,0.4583714134028295,1.833485653611318,0.25,1.6094379124341003,0.6931471805599453,1.041507633481251,0.0,0.5,1.0,0.25,0.0,0.0
2020-03-27,4,1,0.25,0.37173877468828015,1.4869550987531206,0.25,1.6094379124341003,0.6931471805599453,0.9110591102767496,0.5,0.75,0.75,0.0,0.0,0.0
2020-03-28,5,2,0.4,0.49466368065772226,2.4733184032886113,0.4,1.791759469228055,1.0986122886681098,1.2451104491705054,0.6,0.6,0.6,0.0,0.0,0.0
2020-03-29,6,4,0.6666666666666666,0.6624499625600996,3.9746997753605973,0.6666666666666666,1.9459101490553132,1.6094379124341003,1.6043650221284367,0.8333333333333334,0.8333333333333334,0.6666666666666666,0.3333333333333333,0.16666666666666666,0.0
2020-03-30,2,0,0.0,0.23916685668462162,0.47833371336924324,0.0,1.0986122886681098,0.0,0.39091558416391414,0.0,1.0,1.0,0.0,0.0,0.0
2020-03-31,8,8,1.0,0.8101631741555649,6.4813053932445195,1.0,2.1972245773362196,2.1972245773362196,2.012407294573362,1.0,1.0,0.0,0.0,0.375,0.0
2020-04-01,2,2,1.0,0.6851599731562076,1.3703199463124152,1.0,1.0986122886681098,1.0986122886681098,0.8630249444796269,1.0,1.0,0.0,0.0,0.0,0.0
2020-04-02,2,1,0.5,0.6529992855522438,1.3059985711044877,0.5,1.0986122886681098,0.6931471805599453,0.8355138022042154,0.5,0.5,1.0,0.5,0.0,0.0
2020-04-03,4,4,1.0,0.9560565737697362,3.8242262950789447,1.0,1.6094379124341003,1.6094379124341003,1.573650368581462,1.0,0.75,0.75,0.0,0.0,0.0
2020-04-04,4,2,0.5,0.5500097636062203,2.2000390544248813,0.5,1.6094379124341003,1.0986122886681098,1.163163014238982,0.5,0.75,0.75,0.0,0.0,0.0
2020-04-05,1,1,1.0,0.976775283621958,0.976775283621958,1.0,0.6931471805599453,0.6931471805599453,0.6814668723876496,1.0,1.0,1.0,0.0,0.0,0.0
2020-04-06,2,1,0.5,0.6838788021976598,1.3677576043953197,0.5,1.0986122886681098,0.6931471805599453,0.8619433487735757,0.5,0.5,0.5,0.0,0.0,0.0
2020-04-07,2,0,0.0,0.4552358584548558,0.9104717169097116,0.0,1.0986122886681098,0.0,0.6473501837699617,0.0,0.0,1.0,0.0,0.0,0.0
2020-04-08,3,2,0.6666666666666666,0.6366291903582654,1.9098875710747962,0.6666666666666666,1.3862943611198906,1.0986122886681098,1.0681144450675502,0.3333333333333333,0.6666666666666666,0.6666666666666666,0.0,0.0,0.0
2020-04-09,4,4,1.0,0.7878255670851491,3.1513022683405962,1.0,1.6094379124341003,1.6094379124341003,1.4234220846179537,1.0,1.0,0.75,0.0,0.0,0.0
2020-04-10,1,1,1.0,0.7829549123958766,0.7829549123958766,1.0,0.6931471805599453,0.6931471805599453,0.5782720510659672,1.0,1.0,0.0,0.0,0.0,0.0
2020-04-11,2,2,1.0,0.721254380139821,1.442508760279642,1.0,1.0986122886681098,1.0986122886681098,0.8930256915321118,1.0,1.0,0.5,0.0,0.0,0.0
2020-04-12,2,0,0.0,0.4106710996177453,0.8213421992354906,0.0,1.0986122886681098,0.0,0.599573701397183,0.5,0.5,0.5,0.0,0.0,0.0
2020-04-14,3,2,0.6666666666666666,0.5955711503461804,1.786713451038541,0.6666666666666666,1.3862943611198906,1.0986122886681098,1.024862926937767,0.3333333333333333,0.3333333333333333,0.6666666666666666,0.0,0.0,0.0
2020-04-15,1,1,1.0,0.5388544737673525,0.5388544737673525,1.0,0.6931471805599453,0.6931471805599453,0.4310382914301759,1.0,0.0,0.0,0.0,0.0,0.0
2020-04-16,3,2,0.6666666666666666,0.499435680370584,1.498307041111752,0.6666666666666666,1.3862943611198906,1.0986122886681098,0.9156133189265058,0.3333333333333333,0.3333333333333333,0.6666666666666666,0.0,0.0,0.0
2020-04-17,2,1,0.5,0.6314658245660966,1.2629316491321931,0.5,1.0986122886681098,0.6931471805599453,0.8166611625417889,1.0,1.0,0.5,0.0,0.0,0.0
2020-04-18,5,3,0.6,0.5800091159033832,2.900045579516916,0.6,1.791759469228055,1.3862943611198906,1.3609882401229272,0.4,0.6,1.0,0.2,0.0,0.0
2020-04-19,2,1,0.5,0.5807364927230065,1.161472985446013,0.5,1.0986122886681098,0.6931471805599453,0.7707899269886986,1.0,1.0,0.0,0.5,0.0,0.0
2020-04-21,1,1,1.0,0.8130705636836654,0.8130705636836654,1.0,0.6931471805599453,0.6931471805599453,0.5950218519660391,1.0,1.0,0.0,0.0,0.0,0.0
2020-04-23,2,1,0.5,0.5102322696099145,1.020464539219829,0.5,1.0986122886681098,0.6931471805599453,0.7033274548848932,0.0,0.5,1.0,0.0,0.5,0.0
2020-04-24,3,2,0.6666666666666666,0.5450173118003643,1.6350519354010928,0.6666666666666666,1.3862943611198906,1.0986122886681098,0.9689028916287262,0.6666666666666666,0.3333333333333333,0.3333333333333333,0.0,0.3333333333333333,0.0
2020-05-27,2,1,0.5,0.6100182337439857,1.2200364674879713,0.5,1.0986122886681098,0.6931471805599453,0.7975236225456532,0.5,1.0,1.0,0.0,0.0,0.0
2020-05-28,3,3,1.0,0.7323055526200163,2.196916657860049,1.0,1.3862943611198906,1.3862943611198906,1.1621868008796166,0.3333333333333333,0.3333333333333333,1.0,0.0,0.0,0.0
2020-05-29,5,4,0.8,0.6824865039507934,3.412432519753967,0.8,1.791759469228055,1.6094379124341003,1.4844261291688712,0.8,0.8,0.6,0.0,0.2,0.0
2020-05-30,1,1,1.0,0.7144520132556714,0.7144520132556714,1.0,0.6931471805599453,0.6931471805599453,0.5390935037602163,0.0,0.0,1.0,0.0,0.0,0.0
2020-05-31,2,1,0.5,0.63585646444871,1.27171292889742,0.5,1.0986122886681098,0.6931471805599453,0.8205341411581694,1.0,1.0,0.5,0.0,0.0,0.0
2020-06-02,6,6,1.0,0.7854610584680445,4.712766350808267,1.0,1.9459101490553132,1.9459101490553132,1.7427033810954267,1.0,1.0,1.0,0.0,0.0,0.0
2020-06-06,1,1,1.0,0.5782854484119544,0.5782854484119544,1.0,0.6931471805599453,0.6931471805599453,0.4563390985943573,1.0,1.0,0.0,0.0,0.0,0.0
2020-06-07,3,1,0.3333333333333333,0.4779187827485855,1.4337563482457565,0.3333333333333333,1.3862943611198906,0.6931471805599453,0.889435886122342,0.6666666666666666,0.6666666666666666,0.3333333333333333,0.0,0.0,0.0
2020-06-08,3,1,0.3333333333333333,0.5029785844840876,1.508935753452263,0.3333333333333333,1.3862943611198906,0.6931471805599453,0.9198586606205094,0.0,0.3333333333333333,1.0,0.0,0.3333333333333333,0.0
2020-06-09,1,1,1.0,0.50077282327449,0.50077282327449,1.0,0.6931471805599453,0.6931471805599453,0.4059801909465468,1.0,0.0,0.0,0.0,0.0,0.0
2020-06-10,4,3,0.75,0.5486264348374008,2.1945057393496032,0.75,1.6094379124341003,1.3862943611198906,1.161432377693364,0.25,0.75,1.0,0.0,0.0,0.0
2020-06-11,1,1,1.0,0.6668068252583225,0.6668068252583225,1.0,0.6931471805599453,0.6931471805599453,0.5109097153851849,0.0,0.0,1.0,0.0,0.0,0.0
2020-06-12,5,3,0.6,0.6584847587802125,3.2924237939010625,0.6,1.791759469228055,1.3862943611198906,1.4568515603182295,0.4,0.4,0.6,0.0,0.0,0.0
2020-06-17,4,1,0.25,0.5232034334465054,2.0928137337860218,0.25,1.6094379124341003,0.6931471805599453,1.1290812700292008,0.5,0.25,0.5,0.0,0.0,0.0
2020-06-18,1,0,0.0,0.3505210383632468,0.3505210383632468,0.0,0.6931471805599453,0.0,0.30049047233226484,0.0,0.0,1.0,0.0,0.0,0.0
2020-06-20,2,2,1.0,0.7009641697429124,1.4019283394858248,1.0,1.0986122886681098,1.0986122886681098,0.8762718895265906,0.5,0.5,0.5,0.5,0.0,0.0
2020-06-22,2,2,1.0,0.7366493070931837,1.4732986141863673,1.0,1.0986122886681098,1.0986122886681098,0.9055527310216976,0.5,0.0,1.0,0.0,0.0,0.0
2020-06-23,3,2,0.6666666666666666,0.5756662991644191,1.7269988974932575,0.6666666666666666,1.3862943611198906,1.0986122886681098,1.0032016995704682,0.6666666666666666,0.6666666666666666,0.3333333333333333,0.0,0.3333333333333333,0.0
2020-06-24,2,1,0.5,0.7188002058927005,1.437600411785401,0.5,1.0986122886681098,0.6931471805599453,0.8910141176200179,0.5,0.0,1.0,0.0,0.0,0.0
2020-06-25,3,2,0.6666666666666666,0.6750605058485851,2.0251815175457555,0.6666666666666666,1.3862943611198906,1.0986122886681098,1.1069710954827785,0.6666666666666666,0.3333333333333333,0.3333333333333333,0.0,0.0,0.0
2020-06-30,1,1,1.0,0.7024705185343377,0.7024705185343377,1.0,0.6931471805599453,0.6931471805599453,0.5320804423185206,1.0,1.0,0.0,0.0,0.0,0.0
2020-07-01,5,3,0.6,0.561085560900467,2.805427804502335,0.6,1.791759469228055,1.3862943611198906,1.3364284171887182,0.6,0.4,0.8,0.0,0.0,0.0
2020-07-02,2,1,0.5,0.3714803998192696,0.7429607996385392,0.5,1.0986122886681098,0.6931471805599453,0.5555852761177584,0.0,0.0,1.0,0.0,0.0,0.0
2020-07-04,3,1,0.3333333333333333,0.4935389482654118,1.4806168447962353,0.3333333333333333,1.3862943611198906,0.6931471805599453,0.9085072569896921,0.0,0.0,1.0,0.0,0.0,0.0
2020-07-07,4,0,0.0,0.30436197613460947,1.2174479045384379,0.0,1.6094379124341003,0.0,0.7963569420455624,0.0,0.0,1.0,0.0,0.0,0.0
2020-07-08,3,0,0.0,0.31202733594024346,0.9360820078207304,0.0,1.3862943611198906,0.0,0.660666347368785,0.0,0.0,1.0,0.0,0.0,0.0
2020-07-09,3,3,1.0,0.7768503708052247,2.330551112415674,1.0,1.3862943611198906,1.3862943611198906,1.2031377895227928,0.6666666666666666,0.0,0.6666666666666666,0.3333333333333333,0.0,0.0
2020-07-10,1,0,0.0,0.4094899066619216,0.4094899066619216,0.0,0.6931471805599453,0.0,0.3432278706112516,0.0,0.0,1.0,0.0,0.0,0.0
2020-07-11,1,1,1.0,0.7157059547054485,0.7157059547054485,1.0,0.6931471805599453,0.6931471805599453,0.5398246313160587,0.0,0.0,1.0,0.0,0.0,0.0
2020-07-13,2,2,1.0,0.687563744903384,1.375127489806768,1.0,1.0986122886681098,1.0986122886681098,0.8650511159645284,1.0,0.0,0.0,0.0,0.0,0.0
2020-07-14,2,0,0.0,0.4136118102747593,0.8272236205495186,0.0,1.0986122886681098,0.0,0.6027976675794043,0.0,0.0,1.0,0.0,0.0,0.0
2020-07-15,1,1,1.0,0.7332826057146576,0.7332826057146576,1.0,0.6931471805599453,0.6931471805599453,0.5500170705571649,0.0,0.0,1.0,0.0,0.0,0.0
2020-07-16,2,1,0.5,0.523525485508601,1.047050971017202,0.5,1.0986122886681098,0.6931471805599453,0.7164002067195113,0.0,0.5,1.0,0.0,0.0,0.0
2020-07-17,4,2,0.5,0.46416891729781845,1.8566756691912738,0.5,1.6094379124341003,1.0986122886681098,1.0496585953454605,0.0,0.5,1.0,0.0,0.0,0.0
2020-07-19,2,2,1.0,0.7702233558393037,1.5404467116786074,1.0,1.0986122886681098,1.0986122886681098,0.9323399363066089,1.0,1.0,1.0,0.0,0.0,0.0
2020-07-20,2,1,0.5,0.4217908607120081,0.8435817214240162,0.5,1.0986122886681098,0.6931471805599453,0.6117102672045303,0.5,0.5,0.5,0.0,0.0,0.0
2020-07-21,3,0,0.0,0.4517675268349956,1.3553025805049868,0.0,1.3862943611198906,0.0,0.8566692035058464,0.3333333333333333,0.3333333333333333,0.6666666666666666,0.3333333333333333,0.0,0.0
2020-07-22,5,2,0.4,0.4774434903554126,2.387217451777063,0.4,1.791759469228055,1.0986122886681098,1.2200087736575878,0.2,1.0,1.0,0.2,0.2,0.0
2020-07-23,1,0,0.0,0.31505993883776956,0.31505993883776956,0.0,0.6931471805599453,0.0,0.2738822454561758,0.0,1.0,1.0,0.0,0.0,0.0
2020-07-25,1,0,0.0,0.27500835072549856,0.27500835072549856,0.0,0.6931471805599453,0.0,0.24295272817756733,0.0,0.0,1.0,0.0,0.0,0.0
2020-07-27,2,1,0.5,0.5011567177807299,1.0023134355614598,0.5,1.0986122886681098,0.6931471805599453,0.6943032298581105,0.0,0.0,1.0,0.0,0.0,0.0
2020-07-28,1,1,1.0,0.8286139312546318,0.8286139312546318,1.0,0.6931471805599453,0.6931471805599453,0.6035582652550053,1.0,1.0,1.0,0.0,0.0,0.0
2020-07-29,2,2,1.0,0.7943075562587527,1.5886151125175054,1.0,1.0986122886681098,1.0986122886681098,0.9511230271137351,1.0,0.5,0.5,0.0,0.0,0.0
2020-07-30,2,0,0.0,0.27220992800064514,0.5444198560012903,0.0,1.0986122886681098,0.0,0.43464834209898884,0.0,0.5,1.0,0.0,0.0,0.0
2020-07-31,2,1,0.5,0.4089796360911925,0.817959272182385,0.5,1.0986122886681098,0.6931471805599453,0.5977145929644042,0.5,1.0,1.0,0.0,0.5,0.0
2020-08-01,1,0,0.0,0.3745428279518491,0.3745428279518491,0.0,0.6931471805599453,0.0,0.3181211870695994,0.0,0.0,1.0,0.0,0.0,0.0
2020-08-02,2,1,0.5,0.48609804187818517,0.9721960837563703,0.5,1.0986122886681098,0.6931471805599453,0.6791476851907504,0.0,0.5,1.0,0.0,0.0,0.0
2020-08-03,1,0,0.0,0.3298612075532221,0.3298612075532221,0.0,0.6931471805599453,0.0,0.285074581565136,1.0,1.0,0.0,0.0,0.0,0.0
2020-08-04,2,2,1.0,0.7473211179973447,1.4946422359946894,1.0,1.0986122886681098,1.0986122886681098,0.9141453265349128,0.5,0.5,1.0,0.0,0.0,0.0
2020-08-05,4,2,0.5,0.6032425045828302,2.412970018331321,0.5,1.6094379124341003,1.0986122886681098,1.2275828853361237,0.75,0.0,0.25,0.0,0.0,0.0
2020-08-06,2,1,0.5,0.5276691777972783,1.0553383555945566,0.5,1.0986122886681098,0.6931471805599453,0.7204404843192452,0.0,0.5,1.0,0.0,0.0,0.0
2020-08-07,3,0,0.0,0.35506771832412815,1.0652031549723844,0.0,1.3862943611198906,0.0,0.7252286017058935,0.3333333333333333,0.3333333333333333,0.6666666666666666,0.0,0.0,0.0
2020-08-09,4,3,0.75,0.65924081204834,2.63696324819336,0.75,1.6094379124341003,1.3862943611198906,1.2911490609753415,0.25,0.25,1.0,0.0,0.25,0.0
2020-08-10,2,1,0.5,0.5380220584834714,1.0760441169669428,0.5,1.0986122886681098,0.6931471805599453,0.7304642160253116,0.0,0.5,1.0,0.0,0.0,0.0
2020-08-11,2,2,1.0,0.552752632942256,1.105505265884512,1.0,1.0986122886681098,1.0986122886681098,0.744555469630497,0.0,0.5,1.0,0.0,0.0,0.0
2020-08-12,5,3,0.6,0.6530875470220993,3.2654377351104964,0.6,1.791759469228055,1.3862943611198906,1.450544809935137,0.6,0.4,0.8,0.0,0.0,0.0
2020-08-13,2,1,0.5,0.6106469554598936,1.2212939109197871,0.5,1.0986122886681098,0.6931471805599453,0.7980898688539789,0.5,0.0,1.0,0.0,0.0,0.0
2020-08-14,1,1,1.0,0.8150254733530984,0.8150254733530984,1.0,0.6931471805599453,0.6931471805599453,0.5960995025236141,1.0,0.0,1.0,0.0,0.0,0.0
2020-08-15,2,2,1.0,0.7439035930898981,1.4878071861797961,1.0,1.0986122886681098,1.0986122886681098,0.9114016743576863,0.5,0.5,1.0,0.0,0.0,0.0
2020-08-16,1,0,0.0,0.41306777037046377,0.41306777037046377,0.0,0.6931471805599453,0.0,0.3457630645978702,0.0,1.0,1.0,0.0,0.0,0.0
2020-08-17,1,1,1.0,0.8703563499780849,0.8703563499780849,1.0,0.6931471805599453,0.6931471805599453,0.6261289741975685,1.0,0.0,1.0,0.0,0.0,0.0
2020-08-18,1,0,0.0,0.4543021079673561,0.4543021079673561,0.0,0.6931471805599453,0.0,0.3745261346726327,1.0,0.0,0.0,0.0,0.0,0.0
2020-08-19,2,2,1.0,0.7370681285258402,1.4741362570516805,1.0,1.0986122886681098,1.0986122886681098,0.9058913480606754,0.5,0.0,1.0,0.0,0.0,0.0
2020-08-25,1,1,1.0,0.5827177366132377,0.5827177366132377,1.0,0.6931471805599453,0.6931471805599453,0.4591434558484476,0.0,1.0,1.0,0.0,0.0,0.0
2020-08-26,3,2,0.6666666666666666,0.5747126618427502,1.7241379855282504,0.6666666666666666,1.3862943611198906,1.0986122886681098,1.0021520424845884,0.6666666666666666,0.6666666666666666,1.0,0.0,0.0,0.0
2020-08-27,2,1,0.5,0.466891311178785,0.93378262235757,0.5,1.0986122886681098,0.6931471805599453,0.6594779927602926,0.0,0.0,1.0,0.0,0.0,0.0
2020-08-29,5,0,0.0,0.33834882437880937,1.6917441218940468,0.0,1.791759469228055,0.0,0.99018935596246,0.4,0.8,0.8,0.0,0.2,0.0
2020-08-31,3,2,0.6666666666666666,0.5450111016257358,1.6350333048772074,0.6666666666666666,1.3862943611198906,1.0986122886681098,0.968895821335539,0.3333333333333333,0.3333333333333333,0.6666666666666666,0.0,0.0,0.0
2020-09-01,2,2,1.0,0.7504571946067589,1.5009143892135177,1.0,1.0986122886681098,1.0986122886681098,0.916656420687257,1.0,0.5,0.0,0.0,0.0,0.0
2020-09-02,3,1,0.3333333333333333,0.5010745761968801,1.5032237285906402,0.3333333333333333,1.3862943611198906,0.6931471805599453,0.9175793926303556,0.3333333333333333,0.3333333333333333,0.6666666666666666,0.0,0.0,0.0
2020-09-03,4,1,0.25,0.4407168069002161,1.7628672276008643,0.25,1.6094379124341003,0.6931471805599453,1.01626899107724,0.25,0.5,0.75,0.0,0.0,0.0
2020-09-04,6,3,0.5,0.5604845706799205,3.3629074240795234,0.5,1.9459101490553132,1.3862943611198906,1.4731386755068983,1.0,0.6666666666666666,0.3333333333333333,0.0,0.0,0.0
2020-09-07,4,4,1.0,0.8060799181274215,3.224319672509686,1.0,1.6094379124341003,1.6094379124341003,1.4408582235852772,0.75,0.75,0.5,0.0,0.25,0.0
2020-09-08,4,1,0.25,0.49363239569307266,1.9745295827722906,0.25,1.6094379124341003,0.6931471805599453,1.0900859030568786,0.5,0.5,0.75,0.0,0.0,0.0
2020-09-09,3,1,0.3333333333333333,0.5470731381391377,1.641219414417413,0.3333333333333333,1.3862943611198906,0.6931471805599453,0.9712407099160695,0.6666666666666666,0.3333333333333333,0.3333333333333333,0.0,0.0,0.0
2020-09-10,4,1,0.25,0.43358857020993136,1.7343542808397254,0.25,1.6094379124341003,0.6931471805599453,1.005895313242234,0.0,0.25,1.0,0.0,0.0,0.0
2020-09-11,4,1,0.25,0.48468288743803073,1.938731549752123,0.25,1.6094379124341003,0.6931471805599453,1.0779780425885879,0.0,0.25,1.0,0.0,0.0,0.0
2020-09-13,3,3,1.0,0.6157538932116634,1.8472616796349903,1.0,1.3862943611198906,1.3862943611198906,1.0463577182395938,1.0,1.0,0.3333333333333333,0.3333333333333333,0.0,0.0
2020-09-14,3,2,0.6666666666666666,0.745997461348678,2.237992384046034,0.6666666666666666,1.3862943611198906,1.0986122886681098,1.1749535031977156,1.0,0.6666666666666666,0.3333333333333333,0.0,0.3333333333333333,0.0
2020-09-15,6,3,0.5,0.5102508037605946,3.0615048225635677,0.5,1.9459101490553132,1.3862943611198906,1.4015535508930164,0.5,0.16666666666666666,0.8333333333333334,0.0,0.0,0.0
2020-09-16,6,5,0.8333333333333334,0.595371592044254,3.572229552265524,0.8333333333333334,1.9459101490553132,1.791759469228055,1.5200009529542187,0.0,0.3333333333333333,1.0,0.0,0.16666666666666666,0.0
2020-09-17,3,3,1.0,0.6658859203601977,1.997657761080593,1.0,1.3862943611198906,1.3862943611198906,1.0978312374205117,0.0,0.0,1.0,0.0,0.0,0.0
2020-09-18,3,2,0.6666666666666666,0.5564356901751654,1.6693070705254962,0.6666666666666666,1.3862943611198906,1.0986122886681098,0.9818189145821846,0.3333333333333333,0.0,1.0,0.0,0.0,0.0
2020-09-19,10,9,0.9,0.779206518043903,7.792065180439029,0.9,2.3978952727983707,2.302585092994046,2.1738496306815542,0.8,0.8,1.0,0.0,0.0,0.0
2020-09-20,1,1,1.0,0.8337445325414377,0.8337445325414377,1.0,0.6931471805599453,0.6931471805599453,0.6063600688981147,1.0,1.0,1.0,0.0,0.0,0.0
2020-09-21,5,4,0.8,0.6303359913101857,3.1516799565509284,0.8,1.791759469228055,1.6094379124341003,1.4235130611370796,0.6,0.2,0.8,0.2,0.2,0.0
2020-09-22,1,1,1.0,0.6001846217377995,0.6001846217377995,1.0,0.6931471805599453,0.6931471805599453,0.4701190111751094,0.0,0.0,1.0,0.0,0.0,0.0
2020-09-23,6,5,0.8333333333333334,0.6422808707530562,3.853685224518337,0.8333333333333334,1.9459101490553132,1.791759469228055,1.579738256523921,0.3333333333333333,0.5,0.8333333333333334,0.0,0.0,0.0
2020-09-24,2,2,1.0,0.7456888028138628,1.4913776056277257,1.0,1.0986122886681098,1.0986122886681098,0.9128358127595226,1.0,0.5,0.5,0.0,0.5,0.0
2020-09-25,5,3,0.6,0.6440282254609583,3.2201411273047915,0.6,1.791759469228055,1.3862943611198906,1.43986856997802,0.8,0.4,0.6,0.0,0.0,0.0
2020-09-26,5,3,0.6,0.5663457731531476,2.8317288657657382,0.6,1.791759469228055,1.3862943611198906,1.3433161023250015,0.4,0.2,0.8,0.0,0.0,0.0
2020-09-27,4,0,0.0,0.38517441844294714,1.5406976737717886,0.0,1.6094379124341003,0.0,0.9324387180275551,0.0,0.25,1.0,0.0,0.0,0.0
2020-09-28,5,2,0.4,0.5324326202639476,2.662163101319738,0.4,1.791759469228055,1.0986122886681098,1.2980539841244305,0.4,0.2,0.8,0.0,0.0,0.0
2020-09-29,3,1,0.3333333333333333,0.3938343494091489,1.1815030482274467,0.3333333333333333,1.3862943611198906,0.6931471805599453,0.7800141108885715,0.0,0.3333333333333333,1.0,0.0,0.0,0.0
2020-10-02,1,0,0.0,0.3371651997518158,0.3371651997518158,0.0,0.6931471805599453,0.0,0.2905518505106915,0.0,1.0,1.0,0.0,0.0,0.0
2020-10-03,1,1,1.0,0.9447768369176673,0.9447768369176673,1.0,0.6931471805599453,0.6931471805599453,0.6651472336843832,1.0,0.0,0.0,0.0,0.0,0.0
2020-10-04,2,2,1.0,0.5908758262924649,1.1817516525849299,1.0,1.0986122886681098,1.0986122886681098,0.7801280645194268,1.0,1.0,0.5,0.5,0.0,0.0
2020-10-05,6,3,0.5,0.49151817048200797,2.949109022892048,0.5,1.9459101490553132,1.3862943611198906,1.3734899896448869,0.3333333333333333,0.3333333333333333,0.8333333333333334,0.0,0.16666666666666666,0.0
2020-10-06,7,5,0.7142857142857143,0.6425693957004502,4.497985769903152,0.7142857142857143,2.0794415416798357,1.791759469228055,1.7043818015081933,0.8571428571428571,0.7142857142857143,0.5714285714285714,0.0,0.14285714285714285,0.0
2020-10-07,3,2,0.6666666666666666,0.6373774546491469,1.9121323639474406,0.6666666666666666,1.3862943611198906,1.0986122886681098,1.0688855839536886,0.6666666666666666,0.6666666666666666,0.6666666666666666,0.0,0.0,0.0
2020-10-08,3,2,0.6666666666666666,0.5506949239729069,1.6520847719187206,0.6666666666666666,1.3862943611198906,1.0986122886681098,0.9753460370912898,0.3333333333333333,0.6666666666666666,0.6666666666666666,0.0,0.0,0.0
2020-10-09,5,4,0.8,0.5704903708380182,2.8524518541900914,0.8,1.791759469228055,1.6094379124341003,1.3487097908439942,0.4,0.8,0.8,0.0,0.0,0.0
2020-10-10,5,0,0.0,0.2957111919831433,1.4785559599157163,0.0,1.791759469228055,0.0,0.9076761163618849,0.0,0.0,1.0,0.0,0.0,0.0
2020-10-11,1,0,0.0,0.37937562746049414,0.37937562746049414,0.0,0.6931471805599453,0.0,0.32163095291629573,1.0,0.0,1.0,0.0,0.0,0.0
2020-10-13,1,1,1.0,0.8227361520335844,0.8227361520335844,1.0,0.6931471805599453,0.6931471805599453,0.600338752382214,1.0,0.0,0.0,0.0,0.0,0.0
2020-10-14,3,2,0.6666666666666666,0.567829708947119,1.703489126841357,0.6666666666666666,1.3862943611198906,1.0986122886681098,0.9945432079495921,0.3333333333333333,0.3333333333333333,0.6666666666666666,0.0,0.0,0.0
2020-10-15,4,3,0.75,0.5510711159537591,2.2042844638150365,0.75,1.6094379124341003,1.3862943611198906,1.1644888092272963,0.5,0.5,0.75,0.0,0.25,0.0
2020-10-18,1,0,0.0,0.3944989249758583,0.3944989249758583,0.0,0.6931471805599453,0.0,0.33253515718217524,0.0,1.0,1.0,0.0,0.0,0.0
2020-10-20,1,1,1.0,0.8914259863509082,0.8914259863509082,1.0,0.6931471805599453,0.6931471805599453,0.6373310347197113,1.0,0.0,0.0,0.0,0.0,0.0
2020-10-22,1,1,1.0,0.8015845001226221,0.8015845001226221,1.0,0.6931471805599453,0.6931471805599453,0.5886665555306997,1.0,1.0,1.0,1.0,0.0,0.0
2020-10-23,1,1,1.0,0.9459260906043514,0.9459260906043514,1.0,0.6931471805599453,0.6931471805599453,0.6657380028803449,1.0,1.0,0.0,1.0,0.0,0.0
2020-10-24,6,3,0.5,0.4940596098723761,2.9643576592342566,0.5,1.9459101490553132,1.3862943611198906,1.3773438392477602,0.16666666666666666,0.3333333333333333,0.8333333333333334,0.0,0.0,0.0
2020-10-26,3,1,0.3333333333333333,0.493059210049315,1.4791776301479451,0.3333333333333333,1.3862943611198906,0.6931471805599453,0.9079269044384096,0.6666666666666666,1.0,0.3333333333333333,0.0,0.0,0.0
2020-10-27,1,1,1.0,0.6137919798225421,0.6137919798225421,1.0,0.6931471805599453,0.6931471805599453,0.47858667667307525,0.0,0.0,1.0,0.0,0.0,0.0
2020-10-28,3,1,0.3333333333333333,0.5930864946835303,1.7792594840505909,0.3333333333333333,1.3862943611198906,0.6931471805599453,1.0221845195753794,0.3333333333333333,0.6666666666666666,1.0,0.0,0.0,0.0
2020-10-29,1,1,1.0,0.8076617117125046,0.8076617117125046,1.0,0.6931471805599453,0.6931471805599453,0.5920341381097041,1.0,0.0,0.0,0.0,0.0,0.0
2020-10-30,1,1,1.0,0.6328630252730071,0.6328630252730071,1.0,0.6931471805599453,0.6931471805599453,0.49033493127431754,0.0,1.0,1.0,0.0,0.0,0.0
2020-10-31,4,2,0.5,0.46310018485102694,1.8524007394041078,0.5,1.6094379124341003,1.0986122886681098,1.0481610043937237,0.75,0.75,0.5,0.0,0.25,0.0
2020-11-01,1,0,0.0,0.30423850929238905,0.30423850929238905,0.0,0.6931471805599453,0.0,0.265619352678288,1.0,1.0,1.0,0.0,0.0,0.0
2020-11-02,3,1,0.3333333333333333,0.5388635846832869,1.6165907540498607,0.3333333333333333,1.3862943611198906,0.6931471805599453,0.9618722315142386,0.6666666666666666,0.6666666666666666,0.3333333333333333,0.0,0.0,0.0
2020-11-03,4,0,0.0,0.25818591219277187,1.0327436487710875,0.0,1.6094379124341003,0.0,0.7093864316493669,0.0,0.5,1.0,0.0,0.0,0.0
2020-11-04,4,1,0.25,0.46171332196907355,1.8468532878762942,0.25,1.6094379124341003,0.6931471805599453,1.046214274785527,0.25,0.75,0.75,0.0,0.25,0.0
2020-11-05,1,0,0.0,0.21850498366329277,0.21850498366329277,0.0,0.6931471805599453,0.0,0.19762468407335876,0.0,0.0,1.0,0.0,0.0,0.0
2020-11-06,1,1,1.0,0.8667868698494717,0.8667868698494717,1.0,0.6931471805599453,0.6931471805599453,0.62421870156197,1.0,1.0,1.0,0.0,0.0,0.0
2020-11-07,3,3,1.0,0.7877544114724281,2.363263234417284,1.0,1.3862943611198906,1.3862943611198906,1.2129117033842571,1.0,0.6666666666666666,1.0,0.0,0.0,0.0
2020-11-08,4,1,0.25,0.4352755357152997,1.7411021428611988,0.25,1.6094379124341003,0.6931471805599453,1.0083600814425309,0.25,1.0,0.75,0.0,0.0,0.0
2020-11-09,3,1,0.3333333333333333,0.5142637481236186,1.5427912443708558,0.3333333333333333,1.3862943611198906,0.6931471805599453,0.9332623927718665,0.3333333333333333,0.6666666666666666,0.6666666666666666,0.0,0.0,0.0
2020-11-21,1,0,0.0,0.29182502191557513,0.29182502191557513,0.0,0.6931471805599453,0.0,0.2560559642347857,1.0,0.0,0.0,0.0,0.0,0.0
2020-11-22,5,5,1.0,0.6400393106331488,3.200196553165744,1.0,1.791759469228055,1.791759469228055,1.4351313225671092,1.0,0.8,0.2,0.0,0.0,0.0
2020-11-23,3,2,0.6666666666666666,0.5431795901986117,1.6295387705958353,0.6666666666666666,1.3862943611198906,1.0986122886681098,0.9668084584131155,1.0,0.3333333333333333,0.3333333333333333,0.0,0.0,0.0
2020-11-24,2,1,0.5,0.4933743664542339,0.9867487329084678,0.5,1.0986122886681098,0.6931471805599453,0.6864995000669494,0.5,0.0,0.5,0.0,0.0,0.0
2020-11-25,3,1,0.3333333333333333,0.4330730003276013,1.299219000982804,0.3333333333333333,1.3862943611198906,0.6931471805599453,0.832569500479841,0.3333333333333333,1.0,0.6666666666666666,0.3333333333333333,0.0,0.0
2020-11-30,1,1,1.0,0.8112667043406385,0.8112667043406385,1.0,0.6931471805599453,0.6931471805599453,0.5940264371585443,0.0,1.0,1.0,0.0,0.0,0.0
2020-12-01,3,2,0.6666666666666666,0.5540551235460888,1.6621653706382662,0.6666666666666666,1.3862943611198906,1.0986122886681098,0.9791398407474666,0.6666666666666666,0.3333333333333333,0.6666666666666666,0.0,0.0,0.0
2020-12-02,1,1,1.0,0.8886433450782697,0.8886433450782697,1.0,0.6931471805599453,0.6931471805599453,0.6358587644879803,1.0,0.0,1.0,0.0,0.0,0.0
2020-12-04,2,1,0.5,0.6291211053243938,1.2582422106487876,0.5,1.0986122886681098,0.6931471805599453,0.8145867277553787,0.5,1.0,1.0,0.0,0.0,0.0
2020-12-05,1,0,0.0,0.24702215686408302,0.24702215686408302,0.0,0.6931471805599453,0.0,0.22075843467483786,0.0,0.0,1.0,0.0,0.0,0.0
2020-12-06,1,1,1.0,0.91299602966341,0.91299602966341,1.0,0.6931471805599453,0.6931471805599453,0.6486706150055752,1.0,1.0,1.0,0.0,0.0,0.0
2020-12-07,2,2,1.0,0.9106830751177937,1.8213661502355873,1.0,1.0986122886681098,1.0986122886681098,1.0372212180799454,1.0,0.5,0.5,0.5,0.0,0.0
2020-12-08,1,1,1.0,0.8469098650617766,0.8469098650617766,1.0,0.6931471805599453,0.6931471805599453,0.6135138993017699,1.0,1.0,0.0,0.0,0.0,0.0
2020-12-13,2,2,1.0,0.9354250840246785,1.870850168049357,1.0,1.0986122886681098,1.0986122886681098,1.0546082117064994,1.0,0.0,1.0,0.0,0.0,0.0
2020-12-14,3,3,1.0,0.7227370093564711,2.1682110280694133,1.0,1.3862943611198906,1.3862943611198906,1.1531670841293205,0.6666666666666666,0.3333333333333333,0.3333333333333333,0.0,0.0,0.0
2020-12-15,6,3,0.5,0.5811888637155419,3.4871331822932516,0.5,1.9459101490553132,1.3862943611198906,1.5012140083659757,0.6666666666666666,0.6666666666666666,0.6666666666666666,0.16666666666666666,0.0,0.0
2020-12-16,1,1,1.0,0.724982834239935,0.724982834239935,1.0,0.6931471805599453,0.6931471805599453,0.5452170992685548,1.0,1.0,1.0,0.0,0.0,0.0
2020-12-17,2,2,1.0,0.5230050506158261,1.0460101012316523,1.0,1.0986122886681098,1.0986122886681098,0.7158916045806162,0.5,0.5,0.5,0.0,0.0,0.0
2020-12-18,1,1,1.0,0.9058586687280535,0.9058586687280535,1.0,0.6931471805599453,0.6931471805599453,0.6449326517629058,1.0,1.0,1.0,0.0,0.0,0.0
2020-12-19,2,2,1.0,0.6121418837381991,1.2242837674763982,1.0,1.0986122886681098,1.0986122886681098,0.7994349615387519,0.0,0.0,1.0,0.0,0.0,0.0
2020-12-20,2,2,1.0,0.7552513456361358,1.5105026912722717,1.0,1.0986122886681098,1.0986122886681098,0.9204830084985299,0.5,0.0,0.5,0.0,0.0,0.0
2020-12-23,3,1,0.3333333333333333,0.5364344865165555,1.6093034595496665,0.3333333333333333,1.3862943611198906,0.6931471805599453,0.9590833119817097,0.0,0.0,1.0,0.0,0.0,0.0
2020-12-24,5,4,0.8,0.6760979295393482,3.380489647696741,0.8,1.791759469228055,1.6094379124341003,1.4771605098517118,0.8,0.4,0.6,0.0,0.0,0.0
2020-12-26,1,1,1.0,0.7223102783382718,0.7223102783382718,1.0,0.6931471805599453,0.6931471805599453,0.5436665746396266,1.0,1.0,0.0,1.0,1.0,0.0
2020-12-27,2,1,0.5,0.5961676097506812,1.1923352195013623,0.5,1.0986122886681098,0.6931471805599453,0.7849672859980182,0.5,0.0,1.0,0.0,0.0,0.0
2020-12-31,5,5,1.0,0.7190513741008921,3.5952568705044605,1.0,1.791759469228055,1.791759469228055,1.5250246564224312,0.6,0.2,0.8,0.2,0.0,0.0
2021-01-01,2,2,1.0,0.83110511840831,1.66221023681662,1.0,1.0986122886681098,1.0986122886681098,0.97915669387041,1.0,0.5,1.0,0.0,0.0,0.0
2021-01-02,1,1,1.0,0.728530761945898,0.728530761945898,1.0,0.6931471805599453,0.6931471805599453,0.5472717771236368,0.0,1.0,1.0,0.0,0.0,0.0
2021-01-03,2,1,0.5,0.47264960431629066,0.9452992086325813,0.5,1.0986122886681098,0.6931471805599453,0.6654158000115897,1.0,0.5,0.0,0.0,0.0,0.0
2021-01-04,2,1,0.5,0.4609511750342291,0.9219023500684582,0.5,1.0986122886681098,0.6931471805599453,0.6533155028414164,0.5,0.5,0.5,0.0,0.0,0.0
2021-01-05,1,1,1.0,0.8320635728244271,0.8320635728244271,1.0,0.6931471805599453,0.6931471805599453,0.6054429669732387,1.0,0.0,0.0,0.0,0.0,0.0
2021-01-06,4,2,0.5,0.5034642825879394,2.0138571303517576,0.5,1.6094379124341003,1.0986122886681098,1.103220697074077,0.5,0.75,0.5,0.0,0.0,0.0
2021-01-07,3,1,0.3333333333333333,0.5523611001219875,1.6570833003659624,0.3333333333333333,1.3862943611198906,0.6931471805599453,0.9772290175718815,0.6666666666666666,0.3333333333333333,1.0,0.0,0.0,0.0
2021-01-08,1,1,1.0,0.8856604975707588,0.8856604975707588,1.0,0.6931471805599453,0.6931471805599453,0.6342781561146876,1.0,1.0,1.0,0.0,0.0,0.0
2021-01-09,1,0,0.0,0.13430004937283274,0.13430004937283274,0.0,0.6931471805599453,0.0,0.12601576410999696,0.0,0.0,1.0,0.0,0.0,0.0
2021-01-10,2,1,0.5,0.504617697791999,1.009235395583998,0.5,1.0986122886681098,0.6931471805599453,0.6977542494935057,0.5,0.5,0.5,0.0,0.0,0.0
2021-01-11,1,1,1.0,0.7664211056242283,0.7664211056242283,1.0,0.6931471805599453,0.6931471805599453,0.5689555254125391,1.0,1.0,0.0,0.0,0.0,0.0
2021-01-12,3,2,0.6666666666666666,0.7611958770841442,2.2835876312524324,0.6666666666666666,1.3862943611198906,1.0986122886681098,1.1889366146595757,0.6666666666666666,1.0,1.0,0.0,0.3333333333333333,0.0
2021-01-13,1,1,1.0,0.8693501504171861,0.8693501504171861,1.0,0.6931471805599453,0.6931471805599453,0.6255908573239194,1.0,0.0,0.0,0.0,0.0,0.0
2021-01-14,3,1,0.3333333333333333,0.5059423774171338,1.5178271322514012,0.3333333333333333,1.3862943611198906,0.6931471805599453,0.9233962804661594,0.3333333333333333,0.3333333333333333,0.6666666666666666,0.0,0.0,0.0
2021-01-15,1,0,0.0,0.3902503874241346,0.3902503874241346,0.0,0.6931471805599453,0.0,0.32948386575777555,1.0,1.0,0.0,0.0,0.0,0.0
2021-01-17,1,0,0.0,0.45936666525409675,0.45936666525409675,0.0,0.6931471805599453,0.0,0.37800255068389327,0.0,0.0,1.0,0.0,0.0,0.0
2021-01-18,3,1,0.3333333333333333,0.4608745311616107,1.382623593484832,0.3333333333333333,1.3862943611198906,0.6931471805599453,0.8682022307452562,0.6666666666666666,0.3333333333333333,0.6666666666666666,0.3333333333333333,0.3333333333333333,0.0
2021-01-19,1,1,1.0,0.8755844580533193,0.8755844580533193,1.0,0.6931471805599453,0.6931471805599453,0.6289203218123759,1.0,1.0,0.0,0.0,0.0,0.0
2021-01-20,3,2,0.6666666666666666,0.7086925532589256,2.1260776597767768,0.6666666666666666,1.3862943611198906,1.0986122886681098,1.1397790748694496,1.0,1.0,0.0,0.0,0.0,0.0
2021-01-21,4,2,0.5,0.5450333751583627,2.180133500633451,0.5,1.6094379124341003,1.0986122886681098,1.156923177242168,0.5,0.25,0.75,0.0,0.0,0.0
2021-01-22,2,0,0.0,0.3194388068836015,0.638877613767203,0.0,1.0986122886681098,0.0,0.49401162569067797,0.5,1.0,0.5,0.0,0.0,0.0
2021-01-23,2,0,0.0,0.3940484706575219,0.7880969413150438,0.0,1.0986122886681098,0.0,0.5811518930193142,0.0,0.0,1.0,0.0,0.0,0.0
2021-01-24,1,1,1.0,0.5750280676985163,0.5750280676985163,1.0,0.6931471805599453,0.6931471805599453,0.45427309287977125,1.0,1.0,0.0,0.0,0.0,0.0
2021-01-25,2,2,1.0,0.5435811222735439,1.0871622445470879,1.0,1.0986122886681098,1.0986122886681098,0.735805365632641,0.0,0.5,1.0,0.0,1.0,0.0
2021-01-26,3,2,0.6666666666666666,0.5428379777797008,1.6285139333391023,0.6666666666666666,1.3862943611198906,1.0986122886681098,0.9664186421341939,0.3333333333333333,0.0,0.6666666666666666,0.0,0.0,0.0
2021-01-28,2,2,1.0,0.7201957739544496,1.4403915479088991,1.0,1.0986122886681098,1.0986122886681098,0.8921584968855713,1.0,0.0,0.0,0.0,0.0,0.0
2021-01-29,2,1,0.5,0.5620828255523065,1.124165651104613,0.5,1.0986122886681098,0.6931471805599453,0.7533790905008649,0.5,1.0,1.0,0.5,0.0,0.0
2021-01-30,1,1,1.0,0.5045209033787287,0.5045209033787287,1.0,0.6931471805599453,0.6931471805599453,0.40847451089555026,1.0,1.0,1.0,1.0,0.0,0.0
2021-02-01,4,2,0.5,0.5747223337974134,2.2988893351896538,0.5,1.6094379124341003,1.0986122886681098,1.1935858467276474,0.75,0.75,0.75,0.25,0.0,0.0
2021-02-02,5,1,0.2,0.4104965106530279,2.0524825532651394,0.2,1.791759469228055,0.6931471805599453,1.115955211430333,0.6,0.0,0.6,0.0,0.2,0.0
2021-02-03,4,2,0.5,0.4703161310420353,1.8812645241681412,0.5,1.6094379124341003,1.0986122886681098,1.058229268676152,0.5,1.0,0.5,0.0,0.0,0.0
2021-02-04,2,1,0.5,0.6086235233917502,1.2172470467835004,0.5,1.0986122886681098,0.6931471805599453,0.7962663573459248,0.5,0.5,1.0,0.0,0.0,0.0
2021-02-05,2,0,0.0,0.35110904921885366,0.7022180984377073,0.0,1.0986122886681098,0.0,0.5319321643844771,0.5,0.5,0.5,0.0,0.0,0.0
2021-02-06,1,0,0.0,0.3998967449741526,0.3998967449741526,0.0,0.6931471805599453,0.0,0.3363984803113922,1.0,1.0,0.0,0.0,0.0,0.0
2021-02-07,2,0,0.0,0.3770423634660187,0.7540847269320374,0.0,1.0986122886681098,0.0,0.5619471977617,0.5,0.5,1.0,0.0,0.0,0.0
2021-02-08,2,2,1.0,0.6839051467241521,1.3678102934483043,1.0,1.0986122886681098,1.0986122886681098,0.8619656012485157,0.0,0.0,1.0,0.0,0.0,0.0
2021-02-10,1,0,0.0,0.28859641694489985,0.28859641694489985,0.0,0.6931471805599453,0.0,0.2535535771387626,0.0,0.0,1.0,0.0,0.0,0.0
2021-02-12,4,2,0.5,0.5126577180168641,2.0506308720674564,0.5,1.6094379124341003,1.0986122886681098,1.1153484125309996,0.75,0.5,0.5,0.0,0.0,0.0
2021-02-15,5,4,0.8,0.6526285813757813,3.2631429068789064,0.8,1.791759469228055,1.6094379124341003,1.4500066598294383,0.6,0.6,0.4,0.0,0.0,0.0
2021-02-16,1,1,1.0,0.6226086938760574,0.6226086938760574,1.0,0.6931471805599453,0.6931471805599453,0.48403515895538785,1.0,1.0,0.0,0.0,0.0,0.0
2021-02-17,3,3,1.0,0.6776768323470538,2.0330304970411612,1.0,1.3862943611198906,1.3862943611198906,1.109562283730459,1.0,1.0,0.6666666666666666,0.3333333333333333,0.3333333333333333,0.0
2021-02-18,2,2,1.0,0.827273373570921,1.654546747141842,1.0,1.0986122886681098,1.0986122886681098,0.9762739234127422,1.0,1.0,0.5,0.5,1.0,0.0
2021-02-19,2,1,0.5,0.5105522635996049,1.0211045271992099,0.5,1.0986122886681098,0.6931471805599453,0.7036441576180212,0.5,0.0,0.5,0.0,0.0,0.0
2021-02-20,1,0,0.0,0.2967441136255269,0.2967441136255269,0.0,0.6931471805599453,0.0,0.2598565949103841,0.0,0.0,1.0,0.0,0.0,0.0
2021-02-22,1,0,0.0,0.39796184890870817,0.39796184890870817,0.0,0.6931471805599453,0.0,0.3350153536743735,0.0,0.0,1.0,0.0,0.0,0.0
2021-02-23,3,3,1.0,0.7687713726400703,2.306314117920211,1.0,1.3862943611198906,1.3862943611198906,1.195834009380163,1.0,1.0,0.0,0.0,0.0,0.0
2021-02-24,3,2,0.6666666666666666,0.5592919411498167,1.6778758234494502,0.6666666666666666,1.3862943611198906,1.0986122886681098,0.9850238770562778,0.3333333333333333,0.6666666666666666,0.6666666666666666,0.0,0.3333333333333333,0.0
2021-02-25,1,1,1.0,0.7806118262143205,0.7806118262143205,1.0,0.6931471805599453,0.6931471805599453,0.5769570278372314,0.0,1.0,1.0,0.0,0.0,0.0
2021-02-26,3,1,0.3333333333333333,0.4223998198246401,1.2671994594739202,0.3333333333333333,1.3862943611198906,0.6931471805599453,0.8185453515429592,1.0,1.0,0.3333333333333333,0.0,0.0,0.0
2021-02-27,1,1,1.0,0.8355668052562241,0.8355668052562241,1.0,0.6931471805599453,0.6931471805599453,0.6073533195093824,1.0,0.0,0.0,0.0,0.0,0.0
2021-02-28,1,1,1.0,0.9190806031115285,0.9190806031115285,1.0,0.6931471805599453,0.6931471805599453,0.6518462188071175,1.0,1.0,0.0,0.0,0.0,0.0
2021-03-01,2,1,0.5,0.4664646661460572,0.9329293322921144,0.5,1.0986122886681098,0.6931471805599453,0.6590366409920128,0.5,0.5,1.0,0.0,0.0,0.0
2021-03-02,7,3,0.42857142857142855,0.4696354463685618,3.2874481245799325,0.42857142857142855,2.0794415416798357,1.3862943611198906,1.4556917131955227,0.7142857142857143,0.5714285714285714,0.42857142857142855,0.14285714285714285,0.14285714285714285,0.0
2021-03-03,5,3,0.6,0.5910779035790207,2.9553895178951035,0.6,1.791759469228055,1.3862943611198906,1.3750790838277207,0.6,0.4,0.6,0.0,0.0,0.0
2021-03-04,2,2,1.0,0.6881642857653504,1.3763285715307008,1.0,1.0986122886681098,1.0986122886681098,0.8655566796208098,1.0,0.5,0.5,0.0,0.0,0.0
2021-03-05,2,1,0.5,0.5843764772294259,1.1687529544588517,0.5,1.0986122886681098,0.6931471805599453,0.7741523269986066,0.0,0.5,1.0,0.0,0.0,0.0
2021-03-06,1,0,0.0,0.41795939058138715,0.41795939058138715,0.0,0.6931471805599453,0.0,0.3492187891817829,1.0,0.0,0.0,0.0,0.0,0.0
2021-03-07,2,2,1.0,0.720692756986474,1.441385513972948,1.0,1.0986122886681098,1.0986122886681098,0.8925657117440887,1.0,0.5,0.0,0.0,0.0,0.0
2021-03-08,2,2,1.0,0.8532617055642765,1.706523411128553,1.0,1.0986122886681098,1.0986122886681098,0.9956649371818495,1.0,0.5,0.5,0.0,0.0,0.0
2021-03-09,2,1,0.5,0.6082710161290518,1.2165420322581035,0.5,1.0986122886681098,0.6931471805599453,0.7959483383699337,0.5,1.0,1.0,0.0,0.0,0.0
2021-03-10,3,2,0.6666666666666666,0.6712249613336754,2.013674884001026,0.6666666666666666,1.3862943611198906,1.0986122886681098,1.1031602257732682,0.3333333333333333,0.3333333333333333,0.6666666666666666,0.0,0.0,0.0
2021-03-11,1,1,1.0,0.5974516019820928,0.5974516019820928,1.0,0.6931471805599453,0.6931471805599453,0.4684096107117703,0.0,0.0,1.0,0.0,0.0,0.0
2021-03-12,7,6,0.8571428571428571,0.7253142617130355,5.077199831991249,0.8571428571428571,2.0794415416798357,1.9459101490553132,1.804544035941724,0.8571428571428571,0.7142857142857143,0.8571428571428571,0.42857142857142855,0.0,0.0
2021-03-13,2,1,0.5,0.6627252090430211,1.3254504180860422,0.5,1.0986122886681098,0.6931471805599453,0.8439137484854838,1.0,1.0,0.5,1.0,0.0,0.0
2021-03-14,3,1,0.3333333333333333,0.39235685691352695,1.1770705707405809,0.3333333333333333,1.3862943611198906,0.6931471805599453,0.7779801982362308,0.3333333333333333,0.0,0.6666666666666666,0.0,0.0,0.0
2021-03-15,2,1,0.5,0.6742107250206143,1.3484214500412286,0.5,1.0986122886681098,0.6931471805599453,0.8537433790621214,1.0,1.0,0.5,0.5,0.0,0.0
2021-03-16,3,2,0.6666666666666666,0.6550806665849588,1.9652419997548765,0.6666666666666666,1.3862943611198906,1.0986122886681098,1.0869586479233981,1.0,0.3333333333333333,0.6666666666666666,0.0,0.3333333333333333,0.0
2021-03-17,4,0,0.0,0.3154089005156953,1.2616356020627812,0.0,1.6094379124341003,0.0,0.8160882692536995,0.5,0.5,0.5,0.0,0.0,0.0
2021-03-18,3,0,0.0,0.38630670554802227,1.1589201166440668,0.0,1.3862943611198906,0.0,0.7696081506832871,0.0,1.0,1.0,0.3333333333333333,0.0,0.0
2021-03-19,3,3,1.0,0.6886388319224785,2.0659164957674356,1.0,1.3862943611198906,1.3862943611198906,1.1203465445168999,0.6666666666666666,0.6666666666666666,0.6666666666666666,0.0,0.0,0.0
2021-03-20,2,0,0.0,0.4469571889159039,0.8939143778318078,0.0,1.0986122886681098,0.0,0.6386457866838371,0.5,1.0,0.5,0.5,0.0,0.0
2021-03-21,2,1,0.5,0.38947709432411776,0.7789541886482355,0.5,1.0986122886681098,0.6931471805599453,0.5760256571707005,0.5,0.5,0.5,0.0,0.0,0.0
2021-03-22,2,1,0.5,0.571620238390483,1.143240476780966,0.5,1.0986122886681098,0.6931471805599453,0.762318925212589,0.5,0.5,0.5,0.0,0.0,0.0
2021-03-23,1,0,0.0,0.3869486992112785,0.3869486992112785,0.0,0.6931471805599453,0.0,0.32710615377864066,0.0,1.0,1.0,0.0,0.0,0.0
2021-03-25,3,1,0.3333333333333333,0.49968735256351243,1.4990620576905374,0.3333333333333333,1.3862943611198906,0.6931471805599453,0.9159154845539,0.6666666666666666,0.3333333333333333,0.3333333333333333,0.0,0.0,0.0
2021-03-26,1,0,0.0,0.4789069422319597,0.4789069422319597,0.0,0.6931471805599453,0.0,0.3913032623657609,1.0,1.0,0.0,0.0,0.0,0.0
2021-03-27,2,1,0.5,0.4552385164365534,0.9104770328731068,0.5,1.0986122886681098,0.6931471805599453,0.647352966305789,1.0,0.5,0.5,0.0,0.0,0.0
2021-03-28,1,1,1.0,0.8154910663848112,0.8154910663848112,1.0,0.6931471805599453,0.6931471805599453,0.5963559911136916,1.0,1.0,0.0,1.0,0.0,0.0
2021-03-30,1,1,1.0,0.5575321739121253,0.5575321739121253,1.0,0.6931471805599453,0.6931471805599453,0.44310262887357393,0.0,1.0,1.0,0.0,0.0,0.0
2021-03-31,1,0,0.0,0.306420583079135,0.306420583079135,0.0,0.6931471805599453,0.0,0.2672910181219043,0.0,0.0,1.0,0.0,0.0,0.0
2021-04-01,2,2,1.0,0.8331961738483096,1.6663923476966191,1.0,1.0986122886681098,1.0986122886681098,0.9807263781065169,1.0,1.0,0.0,0.0,0.0,0.0
2021-04-02,4,3,0.75,0.5773185097079241,2.3092740388316964,0.75,1.6094379124341003,1.3862943611198906,1.1967288417182282,0.75,0.75,0.5,0.0,0.25,0.0
2021-04-03,3,3,1.0,0.7620896137860734,2.28626884135822,1.0,1.3862943611198906,1.3862943611198906,1.1897528304371408,1.0,1.0,0.0,0.0,0.0,0.0
2021-04-04,1,0,0.0,0.2668648734114622,0.2668648734114622,0.0,0.6931471805599453,0.0,0.23654524483171638,1.0,1.0,0.0,0.0,0.0,0.0
2021-04-07,1,1,1.0,0.6887015959044595,0.6887015959044595,1.0,0.6931471805599453,0.6931471805599453,0.5239599472046331,1.0,0.0,0.0,0.0,0.0,0.0
2021-04-08,4,4,1.0,0.8476606592563787,3.3906426370255147,1.0,1.6094379124341003,1.6094379124341003,1.4794756029397886,1.0,0.5,0.75,0.0,0.0,0.0
2021-04-11,2,0,0.0,0.34179585030046544,0.6835917006009309,0.0,1.0986122886681098,0.0,0.5209294283469672,0.0,0.0,1.0,0.0,0.0,0.0
2021-04-12,2,0,0.0,0.31574233309331257,0.6314846661866251,0.0,1.0986122886681098,0.0,0.4894904384086189,0.0,0.5,1.0,0.0,0.0,0.0
2021-04-13,3,2,0.6666666666666666,0.6482446855469202,1.9447340566407605,0.6666666666666666,1.3862943611198906,1.0986122886681098,1.080018509678168,1.0,0.6666666666666666,0.3333333333333333,0.0,0.3333333333333333,0.0
2021-04-14,2,0,0.0,0.3531652598547802,0.7063305197095604,0.0,1.0986122886681098,0.0,0.534345169876241,0.0,0.0,1.0,0.0,0.0,0.0
2021-04-15,3,3,1.0,0.7076572653502017,2.122971796050605,1.0,1.3862943611198906,1.3862943611198906,1.138785047216487,1.0,0.6666666666666666,0.3333333333333333,0.0,0.0,0.0
2021-04-16,3,1,0.3333333333333333,0.5539624139299406,1.6618872417898218,0.3333333333333333,1.3862943611198906,0.6931471805599453,0.9790353606196601,0.3333333333333333,0.6666666666666666,0.6666666666666666,0.0,0.0,0.0
2021-04-17,1,1,1.0,0.989653767274496,0.989653767274496,1.0,0.6931471805599453,0.6931471805599453,0.6879606373048068,1.0,0.0,0.0,0.0,0.0,0.0
2021-04-18,1,1,1.0,0.7752871168307793,0.7752871168307793,1.0,0.6931471805599453,0.6931471805599453,0.5739621658072968,1.0,1.0,0.0,0.0,0.0,0.0
2021-04-19,4,3,0.75,0.6749448774294391,2.6997795097177564,0.75,1.6094379124341003,1.3862943611198906,1.308273225906333,1.0,1.0,0.25,0.0,0.0,0.0
2021-04-20,1,0,0.0,0.22810192087676873,0.22810192087676873,0.0,0.6931471805599453,0.0,0.20546982373750444,0.0,1.0,1.0,0.0,0.0,0.0
2021-04-21,1,1,1.0,0.8774751887974356,0.8774751887974356,1.0,0.6931471805599453,0.6931471805599453,0.6299278895474945,0.0,0.0,1.0,0.0,0.0,0.0
2021-04-22,2,2,1.0,0.9559334281313359,1.9118668562626717,1.0,1.0986122886681098,1.0986122886681098,1.0687944068518678,1.0,0.5,1.0,0.5,0.5,0.0
2021-04-24,2,1,0.5,0.5963682022119289,1.1927364044238578,0.5,1.0986122886681098,0.6931471805599453,0.785150263590186,0.5,0.0,1.0,0.0,0.0,0.0
2021-04-25,3,2,0.6666666666666666,0.6613901486013017,1.9841704458039051,0.6666666666666666,1.3862943611198906,1.0986122886681098,1.0933218006177094,1.0,1.0,0.6666666666666666,0.0,0.0,0.0
2021-04-27,3,2,0.6666666666666666,0.6672430696166399,2.0017292088499197,0.6666666666666666,1.3862943611198906,1.0986122886681098,1.0991885255617098,0.6666666666666666,0.3333333333333333,0.3333333333333333,0.0,0.0,0.0
2021-04-28,2,0,0.0,0.3728280077786429,0.7456560155572858,0.0,1.0986122886681098,0.0,0.5571304251540407,0.0,0.5,1.0,0.0,0.0,0.0
2021-04-29,4,0,0.0,0.32835608501813585,1.3134243400725434,0.0,1.6094379124341003,0.0,0.8387288251657982,0.25,0.5,1.0,0.0,0.0,0.0
2021-04-30,4,1,0.25,0.42421723907438397,1.6968689562975359,0.25,1.6094379124341003,0.6931471805599453,0.9920914542850723,0.5,0.25,0.5,0.0,0.25,0.0
2021-05-01,1,1,1.0,0.7375382418682506,0.7375382418682506,1.0,0.6931471805599453,0.6931471805599453,0.5524693079229457,1.0,0.0,1.0,0.0,0.0,0.0
2021-05-02,1,1,1.0,0.7377500035161908,0.7377500035161908,1.0,0.6931471805599453,0.6931471805599453,0.552591175021874,1.0,1.0,0.0,0.0,0.0,0.0
2021-05-03,5,3,0.6,0.5375803855786919,2.6879019278934595,0.6,1.791759469228055,1.3862943611198906,1.3050577131209902,0.2,0.2,1.0,0.0,0.0,0.0
2021-05-04,3,2,0.6666666666666666,0.5232314130099549,1.5696942390298647,0.6666666666666666,1.3862943611198906,1.0986122886681098,0.9437869186891326,0.0,0.6666666666666666,1.0,0.0,0.0,0.0
2021-05-06,2,2,1.0,0.5525112730295196,1.1050225460590393,1.0,1.0986122886681098,1.0986122886681098,0.7443261777938687,0.0,0.5,1.0,0.0,0.0,0.0
2021-05-07,5,4,0.8,0.5754706438263695,2.877353219131847,0.8,1.791759469228055,1.6094379124341003,1.3551527608406053,0.6,0.2,0.4,0.2,0.0,0.0
2021-05-08,2,2,1.0,0.7876282225924756,1.5752564451849511,1.0,1.0986122886681098,1.0986122886681098,0.9459491195199963,1.0,1.0,0.5,0.0,0.0,0.0
2021-05-09,2,2,1.0,0.879255523646741,1.758511047293482,1.0,1.0986122886681098,1.0986122886681098,1.0146910585414273,1.0,0.5,0.5,0.0,0.5,0.0
2021-05-11,3,3,1.0,0.7971109839768942,2.3913329519306825,1.0,1.3862943611198906,1.3862943611198906,1.2212230452685342,1.0,1.0,0.0,0.0,0.0,0.0
2021-05-12,6,2,0.3333333333333333,0.47261353002060497,2.83568118012363,0.3333333333333333,1.9459101490553132,1.0986122886681098,1.3443470409820686,0.3333333333333333,0.5,0.8333333333333334,0.0,0.0,0.0
2021-05-13,1,1,1.0,0.9666834730092297,0.9666834730092297,1.0,0.6931471805599453,0.6931471805599453,0.6763486078049641,1.0,0.0,1.0,0.0,0.0,0.0
2021-05-14,1,0,0.0,0.31155823624498924,0.31155823624498924,0.0,0.6931471805599453,0.0,0.271215923643173,0.0,1.0,1.0,0.0,0.0,0.0
2021-05-16,1,0,0.0,0.23819738935040988,0.23819738935040988,0.0,0.6931471805599453,0.0,0.213656603677585,0.0,1.0,1.0,0.0,0.0,0.0
2021-05-17,1,0,0.0,0.3702603446989854,0.3702603446989854,0.0,0.6931471805599453,0.0,0.3150007544131177,0.0,0.0,1.0,0.0,0.0,0.0
2021-05-18,6,2,0.3333333333333333,0.5164080966467726,3.0984485798806354,0.3333333333333333,1.9459101490553132,1.0986122886681098,1.4106085069496874,0.16666666666666666,0.3333333333333333,1.0,0.0,0.16666666666666666,0.0
2021-05-19,2,1,0.5,0.5674298792287665,1.134859758457533,0.5,1.0986122886681098,0.6931471805599453,0.7584009576179719,0.5,1.0,1.0,0.0,0.5,0.0
2021-05-20,1,1,1.0,0.915991843314945,0.915991843314945,1.0,0.6931471805599453,0.6931471805599453,0.6502354223970941,1.0,0.0,1.0,0.0,0.0,0.0
2021-05-21,4,1,0.25,0.4737410878714271,1.8949643514857084,0.25,1.6094379124341003,0.6931471805599453,1.0629727971272804,1.0,0.25,0.5,0.0,0.0,0.0
2021-05-22,1,1,1.0,0.8555599944699581,0.8555599944699581,1.0,0.6931471805599453,0.6931471805599453,0.6181865343129475,1.0,1.0,1.0,0.0,0.0,0.0
2021-05-24,2,2,1.0,0.7591930618140031,1.5183861236280063,1.0,1.0986122886681098,1.0986122886681098,0.9236182692305344,1.0,1.0,1.0,0.0,0.5,0.0
2021-05-25,1,1,1.0,0.7362801346883217,0.7362801346883217,1.0,0.6931471805599453,0.6931471805599453,0.5517449711277774,1.0,1.0,1.0,0.0,0.0,0.0
2021-05-26,3,1,0.3333333333333333,0.47279524209861234,1.418385726295837,0.3333333333333333,1.3862943611198906,0.6931471805599453,0.8831002623386001,0.3333333333333333,0.6666666666666666,1.0,0.0,0.0,0.0
2021-05-27,2,1,0.5,0.480495242216481,0.960990484432962,0.5,1.0986122886681098,0.6931471805599453,0.6734496947970114,0.0,0.0,1.0,0.0,0.0,0.0
2021-05-28,3,2,0.6666666666666666,0.5998924110992326,1.799677233297698,0.6666666666666666,1.3862943611198906,1.0986122886681098,1.0295041367143698,0.6666666666666666,0.3333333333333333,0.6666666666666666,0.0,0.3333333333333333,0.0
2021-05-30,1,0,0.0,0.16108164561489435,0.16108164561489435,0.0,0.6931471805599453,0.0,0.14935202377021192,0.0,0.0,1.0,0.0,0.0,0.0
2021-05-31,2,2,1.0,0.8268881757452089,1.6537763514904178,1.0,1.0986122886681098,1.0986122886681098,0.9759836638929208,1.0,1.0,1.0,0.0,1.0,0.0
2021-06-01,3,2,0.6666666666666666,0.5399049203184417,1.619714760955325,0.6666666666666666,1.3862943611198906,1.0986122886681098,0.9630654419818719,1.0,1.0,1.0,0.0,0.6666666666666666,0.0
2021-06-02,7,6,0.8571428571428571,0.7729019155513859,5.410313408859701,0.8571428571428571,2.0794415416798357,1.9459101490553132,1.8579081634751817,0.8571428571428571,0.7142857142857143,0.2857142857142857,0.0,0.2857142857142857,0.0
2021-06-03,4,3,0.75,0.6447083542846883,2.5788334171387532,0.75,1.6094379124341003,1.3862943611198906,1.2750368861739063,0.5,0.25,0.75,0.0,0.0,0.0
2021-06-04,1,0,0.0,0.2486863326155491,0.2486863326155491,0.0,0.6931471805599453,0.0,0.22209206478839924,0.0,0.0,1.0,0.0,0.0,0.0
2021-06-06,2,1,0.5,0.5170869243050866,1.0341738486101733,0.5,1.0986122886681098,0.6931471805599453,0.7100897652670092,0.5,0.5,1.0,0.0,0.0,0.0
2021-06-07,3,1,0.3333333333333333,0.5857993587146015,1.7573980761438046,0.3333333333333333,1.3862943611198906,0.6931471805599453,1.0142875090485421,0.3333333333333333,0.3333333333333333,1.0,0.0,0.0,0.0
2021-06-08,5,5,1.0,0.8101419308603216,4.050709654301608,1.0,1.791759469228055,1.791759469228055,1.6195287590187495,1.0,0.4,0.8,0.0,0.0,0.0
2021-06-09,2,1,0.5,0.6445105037032376,1.2890210074064752,0.5,1.0986122886681098,0.6931471805599453,0.8281242184759244,0.5,0.0,0.5,0.0,0.0,0.0
2021-06-10,1,0,0.0,0.4352395994868778,0.4352395994868778,0.0,0.6931471805599453,0.0,0.3613318035574705,0.0,1.0,1.0,0.0,0.0,0.0
2021-06-11,3,2,0.6666666666666666,0.5952487902682136,1.7857463708046408,0.6666666666666666,1.3862943611198906,1.0986122886681098,1.0245158341728022,0.6666666666666666,0.6666666666666666,0.3333333333333333,0.0,0.0,0.0
2021-06-12,3,1,0.3333333333333333,0.477847137813974,1.433541413441922,0.3333333333333333,1.3862943611198906,0.6931471805599453,0.8893475682036538,0.6666666666666666,0.3333333333333333,0.6666666666666666,0.0,0.0,0.0
2021-06-13,4,2,0.5,0.5226716072674439,2.0906864290697755,0.5,1.6094379124341003,1.0986122886681098,1.1283932115690583,0.75,0.5,0.75,0.0,0.5,0.0
2021-06-14,2,2,1.0,0.7829978872190075,1.565995774438015,1.0,1.0986122886681098,1.0986122886681098,0.9423466194415101,1.0,1.0,0.0,0.0,0.0,0.0
2021-06-15,2,1,0.5,0.69995269339029,1.39990538678058,0.5,1.0986122886681098,0.6931471805599453,0.8754293144020673,0.5,0.5,0.5,0.0,0.0,0.0
2021-06-16,2,2,1.0,0.7141311975646467,1.4282623951292934,1.0,1.0986122886681098,1.0986122886681098,0.8871759378396451,1.0,0.5,0.0,0.5,0.5,0.0
2021-06-18,4,3,0.75,0.6651624544612367,2.6606498178449467,0.75,1.6094379124341003,1.3862943611198906,1.2976406775131493,0.5,0.0,0.75,0.0,0.0,0.0
2021-06-19,3,1,0.3333333333333333,0.42776827426928515,1.2833048228078554,0.3333333333333333,1.3862943611198906,0.6931471805599453,0.8256238771665458,0.3333333333333333,0.0,0.6666666666666666,0.0,0.0,0.0
2021-06-22,1,0,0.0,0.3906089484093739,0.3906089484093739,0.0,0.6931471805599453,0.0,0.3297417435889956,1.0,1.0,0.0,0.0,0.0,0.0
2021-06-23,4,3,0.75,0.7270060615670828,2.9080242462683312,0.75,1.6094379124341003,1.3862943611198906,1.363031938426472,0.75,0.5,0.25,0.0,0.0,0.0
2021-06-24,4,2,0.5,0.4987102715226261,1.9948410860905044,0.5,1.6094379124341003,1.0986122886681098,1.0968911704236366,0.25,0.75,0.75,0.0,0.25,0.0
2021-06-25,3,2,0.6666666666666666,0.5840862034443522,1.7522586103330569,0.6666666666666666,1.3862943611198906,1.0986122886681098,1.0124218874340265,0.6666666666666666,0.3333333333333333,0.6666666666666666,0.0,0.0,0.0
2021-06-26,3,2,0.6666666666666666,0.6412054805974882,1.9236164417924646,0.6666666666666666,1.3862943611198906,1.0986122886681098,1.0728213574256567,0.6666666666666666,0.3333333333333333,0.6666666666666666,0.0,0.0,0.0
2021-06-27,1,1,1.0,0.6300042125951141,0.6300042125951141,1.0,0.6931471805599453,0.6931471805599453,0.48858259922951175,1.0,1.0,1.0,0.0,0.0,0.0
2021-06-28,2,2,1.0,0.7277296731404146,1.4554593462808292,1.0,1.0986122886681098,1.0986122886681098,0.8983138501722957,1.0,0.5,0.0,0.0,0.0,0.0
2021-07-01,3,2,0.6666666666666666,0.569322625718973,1.707967877156919,0.6666666666666666,1.3862943611198906,1.0986122886681098,0.996198492777648,0.6666666666666666,0.6666666666666666,0.3333333333333333,0.0,0.0,0.0
2021-07-02,4,3,0.75,0.6449544098876937,2.579817639550775,0.75,1.6094379124341003,1.3862943611198906,1.2753118604422227,0.75,0.5,0.5,0.0,0.25,0.0
2021-07-03,1,1,1.0,0.7199859512112017,0.7199859512112017,1.0,0.6931471805599453,0.6931471805599453,0.5423161228915401,0.0,1.0,1.0,0.0,0.0,0.0
2021-07-04,2,1,0.5,0.5707362370041309,1.1414724740082618,0.5,1.0986122886681098,0.6931471805599453,0.7614936643872536,0.5,0.5,0.5,0.0,0.0,0.0
2021-07-05,2,1,0.5,0.5183341224452472,1.0366682448904945,0.5,1.0986122886681098,0.6931471805599453,0.7113152594204104,0.5,0.5,0.5,0.0,0.0,0.0
2021-07-06,5,4,0.8,0.6614479628343407,3.3072398141717034,0.8,1.791759469228055,1.6094379124341003,1.460297284617484,0.6,0.4,0.8,0.0,0.0,0.0
2021-07-07,1,1,1.0,0.9867738405506274,0.9867738405506274,1.0,0.6931471805599453,0.6931471805599453,0.6865121375399703,1.0,1.0,1.0,0.0,0.0,0.0
2021-07-08,4,3,0.75,0.5762971713316761,2.3051886853267045,0.75,1.6094379124341003,1.3862943611198906,1.1954935625444378,0.75,0.75,0.25,0.0,0.25,0.0
2021-07-09,2,2,1.0,0.9008074608399554,1.8016149216799109,1.0,1.0986122886681098,1.0986122886681098,1.0301960086631616,1.0,1.0,0.5,0.0,0.0,0.0
2021-07-10,2,2,1.0,0.8310616058940246,1.6621232117880491,1.0,1.0986122886681098,1.0986122886681098,0.9791240043217864,1.0,1.0,0.0,0.0,0.0,0.0
2021-07-11,3,1,0.3333333333333333,0.5328708256431809,1.5986124769295427,0.3333333333333333,1.3862943611198906,0.6931471805599453,0.9549776398593988,0.3333333333333333,0.0,0.6666666666666666,0.0,0.0,0.0
2021-07-12,3,3,1.0,0.8732170868831943,2.619651260649583,1.0,1.3862943611198906,1.3862943611198906,1.2863776843598567,1.0,0.6666666666666666,1.0,0.0,0.0,0.0
2021-07-13,1,0,0.0,0.4865983868722718,0.4865983868722718,0.0,0.6931471805599453,0.0,0.39649054819631324,1.0,1.0,1.0,0.0,0.0,0.0
2021-07-15,2,2,1.0,0.7392112742934748,1.4784225485869495,1.0,1.0986122886681098,1.0986122886681098,0.9076222886809417,1.0,0.0,0.5,0.0,0.0,0.0
2021-07-16,1,1,1.0,0.830944545238207,0.830944545238207,1.0,0.6931471805599453,0.6931471805599453,0.6048319786352584,0.0,0.0,1.0,0.0,0.0,0.0
2021-07-18,2,0,0.0,0.2845887126579121,0.5691774253158242,0.0,1.0986122886681098,0.0,0.4505515491395475,0.0,0.0,1.0,0.0,0.0,0.0
2021-07-19,4,3,0.75,0.6865884362554181,2.7463537450216724,0.75,1.6094379124341003,1.3862943611198906,1.3207830322974357,0.25,0.5,1.0,0.0,0.0,0.0
2021-07-20,2,0,0.0,0.38506625029784186,0.7701325005956837,0.0,1.0986122886681098,0.0,0.5710544028775423,0.0,0.5,1.0,0.0,0.0,0.0
2021-07-21,1,1,1.0,0.9077352291562956,0.9077352291562956,1.0,0.6931471805599453,0.6931471805599453,0.6459167946108074,1.0,1.0,1.0,0.0,0.0,0.0
2021-07-22,3,1,0.3333333333333333,0.5190403442387821,1.5571210327163463,0.3333333333333333,1.3862943611198906,0.6931471805599453,0.9388820290630436,0.3333333333333333,0.0,1.0,0.0,0.0,0.0
2021-07-24,1,1,1.0,0.7951295960013671,0.7951295960013671,1.0,0.6931471805599453,0.6931471805599453,0.5850772176635207,0.0,1.0,1.0,0.0,0.0,0.0
2021-07-25,4,3,0.75,0.6366216091673157,2.5464864366692628,0.75,1.6094379124341003,1.3862943611198906,1.2659573772255837,0.0,0.25,1.0,0.0,0.0,0.0
2021-07-27,1,1,1.0,0.6574820554073805,0.6574820554073805,1.0,0.6931471805599453,0.6931471805599453,0.5052996167190528,1.0,1.0,1.0,0.0,1.0,0.0
2021-07-28,5,4,0.8,0.690083304756339,3.450416523781695,0.8,1.791759469228055,1.6094379124341003,1.4929976926476818,0.6,0.6,0.8,0.2,0.4,0.0
2021-07-29,2,1,0.5,0.5310209031633193,1.0620418063266386,0.5,1.0986122886681098,0.6931471805599453,0.7236966600384346,0.5,1.0,1.0,0.0,0.0,0.0
2021-07-30,5,2,0.4,0.5403212424513723,2.7016062122568614,0.4,1.791759469228055,1.0986122886681098,1.3087668368718501,0.6,0.2,0.8,0.0,0.0,0.0
2021-07-31,1,0,0.0,0.40150508927774525,0.40150508927774525,0.0,0.6931471805599453,0.0,0.3375467229238154,1.0,1.0,0.0,0.0,0.0,0.0
2021-08-01,1,0,0.0,0.3650674357769712,0.3650674357769712,0.0,0.6931471805599453,0.0,0.31120383091622295,1.0,0.0,0.0,0.0,0.0,0.0
2021-08-02,1,0,0.0,0.32939727640484423,0.32939727640484423,0.0,0.6931471805599453,0.0,0.28472566388309545,0.0,0.0,1.0,0.0,0.0,0.0
2021-08-03,2,0,0.0,0.4456067217120714,0.8912134434241428,0.0,1.0986122886681098,0.0,0.6372186566139283,0.0,1.0,1.0,0.0,0.0,0.0
2021-08-05,2,1,0.5,0.5703943386801837,1.1407886773603675,0.5,1.0986122886681098,0.6931471805599453,0.7611743019618735,0.0,0.5,1.0,0.0,0.0,0.0
2021-08-06,4,2,0.5,0.5444041656137645,2.177616662455058,0.5,1.6094379124341003,1.0986122886681098,1.1561314385782366,0.0,0.5,1.0,0.0,0.0,0.0
2021-08-07,5,5,1.0,0.7673715444446794,3.836857722223397,1.0,1.791759469228055,1.791759469228055,1.5762652789412892,0.8,1.0,1.0,0.0,0.8,0.0
2021-08-08,3,2,0.6666666666666666,0.6275540871621277,1.882662261486383,0.6666666666666666,1.3862943611198906,1.0986122886681098,1.0587142635061069,1.0,0.6666666666666666,0.6666666666666666,0.0,0.0,0.0
2021-08-09,4,3,0.75,0.7605661179874241,3.0422644719496965,0.75,1.6094379124341003,1.3862943611198906,1.396805047803237,0.75,0.5,0.5,0.25,0.0,0.0
2021-08-11,3,2,0.6666666666666666,0.5933164510381744,1.7799493531145234,0.6666666666666666,1.3862943611198906,1.0986122886681098,1.022432709232462,0.6666666666666666,0.3333333333333333,1.0,0.0,0.0,0.0
2021-08-12,2,2,1.0,0.7143848764242071,1.4287697528484142,1.0,1.0986122886681098,1.0986122886681098,0.887384854604249,1.0,0.5,0.5,0.0,0.0,0.0
2021-08-14,2,0,0.0,0.27243903657152796,0.5448780731430559,0.0,1.0986122886681098,0.0,0.43494499017608307,0.0,0.0,1.0,0.0,0.0,0.0
2021-08-15,1,0,0.0,0.3403945276454629,0.3403945276454629,0.0,0.6931471805599453,0.0,0.29296399424470976,0.0,1.0,1.0,0.0,0.0,0.0
2021-08-18,1,0,0.0,0.42531845080890873,0.42531845080890873,0.0,0.6931471805599453,0.0,0.3543952630058285,0.0,1.0,1.0,0.0,0.0,0.0
2021-08-20,2,1,0.5,0.6299741259646282,1.2599482519292564,0.5,1.0986122886681098,0.6931471805599453,0.8153419156456103,0.5,0.5,1.0,0.0,0.0,0.0
2021-08-21,1,0,0.0,0.4268438529877664,0.4268438529877664,0.0,0.6931471805599453,0.0,0.35546490923337104,0.0,0.0,1.0,0.0,0.0,0.0
2021-08-24,1,0,0.0,0.3207446801391779,0.3207446801391779,0.0,0.6931471805599453,0.0,0.2781957291451683,0.0,1.0,1.0,0.0,0.0,0.0
2021-08-25,2,0,0.0,0.4164387807311355,0.832877561462271,0.0,1.0986122886681098,0.0,0.6058871698247461,0.5,0.5,0.5,0.5,0.0,0.0
2021-08-27,3,1,0.3333333333333333,0.5350879465035671,1.6052638395107013,0.3333333333333333,1.3862943611198906,0.6931471805599453,0.9575339520385401,0.3333333333333333,0.6666666666666666,1.0,0.0,0.0,0.0
2021-08-29,1,0,0.0,0.2378835340537824,0.2378835340537824,0.0,0.6931471805599453,0.0,0.21340309395151608,0.0,0.0,1.0,0.0,0.0,0.0
2021-08-30,2,1,0.5,0.6184263796655007,1.2368527593310015,0.5,1.0986122886681098,0.6931471805599453,0.8050698597476236,0.0,0.0,1.0,0.0,0.0,0.0
2021-08-31,3,1,0.3333333333333333,0.2923153759452401,0.8769461278357202,0.3333333333333333,1.3862943611198906,0.6931471805599453,0.6296460559861551,0.0,0.6666666666666666,1.0,0.0,0.0,0.0
2021-09-01,1,1,1.0,0.6129419422183545,0.6129419422183545,1.0,0.6931471805599453,0.6931471805599453,0.47805980483028404,0.0,1.0,1.0,0.0,0.0,0.0
2021-09-02,2,2,1.0,0.584804529324788,1.169609058649576,1.0,1.0986122886681098,1.0986122886681098,0.7745469940177487,0.0,0.0,1.0,0.0,0.0,0.0
2021-09-03,3,1,0.3333333333333333,0.3684111876895935,1.1052335630687806,0.3333333333333333,1.3862943611198906,0.6931471805599453,0.7444264173063585,0.3333333333333333,0.0,1.0,0.0,0.0,0.0
2021-09-04,3,3,1.0,0.8586001643698816,2.5758004931096448,1.0,1.3862943611198906,1.3862943611198906,1.2741890652374817,0.3333333333333333,0.3333333333333333,0.6666666666666666,0.0,0.0,0.0
2021-09-05,1,1,1.0,0.8312599691967449,0.8312599691967449,1.0,0.6931471805599453,0.6931471805599453,0.6050042376983854,1.0,0.0,0.0,0.0,0.0,0.0
2021-09-06,1,0,0.0,0.2579804668105368,0.2579804668105368,0.0,0.6931471805599453,0.0,0.22950763098006724,0.0,0.0,1.0,0.0,0.0,0.0
2021-09-07,8,1,0.125,0.3461482683045554,2.7691861464364433,0.125,2.1972245773362196,0.6931471805599453,1.3268591018784766,0.5,0.375,1.0,0.0,0.0,0.0
2021-09-08,1,0,0.0,0.20523146834139327,0.20523146834139327,0.0,0.6931471805599453,0.0,0.1866716384055838,1.0,0.0,0.0,0.0,0.0,0.0
2021-09-09,2,1,0.5,0.5701337568849136,1.1402675137698273,0.5,1.0986122886681098,0.6931471805599453,0.7609308276556056,1.0,0.5,0.5,0.0,0.0,0.0
2021-09-10,2,0,0.0,0.3861349815771183,0.7722699631542366,0.0,1.0986122886681098,0.0,0.5722611899887365,0.0,0.5,1.0,0.0,0.0,0.0
2021-09-11,4,1,0.25,0.3743757719418007,1.4975030877672029,0.25,1.6094379124341003,0.6931471805599453,0.9152914678830316,0.5,0.5,1.0,0.0,0.0,0.0
2021-09-12,1,1,1.0,0.8694763360646066,0.8694763360646066,1.0,0.6931471805599453,0.6931471805599453,0.62565835745955,1.0,1.0,1.0,0.0,0.0,0.0
2021-09-13,5,1,0.2,0.49216459552174846,2.4608229776087422,0.2,1.791759469228055,0.6931471805599453,1.2415064155868791,0.2,0.0,1.0,0.0,0.0,0.0
2021-09-14,5,5,1.0,0.6209427053097324,3.104713526548662,1.0,1.791759469228055,1.791759469228055,1.4121359540011544,0.2,0.2,0.8,0.0,0.0,0.0
2021-09-15,1,0,0.0,0.4649995487556237,0.4649995487556237,0.0,0.6931471805599453,0.0,0.3818549344523441,0.0,1.0,1.0,0.0,0.0,0.0
2021-09-16,7,2,0.2857142857142857,0.42982598396830174,3.0087818877781123,0.2857142857142857,2.0794415416798357,1.0986122886681098,1.3884874265375535,0.14285714285714285,0.5714285714285714,0.8571428571428571,0.14285714285714285,0.0,0.0
2021-09-17,1,1,1.0,0.8831794947046827,0.8831794947046827,1.0,0.6931471805599453,0.6931471805599453,0.6329615689262996,1.0,1.0,0.0,1.0,0.0,0.0
2021-09-18,1,0,0.0,0.44761570113359,0.44761570113359,0.0,0.6931471805599453,0.0,0.3699178589691531,0.0,0.0,1.0,0.0,0.0,0.0
2021-09-19,2,2,1.0,0.938280721197067,1.876561442394134,1.0,1.0986122886681098,1.0986122886681098,1.0565956372161998,1.0,1.0,1.0,0.0,0.0,0.0
2021-09-20,2,2,1.0,0.7607301824151631,1.5214603648303262,1.0,1.0986122886681098,1.0986122886681098,0.9248382435256454,1.0,0.5,0.0,0.0,0.0,0.0
2021-09-21,1,0,0.0,0.3592990069437039,0.3592990069437039,0.0,0.6931471805599453,0.0,0.3069691307943195,1.0,1.0,0.0,0.0,0.0,0.0
2021-09-22,3,3,1.0,0.7636300866167006,2.290890259850102,1.0,1.3862943611198906,1.3862943611198906,1.1911581238719866,0.6666666666666666,1.0,0.6666666666666666,0.3333333333333333,0.0,0.0
2021-09-23,1,1,1.0,0.5401571148602248,0.5401571148602248,1.0,0.6931471805599453,0.6931471805599453,0.4318844338580921,0.0,0.0,1.0,0.0,0.0,0.0
2021-09-25,1,0,0.0,0.396973873257088,0.396973873257088,0.0,0.6931471805599453,0.0,0.33430837806492736,0.0,0.0,1.0,0.0,0.0,0.0
2021-09-26,1,1,1.0,0.5312419926053603,0.5312419926053603,1.0,0.6931471805599453,0.6931471805599453,0.4260791659782787,0.0,1.0,1.0,0.0,0.0,0.0
2021-09-27,4,3,0.75,0.6757455255275464,2.7029821021101856,0.75,1.6094379124341003,1.3862943611198906,1.3091384685712089,1.0,0.5,0.0,0.0,0.25,0.0
2021-09-28,6,6,1.0,0.7651421899053023,4.590853139431814,1.0,1.9459101490553132,1.9459101490553132,1.7211318943827238,0.8333333333333334,0.8333333333333334,0.16666666666666666,0.0,0.0,0.0
2021-09-29,6,6,1.0,0.745042580915011,4.470255485490066,1.0,1.9459101490553132,1.9459101490553132,1.6993253220141116,0.8333333333333334,0.6666666666666666,0.5,0.16666666666666666,0.16666666666666666,0.0
2021-09-30,1,1,1.0,0.8246041364577921,0.8246041364577921,1.0,0.6931471805599453,0.6931471805599453,0.6013630519757694,0.0,0.0,1.0,0.0,0.0,0.0
2021-10-01,5,3,0.6,0.4760978824246928,2.380489412123464,0.6,1.791759469228055,1.3862943611198906,1.21802049549916,0.4,0.4,0.6,0.0,0.0,0.0
2021-10-02,6,4,0.6666666666666666,0.6282146370226479,3.7692878221358876,0.6666666666666666,1.9459101490553132,1.6094379124341003,1.5621969902179142,0.8333333333333334,0.6666666666666666,0.5,0.16666666666666666,0.0,0.0
2021-10-03,6,5,0.8333333333333334,0.6347624884195883,3.8085749305175294,0.8333333333333334,1.9459101490553132,1.791759469228055,1.5704007679787009,0.5,0.8333333333333334,0.8333333333333334,0.0,0.0,0.0
2021-10-04,3,0,0.0,0.34151359570980033,1.024540787129401,0.0,1.3862943611198906,0.0,0.7053429030539425,0.0,0.3333333333333333,1.0,0.0,0.0,0.0
2021-10-06,2,2,1.0,0.8068420935150928,1.6136841870301857,1.0,1.0986122886681098,1.0986122886681098,0.9607607919239209,1.0,1.0,0.0,0.0,0.0,0.0
2021-10-08,1,1,1.0,0.7338543091756714,0.7338543091756714,1.0,0.6931471805599453,0.6931471805599453,0.5503468547452307,1.0,1.0,0.0,0.0,0.0,0.0
2021-10-09,3,3,1.0,0.7183960844133247,2.155188253239974,1.0,1.3862943611198906,1.3862943611198906,1.1490481624349609,0.6666666666666666,1.0,0.3333333333333333,0.3333333333333333,0.0,0.0
2021-10-10,4,1,0.25,0.41544724104592934,1.6617889641837174,0.25,1.6094379124341003,0.6931471805599453,0.9789984396641725,0.75,1.0,0.5,0.0,0.0,0.0
2021-10-12,6,1,0.16666666666666666,0.40079532468028917,2.404771948081735,0.16666666666666666,1.9459101490553132,0.6931471805599453,1.2251779617584322,0.5,0.16666666666666666,0.5,0.16666666666666666,0.0,0.0
2021-10-13,2,1,0.5,0.42984328304342023,0.8596865660868405,0.5,1.0986122886681098,0.6931471805599453,0.6204079606686859,0.0,0.5,1.0,0.0,0.0,0.0
2021-10-14,2,1,0.5,0.4787764873861289,0.9575529747722578,0.5,1.0986122886681098,0.6931471805599453,0.6716952109801171,0.5,0.5,0.5,0.0,0.5,0.0
2021-10-15,2,0,0.0,0.3049675872323866,0.6099351744647732,0.0,1.0986122886681098,0.0,0.47619391387814836,0.5,1.0,0.5,0.0,0.0,0.0
2021-10-16,1,1,1.0,0.5631151169964163,0.5631151169964163,1.0,0.6931471805599453,0.6931471805599453,0.4466807000365025,1.0,1.0,0.0,0.0,0.0,0.0
2021-10-17,1,1,1.0,0.8007709873740313,0.8007709873740313,1.0,0.6931471805599453,0.6931471805599453,0.5882148995154931,1.0,1.0,0.0,0.0,0.0,0.0
2021-10-18,4,2,0.5,0.5107845048956843,2.043138019582737,0.5,1.6094379124341003,1.0986122886681098,1.1128892263051708,0.0,0.0,1.0,0.0,0.0,0.0
2021-10-20,2,2,1.0,0.7639376203887601,1.5278752407775202,1.0,1.0986122886681098,1.0986122886681098,0.9273791241085529,1.0,1.0,1.0,0.0,0.0,0.0
2021-10-21,1,1,1.0,0.5661496328098956,0.5661496328098956,1.0,0.6931471805599453,0.6931471805599453,0.4486201439680822,1.0,1.0,0.0,0.0,0.0,0.0
2021-10-22,3,2,0.6666666666666666,0.6908828727716824,2.072648618315047,0.6666666666666666,1.3862943611198906,1.0986122886681098,1.1225399317732012,0.6666666666666666,0.6666666666666666,1.0,0.0,0.0,0.0
2021-10-23,4,2,0.5,0.5079167121477008,2.0316668485908034,0.5,1.6094379124341003,1.0986122886681098,1.1091125833099356,0.5,1.0,0.75,0.0,0.0,0.0
2021-10-24,1,1,1.0,0.5001868705000991,0.5001868705000991,1.0,0.6931471805599453,0.6931471805599453,0.4055896806820785,0.0,0.0,1.0,0.0,0.0,0.0
2021-10-25,2,1,0.5,0.5078219805642181,1.0156439611284362,0.5,1.0986122886681098,0.6931471805599453,0.7009387280292263,1.0,0.0,0.0,0.0,0.0,0.0
2021-10-26,2,0,0.0,0.3864718396968169,0.7729436793936338,0.0,1.0986122886681098,0.0,0.5726412608760995,0.0,1.0,1.0,0.0,0.0,0.0
2021-10-27,5,3,0.6,0.6587595363504569,3.2937976817522845,0.6,1.791759469228055,1.3862943611198906,1.457171581847337,0.8,0.8,0.4,0.0,0.0,0.0
2021-10-28,7,3,0.42857142857142855,0.47977028621581824,3.3583920035107275,0.42857142857142855,2.0794415416798357,1.3862943611198906,1.4721031828008504,0.2857142857142857,0.7142857142857143,0.8571428571428571,0.14285714285714285,0.2857142857142857,0.0
2021-10-29,1,0,0.0,0.27133552212633877,0.27133552212633877,0.0,0.6931471805599453,0.0,0.24006794016018682,0.0,0.0,1.0,0.0,0.0,0.0
2021-10-30,2,2,1.0,0.7621733111152686,1.5243466222305373,1.0,1.0986122886681098,1.0986122886681098,0.9259822657692245,1.0,0.0,0.5,0.0,0.0,0.0
2021-10-31,2,2,1.0,0.8010957233048812,1.6021914466097624,1.0,1.0986122886681098,1.0986122886681098,0.9563539540976547,1.0,0.0,0.5,0.0,0.0,0.0
2021-11-01,5,4,0.8,0.8106644473386305,4.053322236693153,0.8,1.791759469228055,1.6094379124341003,1.6200458956386559,1.0,0.8,0.4,0.0,0.0,0.0
2021-11-02,3,3,1.0,0.8071409929937953,2.421422978981386,1.0,1.3862943611198906,1.3862943611198906,1.2300565402645633,1.0,0.3333333333333333,1.0,0.0,0.0,0.0
2021-11-03,4,2,0.5,0.6079724799228732,2.4318899196914927,0.5,1.6094379124341003,1.0986122886681098,1.2331111064293463,0.75,0.5,0.25,0.0,0.0,0.0
2021-11-04,6,5,0.8333333333333334,0.7406412662541029,4.443847597524617,0.8333333333333334,1.9459101490553132,1.791759469228055,1.6944860898206957,1.0,0.5,0.6666666666666666,0.3333333333333333,0.0,0.0
2021-11-05,2,2,1.0,0.9224336794755609,1.8448673589511217,1.0,1.0986122886681098,1.0986122886681098,1.0455164439786444,1.0,0.0,0.0,0.0,0.0,0.0
2021-11-06,1,1,1.0,0.8739203290370058,0.8739203290370058,1.0,0.6931471805599453,0.6931471805599453,0.6280326690581718,1.0,1.0,0.0,0.0,0.0,0.0
2021-11-07,4,4,1.0,0.7202435121322146,2.8809740485288584,1.0,1.6094379124341003,1.6094379124341003,1.3560861655643246,1.0,0.75,0.0,0.25,0.0,0.0
2021-11-08,2,1,0.5,0.6568309501766931,1.3136619003533863,0.5,1.0986122886681098,0.6931471805599453,0.8388315076180836,0.5,0.0,0.5,0.0,0.0,0.0
2021-11-09,2,1,0.5,0.6576376952820665,1.315275390564133,0.5,1.0986122886681098,0.6931471805599453,0.839528639670081,0.5,1.0,0.5,0.0,0.0,0.0
2021-11-10,3,0,0.0,0.28971039183438463,0.8691311755031539,0.0,1.3862943611198906,0.0,0.6254737108704842,0.0,0.3333333333333333,1.0,0.0,0.0,0.0
2021-11-11,3,2,0.6666666666666666,0.6315465466894811,1.8946396400684433,0.6666666666666666,1.3862943611198906,1.0986122886681098,1.0628606266168001,1.0,0.6666666666666666,0.0,0.0,0.0,0.0
2021-11-12,4,2,0.5,0.49231185236160374,1.969247409446415,0.5,1.6094379124341003,1.0986122886681098,1.0883085232112493,0.75,0.5,0.5,0.0,0.0,0.0
2021-11-13,2,0,0.0,0.3090029784058198,0.6180059568116396,0.0,1.0986122886681098,0.0,0.48119450021891697,0.0,0.5,1.0,0.0,0.0,0.0
2021-11-14,2,1,0.5,0.6362921638082268,1.2725843276164537,0.5,1.0986122886681098,0.6931471805599453,0.820917654243043,0.0,0.0,1.0,0.0,0.0,0.0
2021-11-15,4,2,0.5,0.6547270467785931,2.6189081871143722,0.5,1.6094379124341003,1.0986122886681098,1.2861723745760019,0.75,0.25,0.5,0.0,0.0,0.0
2021-11-16,5,2,0.4,0.557255609889914,2.7862780494495696,0.4,1.791759469228055,1.0986122886681098,1.3313834915720988,0.4,0.6,0.8,0.0,0.0,0.0
2021-11-17,7,5,0.7142857142857143,0.7060660220825818,4.942462154578073,0.7142857142857143,2.0794415416798357,1.791759469228055,1.782123551629168,0.8571428571428571,1.0,0.2857142857142857,0.2857142857142857,0.42857142857142855,0.0
2021-11-18,3,2,0.6666666666666666,0.6070058237657298,1.8210174712971892,0.6666666666666666,1.3862943611198906,1.0986122886681098,1.0370976252999327,1.0,0.6666666666666666,0.3333333333333333,0.3333333333333333,0.0,0.0
2021-11-19,3,3,1.0,0.7916887999802369,2.3750663999407107,1.0,1.3862943611198906,1.3862943611198906,1.2164149981874683,1.0,0.3333333333333333,1.0,0.0,0.0,0.0
2021-11-20,1,1,1.0,0.5435097031035809,0.5435097031035809,1.0,0.6931471805599453,0.6931471805599453,0.43405885136958916,1.0,1.0,0.0,0.0,0.0,0.0
2021-11-21,1,0,0.0,0.4936729418536104,0.4936729418536104,0.0,0.6931471805599453,0.0,0.40123814832341836,0.0,0.0,1.0,0.0,0.0,0.0
2021-11-22,4,3,0.75,0.6342585263258906,2.5370341053035625,0.75,1.6094379124341003,1.3862943611198906,1.2632885526149564,1.0,0.75,0.25,0.0,0.0,0.0
2021-11-23,4,4,1.0,0.6830805488880624,2.7323221955522494,1.0,1.6094379124341003,1.6094379124341003,1.3170306124719573,1.0,1.0,0.5,0.0,0.0,0.0
2021-11-24,5,5,1.0,0.7117106015811787,3.5585530079058936,1.0,1.791759469228055,1.791759469228055,1.517005250341098,1.0,0.8,0.0,0.2,0.0,0.0
2021-11-26,2,2,1.0,0.8228474991323473,1.6456949982646947,1.0,1.0986122886681098,1.0986122886681098,0.9729337900634077,1.0,0.5,0.5,0.5,0.0,0.0
2021-11-27,3,2,0.6666666666666666,0.5514623989092308,1.6543871967276922,0.6666666666666666,1.3862943611198906,1.0986122886681098,0.9762138170275867,0.6666666666666666,1.0,0.3333333333333333,0.6666666666666666,0.0,0.0
2021-11-29,3,3,1.0,0.7620244288326283,2.286073286497885,1.0,1.3862943611198906,1.3862943611198906,1.1896933220133281,1.0,1.0,0.3333333333333333,0.0,0.0,0.0
2021-11-30,3,2,0.6666666666666666,0.6432832878651212,1.9298498635953636,0.6666666666666666,1.3862943611198906,1.0986122886681098,1.0749511806223737,0.6666666666666666,0.6666666666666666,1.0,0.0,0.0,0.0
2021-12-01,2,2,1.0,0.7548652975122654,1.5097305950245308,1.0,1.0986122886681098,1.0986122886681098,0.9201754147235809,0.5,1.0,1.0,0.0,0.0,0.0
2021-12-02,1,1,1.0,0.8026757424024265,0.8026757424024265,1.0,0.6931471805599453,0.6931471805599453,0.5892720846766103,1.0,1.0,0.0,0.0,0.0,0.0
2021-12-03,1,1,1.0,0.887203661024673,0.887203661024673,1.0,0.6931471805599453,0.6931471805599453,0.6350961890334996,1.0,1.0,1.0,0.0,0.0,0.0
2021-12-04,3,2,0.6666666666666666,0.5451447315182207,1.6354341945546622,0.6666666666666666,1.3862943611198906,1.0986122886681098,0.9690479481357787,0.6666666666666666,0.6666666666666666,0.3333333333333333,0.0,0.3333333333333333,0.0
2021-12-05,3,3,1.0,0.7761666108816399,2.3284998326449196,1.0,1.3862943611198906,1.3862943611198906,1.2025217017791907,1.0,0.6666666666666666,0.0,0.0,0.0,0.0
2021-12-06,5,4,0.8,0.680523224842385,3.4026161242119253,0.8,1.791759469228055,1.6094379124341003,1.4821989379198437,0.8,0.6,0.6,0.2,0.0,0.0
2021-12-07,1,1,1.0,0.7358871562895163,0.7358871562895163,1.0,0.6931471805599453,0.6931471805599453,0.5515186119880525,1.0,1.0,1.0,0.0,0.0,0.0
2021-12-09,3,0,0.0,0.34695046762777526,1.0408514028833258,0.0,1.3862943611198906,0.0,0.7133670751425925,0.3333333333333333,0.0,0.6666666666666666,0.0,0.0,0.0
2021-12-10,2,1,0.5,0.5112939952075508,1.0225879904151016,0.5,1.0986122886681098,0.6931471805599453,0.7043778747718258,0.5,0.0,1.0,0.0,0.0,0.0
2021-12-12,1,0,0.0,0.41071955908549235,0.41071955908549235,0.0,0.6931471805599453,0.0,0.34409989981080424,0.0,0.0,1.0,0.0,0.0,0.0
2021-12-13,2,1,0.5,0.4879900021425341,0.9759800042850681,0.5,1.0986122886681098,0.6931471805599453,0.6810644799855426,0.5,0.5,0.5,0.0,0.0,0.0
2021-12-14,2,2,1.0,0.7524905988193735,1.504981197638747,1.0,1.0986122886681098,1.0986122886681098,0.9182812285760226,1.0,1.0,0.5,0.0,0.0,0.0
2021-12-17,3,2,0.6666666666666666,0.579919157126096,1.739757471378288,0.6666666666666666,1.3862943611198906,1.0986122886681098,1.0078694023868597,1.0,0.3333333333333333,0.6666666666666666,0.0,0.0,0.0
2021-12-18,1,1,1.0,0.565154072613199,0.565154072613199,1.0,0.6931471805599453,0.6931471805599453,0.4479842681004571,1.0,1.0,0.0,1.0,0.0,0.0
2021-12-19,1,0,0.0,0.48101933535311014,0.48101933535311014,0.0,0.6931471805599453,0.0,0.39273059080685946,0.0,0.0,1.0,0.0,0.0,0.0
2021-12-21,1,0,0.0,0.2705442553241387,0.2705442553241387,0.0,0.6931471805599453,0.0,0.23944535616956839,0.0,1.0,1.0,0.0,0.0,0.0
2021-12-22,2,1,0.5,0.40271419847849227,0.8054283969569845,0.5,1.0986122886681098,0.6931471805599453,0.5907979026587317,1.0,1.0,1.0,0.0,0.0,0.0
2021-12-25,1,1,1.0,0.9169775217819497,0.9169775217819497,1.0,0.6931471805599453,0.6931471805599453,0.650749738268078,1.0,1.0,1.0,0.0,0.0,0.0
2021-12-28,4,3,0.75,0.7102991075376212,2.8411964301504846,0.75,1.6094379124341003,1.3862943611198906,1.3457838884233617,0.5,0.5,1.0,0.0,0.25,0.0
2021-12-29,3,3,1.0,0.7150591650288213,2.1451774950864637,1.0,1.3862943611198906,1.3862943611198906,1.1458703257892835,0.6666666666666666,0.3333333333333333,0.6666666666666666,0.0,0.3333333333333333,0.0
2021-12-30,2,1,0.5,0.4515689541601399,0.9031379083202798,0.5,1.0986122886681098,0.6931471805599453,0.6435040545901495,0.0,1.0,1.0,0.0,0.0,0.0
2021-12-31,3,1,0.3333333333333333,0.45055835009108636,1.351675050273259,0.3333333333333333,1.3862943611198906,0.6931471805599453,0.855127861594137,0.6666666666666666,1.0,0.6666666666666666,0.0,0.0,0.0
2022-01-01,4,3,0.75,0.6646770146286964,2.6587080585147858,0.75,1.6094379124341003,1.3862943611198906,1.2971100956209902,0.5,1.0,1.0,0.0,0.5,0.0
2022-01-02,2,2,1.0,0.6889235217108383,1.3778470434216765,1.0,1.0986122886681098,1.0986122886681098,0.8661954746782897,1.0,1.0,0.0,0.0,0.0,0.0
2022-01-03,2,0,0.0,0.3557499684942852,0.7114999369885704,0.0,1.0986122886681098,0.0,0.5373701421716082,0.0,0.5,1.0,0.0,0.0,0.0
2022-01-04,4,1,0.25,0.3933202056052694,1.5732808224210777,0.25,1.6094379124341003,0.6931471805599453,0.9451816693654561,0.5,0.5,0.5,0.0,0.0,0.0
2022-01-05,3,3,1.0,0.6935989881118862,2.0807969643356587,1.0,1.3862943611198906,1.3862943611198906,1.125188318168706,1.0,0.6666666666666666,0.6666666666666666,0.6666666666666666,0.0,0.0
2022-01-06,3,0,0.0,0.23390445353581812,0.7017133606074544,0.0,1.3862943611198906,0.0,0.5316356026939584,0.0,0.0,1.0,0.0,0.0,0.0
2022-01-07,2,2,1.0,0.8957653382994948,1.7915306765989896,1.0,1.0986122886681098,1.0986122886681098,1.0265900749964472,1.0,1.0,1.0,0.5,0.5,0.0
2022-01-08,4,2,0.5,0.6035066802870245,2.414026721148098,0.5,1.6094379124341003,1.0986122886681098,1.2278924512742777,0.5,1.0,0.5,0.0,0.0,0.0
2022-01-09,2,2,1.0,0.7657726946272692,1.5315453892545383,1.0,1.0986122886681098,1.0986122886681098,0.9288299420535955,1.0,0.5,0.5,0.0,0.0,0.0
2022-01-10,1,1,1.0,0.7772042981524527,0.7772042981524527,1.0,0.6931471805599453,0.6931471805599453,0.5750415105734579,1.0,0.0,1.0,0.0,0.0,0.0
2022-01-12,3,2,0.6666666666666666,0.7153346641149155,2.1460039923447467,0.6666666666666666,1.3862943611198906,1.0986122886681098,1.1461330736577686,0.6666666666666666,1.0,0.3333333333333333,0.0,0.3333333333333333,0.0
2022-01-13,6,4,0.6666666666666666,0.6235422752286587,3.741253651371952,0.6666666666666666,1.9459101490553132,1.6094379124341003,1.5563015841492176,0.8333333333333334,1.0,0.6666666666666666,0.16666666666666666,0.16666666666666666,0.0
2022-01-14,2,2,1.0,0.8166873511031267,1.6333747022062535,1.0,1.0986122886681098,1.0986122886681098,0.9682661803800474,1.0,1.0,0.0,0.0,0.0,0.0
2022-01-15,1,0,0.0,0.248969932144046,0.248969932144046,0.0,0.6931471805599453,0.0,0.22231915731007015,0.0,0.0,1.0,0.0,0.0,0.0
2022-01-16,1,0,0.0,0.4200594439585053,0.4200594439585053,0.0,0.6931471805599453,0.0,0.35069873267959206,1.0,1.0,1.0,0.0,0.0,0.0
2022-01-17,2,2,1.0,0.630734355028599,1.261468710057198,1.0,1.0986122886681098,1.0986122886681098,0.8160144739157446,1.0,0.5,1.0,0.0,0.0,0.0
2022-01-18,3,3,1.0,0.6661059020746611,1.9983177062239834,1.0,1.3862943611198906,1.3862943611198906,1.0980513667888367,0.6666666666666666,0.3333333333333333,0.6666666666666666,0.0,0.3333333333333333,0.0
2022-01-20,4,3,0.75,0.6559441952834134,2.6237767811336536,0.75,1.6094379124341003,1.3862943611198906,1.287516791673788,0.75,0.75,0.25,0.5,0.0,0.0
2022-01-21,2,2,1.0,0.8102481818351472,1.6204963636702945,1.0,1.0986122886681098,1.0986122886681098,0.963363751611838,0.0,1.0,1.0,0.0,0.0,0.0
2022-01-22,5,4,0.8,0.47533255366746074,2.3766627683373036,0.8,1.791759469228055,1.6094379124341003,1.2168878751013825,0.0,1.0,1.0,0.0,0.0,0.0
2022-01-23,3,3,1.0,0.7593979210944145,2.2781937632832436,1.0,1.3862943611198906,1.3862943611198906,1.1872925887892325,1.0,0.3333333333333333,0.6666666666666666,0.0,0.3333333333333333,0.0
2022-01-24,3,1,0.3333333333333333,0.3711291472747871,1.1133874418243612,0.3333333333333333,1.3862943611198906,0.6931471805599453,0.7482920828401854,0.0,0.6666666666666666,1.0,0.6666666666666666,0.0,0.0
2022-01-25,1,1,1.0,0.8384389553730006,0.8384389553730006,1.0,0.6931471805599453,0.6931471805599453,0.608916817712157,1.0,1.0,0.0,1.0,1.0,0.0
2022-01-26,2,1,0.5,0.6054082673054728,1.2108165346109456,0.5,1.0986122886681098,0.6931471805599453,0.7933619199660764,1.0,0.5,1.0,0.0,0.5,0.0
2022-01-27,2,1,0.5,0.3823791174749114,0.7647582349498228,0.5,1.0986122886681098,0.6931471805599453,0.5680137036374645,1.0,0.5,0.5,0.0,0.0,0.0
2022-01-28,6,5,0.8333333333333334,0.7102859353356257,4.261715612013754,0.8333333333333334,1.9459101490553132,1.791759469228055,1.660457135550164,0.8333333333333334,0.8333333333333334,0.6666666666666666,0.0,0.3333333333333333,0.0
2022-01-29,5,5,1.0,0.7014091302076236,3.5070456510381183,1.0,1.791759469228055,1.791759469228055,1.5056418725762553,0.8,0.6,0.6,0.6,0.2,0.0
2022-01-31,2,1,0.5,0.5969544744773575,1.193908948954715,0.5,1.0986122886681098,0.6931471805599453,0.7856848609712485,0.5,0.0,1.0,0.0,0.0,0.0
2022-02-01,3,2,0.6666666666666666,0.5557432753716965,1.6672298261150897,0.6666666666666666,1.3862943611198906,1.0986122886681098,0.9810404155085155,0.6666666666666666,0.3333333333333333,0.6666666666666666,0.0,0.0,0.0
2022-02-02,2,2,1.0,0.9662166128679567,1.9324332257359134,1.0,1.0986122886681098,1.0986122886681098,1.0758325308637076,1.0,1.0,1.0,0.0,0.0,0.0
2022-02-03,4,3,0.75,0.6412234155345548,2.564893662138219,0.75,1.6094379124341003,1.3862943611198906,1.2711342251291622,1.0,0.5,0.25,0.25,0.0,0.0
2022-02-04,5,2,0.4,0.5256004951478083,2.6280024757390414,0.4,1.791759469228055,1.0986122886681098,1.2886822146504087,0.8,0.6,0.2,0.0,0.0,0.0
2022-02-05,4,3,0.75,0.6143021711237548,2.4572086844950194,0.75,1.6094379124341003,1.3862943611198906,1.240461524895684,0.75,0.5,0.25,0.0,0.0,0.0
2022-02-06,3,1,0.3333333333333333,0.39143074348680257,1.1742922304604078,0.3333333333333333,1.3862943611198906,0.6931471805599453,0.7767032003003359,0.3333333333333333,0.3333333333333333,1.0,0.0,0.0,0.0
2022-02-07,3,0,0.0,0.302849048265798,0.9085471447973941,0.0,1.3862943611198906,0.0,0.646342295437942,0.6666666666666666,0.6666666666666666,0.3333333333333333,0.0,0.0,0.0
2022-02-08,6,3,0.5,0.4049780872215924,2.4298685233295543,0.5,1.9459101490553132,1.3862943611198906,1.2325219290523814,0.3333333333333333,0.5,1.0,0.0,0.0,0.0
2022-02-09,2,1,0.5,0.5819722985801231,1.1639445971602462,0.5,1.0986122886681098,0.6931471805599453,0.7719327586048548,0.5,0.5,1.0,0.5,0.0,0.0
2022-02-10,1,0,0.0,0.29256138298949436,0.29256138298949436,0.0,0.6931471805599453,0.0,0.2566258179474104,1.0,1.0,0.0,0.0,0.0,0.0
2022-02-11,3,2,0.6666666666666666,0.5842945941116263,1.7528837823348788,0.6666666666666666,1.3862943611198906,1.0986122886681098,1.012649010352897,0.6666666666666666,0.6666666666666666,0.6666666666666666,0.0,0.3333333333333333,0.0
2022-02-12,4,1,0.25,0.43346894831687904,1.7338757932675162,0.25,1.6094379124341003,0.6931471805599453,1.0057203068628584,0.5,0.5,0.75,0.0,0.0,0.0
2022-02-13,1,1,1.0,0.7471611379620738,0.7471611379620738,1.0,0.6931471805599453,0.6931471805599453,0.5579922638543197,1.0,1.0,1.0,0.0,1.0,0.0
2022-02-14,1,1,1.0,0.8964139324071514,0.8964139324071514,1.0,0.6931471805599453,0.6931471805599453,0.6399646987848964,1.0,0.0,1.0,0.0,0.0,0.0
2022-02-15,7,5,0.7142857142857143,0.7129095860390606,4.990367102273424,0.7142857142857143,2.0794415416798357,1.791759469228055,1.7901526961047862,0.8571428571428571,0.7142857142857143,0.5714285714285714,0.42857142857142855,0.0,0.0
2022-02-16,3,3,1.0,0.7899566974651554,2.369870092395466,1.0,1.3862943611198906,1.3862943611198906,1.2148741953706639,1.0,1.0,1.0,0.6666666666666666,0.3333333333333333,0.0
2022-02-17,3,2,0.6666666666666666,0.500252414747516,1.500757244242548,0.6666666666666666,1.3862943611198906,1.0986122886681098,0.9165935837069281,0.3333333333333333,0.6666666666666666,1.0,0.0,0.3333333333333333,0.0
2022-02-18,2,1,0.5,0.5865511427811787,1.1731022855623574,0.5,1.0986122886681098,0.6931471805599453,0.7761557712950402,1.0,0.0,0.0,0.0,0.0,0.0
2022-02-19,1,1,1.0,0.5734870727347013,0.5734870727347013,1.0,0.6931471805599453,0.6931471805599453,0.4532942218766927,1.0,1.0,0.0,0.0,0.0,0.0
2022-02-20,1,1,1.0,0.7276424288313379,0.7276424288313379,1.0,0.6931471805599453,0.6931471805599453,0.5467577212097187,1.0,1.0,0.0,0.0,0.0,0.0
2022-02-21,5,5,1.0,0.7547015581532202,3.773507790766101,1.0,1.791759469228055,1.791759469228055,1.563081420541369,0.8,0.6,0.8,0.0,0.2,0.0
2022-02-22,4,3,0.75,0.6317676869668856,2.5270707478675423,0.75,1.6094379124341003,1.3862943611198906,1.2604677099888137,0.5,0.75,1.0,0.0,0.0,0.0
2022-02-23,7,4,0.5714285714285714,0.6054117602135575,4.237882321494903,0.5714285714285714,2.0794415416798357,1.6094379124341003,1.655917279528243,0.5714285714285714,0.5714285714285714,0.8571428571428571,0.0,0.0,0.0
2022-02-24,3,2,0.6666666666666666,0.606871881493667,1.8206156444810009,0.6666666666666666,1.3862943611198906,1.0986122886681098,1.036955174768811,0.6666666666666666,0.6666666666666666,1.0,0.0,0.0,0.0
2022-02-25,2,2,1.0,0.6080863346452828,1.2161726692905657,1.0,1.0986122886681098,1.0986122886681098,0.7957816852044305,0.5,0.5,0.5,0.0,0.0,0.0
2022-02-26,1,0,0.0,0.35337752037251835,0.35337752037251835,0.0,0.6931471805599453,0.0,0.3026033349340802,0.0,1.0,1.0,0.0,0.0,0.0
2022-02-27,2,0,0.0,0.4202157364668764,0.8404314729337528,0.0,1.0986122886681098,0.0,0.6100000402906155,0.0,0.5,1.0,0.0,0.0,0.0
2022-02-28,2,0,0.0,0.2825139960368582,0.5650279920737163,0.0,1.0986122886681098,0.0,0.4479037101412423,0.5,0.0,1.0,0.0,0.0,0.0
2022-03-01,1,1,1.0,0.8357739189182306,0.8357739189182306,1.0,0.6931471805599453,0.6931471805599453,0.6074661467721111,1.0,0.0,0.0,0.0,0.0,0.0
2022-03-02,3,3,1.0,0.7775913125465913,2.332773937639774,1.0,1.3862943611198906,1.3862943611198906,1.2038049715347332,1.0,0.0,0.0,0.0,0.0,0.0
2022-03-03,2,2,1.0,0.7987097977897744,1.5974195955795487,1.0,1.0986122886681098,1.0986122886681098,0.9545184889710653,1.0,0.5,0.5,0.0,0.0,0.0
2022-03-04,4,2,0.5,0.6486308643905929,2.5945234575623717,0.5,1.6094379124341003,1.0986122886681098,1.279411425380259,0.5,0.75,1.0,0.25,0.5,0.0
2022-03-05,1,1,1.0,0.7907527815764762,0.7907527815764762,1.0,0.6931471805599453,0.6931471805599453,0.5826360798137307,1.0,1.0,0.0,1.0,1.0,0.0
2022-03-06,3,1,0.3333333333333333,0.49297892149287587,1.4789367644786275,0.3333333333333333,1.3862943611198906,0.6931471805599453,0.9078297442479275,0.3333333333333333,0.6666666666666666,1.0,0.3333333333333333,0.3333333333333333,0.0
2022-03-07,2,0,0.0,0.3868642299418986,0.7737284598837972,0.0,1.0986122886681098,0.0,0.5730838055896524,1.0,1.0,0.0,0.0,0.0,0.0
2022-03-08,3,1,0.3333333333333333,0.38754987143296016,1.1626496142988805,0.3333333333333333,1.3862943611198906,0.6931471805599453,0.7713341432336206,0.3333333333333333,0.3333333333333333,0.6666666666666666,0.0,0.0,0.0
2022-03-09,3,1,0.3333333333333333,0.4439014676050042,1.3317044028150127,0.3333333333333333,1.3862943611198906,0.6931471805599453,0.846599503513517,0.3333333333333333,0.0,0.6666666666666666,0.0,0.0,0.0
2022-03-10,2,2,1.0,0.7841056751078243,1.5682113502156485,1.0,1.0986122886681098,1.0986122886681098,0.9432096839269777,0.5,0.5,0.5,0.5,0.0,0.0
2022-03-11,5,3,0.6,0.560667850805103,2.8033392540255146,0.6,1.791759469228055,1.3862943611198906,1.3358794319160165,0.6,0.4,0.8,0.0,0.4,0.0
2022-03-12,2,0,0.0,0.3309869126314121,0.6619738252628242,0.0,1.0986122886681098,0.0,0.508005947369905,0.0,0.0,1.0,0.0,0.0,0.0
2022-03-13,4,4,1.0,0.7466052562054406,2.9864210248217624,1.0,1.6094379124341003,1.6094379124341003,1.3828938421086576,1.0,0.75,0.5,0.25,0.25,0.0
2022-03-14,2,1,0.5,0.4970154103271311,0.9940308206542622,0.5,1.0986122886681098,0.6931471805599453,0.6901581281174157,1.0,0.5,0.5,0.0,0.0,0.0
2022-03-15,1,1,1.0,0.6734266567352696,0.6734266567352696,1.0,0.6931471805599453,0.6931471805599453,0.5148734144377185,1.0,0.0,1.0,0.0,0.0,0.0
2022-03-16,6,3,0.5,0.600200020040467,3.601200120242802,0.5,1.9459101490553132,1.3862943611198906,1.5263171651726402,0.6666666666666666,0.3333333333333333,0.3333333333333333,0.0,0.0,0.0
2022-03-17,1,1,1.0,0.9296703816062898,0.9296703816062898,1.0,0.6931471805599453,0.6931471805599453,0.6573492015985871,1.0,1.0,1.0,0.0,0.0,0.0
2022-03-18,5,4,0.8,0.7481003065562913,3.740501532781457,0.8,1.791759469228055,1.6094379124341003,1.5561429387133325,1.0,0.6,0.4,0.0,0.0,0.0
2022-03-19,2,2,1.0,0.8355141915943703,1.6710283831887407,1.0,1.0986122886681098,1.0986122886681098,0.9824635604991963,0.5,0.5,1.0,0.0,0.0,0.0
2022-03-20,2,1,0.5,0.5681114624306253,1.1362229248612505,0.5,1.0986122886681098,0.6931471805599453,0.7590392812239876,0.5,0.5,1.0,0.0,0.0,0.0
2022-03-22,3,2,0.6666666666666666,0.6434855242713821,1.930456572814146,0.6666666666666666,1.3862943611198906,1.0986122886681098,1.0751582377882518,0.6666666666666666,0.3333333333333333,0.6666666666666666,0.0,0.3333333333333333,0.0
2022-03-23,3,3,1.0,0.6768019420935777,2.030405826280733,1.0,1.3862943611198906,1.3862943611198906,1.1086965466188923,0.6666666666666666,1.0,0.3333333333333333,0.0,0.0,0.0
2022-03-24,3,1,0.3333333333333333,0.45571037083368576,1.3671311125010572,0.3333333333333333,1.3862943611198906,0.6931471805599453,0.8616787208444407,0.3333333333333333,0.6666666666666666,0.6666666666666666,0.0,0.0,0.0
2022-03-25,4,4,1.0,0.753549880756071,3.014199523024284,1.0,1.6094379124341003,1.6094379124341003,1.389837955921138,1.0,0.75,0.75,0.25,0.0,0.0
2022-03-27,4,4,1.0,0.8587827354431543,3.4351309417726172,1.0,1.6094379124341003,1.6094379124341003,1.4895571399643954,0.75,0.75,1.0,0.25,0.25,0.0
2022-03-28,5,4,0.8,0.6484821350170461,3.2424106750852304,0.8,1.791759469228055,1.6094379124341003,1.445131663122086,0.6,0.8,0.4,0.2,0.2,0.0
2022-03-29,4,3,0.75,0.701444089489125,2.8057763579565,0.75,1.6094379124341003,1.3862943611198906,1.336520006757719,0.5,0.5,0.75,0.0,0.0,0.0
2022-03-30,4,2,0.5,0.6090776721870195,2.436310688748078,0.5,1.6094379124341003,1.0986122886681098,1.2343984216721928,0.5,0.5,0.75,0.0,0.0,0.0
2022-03-31,3,0,0.0,0.42927585979628563,1.287827579388857,0.0,1.3862943611198906,0.0,0.8276027120192287,0.0,1.0,1.0,0.0,0.6666666666666666,0.0
2022-04-01,1,1,1.0,0.9659643502917264,0.9659643502917264,1.0,0.6931471805599453,0.6931471805599453,0.67598288844344,1.0,0.0,1.0,0.0,0.0,0.0
2022-04-02,7,7,1.0,0.8070802729413986,5.6495619105897905,1.0,2.0794415416798357,2.0794415416798357,1.8945509743909066,1.0,0.8571428571428571,0.5714285714285714,0.2857142857142857,0.14285714285714285,0.0
2022-04-03,4,4,1.0,0.6160961270587895,2.464384508235158,1.0,1.6094379124341003,1.6094379124341003,1.2425349857626296,0.75,1.0,1.0,0.25,0.25,0.0
2022-04-04,4,1,0.25,0.437019653041092,1.748078612164368,0.25,1.6094379124341003,0.6931471805599453,1.0109019809976425,0.75,0.5,0.5,0.0,0.0,0.0
2022-04-05,1,1,1.0,0.5439568720768055,0.5439568720768055,1.0,0.6931471805599453,0.6931471805599453,0.4343485186197198,0.0,1.0,1.0,0.0,0.0,0.0
2022-04-06,4,3,0.75,0.6888628343858955,2.755451337543582,0.75,1.6094379124341003,1.3862943611198906,1.3232084744094876,0.75,0.75,0.75,0.75,0.5,0.0
2022-04-07,3,1,0.3333333333333333,0.5508313117473861,1.6524939352421584,0.3333333333333333,1.3862943611198906,0.6931471805599453,0.9755003050725327,1.0,0.6666666666666666,0.3333333333333333,0.0,0.0,0.0
2022-04-08,2,1,0.5,0.6195483119080691,1.2390966238161383,0.5,1.0986122886681098,0.6931471805599453,0.8060724915832559,0.5,0.5,1.0,0.0,0.0,0.0
2022-04-09,3,3,1.0,0.8902163948494071,2.670649184548221,1.0,1.3862943611198906,1.3862943611198906,1.3003685359460482,1.0,0.6666666666666666,0.3333333333333333,0.0,0.0,0.0
2022-04-10,3,3,1.0,0.8304496168811223,2.4913488506433668,1.0,1.3862943611198906,1.3862943611198906,1.2502881517019464,0.6666666666666666,0.6666666666666666,1.0,0.3333333333333333,0.3333333333333333,0.0
2022-04-11,4,2,0.5,0.572093964571122,2.288375858284488,0.5,1.6094379124341003,1.0986122886681098,1.1903937827911186,0.5,0.75,0.75,0.25,0.25,0.0
2022-04-12,2,1,0.5,0.5683796590267751,1.1367593180535502,0.5,1.0986122886681098,0.6931471805599453,0.7592903439079042,0.5,0.5,1.0,0.5,0.5,0.0
2022-04-13,1,0,0.0,0.3292282950074908,0.3292282950074908,0.0,0.6931471805599453,0.0,0.2845985445178129,0.0,0.0,1.0,0.0,0.0,0.0
2022-04-14,2,0,0.0,0.46621095273299396,0.9324219054659879,0.0,1.0986122886681098,0.0,0.6587740895198025,0.0,0.0,1.0,0.0,0.0,0.0
2022-04-15,2,2,1.0,0.6340660109347325,1.268132021869465,1.0,1.0986122886681098,1.0986122886681098,0.8189565948721508,0.5,1.0,0.5,0.0,0.0,0.0
2022-04-16,4,0,0.0,0.37257524881511084,1.4903009952604434,0.0,1.6094379124341003,0.0,0.9124035848017208,0.25,0.5,0.75,0.0,0.0,0.0
2022-04-17,4,0,0.0,0.37448427141575047,1.4979370856630019,0.0,1.6094379124341003,0.0,0.9154652255027101,0.0,0.0,1.0,0.0,0.0,0.0
2022-04-18,1,0,0.0,0.28291615615386206,0.28291615615386206,0.0,0.6931471805599453,0.0,0.2491357336570003,0.0,0.0,1.0,0.0,0.0,0.0
2022-04-19,2,2,1.0,0.8932506950893103,1.7865013901786206,1.0,1.0986122886681098,1.0986122886681098,1.024786826925094,1.0,0.5,0.5,0.0,0.0,0.0
2022-04-21,1,1,1.0,0.9393868408138066,0.9393868408138066,1.0,0.6931471805599453,0.6931471805599453,0.6623718616811121,1.0,0.0,1.0,0.0,0.0,0.0
2022-04-22,4,3,0.75,0.7059716230461405,2.823886492184562,0.75,1.6094379124341003,1.3862943611198906,1.3412673117424765,0.75,0.0,0.25,0.0,0.0,0.0
2022-04-24,2,1,0.5,0.6680159564394199,1.3360319128788398,0.5,1.0986122886681098,0.6931471805599453,0.8484537262077853,0.5,0.5,1.0,0.0,0.0,0.0
2022-04-25,5,4,0.8,0.7184378032035388,3.592189016017694,0.8,1.791759469228055,1.6094379124341003,1.5243568201948916,0.8,1.0,0.6,0.4,0.4,0.0
2022-04-27,2,2,1.0,0.6394366459361336,1.2788732918722672,1.0,1.0986122886681098,1.0986122886681098,0.8236811505925378,1.0,0.5,0.5,0.0,0.0,0.0
2022-04-28,7,5,0.7142857142857143,0.5620062103068901,3.934043472148231,0.7142857142857143,2.0794415416798357,1.791759469228055,1.59615882879965,0.42857142857142855,0.5714285714285714,0.5714285714285714,0.0,0.0,0.0
2022-04-29,5,4,0.8,0.6194426502488299,3.0972132512441495,0.8,1.791759469228055,1.6094379124341003,1.4103070477945157,1.0,0.8,0.0,0.0,0.0,0.0
2022-04-30,3,2,0.6666666666666666,0.49572693075528956,1.4871807922658686,0.6666666666666666,1.3862943611198906,1.0986122886681098,0.911149857099051,1.0,0.6666666666666666,0.0,0.0,0.0,0.0
2022-05-02,6,2,0.3333333333333333,0.4743050542782213,2.845830325669328,0.3333333333333333,1.9459101490553132,1.0986122886681098,1.346989529102742,0.5,0.6666666666666666,0.6666666666666666,0.16666666666666666,0.0,0.0
2022-05-03,1,0,0.0,0.44833760467366957,0.44833760467366957,0.0,0.6931471805599453,0.0,0.3704164191866711,0.0,0.0,1.0,0.0,0.0,0.0
2022-05-05,3,1,0.3333333333333333,0.5868160310723566,1.7604480932170696,0.3333333333333333,1.3862943611198906,0.6931471805599453,1.0153930191661795,0.6666666666666666,1.0,0.6666666666666666,0.0,0.0,0.0
2022-05-06,2,1,0.5,0.5385460364272666,1.0770920728545332,0.5,1.0986122886681098,0.6931471805599453,0.7309688736440046,0.5,0.5,1.0,0.0,0.0,0.0
2022-05-07,2,0,0.0,0.27758925110633004,0.5551785022126601,0.0,1.0986122886681098,0.0,0.4415903314627689,0.0,0.5,1.0,0.0,0.0,0.0
2022-05-09,3,3,1.0,0.7992183828530904,2.3976551485592714,1.0,1.3862943611198906,1.3862943611198906,1.2230855315073001,1.0,0.6666666666666666,0.0,0.0,0.0,0.0
2022-05-10,3,2,0.6666666666666666,0.6728552162186173,2.018565648655852,0.6666666666666666,1.3862943611198906,1.0986122886681098,1.1047817677857248,1.0,0.6666666666666666,0.3333333333333333,0.0,0.0,0.0
2022-05-11,2,1,0.5,0.5780015871357616,1.156003174271523,0.5,1.0986122886681098,0.6931471805599453,0.7682561253422917,0.5,0.0,1.0,0.0,0.0,0.0
2022-05-12,3,2,0.6666666666666666,0.6902846402312693,2.070853920693808,0.6666666666666666,1.3862943611198906,1.0986122886681098,1.1219556729856783,0.6666666666666666,0.6666666666666666,0.6666666666666666,0.0,0.0,0.0
2022-05-13,5,4,0.8,0.5971700687625804,2.985850343812902,0.8,1.791759469228055,1.6094379124341003,1.3827506756298846,0.4,0.4,0.8,0.0,0.0,0.0
2022-05-14,2,1,0.5,0.5674015579596424,1.1348031159192848,0.5,1.0986122886681098,0.6931471805599453,0.7583744250602885,0.5,0.5,0.5,0.0,0.0,0.0
2022-05-17,4,3,0.75,0.576094566726355,2.30437826690542,0.75,1.6094379124341003,1.3862943611198906,1.195248336667704,0.75,0.75,0.25,0.0,0.0,0.0
2022-05-18,3,3,1.0,0.8430858024926596,2.529257407477979,1.0,1.3862943611198906,1.3862943611198906,1.2610874826615954,1.0,0.6666666666666666,0.3333333333333333,0.0,0.3333333333333333,0.0
2022-05-19,1,1,1.0,0.8025402320292099,0.8025402320292099,1.0,0.6931471805599453,0.6931471805599453,0.5891969100550389,1.0,1.0,0.0,0.0,0.0,0.0
2022-05-20,2,2,1.0,0.758572428230035,1.51714485646007,1.0,1.0986122886681098,1.0986122886681098,0.9231252657327957,0.5,0.5,0.5,0.0,0.0,0.0
2022-05-21,1,1,1.0,0.8990519239484078,0.8990519239484078,1.0,0.6931471805599453,0.6931471805599453,0.6413547742411799,0.0,0.0,1.0,0.0,0.0,0.0
2022-05-22,2,2,1.0,0.7622728467200499,1.5245456934400998,1.0,1.0986122886681098,1.0986122886681098,0.9260611231491087,1.0,0.5,0.5,0.0,0.5,0.0
2022-05-23,1,1,1.0,0.8611285872900531,0.8611285872900531,1.0,0.6931471805599453,0.6931471805599453,0.6211830710764688,1.0,1.0,0.0,1.0,0.0,0.0
2022-05-25,1,0,0.0,0.4206734185357068,0.4206734185357068,0.0,0.6931471805599453,0.0,0.35113099760310384,1.0,0.0,0.0,0.0,0.0,0.0
2022-05-26,3,2,0.6666666666666666,0.7177154246142486,2.153146273842746,0.6666666666666666,1.3862943611198906,1.0986122886681098,1.1484007714445874,1.0,1.0,0.6666666666666666,0.3333333333333333,0.0,0.0
2022-05-27,3,2,0.6666666666666666,0.6029109709323005,1.8087329127969016,0.6666666666666666,1.3862943611198906,1.0986122886681098,1.0327334609374912,0.6666666666666666,1.0,0.3333333333333333,0.3333333333333333,0.0,0.0
2022-05-28,2,2,1.0,0.8666666555302753,1.7333333110605507,1.0,1.0986122886681098,1.0986122886681098,1.0055218574535187,1.0,0.5,0.5,0.0,0.0,0.0
2022-05-29,2,1,0.5,0.6691079799973866,1.3382159599947732,0.5,1.0986122886681098,0.6931471805599453,0.8493882283284584,1.0,1.0,0.5,0.0,0.0,0.0
2022-05-30,1,1,1.0,0.6402976442978934,0.6402976442978934,1.0,0.6931471805599453,0.6931471805599453,0.49487771579425693,1.0,1.0,0.0,0.0,0.0,0.0
2022-05-31,5,3,0.6,0.5116996976145645,2.5584984880728223,0.6,1.791759469228055,1.3862943611198906,1.2693386828794315,0.2,0.2,1.0,0.0,0.0,0.0
2022-06-02,2,1,0.5,0.48173022517629016,0.9634604503525803,0.5,1.0986122886681098,0.6931471805599453,0.6747084524101377,0.5,0.5,1.0,0.0,0.0,0.0
2022-06-03,1,1,1.0,0.9125115413823218,0.9125115413823218,1.0,0.6931471805599453,0.6931471805599453,0.6484173214100558,1.0,0.0,0.0,0.0,0.0,0.0
2022-06-04,6,2,0.3333333333333333,0.4564138541200418,2.738483124720251,0.3333333333333333,1.9459101490553132,1.0986122886681098,1.318679947530366,0.16666666666666666,0.6666666666666666,0.8333333333333334,0.16666666666666666,0.5,0.0
2022-06-05,1,0,0.0,0.28353718446051673,0.28353718446051673,0.0,0.6931471805599453,0.0,0.24961969205121542,0.0,1.0,1.0,0.0,0.0,0.0
2022-06-06,3,1,0.3333333333333333,0.48687296218538934,1.460618886556168,0.3333333333333333,1.3862943611198906,0.6931471805599453,0.9004128982042362,1.0,1.0,1.0,1.0,0.0,0.0
2022-06-07,1,1,1.0,0.8900424793760418,0.8900424793760418,1.0,0.6931471805599453,0.6931471805599453,0.6365993046793123,1.0,1.0,1.0,1.0,0.0,0.0
2022-06-10,3,3,1.0,0.7251437554107091,2.175431266232127,1.0,1.3862943611198906,1.3862943611198906,1.1554434550044743,0.6666666666666666,0.6666666666666666,0.6666666666666666,0.0,0.3333333333333333,0.0
2022-06-11,1,0,0.0,0.4738462653696606,0.4738462653696606,0.0,0.6931471805599453,0.0,0.387875490749525,0.0,1.0,1.0,0.0,0.0,0.0
2022-06-12,1,0,0.0,0.4674743202137109,0.4674743202137109,0.0,0.6931471805599453,0.0,0.3835427735644231,0.0,1.0,1.0,0.0,0.0,0.0
2022-06-13,3,3,1.0,0.7323402449522002,2.1970207348566007,1.0,1.3862943611198906,1.3862943611198906,1.1622193557797253,1.0,0.3333333333333333,0.3333333333333333,0.0,0.0,0.0
2022-06-14,1,0,0.0,0.49268583838030994,0.49268583838030994,0.0,0.6931471805599453,0.0,0.40057707336097076,1.0,1.0,1.0,0.0,1.0,0.0
2022-06-18,4,2,0.5,0.489069067691078,1.956276270764312,0.5,1.6094379124341003,1.0986122886681098,1.0839304597350905,0.25,0.25,1.0,0.0,0.0,0.0
2022-06-19,2,2,1.0,0.7747639957961806,1.5495279915923612,1.0,1.0986122886681098,1.0986122886681098,0.9359082407006392,0.0,0.5,1.0,0.0,0.0,0.0
2022-06-20,1,1,1.0,0.7071754108505226,0.7071754108505226,1.0,0.6931471805599453,0.6931471805599453,0.534840198257854,1.0,1.0,1.0,0.0,0.0,0.0
2022-06-21,1,1,1.0,0.6274654062776993,0.6274654062776993,1.0,0.6931471805599453,0.6931471805599453,0.4870238391313316,0.0,0.0,1.0,0.0,0.0,0.0
2022-06-22,2,1,0.5,0.42805203115240764,0.8561040623048153,0.5,1.0986122886681098,0.6931471805599453,0.6184797008444177,0.0,0.0,1.0,0.0,0.0,0.0
2022-06-24,2,1,0.5,0.4537422351687361,0.9074844703374721,0.5,1.0986122886681098,0.6931471805599453,0.6457853427737256,0.0,1.0,1.0,0.5,0.0,0.0
2022-06-25,1,0,0.0,0.3130163300615604,0.3130163300615604,0.0,0.6931471805599453,0.0,0.2723270324569965,0.0,0.0,1.0,0.0,0.0,0.0
2022-06-27,3,3,1.0,0.7699097125854707,2.309729137756412,1.0,1.3862943611198906,1.3862943611198906,1.196866354547061,1.0,0.6666666666666666,0.6666666666666666,0.0,0.0,0.0
2022-06-28,1,1,1.0,0.9143897428657067,0.9143897428657067,1.0,0.6931471805599453,0.6931471805599453,0.6493988997130652,1.0,1.0,1.0,0.0,0.0,0.0
2022-06-29,2,1,0.5,0.599937588204055,1.19987517640811,0.5,1.0986122886681098,0.6931471805599453,0.7884006207582955,0.0,0.0,1.0,0.0,0.0,0.0
2022-07-01,2,2,1.0,0.6573554133373196,1.3147108266746392,1.0,1.0986122886681098,1.0986122886681098,0.8392847668524083,1.0,1.0,0.5,0.0,0.0,0.0
2022-07-03,1,0,0.0,0.34682703300298523,0.34682703300298523,0.0,0.6931471805599453,0.0,0.2977514801281305,0.0,0.0,1.0,0.0,0.0,0.0
2022-07-04,2,2,1.0,0.6369535582330256,1.2739071164660511,1.0,1.0986122886681098,1.0986122886681098,0.8214995486128845,0.0,0.5,1.0,0.0,0.0,0.0
2022-07-05,1,0,0.0,0.2591580063068892,0.2591580063068892,0.0,0.6931471805599453,0.0,0.2304432486227419,0.0,0.0,1.0,0.0,0.0,0.0
2022-07-06,1,0,0.0,0.4846496755193826,0.4846496755193826,0.0,0.6931471805599453,0.0,0.39517883568266227,0.0,0.0,1.0,0.0,0.0,0.0
2022-07-07,2,0,0.0,0.38917138367059995,0.7783427673411999,0.0,1.0986122886681098,0.0,0.5756819010431571,0.0,0.0,1.0,0.0,0.0,0.0
2022-07-09,1,1,1.0,0.8413276365624032,0.8413276365624032,1.0,0.6931471805599453,0.6931471805599453,0.6104868530448977,1.0,1.0,1.0,0.0,0.0,0.0
2022-07-10,1,1,1.0,0.7510505165461835,0.7510505165461835,1.0,0.6931471805599453,0.6931471805599453,0.5602159029995992,1.0,1.0,0.0,0.0,1.0,0.0
2022-07-11,2,1,0.5,0.6565090182709094,1.3130180365418187,0.5,1.0986122886681098,0.6931471805599453,0.8385531811185176,0.5,0.0,1.0,0.5,0.0,0.0
2022-07-12,1,1,1.0,0.6939007030873728,0.6939007030873728,1.0,0.6931471805599453,0.6931471805599453,0.5270339776802899,1.0,1.0,0.0,1.0,1.0,0.0
2022-07-13,2,2,1.0,0.9176651909966063,1.8353303819932125,1.0,1.0986122886681098,1.0986122886681098,1.0421584672480992,1.0,1.0,1.0,0.0,0.0,0.0
2022-07-14,3,1,0.3333333333333333,0.4173381174963697,1.252014352489109,0.3333333333333333,1.3862943611198906,0.6931471805599453,0.8118250834760999,0.0,0.6666666666666666,1.0,0.3333333333333333,0.0,0.0
2022-07-15,1,1,1.0,0.5221601606189624,0.5221601606189624,1.0,0.6931471805599453,0.6931471805599453,0.4201304842704226,0.0,1.0,1.0,1.0,0.0,0.0
2022-07-16,1,1,1.0,0.9386571397673408,0.9386571397673408,1.0,0.6931471805599453,0.6931471805599453,0.6619955374007628,1.0,1.0,1.0,1.0,0.0,0.0
2022-07-17,1,1,1.0,0.7071083968581322,0.7071083968581322,1.0,0.6931471805599453,0.6931471805599453,0.5348009431776245,0.0,0.0,1.0,0.0,0.0,0.0
2022-07-18,2,1,0.5,0.6682962157803474,1.3365924315606947,0.5,1.0986122886681098,0.6931471805599453,0.8486936422135349,0.5,1.0,1.0,0.0,0.0,0.0
2022-07-19,3,3,1.0,0.8545325522679158,2.5635976568037475,1.0,1.3862943611198906,1.3862943611198906,1.2707706123278653,1.0,0.6666666666666666,1.0,0.3333333333333333,0.0,0.0
2022-07-20,3,2,0.6666666666666666,0.5932544281826043,1.779763284547813,0.6666666666666666,1.3862943611198906,1.0986122886681098,1.0223657746338932,0.3333333333333333,0.3333333333333333,1.0,0.3333333333333333,0.0,0.0
2022-07-21,2,2,1.0,0.7645007720821875,1.529001544164375,1.0,1.0986122886681098,1.0986122886681098,0.927824578270629,0.5,1.0,1.0,0.5,0.0,0.0
2022-07-22,1,1,1.0,0.8742056620895756,0.8742056620895756,1.0,0.6931471805599453,0.6931471805599453,0.6281849227731198,1.0,1.0,1.0,1.0,1.0,0.0
2022-07-23,2,0,0.0,0.3818481132581445,0.763696226516289,0.0,1.0986122886681098,0.0,0.5674117355649265,0.0,0.5,1.0,0.0,0.0,0.0
2022-07-24,4,2,0.5,0.40977537304470746,1.6391014921788298,0.5,1.6094379124341003,1.0986122886681098,0.9704385153564494,0.0,0.75,1.0,0.0,0.0,0.0
2022-07-26,3,2,0.6666666666666666,0.5574815871161138,1.6724447613483415,0.6666666666666666,1.3862943611198906,1.0986122886681098,0.9829936944231296,0.0,0.3333333333333333,1.0,0.0,0.0,0.0
2022-07-27,2,0,0.0,0.34960267233199027,0.6992053446639805,0.0,1.0986122886681098,0.0,0.5301606974607127,1.0,0.0,1.0,0.0,0.0,0.0
2022-07-30,1,0,0.0,0.364659818346889,0.364659818346889,0.0,0.6931471805599453,0.0,0.31090518024883773,0.0,0.0,1.0,0.0,0.0,0.0
2022-07-31,1,1,1.0,0.6261505244726863,0.6261505244726863,1.0,0.6931471805599453,0.6931471805599453,0.4862155803173958,1.0,0.0,1.0,0.0,0.0,0.0
2022-08-01,3,3,1.0,0.5769533543659144,1.7308600630977433,1.0,1.3862943611198906,1.3862943611198906,1.0046166010094828,0.0,0.0,1.0,0.0,0.0,0.0
2022-08-02,3,1,0.3333333333333333,0.39238723896471694,1.1771617168941508,0.3333333333333333,1.3862943611198906,0.6931471805599453,0.7780220637810903,0.3333333333333333,0.6666666666666666,1.0,0.0,0.0,0.0
2022-08-03,1,0,0.0,0.3266826247922197,0.3266826247922197,0.0,0.6931471805599453,0.0,0.282681559293746,0.0,1.0,1.0,0.0,0.0,0.0
2022-08-04,3,1,0.3333333333333333,0.4994878101976279,1.4984634305928837,0.3333333333333333,1.3862943611198906,0.6931471805599453,0.9156759151502339,0.6666666666666666,0.6666666666666666,0.6666666666666666,0.0,0.0,0.0
2022-08-06,1,1,1.0,0.5464960546055473,0.5464960546055473,1.0,0.6931471805599453,0.6931471805599453,0.4359917619632359,0.0,0.0,1.0,0.0,0.0,0.0
2022-08-07,1,0,0.0,0.418400502737412,0.418400502737412,0.0,0.6931471805599453,0.0,0.349529830217598,0.0,1.0,1.0,0.0,0.0,0.0
2022-08-08,3,2,0.6666666666666666,0.6683483328860221,2.0050449986580663,0.6666666666666666,1.3862943611198906,1.0986122886681098,1.1002925424700831,0.6666666666666666,0.0,1.0,0.0,0.0,0.0
2022-08-09,1,1,1.0,0.5961507577626307,0.5961507577626307,1.0,0.6931471805599453,0.6931471805599453,0.4675949543175974,1.0,0.0,1.0,0.0,0.0,0.0
2022-08-10,2,1,0.5,0.41688418150405915,0.8337683630081183,0.5,1.0986122886681098,0.6931471805599453,0.6063730643352732,0.0,0.0,1.0,0.0,0.0,0.0
2022-08-11,1,0,0.0,0.444716961425204,0.444716961425204,0.0,0.6931471805599453,0.0,0.36791342793226517,0.0,0.0,1.0,0.0,0.0,0.0
2022-08-15,2,2,1.0,0.7912684616580594,1.5825369233161188,1.0,1.0986122886681098,1.0986122886681098,0.9487722194181099,1.0,0.0,1.0,0.0,0.0,0.0
2022-08-18,2,0,0.0,0.34533867940407453,0.6906773588081491,0.0,1.0986122886681098,0.0,0.5251292526629939,0.0,0.0,1.0,0.0,0.0,0.0
2022-08-19,1,1,1.0,0.7031880811554958,0.7031880811554958,1.0,0.6931471805599453,0.6931471805599453,0.5325018366601858,1.0,0.0,0.0,0.0,0.0,0.0
2022-08-20,2,1,0.5,0.4294170418640508,0.8588340837281015,0.5,1.0986122886681098,0.6931471805599453,0.6199494544755221,0.0,0.5,1.0,0.0,0.0,0.0
2022-08-21,2,1,0.5,0.45695505211082355,0.9139101042216471,0.5,1.0986122886681098,0.6931471805599453,0.6491483244364529,0.0,0.5,1.0,0.0,0.0,0.0
2022-08-23,2,2,1.0,0.5868285676879512,1.1736571353759024,1.0,1.0986122886681098,1.0986122886681098,0.776411064842636,0.5,0.5,0.5,0.0,0.0,0.0
2022-08-24,3,3,1.0,0.7145196417816592,2.1435589253449776,1.0,1.3862943611198906,1.3862943611198906,1.1453555738044598,0.3333333333333333,0.0,0.6666666666666666,0.0,0.0,0.0
2022-08-25,2,0,0.0,0.29722731727144913,0.5944546345428983,0.0,1.0986122886681098,0.0,0.46653175585150297,0.5,0.0,1.0,0.0,0.0,0.0
2022-08-27,1,1,1.0,0.7662804758909078,0.7662804758909078,1.0,0.6931471805599453,0.6931471805599453,0.5688759094415041,0.0,1.0,1.0,0.0,0.0,0.0
2022-08-28,3,1,0.3333333333333333,0.4784211005906751,1.4352633017720253,0.3333333333333333,1.3862943611198906,0.6931471805599453,0.8900548828332632,0.0,0.0,1.0,0.0,0.0,0.0
2022-08-29,2,2,1.0,0.8272884816151951,1.6545769632303902,1.0,1.0986122886681098,1.0986122886681098,0.9762853061154996,0.0,0.5,1.0,0.0,0.0,0.0
2022-08-30,3,2,0.6666666666666666,0.6428574713414076,1.9285724140242229,0.6666666666666666,1.3862943611198906,1.0986122886681098,1.0745150735850686,0.0,0.3333333333333333,1.0,0.0,0.0,0.0
2022-08-31,1,0,0.0,0.33690191000673037,0.33690191000673037,0.0,0.6931471805599453,0.0,0.29035492968923915,0.0,0.0,1.0,0.0,0.0,0.0
2022-09-01,5,5,1.0,0.7923986081205252,3.961993040602626,1.0,1.791759469228055,1.791759469228055,1.6018074827298563,1.0,0.6,0.6,0.0,0.0,0.0
2022-09-02,4,4,1.0,0.8037938355466403,3.215175342186561,1.0,1.6094379124341003,1.6094379124341003,1.4386911901583461,0.75,0.5,0.75,0.25,0.0,0.0
2022-09-03,1,1,1.0,0.9653034857717596,0.9653034857717596,1.0,0.6931471805599453,0.6931471805599453,0.6756466790810913,1.0,1.0,1.0,0.0,0.0,0.0
2022-09-05,4,4,1.0,0.7892558312484719,3.1570233249938875,1.0,1.6094379124341003,1.6094379124341003,1.424799271270849,1.0,1.0,1.0,0.25,0.0,0.0
2022-09-06,5,4,0.8,0.7671166558475149,3.835583279237574,0.8,1.791759469228055,1.6094379124341003,1.576001758493244,0.6,0.4,1.0,0.4,0.0,0.0
2022-09-07,1,0,0.0,0.3294196555840078,0.3294196555840078,0.0,0.6931471805599453,0.0,0.2847424978206975,0.0,0.0,1.0,0.0,0.0,0.0
2022-09-08,5,4,0.8,0.620856147434755,3.104280737173775,0.8,1.791759469228055,1.6094379124341003,1.4120305112729996,0.4,0.2,0.8,0.0,0.0,0.0
2022-09-09,3,2,0.6666666666666666,0.4385795104140762,1.3157385312422287,0.6666666666666666,1.3862943611198906,1.0986122886681098,0.83972865663719,0.3333333333333333,0.3333333333333333,0.6666666666666666,0.0,0.0,0.0
2022-09-11,2,2,1.0,0.7076156387751824,1.4152312775503648,1.0,1.0986122886681098,1.0986122886681098,0.8817950496207603,1.0,1.0,1.0,0.0,0.0,0.0
2022-09-12,3,2,0.6666666666666666,0.6129179014050624,1.8387537042151871,0.6666666666666666,1.3862943611198906,1.0986122886681098,1.043365119312231,0.6666666666666666,0.3333333333333333,0.3333333333333333,0.0,0.3333333333333333,0.0
2022-09-14,1,0,0.0,0.41492089714210395,0.41492089714210395,0.0,0.6931471805599453,0.0,0.3470736264527804,0.0,0.0,1.0,0.0,0.0,0.0
2022-09-15,1,0,0.0,0.26424883914310415,0.26424883914310415,0.0,0.6931471805599453,0.0,0.23447814275970041,0.0,0.0,1.0,0.0,0.0,0.0
2022-09-17,2,1,0.5,0.5890145800683688,1.1780291601367376,0.5,1.0986122886681098,0.6931471805599453,0.778420412913677,0.5,0.5,0.5,0.0,0.0,0.0
2022-09-18,3,2,0.6666666666666666,0.4913692266502041,1.4741076799506123,0.6666666666666666,1.3862943611198906,1.0986122886681098,0.9058797976595908,0.3333333333333333,0.0,1.0,0.0,0.0,0.0
2022-09-19,2,2,1.0,0.6067196109645123,1.2134392219290246,1.0,1.0986122886681098,1.0986122886681098,0.7945475149088705,0.0,0.5,1.0,0.0,0.0,0.0
2022-09-20,2,1,0.5,0.5019870647116711,1.0039741294233422,0.5,1.0986122886681098,0.6931471805599453,0.6951322736699003,1.0,1.0,0.0,0.0,0.0,0.0
2022-09-21,2,0,0.0,0.42141436349597905,0.8428287269919581,0.0,1.0986122886681098,0.0,0.6113017427317038,0.5,0.5,0.5,0.0,0.0,0.0
2022-09-22,1,1,1.0,0.5347089730810776,0.5347089730810776,1.0,0.6931471805599453,0.6931471805599453,0.42834076897994156,0.0,0.0,1.0,0.0,0.0,0.0
2022-09-23,4,1,0.25,0.417384847829129,1.669539391316516,0.25,1.6094379124341003,0.6931471805599453,0.9819059449146083,0.5,0.5,0.5,0.0,0.0,0.0
2022-09-24,3,2,0.6666666666666666,0.5845635010621997,1.753690503186599,0.6666666666666666,1.3862943611198906,1.0986122886681098,1.0129420131585114,0.0,0.3333333333333333,1.0,0.0,0.0,0.0
2022-09-25,2,0,0.0,0.2711194868424507,0.5422389736849014,0.0,1.0986122886681098,0.0,0.4332352395828808,0.0,1.0,1.0,0.0,0.0,0.0
2022-09-26,6,4,0.6666666666666666,0.5685944638026489,3.411566782815893,0.6666666666666666,1.9459101490553132,1.6094379124341003,1.4842299059120085,0.3333333333333333,0.3333333333333333,1.0,0.0,0.3333333333333333,0.0
2022-09-27,5,2,0.4,0.49353480576907494,2.4676740288453747,0.4,1.791759469228055,1.0986122886681098,1.2434840605113606,0.2,0.2,0.8,0.2,0.0,0.0
2022-09-28,3,2,0.6666666666666666,0.6564012260937232,1.9692036782811697,0.6666666666666666,1.3862943611198906,1.0986122886681098,1.0882937950726825,0.0,0.3333333333333333,1.0,0.0,0.0,0.0
2022-09-29,2,0,0.0,0.29310077272039603,0.5862015454407921,0.0,1.0986122886681098,0.0,0.46134219297047346,0.0,0.0,1.0,0.0,0.0,0.0
2022-09-30,4,2,0.5,0.4971174823068581,1.9884699292274324,0.5,1.6094379124341003,1.0986122886681098,1.0947615270690692,0.0,0.5,1.0,0.0,0.5,0.0
2022-10-01,4,2,0.5,0.4620091004701484,1.8480364018805937,0.5,1.6094379124341003,1.0986122886681098,1.046629775027243,0.0,0.5,1.0,0.0,0.5,0.0
2022-10-02,1,1,1.0,0.5983474099686947,0.5983474099686947,1.0,0.6931471805599453,0.6931471805599453,0.4689702266996431,0.0,0.0,1.0,0.0,0.0,0.0
2022-10-03,2,2,1.0,0.5499220525360626,1.0998441050721253,1.0,1.0986122886681098,1.0986122886681098,0.7418631062938325,0.0,0.5,1.0,0.0,0.0,0.0
2022-10-05,3,1,0.3333333333333333,0.4411010812303151,1.3233032436909453,0.3333333333333333,1.3862943611198906,0.6931471805599453,0.8429899849548668,1.0,0.6666666666666666,0.3333333333333333,0.0,0.3333333333333333,0.0
2022-10-06,2,1,0.5,0.45453233727932485,0.9090646745586497,0.5,1.0986122886681098,0.6931471805599453,0.6466134229327816,0.5,1.0,1.0,0.0,0.0,0.0
2022-10-07,2,1,0.5,0.5483576319543175,1.096715263908635,0.5,1.0986122886681098,0.6931471805599453,0.740371960110428,0.5,0.5,1.0,0.0,0.0,0.0
2022-10-08,1,0,0.0,0.4972119692657515,0.4972119692657515,0.0,0.6931471805599453,0.0,0.40360469144962496,1.0,1.0,0.0,0.0,0.0,0.0
2022-10-09,2,1,0.5,0.5762275873553176,1.1524551747106353,0.5,1.0986122886681098,0.6931471805599453,0.7666091323459467,1.0,0.5,0.5,0.0,0.0,0.0
2022-10-10,4,1,0.25,0.45509090010243647,1.8203636004097459,0.25,1.6094379124341003,0.6931471805599453,1.0368658129539627,0.25,0.75,0.75,0.25,0.0,0.0
2022-10-11,1,0,0.0,0.3542625811047165,0.3542625811047165,0.0,0.6931471805599453,0.0,0.3032570856029652,1.0,1.0,0.0,0.0,0.0,0.0
2022-10-13,1,1,1.0,0.7330398357045855,0.7330398357045855,1.0,0.6931471805599453,0.6931471805599453,0.549876997027035,0.0,0.0,1.0,0.0,0.0,0.0
2022-10-14,6,5,0.8333333333333334,0.7527409224005409,4.516445534403245,0.8333333333333334,1.9459101490553132,1.791759469228055,1.707733727953358,0.8333333333333334,0.5,0.8333333333333334,0.16666666666666666,0.16666666666666666,0.0
2022-10-15,3,1,0.3333333333333333,0.460762586845428,1.382287760536284,0.3333333333333333,1.3862943611198906,0.6931471805599453,0.8680612699070988,0.3333333333333333,0.3333333333333333,1.0,0.0,0.0,0.0
2022-10-16,2,2,1.0,0.8674497980296281,1.7348995960592561,1.0,1.0986122886681098,1.0986122886681098,1.0060947244356477,0.0,0.0,1.0,0.0,0.0,0.0
2022-10-17,3,0,0.0,0.28950505598665294,0.8685151679599588,0.0,1.3862943611198906,0.0,0.6251440876305273,0.3333333333333333,0.6666666666666666,1.0,0.0,0.0,0.0
2022-10-18,4,4,1.0,0.7340347903437326,2.9361391613749306,1.0,1.6094379124341003,1.6094379124341003,1.3702003346053757,1.0,0.75,0.75,0.5,0.25,0.0
2022-10-19,2,1,0.5,0.43974862067325304,0.8794972413465061,0.5,1.0986122886681098,0.6931471805599453,0.6310043162617772,0.5,0.5,1.0,0.5,0.5,0.0
2022-10-20,5,3,0.6,0.5957235607375029,2.9786178036875146,0.6,1.791759469228055,1.3862943611198906,1.3809344734731201,0.4,0.6,0.8,0.2,0.2,0.0
2022-10-21,5,4,0.8,0.7359898582081321,3.6799492910406606,0.8,1.791759469228055,1.6094379124341003,1.5432872746231316,0.8,1.0,0.8,0.2,0.0,0.0
2022-10-22,3,1,0.3333333333333333,0.4616609367345272,1.3849828102035815,0.3333333333333333,1.3862943611198906,0.6931471805599453,0.86919191685252,0.0,0.3333333333333333,1.0,0.0,0.0,0.0
2022-10-23,2,1,0.5,0.41913499261527243,0.8382699852305449,0.5,1.0986122886681098,0.6931471805599453,0.6088249039135375,0.0,0.5,1.0,0.0,0.0,0.0
2022-10-24,4,3,0.75,0.5338338484435088,2.135335393774035,0.75,1.6094379124341003,1.3862943611198906,1.1427361520225197,0.5,0.5,0.5,0.0,0.0,0.0
2022-10-25,2,1,0.5,0.537423913302958,1.074847826605916,0.5,1.0986122886681098,0.6931471805599453,0.7298878144179414,0.0,0.5,1.0,0.0,0.0,0.0
2022-10-26,3,3,1.0,0.8011928018646101,2.40357840559383,1.0,1.3862943611198906,1.3862943611198906,1.2248273503949947,0.6666666666666666,1.0,1.0,0.3333333333333333,0.0,0.0
2022-10-27,2,1,0.5,0.6108891361436335,1.221778272287267,0.5,1.0986122886681098,0.6931471805599453,0.7983078987888647,0.5,1.0,1.0,0.5,0.0,0.0
2022-10-28,11,10,0.9090909090909091,0.8145370025098192,8.959907027608011,0.9090909090909091,2.4849066497880004,2.3978952727983707,2.2985677369754307,0.8181818181818182,0.8181818181818182,0.9090909090909091,0.0,0.0,0.0
2022-10-29,7,4,0.5714285714285714,0.5602683789421548,3.9218786525950833,0.5714285714285714,2.0794415416798357,1.6094379124341003,1.5936902975802425,0.5714285714285714,0.5714285714285714,1.0,0.0,0.0,0.0
2022-10-30,2,2,1.0,0.6394479860916511,1.2788959721833022,1.0,1.0986122886681098,1.0986122886681098,0.8236911029660439,0.5,1.0,1.0,0.0,0.0,0.0
2022-10-31,3,1,0.3333333333333333,0.49797918279660286,1.4939375483898085,0.3333333333333333,1.3862943611198906,0.6931471805599453,0.9138628062024631,0.3333333333333333,0.6666666666666666,1.0,0.0,0.0,0.0
2022-11-01,2,1,0.5,0.6353391700541178,1.2706783401082355,0.5,1.0986122886681098,0.6931471805599453,0.8200786150945588,1.0,0.0,0.0,0.0,0.0,0.0
2022-11-02,3,0,0.0,0.30938733354881454,0.9281620006464436,0.0,1.3862943611198906,0.0,0.6565672178899896,0.3333333333333333,0.0,0.6666666666666666,0.0,0.0,0.0
2022-11-03,4,4,1.0,0.7816053945845334,3.1264215783381335,1.0,1.6094379124341003,1.6094379124341003,1.4174105854687398,0.75,1.0,0.75,0.5,0.0,0.0
2022-11-04,4,3,0.75,0.7529941442298841,3.0119765769195364,0.75,1.6094379124341003,1.3862943611198906,1.3892840318272968,1.0,0.5,0.75,0.0,0.0,0.0
2022-11-05,3,3,1.0,0.7850115995439602,2.3550347986318805,1.0,1.3862943611198906,1.3862943611198906,1.2104621425403108,1.0,0.6666666666666666,0.3333333333333333,0.0,0.0,0.0
2022-11-07,2,2,1.0,0.7207147173137145,1.441429434627429,1.0,1.0986122886681098,1.0986122886681098,0.8925837016351432,0.5,0.5,0.5,0.0,0.0,0.0
2022-11-08,4,3,0.75,0.6787870175396387,2.7151480701585546,0.75,1.6094379124341003,1.3862943611198906,1.3124185347532458,1.0,0.25,0.5,0.0,0.0,0.0
2022-11-09,6,6,1.0,0.8930333172173981,5.358199903304389,1.0,1.9459101490553132,1.9459101490553132,1.8497453032186915,1.0,0.5,0.8333333333333334,0.3333333333333333,0.0,0.0
2022-11-10,3,3,1.0,0.796899280782208,2.390697842346624,1.0,1.3862943611198906,1.3862943611198906,1.2210357534070904,1.0,0.3333333333333333,0.0,0.3333333333333333,0.3333333333333333,0.0
2022-11-11,5,4,0.8,0.7150226929681658,3.575113464840829,0.8,1.791759469228055,1.6094379124341003,1.520631499478048,0.6,0.6,0.8,0.0,0.2,0.0
2022-11-12,4,2,0.5,0.5735830534563217,2.2943322138252866,0.5,1.6094379124341003,1.0986122886681098,1.192203480897473,0.75,0.25,0.75,0.25,0.0,0.0
2022-11-13,4,2,0.5,0.6181205523497677,2.472482209399071,0.5,1.6094379124341003,1.0986122886681098,1.2448696723500328,0.25,0.75,1.0,0.0,0.5,0.0
2022-11-14,5,4,0.8,0.7173533536422048,3.586766768211024,0.8,1.791759469228055,1.6094379124341003,1.5231753680635507,0.6,0.2,0.8,0.0,0.0,0.0
2022-11-15,4,3,0.75,0.6710990918628301,2.6843963674513205,0.75,1.6094379124341003,1.3862943611198906,1.3041067042046635,0.75,0.5,0.25,0.25,0.0,0.0
2022-11-16,7,5,0.7142857142857143,0.7591520085055808,5.314064059539066,0.7142857142857143,2.0794415416798357,1.791759469228055,1.842779535719282,0.8571428571428571,0.2857142857142857,0.5714285714285714,0.14285714285714285,0.0,0.0
2022-11-17,2,1,0.5,0.4943940492389981,0.9887880984779962,0.5,1.0986122886681098,0.6931471805599453,0.6875254574834735,1.0,1.0,0.0,0.0,0.0,0.0
2022-11-18,4,2,0.5,0.5361309837631004,2.1445239350524017,0.5,1.6094379124341003,1.0986122886681098,1.14566250669209,0.75,0.0,1.0,0.0,0.0,0.0
2022-11-19,6,5,0.8333333333333334,0.7246018820361936,4.347611292217161,0.8333333333333334,1.9459101490553132,1.791759469228055,1.676649973766676,1.0,0.3333333333333333,0.16666666666666666,0.16666666666666666,0.0,0.0
2022-11-20,3,2,0.6666666666666666,0.612703644410091,1.838110933230273,0.6666666666666666,1.3862943611198906,1.0986122886681098,1.0431386664976188,0.6666666666666666,0.0,0.6666666666666666,0.0,0.0,0.0
2022-11-21,8,6,0.75,0.6686025458297311,5.348820366637849,0.75,2.1972245773362196,1.9459101490553132,1.8482690266139865,0.75,0.5,0.75,0.0,0.125,0.0
2022-11-22,7,5,0.7142857142857143,0.6918720291740925,4.843104204218648,0.7142857142857143,2.0794415416798357,1.791759469228055,1.765262197440085,1.0,0.2857142857142857,0.7142857142857143,0.14285714285714285,0.0,0.0
2022-11-23,4,2,0.5,0.5385827466452404,2.1543309865809617,0.5,1.6094379124341003,1.0986122886681098,1.148776424880417,0.75,0.25,0.75,0.0,0.0,0.0
2022-11-24,1,1,1.0,0.6825420260213336,0.6825420260213336,1.0,0.6931471805599453,0.6931471805599453,0.5203057605435646,1.0,0.0,1.0,0.0,0.0,0.0
2022-11-25,5,5,1.0,0.73485768478575,3.6742884239287497,1.0,1.791759469228055,1.791759469228055,1.5420769423704235,1.0,1.0,0.8,0.0,0.0,0.0
2022-11-26,1,1,1.0,0.892794025597725,0.892794025597725,1.0,0.6931471805599453,0.6931471805599453,0.6380540578537225,1.0,1.0,0.0,0.0,0.0,0.0
2022-11-28,3,2,0.6666666666666666,0.655470362460293,1.966411087380879,0.6666666666666666,1.3862943611198906,1.0986122886681098,1.0873528340377805,0.6666666666666666,1.0,1.0,0.0,0.0,0.0
2022-11-29,4,4,1.0,0.6981871623045495,2.792748649218198,1.0,1.6094379124341003,1.6094379124341003,1.3330909934976127,0.75,0.5,0.75,0.0,0.0,0.0
2022-12-01,3,3,1.0,0.7974521321354566,2.39235639640637,1.0,1.3862943611198906,1.3862943611198906,1.2215247821054969,1.0,1.0,0.6666666666666666,0.3333333333333333,0.0,0.0
2022-12-02,2,2,1.0,0.7179623945528909,1.4359247891057818,1.0,1.0986122886681098,1.0986122886681098,0.8903264746196946,1.0,0.5,0.0,0.0,0.0,0.0
2022-12-03,3,1,0.3333333333333333,0.5555640351326953,1.6666921053980857,0.3333333333333333,1.3862943611198906,0.6931471805599453,0.9808387924905074,1.0,1.0,0.3333333333333333,0.6666666666666666,0.0,0.0
2022-12-04,2,2,1.0,0.7158398421703014,1.4316796843406028,1.0,1.0986122886681098,1.0986122886681098,0.8885822466880341,1.0,0.5,0.0,0.0,0.0,0.0
2022-12-05,1,1,1.0,0.6866386380387404,0.6866386380387404,1.0,0.6931471805599453,0.6931471805599453,0.5227375767295952,1.0,1.0,0.0,0.0,0.0,0.0
2022-12-06,5,4,0.8,0.6721346398950322,3.360673199475161,0.8,1.791759469228055,1.6094379124341003,1.4726264489912906,0.6,0.6,0.6,0.0,0.2,0.0
2022-12-07,2,0,0.0,0.25486162643172827,0.5097232528634565,0.0,1.0986122886681098,0.0,0.41192635778032227,0.5,0.0,0.5,0.0,0.0,0.0
2022-12-08,4,4,1.0,0.7151251435938439,2.8605005743753757,1.0,1.6094379124341003,1.6094379124341003,1.3507968575493607,1.0,1.0,0.25,0.25,0.0,0.0
2022-12-09,4,4,1.0,0.7201172571803001,2.8804690287212003,1.0,1.6094379124341003,1.6094379124341003,1.3559560300203684,0.25,0.0,0.75,0.0,0.0,0.0
2022-12-10,2,1,0.5,0.5644414177382153,1.1288828354764306,0.5,1.0986122886681098,0.6931471805599453,0.7555973517414857,0.0,0.0,1.0,0.0,0.0,0.0
2022-12-11,1,1,1.0,0.5470036204194327,0.5470036204194327,1.0,0.6931471805599453,0.6931471805599453,0.4363199118722454,1.0,1.0,1.0,1.0,1.0,0.0
2022-12-12,3,2,0.6666666666666666,0.6080035757802245,1.8240107273406734,0.6666666666666666,1.3862943611198906,1.0986122886681098,1.0381581182571638,0.6666666666666666,0.6666666666666666,0.6666666666666666,0.0,0.3333333333333333,0.0
2022-12-13,2,2,1.0,0.7470827377136675,1.494165475427335,1.0,1.0986122886681098,1.0986122886681098,0.9139541944663369,1.0,0.5,0.5,0.5,0.0,0.0
2022-12-14,2,2,1.0,0.7508547680366184,1.5017095360732369,1.0,1.0986122886681098,1.0986122886681098,0.9169743126088927,0.0,0.5,1.0,0.0,0.0,0.0
2022-12-15,4,3,0.75,0.6681029025124255,2.672411610049702,0.75,1.6094379124341003,1.3862943611198906,1.3008485607162692,0.5,0.5,0.5,0.25,0.0,0.0
2022-12-16,6,4,0.6666666666666666,0.6381917180259786,3.8291503081558718,0.6666666666666666,1.9459101490553132,1.6094379124341003,1.5746705325523416,0.5,0.6666666666666666,0.8333333333333334,0.3333333333333333,0.3333333333333333,0.0
2022-12-17,4,2,0.5,0.5854388637029637,2.341755454811855,0.5,1.6094379124341003,1.0986122886681098,1.2064962541900568,0.75,0.5,0.5,0.25,0.0,0.0
2022-12-18,7,5,0.7142857142857143,0.597193172480355,4.180352207362485,0.7142857142857143,2.0794415416798357,1.791759469228055,1.6448730476592461,0.8571428571428571,0.5714285714285714,0.14285714285714285,0.14285714285714285,0.14285714285714285,0.0
2022-12-19,4,2,0.5,0.5529379319695432,2.211751727878173,0.5,1.6094379124341003,1.0986122886681098,1.166816497915947,0.75,0.75,0.75,0.25,0.0,0.0
2022-12-20,1,1,1.0,0.8712732999740231,0.8712732999740231,1.0,0.6931471805599453,0.6931471805599453,0.6266191082301052,1.0,0.0,0.0,0.0,0.0,0.0
2022-12-21,4,3,0.75,0.7292113066362732,2.916845226545093,0.75,1.6094379124341003,1.3862943611198906,1.3652865406390708,0.75,0.75,0.75,0.0,0.0,0.0
2022-12-22,3,2,0.6666666666666666,0.6566060145173691,1.9698180435521073,0.6666666666666666,1.3862943611198906,1.0986122886681098,1.0885006861405737,1.0,0.6666666666666666,0.6666666666666666,0.0,0.3333333333333333,0.0
2022-12-23,4,1,0.25,0.3698762871916325,1.47950514876653,0.25,1.6094379124341003,0.6931471805599453,0.9080590034790879,0.25,0.25,1.0,0.0,0.25,0.0
2022-12-24,1,0,0.0,0.43998608395971345,0.43998608395971345,0.0,0.6931471805599453,0.0,0.3646334496243477,0.0,0.0,1.0,0.0,1.0,0.0
2022-12-25,1,1,1.0,0.5947107036679471,0.5947107036679471,1.0,0.6931471805599453,0.6931471805599453,0.4666923427753172,1.0,1.0,1.0,0.0,1.0,0.0
2022-12-26,1,1,1.0,0.8345108262968124,0.8345108262968124,1.0,0.6931471805599453,0.6931471805599453,0.6067778662930944,1.0,0.0,1.0,0.0,0.0,0.0
2022-12-27,3,3,1.0,0.8957148192049648,2.6871444576148944,1.0,1.3862943611198906,1.3862943611198906,1.3048522987434708,0.6666666666666666,0.0,0.3333333333333333,0.0,0.0,0.0
2022-12-30,1,1,1.0,0.5268759490598128,0.5268759490598128,1.0,0.6931471805599453,0.6931471805599453,0.4232237845997527,0.0,1.0,1.0,0.0,0.0,0.0
2022-12-31,3,3,1.0,0.8736660303885292,2.6209980911655877,1.0,1.3862943611198906,1.3862943611198906,1.2867497036266649,1.0,0.3333333333333333,1.0,0.3333333333333333,0.0,0.0
2023-01-01,4,3,0.75,0.6456313200292101,2.5825252801168403,0.75,1.6094379124341003,1.3862943611198906,1.27606793725268,0.5,1.0,0.75,0.5,0.0,0.0
2023-01-03,4,3,0.75,0.6859594315335348,2.743837726134139,0.75,1.6094379124341003,1.3862943611198906,1.3201112152973353,0.75,0.5,0.5,0.0,0.25,0.0
2023-01-04,2,1,0.5,0.524728546051541,1.049457092103082,0.5,1.0986122886681098,0.6931471805599453,0.7175749249553854,0.0,0.0,1.0,0.0,0.5,0.0
2023-01-05,2,2,1.0,0.6319449485958083,1.2638898971916166,1.0,1.0986122886681098,1.0986122886681098,0.8170845271758618,0.5,0.0,0.5,0.0,0.0,0.0
2023-01-07,6,5,0.8333333333333334,0.7501298169547462,4.500778901728477,0.8333333333333334,1.9459101490553132,1.791759469228055,1.7048897007075594,0.8333333333333334,0.8333333333333334,0.8333333333333334,0.16666666666666666,0.16666666666666666,0.0
2023-01-08,4,3,0.75,0.7021540100776512,2.808616040310605,0.75,1.6094379124341003,1.3862943611198906,1.337265879136558,0.75,0.75,1.0,0.0,0.25,0.0
2023-01-09,2,0,0.0,0.3646345503271695,0.729269100654339,0.0,1.0986122886681098,0.0,0.5476988340667805,0.5,0.0,0.5,0.0,0.0,0.0
2023-01-10,1,1,1.0,0.6192879498954481,0.6192879498954481,1.0,0.6931471805599453,0.6931471805599453,0.48198651551797117,0.0,0.0,1.0,0.0,0.0,0.0
2023-01-11,3,3,1.0,0.8385648952865864,2.515694685859759,1.0,1.3862943611198906,1.3862943611198906,1.2572371404039646,0.3333333333333333,0.6666666666666666,1.0,0.3333333333333333,0.0,0.0
2023-01-12,8,8,1.0,0.907930826086755,7.26344660869404,1.0,2.1972245773362196,2.1972245773362196,2.1118417654771315,0.875,0.875,0.875,0.75,0.0,0.0
2023-01-13,2,0,0.0,0.2471913715931318,0.4943827431862636,0.0,1.0986122886681098,0.0,0.4017132407720349,0.0,0.0,1.0,0.0,0.0,0.0
2023-01-14,1,1,1.0,0.561547385886588,0.561547385886588,1.0,0.6931471805599453,0.6931471805599453,0.4456772436696592,0.0,0.0,1.0,0.0,0.0,0.0
2023-01-16,1,0,0.0,0.4693063378549797,0.4693063378549797,0.0,0.6931471805599453,0.0,0.3847904104104901,1.0,1.0,0.0,0.0,0.0,0.0
2023-01-17,3,2,0.6666666666666666,0.5785565779317393,1.735669733795218,0.6666666666666666,1.3862943611198906,1.0986122886681098,1.0063762811419477,0.3333333333333333,0.6666666666666666,0.6666666666666666,0.0,0.0,0.0
2023-01-18,3,1,0.3333333333333333,0.6157109261843375,1.8471327785530125,0.3333333333333333,1.3862943611198906,0.6931471805599453,1.0463124452670427,0.6666666666666666,0.6666666666666666,0.6666666666666666,0.3333333333333333,0.0,0.0
2023-01-19,4,4,1.0,0.7836075649626135,3.134430259850454,1.0,1.6094379124341003,1.6094379124341003,1.4193495341820832,1.0,1.0,1.0,0.0,1.0,0.0
2023-01-20,5,3,0.6,0.5709159999549824,2.854579999774912,0.6,1.791759469228055,1.3862943611198906,1.3492620516051366,0.6,0.6,0.4,0.2,0.2,0.0
2023-01-21,4,2,0.5,0.48158065501804415,1.9263226200721766,0.5,1.6094379124341003,1.0986122886681098,1.0737465562846986,0.75,0.75,0.5,0.0,0.0,0.0
2023-01-22,3,2,0.6666666666666666,0.6858347860160091,2.0575043580480274,0.6666666666666666,1.3862943611198906,1.0986122886681098,1.1175990139413887,1.0,0.3333333333333333,0.0,0.0,0.0,0.0
2023-01-23,3,1,0.3333333333333333,0.45674847260877954,1.3702454178263386,0.3333333333333333,1.3862943611198906,0.6931471805599453,0.862993501611379,0.3333333333333333,0.6666666666666666,0.6666666666666666,0.0,0.0,0.0
2023-01-24,6,4,0.6666666666666666,0.7036882431048821,4.222129458629293,0.6666666666666666,1.9459101490553132,1.6094379124341003,1.6529052609748716,0.8333333333333334,0.8333333333333334,0.6666666666666666,0.0,0.0,0.0
2023-01-25,6,3,0.5,0.5164765258712272,3.098859155227363,0.5,1.9459101490553132,1.3862943611198906,1.4107086801676116,0.5,0.16666666666666666,0.6666666666666666,0.0,0.0,0.0
2023-01-26,8,2,0.25,0.530493115582094,4.243944924656752,0.25,2.1972245773362196,1.0986122886681098,1.6570740633018224,0.875,0.75,0.875,0.125,0.0,0.0
2023-01-27,6,5,0.8333333333333334,0.6739882683903985,4.043929610342391,0.8333333333333334,1.9459101490553132,1.791759469228055,1.61818546287889,1.0,0.8333333333333334,0.8333333333333334,0.0,0.0,0.0
2023-01-28,4,1,0.25,0.3728455661406073,1.4913822645624293,0.25,1.6094379124341003,0.6931471805599453,0.9128376827812876,0.25,0.5,0.75,0.0,0.0,0.0
2023-01-30,4,2,0.5,0.535624565048243,2.142498260192972,0.5,1.6094379124341003,1.0986122886681098,1.1450181078442352,1.0,0.75,0.25,0.0,0.25,0.0
2023-01-31,3,3,1.0,0.7085023325767453,2.125506997730236,1.0,1.3862943611198906,1.3862943611198906,1.1395965093026725,0.3333333333333333,0.6666666666666666,0.6666666666666666,0.0,0.0,0.0
2023-02-01,5,4,0.8,0.5996802631548656,2.998401315774328,0.8,1.791759469228055,1.6094379124341003,1.3858946101737089,0.6,0.6,0.4,0.0,0.2,0.0
2023-02-02,3,2,0.6666666666666666,0.6769180500627782,2.0307541501883346,0.6666666666666666,1.3862943611198906,1.0986122886681098,1.1088114830037878,0.6666666666666666,0.6666666666666666,0.6666666666666666,0.3333333333333333,0.0,0.0
2023-02-03,2,1,0.5,0.4175167125996448,0.8350334251992896,0.5,1.0986122886681098,0.6931471805599453,0.607062696708096,0.5,0.5,0.5,0.5,0.0,0.0
2023-02-04,1,0,0.0,0.2767732549280798,0.2767732549280798,0.0,0.6931471805599453,0.0,0.24433600053919202,1.0,0.0,0.0,0.0,1.0,0.0
2023-02-05,3,3,1.0,0.707871703025301,2.123615109075903,1.0,1.3862943611198906,1.3862943611198906,1.1389910198659812,0.6666666666666666,1.0,0.6666666666666666,0.6666666666666666,0.0,0.0
2023-02-06,1,1,1.0,0.8692238530530181,0.8692238530530181,1.0,0.6931471805599453,0.6931471805599453,0.6255232928653323,0.0,1.0,1.0,0.0,0.0,0.0
2023-02-07,2,2,1.0,0.6622215246317047,1.3244430492634094,1.0,1.0986122886681098,1.0986122886681098,0.843480461639036,1.0,1.0,0.5,0.0,0.0,0.0
2023-02-08,4,3,0.75,0.6931142360639726,2.7724569442558904,0.75,1.6094379124341003,1.3862943611198906,1.3277264985412955,0.5,1.0,0.75,0.25,0.0,0.0
2023-02-09,2,0,0.0,0.3507500496533342,0.7015000993066683,0.0,1.0986122886681098,0.0,0.531510273323011,1.0,0.5,0.5,0.0,0.0,0.0
2023-02-10,3,3,1.0,0.9061225812185083,2.718367743655525,1.0,1.3862943611198906,1.3862943611198906,1.3132847934063383,1.0,0.3333333333333333,0.3333333333333333,0.3333333333333333,0.0,0.0
2023-02-12,3,1,0.3333333333333333,0.4172804807719254,1.2518414423157762,0.3333333333333333,1.3862943611198906,0.6931471805599453,0.8117483003012846,0.3333333333333333,0.3333333333333333,0.6666666666666666,0.3333333333333333,0.0,0.0
2023-02-13,3,3,1.0,0.6883899444000844,2.0651698332002533,1.0,1.3862943611198906,1.3862943611198906,1.1201029783588616,0.6666666666666666,0.3333333333333333,0.3333333333333333,0.0,0.0,0.0
2023-02-14,4,1,0.25,0.36629298438172975,1.465171937526919,0.25,1.6094379124341003,0.6931471805599453,0.902261556594347,0.25,0.0,1.0,0.0,0.25,0.0
2023-02-15,2,1,0.5,0.6830217145076851,1.3660434290153702,0.5,1.0986122886681098,0.6931471805599453,0.861219120846472,1.0,1.0,0.5,0.0,0.0,0.0
2023-02-16,4,1,0.25,0.4405802946782328,1.7623211787129311,0.25,1.6094379124341003,0.6931471805599453,1.0160713330610585,0.25,0.75,1.0,0.0,0.0,0.0
2023-02-18,5,2,0.4,0.5332425141076831,2.6662125705384154,0.4,1.791759469228055,1.0986122886681098,1.2991591320622962,0.6,0.4,0.8,0.0,0.2,0.0
2023-02-19,5,3,0.6,0.6814000940478412,3.407000470239206,0.6,1.791759469228055,1.3862943611198906,1.4831942925626367,0.8,0.4,0.8,0.0,0.0,0.0
2023-02-20,1,0,0.0,0.39148990141649426,0.39148990141649426,0.0,0.6931471805599453,0.0,0.330375044621142,0.0,1.0,1.0,0.0,0.0,0.0
2023-02-21,2,2,1.0,0.7122218610716686,1.4244437221433373,1.0,1.0986122886681098,1.0986122886681098,0.8856021051442813,1.0,1.0,0.0,1.0,0.0,0.0
2023-02-22,6,6,1.0,0.7496785874421859,4.498071524653115,1.0,1.9459101490553132,1.9459101490553132,1.7043973988714423,1.0,1.0,1.0,0.0,0.0,0.0
2023-02-23,2,2,1.0,0.8562912744946397,1.7125825489892794,1.0,1.0986122886681098,1.0986122886681098,0.9979011512106171,1.0,0.5,0.5,0.0,0.0,0.0
2023-02-24,3,1,0.3333333333333333,0.5390129218137792,1.6170387654413378,0.3333333333333333,1.3862943611198906,0.6931471805599453,0.9620434363696465,0.6666666666666666,0.3333333333333333,0.6666666666666666,0.0,0.0,0.0
2023-02-25,5,4,0.8,0.6621581006456541,3.31079050322827,0.8,1.791759469228055,1.6094379124341003,1.4611212987197104,0.8,1.0,0.8,0.4,0.0,0.0
2023-02-26,1,0,0.0,0.4117262127253358,0.4117262127253358,0.0,0.6931471805599453,0.0,0.34481321993378533,0.0,0.0,1.0,0.0,0.0,0.0
2023-02-27,1,0,0.0,0.35421339844989147,0.35421339844989147,0.0,0.6931471805599453,0.0,0.30322076801683806,1.0,1.0,1.0,0.0,0.0,0.0
2023-02-28,1,1,1.0,0.9196102668747519,0.9196102668747519,1.0,0.6931471805599453,0.6931471805599453,0.6521221794325098,1.0,1.0,0.0,1.0,0.0,0.0
2023-03-02,1,0,0.0,0.3924467281859308,0.3924467281859308,0.0,0.6931471805599453,0.0,0.33106243584760736,0.0,0.0,1.0,0.0,0.0,0.0
2023-03-05,1,0,0.0,0.2684522639328017,0.2684522639328017,0.0,0.6931471805599453,0.0,0.23779746744748698,0.0,1.0,1.0,0.0,0.0,0.0
2023-03-06,1,1,1.0,0.8195408522283727,0.8195408522283727,1.0,0.6931471805599453,0.6931471805599453,0.5985841902656055,1.0,1.0,0.0,0.0,1.0,0.0
2023-03-07,1,1,1.0,0.9701530951332965,0.9701530951332965,1.0,0.6931471805599453,0.6931471805599453,0.6781112529960104,1.0,1.0,1.0,0.0,0.0,0.0
2023-03-08,2,1,0.5,0.4459273602454372,0.8918547204908744,0.5,1.0986122886681098,0.6931471805599453,0.6375576814715773,1.0,0.5,0.0,0.0,0.0,0.0
2023-03-09,2,1,0.5,0.5564844937713289,1.1129689875426578,0.5,1.0986122886681098,0.6931471805599453,0.7480940615468733,1.0,1.0,0.0,0.0,0.5,0.0
2023-03-10,3,3,1.0,0.7199307990291665,2.1597923970874993,1.0,1.3862943611198906,1.3862943611198906,1.1505063283164612,0.6666666666666666,1.0,0.6666666666666666,0.0,0.3333333333333333,0.0
2023-03-12,2,2,1.0,0.8935810112044225,1.787162022408845,1.0,1.0986122886681098,1.0986122886681098,1.025023881868823,1.0,0.5,0.5,0.5,0.0,0.0
2023-03-13,4,3,0.75,0.6606967918274264,2.6427871673097054,0.75,1.6094379124341003,1.3862943611198906,1.2927490939507662,1.0,1.0,0.25,0.0,0.0,0.0
2023-03-14,1,0,0.0,0.32016489965041245,0.32016489965041245,0.0,0.6931471805599453,0.0,0.27775665277351436,0.0,1.0,1.0,0.0,0.0,0.0
2023-03-15,2,0,0.0,0.3063959174660914,0.6127918349321828,0.0,1.0986122886681098,0.0,0.4779667362160398,0.0,0.0,1.0,0.0,0.0,0.0
2023-03-16,2,2,1.0,0.9434075585839141,1.8868151171678282,1.0,1.0986122886681098,1.0986122886681098,1.060153858854559,1.0,1.0,1.0,0.5,0.5,0.0
2023-03-17,2,1,0.5,0.4330819187041262,0.8661638374082524,0.5,1.0986122886681098,0.6931471805599453,0.6238848999686123,0.0,0.0,1.0,0.0,0.0,0.0
2023-03-19,1,0,0.0,0.297950842086517,0.297950842086517,0.0,0.6931471805599453,0.0,0.26078674552044845,0.0,1.0,1.0,0.0,0.0,0.0
2023-03-20,2,2,1.0,0.8465777151214612,1.6931554302429224,1.0,1.0986122886681098,1.0986122886681098,0.9907135285556626,1.0,0.5,0.5,0.0,0.0,0.0
2023-03-21,4,4,1.0,0.7951130942070401,3.1804523768281605,1.0,1.6094379124341003,1.6094379124341003,1.4304194648024267,0.75,0.75,0.5,0.0,0.0,0.0
2023-03-22,5,4,0.8,0.6388439445402463,3.1942197227012312,0.8,1.791759469228055,1.6094379124341003,1.4337073208788271,0.8,0.6,0.6,0.4,0.0,0.0
2023-03-23,6,2,0.3333333333333333,0.5320762335190067,3.19245740111404,0.3333333333333333,1.9459101490553132,1.0986122886681098,1.4332870539275395,0.8333333333333334,1.0,0.3333333333333333,0.0,0.16666666666666666,0.0
2023-03-24,8,6,0.75,0.5486898613034363,4.389518890427491,0.75,2.1972245773362196,1.9459101490553132,1.6844561212760774,0.875,0.875,0.125,0.0,0.0,0.0
2023-03-25,3,0,0.0,0.39449511735334547,1.1834853520600364,0.0,1.3862943611198906,0.0,0.7809223854529375,0.3333333333333333,0.3333333333333333,0.6666666666666666,0.0,0.0,0.0
2023-03-26,5,0,0.0,0.3693778204515698,1.846889102257849,0.0,1.791759469228055,0.0,1.0462268550461364,0.2,0.4,0.8,0.0,0.0,0.0
2023-03-27,5,1,0.2,0.3720195958179563,1.8600979790897814,0.2,1.791759469228055,0.6931471805599453,1.0508558826679553,0.8,0.8,0.2,0.0,0.0,0.0
2023-03-28,8,5,0.625,0.5991792503290254,4.793434002632203,0.625,2.1972245773362196,1.791759469228055,1.7567252077671043,0.875,1.0,0.125,0.375,0.25,0.0
2023-03-29,8,3,0.375,0.5435092083373376,4.348073666698701,0.375,2.1972245773362196,1.3862943611198906,1.676736433770613,0.875,0.75,0.25,0.0,0.0,0.0
2023-03-30,6,2,0.3333333333333333,0.44877456162013796,2.6926473697208277,0.3333333333333333,1.9459101490553132,1.0986122886681098,1.3063436451810424,0.8333333333333334,1.0,0.3333333333333333,0.0,0.16666666666666666,0.0
2023-03-31,7,1,0.14285714285714285,0.41408740291092005,2.8986118203764404,0.14285714285714285,2.0794415416798357,0.6931471805599453,1.360620546279459,1.0,1.0,0.0,0.0,0.0,0.0
2023-04-01,3,0,0.0,0.4197215522119235,1.2591646566357704,0.0,1.3862943611198906,0.0,0.8149951239999075,0.6666666666666666,1.0,0.3333333333333333,0.0,0.0,0.0
2023-04-02,3,2,0.6666666666666666,0.49881858635817905,1.496455759074537,0.6666666666666666,1.3862943611198906,1.0986122886681098,0.914872029621668,1.0,1.0,0.0,0.0,0.0,0.0
2023-04-03,2,1,0.5,0.47202504897761643,0.9440500979552329,0.5,1.0986122886681098,0.6931471805599453,0.6647734762592956,1.0,1.0,0.0,0.0,0.0,0.0
2023-04-04,5,2,0.4,0.5453447223232868,2.7267236116164337,0.4,1.791759469228055,1.0986122886681098,1.315529459340069,0.6,0.6,0.6,0.2,0.0,0.0
2023-04-05,1,1,1.0,0.6389507508933606,0.6389507508933606,1.0,0.6931471805599453,0.6931471805599453,0.49405625104504874,1.0,1.0,0.0,0.0,0.0,0.0
2023-04-06,2,1,0.5,0.4794832567159447,0.9589665134318894,0.5,1.0986122886681098,0.6931471805599453,0.6724170451112967,0.5,0.0,0.5,0.0,0.5,0.0
2023-04-07,2,2,1.0,0.7362491779278858,1.4724983558557716,1.0,1.0986122886681098,1.0986122886681098,0.9052291195421215,1.0,1.0,1.0,0.0,0.0,0.0
2023-04-08,1,1,1.0,0.5316851170932063,0.5316851170932063,1.0,0.6931471805599453,0.6931471805599453,0.426368513047319,1.0,1.0,0.0,0.0,0.0,0.0
2023-04-09,1,0,0.0,0.2500762059637956,0.2500762059637956,0.0,0.6931471805599453,0.0,0.2232045142269701,0.0,1.0,1.0,0.0,0.0,0.0
2023-04-10,4,1,0.25,0.42024269879509135,1.6809707951803654,0.25,1.6094379124341003,0.6931471805599453,0.986178965938379,0.75,0.75,0.25,0.0,0.0,0.0
2023-04-11,5,3,0.6,0.5669528328165263,2.8347641640826313,0.6,1.791759469228055,1.3862943611198906,1.3441079372523068,1.0,0.6,0.4,0.0,0.2,0.0
2023-04-12,7,6,0.8571428571428571,0.6710461247547277,4.697322873283094,0.8571428571428571,2.0794415416798357,1.9459101490553132,1.7399963931565237,0.8571428571428571,1.0,0.2857142857142857,0.0,0.0,0.0
2023-04-13,5,3,0.6,0.6345497169187282,3.172748584593641,0.6,1.791759469228055,1.3862943611198906,1.4285749516740416,1.0,0.6,0.0,0.0,0.0,0.0
2023-04-14,6,3,0.5,0.5565401223623726,3.3392407341742354,0.5,1.9459101490553132,1.3862943611198906,1.4676993867646666,1.0,1.0,0.16666666666666666,0.0,0.0,0.0
2023-04-15,2,2,1.0,0.7515228057750495,1.503045611550099,1.0,1.0986122886681098,1.0986122886681098,0.9175082350363412,1.0,0.5,0.5,0.0,0.5,0.0
2023-04-16,5,3,0.6,0.6544241808549801,3.2721209042749004,0.6,1.791759469228055,1.3862943611198906,1.4521104028198888,0.8,0.8,0.8,0.2,0.2,0.0
2023-04-17,6,3,0.5,0.5500549125562976,3.3003294753377856,0.5,1.9459101490553132,1.3862943611198906,1.458691641935766,0.8333333333333334,0.8333333333333334,0.5,0.0,0.0,0.0
2023-04-18,6,3,0.5,0.5023764311019255,3.014258586611553,0.5,1.9459101490553132,1.3862943611198906,1.389852669477954,0.3333333333333333,0.6666666666666666,1.0,0.0,0.0,0.0
2023-04-19,6,3,0.5,0.454456747947838,2.726740487687028,0.5,1.9459101490553132,1.3862943611198906,1.3155339877232126,0.6666666666666666,0.16666666666666666,0.8333333333333334,0.0,0.16666666666666666,0.0
2023-04-20,3,2,0.6666666666666666,0.5534036083068066,1.6602108249204197,0.6666666666666666,1.3862943611198906,1.0986122886681098,0.9784053771417784,1.0,0.6666666666666666,0.6666666666666666,0.0,0.3333333333333333,0.0
2023-04-21,1,0,0.0,0.20583556834626382,0.20583556834626382,0.0,0.6931471805599453,0.0,0.187172744354377,0.0,0.0,1.0,0.0,0.0,0.0
2023-04-22,4,3,0.75,0.7239481003092988,2.895792401237195,0.75,1.6094379124341003,1.3862943611198906,1.3598970992571977,1.0,0.75,0.0,0.0,0.75,0.0
2023-04-23,3,0,0.0,0.15678714709154015,0.47036144127462043,0.0,1.3862943611198906,0.0,0.38550824898560987,0.0,1.0,1.0,0.0,0.0,0.0
2023-04-24,4,2,0.5,0.5875373884300255,2.350149553720102,0.5,1.6094379124341003,1.0986122886681098,1.2090049877420332,0.5,0.5,0.5,0.0,0.0,0.0
2023-04-25,5,0,0.0,0.2195912812696834,1.097956406348417,0.0,1.791759469228055,0.0,0.7409637310873093,0.0,0.6,1.0,0.0,0.0,0.0
2023-04-27,2,0,0.0,0.2358803303310644,0.4717606606621288,0.0,1.0986122886681098,0.0,0.3864594124278601,0.5,0.0,0.5,0.0,0.0,0.0
2023-04-28,5,4,0.8,0.6618032890079469,3.3090164450397346,0.8,1.791759469228055,1.6094379124341003,1.460709675066366,1.0,1.0,0.2,0.0,0.4,0.0
2023-04-29,2,1,0.5,0.6088950592823448,1.2177901185646895,0.5,1.0986122886681098,0.6931471805599453,0.7965112580146934,0.5,0.0,0.5,0.0,0.0,0.0
2023-04-30,1,1,1.0,0.8631832513703037,0.8631832513703037,1.0,0.6931471805599453,0.6931471805599453,0.622286450373216,1.0,1.0,1.0,0.0,0.0,0.0
2023-05-02,2,0,0.0,0.42327702012750756,0.8465540402550151,0.0,1.0986122886681098,0.0,0.6133212211995959,0.0,0.0,1.0,0.0,0.0,0.0
2023-05-03,1,1,1.0,0.6657017088060412,0.6657017088060412,1.0,0.6931471805599453,0.6931471805599453,0.5102464813790331,0.0,0.0,1.0,0.0,0.0,0.0
2023-05-04,2,2,1.0,0.8154369353888044,1.6308738707776087,1.0,1.0986122886681098,1.0986122886681098,0.9673160612577819,1.0,0.5,0.0,0.5,0.0,0.0
2023-05-05,1,1,1.0,0.7814398842078752,0.7814398842078752,1.0,0.6931471805599453,0.6931471805599453,0.5774219610138319,1.0,1.0,0.0,0.0,0.0,0.0
2023-05-07,1,0,0.0,0.3695176400003395,0.3695176400003395,0.0,0.6931471805599453,0.0,0.31445859025165185,0.0,0.0,1.0,0.0,0.0,0.0
2023-05-08,2,1,0.5,0.5573378427450099,1.1146756854900197,0.5,1.0986122886681098,0.6931471805599453,0.7489014605465877,0.5,0.5,1.0,0.0,0.0,0.0
2023-05-09,1,0,0.0,0.4484704328866358,0.4484704328866358,0.0,0.6931471805599453,0.0,0.37050812579017195,0.0,0.0,1.0,0.0,0.0,0.0
2023-05-10,1,1,1.0,0.7970461268794132,0.7970461268794132,1.0,0.6931471805599453,0.6931471805599453,0.5861442762974777,1.0,1.0,1.0,0.0,0.0,0.0
2023-05-11,1,1,1.0,0.7929198057530522,0.7929198057530522,1.0,0.6931471805599453,0.6931471805599453,0.5838454673277381,1.0,1.0,0.0,0.0,0.0,0.0
2023-05-12,1,1,1.0,0.5847720272918321,0.5847720272918321,1.0,0.6931471805599453,0.6931471805599453,0.46044056562290153,1.0,0.0,0.0,0.0,0.0,0.0
2023-05-13,2,2,1.0,0.7049260340375904,1.4098520680751807,1.0,1.0986122886681098,1.0986122886681098,0.8795653630771595,1.0,0.0,1.0,0.0,0.0,0.0
2023-05-14,2,1,0.5,0.48946157522547856,0.9789231504509571,0.5,1.0986122886681098,0.6931471805599453,0.6825528333504882,0.5,1.0,0.5,0.0,0.0,0.0
2023-05-15,3,2,0.6666666666666666,0.6025026190531801,1.8075078571595404,0.6666666666666666,1.3862943611198906,1.0986122886681098,1.0322972062586164,0.6666666666666666,0.3333333333333333,0.6666666666666666,0.0,0.3333333333333333,0.0
2023-05-16,3,2,0.6666666666666666,0.6118952500461525,1.8356857501384576,0.6666666666666666,1.3862943611198906,1.0986122886681098,1.0422837951037889,0.3333333333333333,0.3333333333333333,0.6666666666666666,0.0,0.0,0.0
2023-05-17,2,2,1.0,0.8109643206430036,1.6219286412860072,1.0,1.0986122886681098,1.0986122886681098,0.9639101695958798,0.5,0.5,0.5,0.0,0.0,0.0
2023-05-18,4,0,0.0,0.4219424454262313,1.6877697817049253,0.0,1.6094379124341003,0.0,0.9887117723058604,0.5,0.5,0.5,0.0,0.0,0.0
2023-05-19,3,2,0.6666666666666666,0.6147821962645028,1.8443465887935084,0.6666666666666666,1.3862943611198906,1.0986122886681098,1.04533337118024,1.0,1.0,0.3333333333333333,0.0,0.0,0.0
2023-05-20,7,4,0.5714285714285714,0.5085076279256596,3.5595533954796172,0.5714285714285714,2.0794415416798357,1.6094379124341003,1.517224679142097,0.7142857142857143,0.7142857142857143,0.2857142857142857,0.0,0.0,0.0
2023-05-21,4,1,0.25,0.4059633183850244,1.6238532735400977,0.25,1.6094379124341003,0.6931471805599453,0.9646439524224242,1.0,1.0,0.0,0.0,0.0,0.0
2023-05-22,1,0,0.0,0.48058058794528763,0.48058058794528763,0.0,0.6931471805599453,0.0,0.3924343000029729,0.0,0.0,1.0,0.0,1.0,0.0
2023-05-23,6,1,0.16666666666666666,0.38513180379705286,2.3107908227823173,0.16666666666666666,1.9459101490553132,0.6931471805599453,1.1971870801218902,0.8333333333333334,0.6666666666666666,0.16666666666666666,0.0,0.0,0.0
2023-05-24,5,4,0.8,0.7275354928067401,3.6376774640337004,0.8,1.791759469228055,1.6094379124341003,1.5342136943784621,0.6,0.2,0.8,0.2,0.0,0.0
2023-05-25,4,3,0.75,0.6945497051711569,2.7781988206846275,0.75,1.6094379124341003,1.3862943611198906,1.329247393603736,0.75,0.75,0.5,0.25,0.0,0.0
2023-05-26,5,3,0.6,0.5698300405380042,2.849150202690021,0.6,1.791759469228055,1.3862943611198906,1.347852397361977,0.6,0.6,0.4,0.0,0.0,0.0
2023-05-27,1,1,1.0,0.8172695669148801,0.8172695669148801,1.0,0.6931471805599453,0.6931471805599453,0.5973351366460768,1.0,1.0,0.0,0.0,0.0,0.0
2023-05-28,4,4,1.0,0.6789670560427725,2.71586822417109,1.0,1.6094379124341003,1.6094379124341003,1.3126123585819836,1.0,1.0,0.25,0.0,0.0,0.0
2023-05-29,4,4,1.0,0.7253559035734992,2.901423614293997,1.0,1.6094379124341003,1.6094379124341003,1.361341515834765,1.0,0.5,0.25,0.25,0.0,0.0
2023-05-30,6,4,0.6666666666666666,0.45952052406794125,2.7571231444076476,0.6666666666666666,1.9459101490553132,1.6094379124341003,1.3236535433790344,0.5,0.3333333333333333,0.6666666666666666,0.0,0.0,0.0
2023-05-31,1,0,0.0,0.4702360988185452,0.4702360988185452,0.0,0.6931471805599453,0.0,0.3854229993351955,1.0,1.0,0.0,0.0,0.0,0.0
2023-06-01,3,2,0.6666666666666666,0.6265650869604661,1.8796952608813984,0.6666666666666666,1.3862943611198906,1.0986122886681098,1.0576844763553905,0.6666666666666666,1.0,0.6666666666666666,0.3333333333333333,0.0,0.0
2023-06-02,8,4,0.5,0.4834958754235625,3.8679670033885,0.5,2.1972245773362196,1.6094379124341003,1.5826763968337174,0.75,0.875,0.25,0.125,0.0,0.0
2023-06-03,6,1,0.16666666666666666,0.41544688450693773,2.4926813070416265,0.16666666666666666,1.9459101490553132,0.6931471805599453,1.250669724056115,0.8333333333333334,1.0,0.16666666666666666,0.0,0.0,0.0
2023-06-04,4,1,0.25,0.36128036138999525,1.445121445559981,0.25,1.6094379124341003,0.6931471805599453,0.8940947926789501,0.75,0.75,0.25,0.0,0.0,0.0
2023-06-05,7,3,0.42857142857142855,0.4577049715571077,3.203934800899754,0.42857142857142855,2.0794415416798357,1.3862943611198906,1.4360209440694545,0.7142857142857143,0.8571428571428571,0.2857142857142857,0.2857142857142857,0.14285714285714285,0.0
2023-06-06,5,1,0.2,0.42071584908210335,2.1035792454105167,0.2,1.791759469228055,0.6931471805599453,1.1325560407522854,0.6,0.8,0.4,0.0,0.0,0.0
2023-06-07,1,0,0.0,0.42399028983805087,0.42399028983805087,0.0,0.6931471805599453,0.0,0.3534629940325819,0.0,1.0,1.0,0.0,0.0,0.0
2023-06-08,4,1,0.25,0.455477978743566,1.821911914974264,0.25,1.6094379124341003,0.6931471805599453,1.0374146392561028,0.5,0.25,0.75,0.0,0.0,0.0
2023-06-09,1,0,0.0,0.2665760414572802,0.2665760414572802,0.0,0.6931471805599453,0.0,0.23631722928674098,0.0,0.0,1.0,0.0,0.0,0.0
2023-06-10,2,0,0.0,0.43441217030082413,0.8688243406016483,0.0,1.0986122886681098,0.0,0.6253095382895785,0.5,0.5,0.5,0.0,0.0,0.0
2023-06-11,3,1,0.3333333333333333,0.5108608460119521,1.5325825380358564,0.3333333333333333,1.3862943611198906,0.6931471805599453,0.929239548134133,1.0,1.0,0.0,0.0,0.0,0.0
2023-06-12,4,1,0.25,0.43030441255575363,1.7212176502230145,0.25,1.6094379124341003,0.6931471805599453,1.0010794456587573,0.5,0.75,0.5,0.0,0.0,0.0
2023-06-13,3,1,0.3333333333333333,0.41594091312888604,1.247822739386658,0.3333333333333333,1.3862943611198906,0.6931471805599453,0.8099620763364099,1.0,0.6666666666666666,0.0,0.0,0.0,0.0
2023-06-15,1,0,0.0,0.3823077038146522,0.3823077038146522,0.0,0.6931471805599453,0.0,0.3237543516583872,0.0,0.0,1.0,0.0,0.0,0.0
2023-06-16,1,0,0.0,0.3941601937283803,0.3941601937283803,0.0,0.6931471805599453,0.0,0.332292222327304,0.0,0.0,1.0,0.0,0.0,0.0
2023-06-17,2,1,0.5,0.49485532666907267,0.9897106533381453,0.5,1.0986122886681098,0.6931471805599453,0.6879892278321575,0.5,1.0,1.0,0.0,0.5,0.0
2023-06-19,1,0,0.0,0.4035549252221029,0.4035549252221029,0.0,0.6931471805599453,0.0,0.33900825051940564,0.0,0.0,1.0,0.0,0.0,0.0
2023-06-20,3,3,1.0,0.6242745681429168,1.8728237044287503,1.0,1.3862943611198906,1.3862943611198906,1.055295415228453,1.0,1.0,0.0,0.0,0.0,0.0
2023-06-21,5,0,0.0,0.3917658664733956,1.958829332366978,0.0,1.791759469228055,0.0,1.0847936942849026,0.8,0.8,0.2,0.0,0.0,0.0
2023-06-22,1,1,1.0,0.7977357196767163,0.7977357196767163,1.0,0.6931471805599453,0.6931471805599453,0.5865279395266789,1.0,0.0,1.0,0.0,0.0,0.0
2023-06-23,5,4,0.8,0.6617761629560427,3.3088808147802133,0.8,1.791759469228055,1.6094379124341003,1.4606781986503812,0.4,0.2,0.8,0.0,0.0,0.0
2023-06-24,7,6,0.8571428571428571,0.6959432909626243,4.87160303673837,0.8571428571428571,2.0794415416798357,1.9459101490553132,1.7701276862917554,0.7142857142857143,0.5714285714285714,0.42857142857142855,0.0,0.0,0.0
2023-06-25,3,1,0.3333333333333333,0.5799940304747399,1.7399820914242197,0.3333333333333333,1.3862943611198906,0.6931471805599453,1.0079513844020571,0.6666666666666666,0.3333333333333333,0.6666666666666666,0.0,0.0,0.0
2023-06-26,5,3,0.6,0.5077954474634379,2.5389772373171895,0.6,1.791759469228055,1.3862943611198906,1.2638377693893181,0.6,0.8,0.4,0.0,0.0,0.0
2023-06-27,3,1,0.3333333333333333,0.4894408602512754,1.4683225807538263,0.3333333333333333,1.3862943611198906,0.6931471805599453,0.9035388028316954,0.3333333333333333,0.0,0.6666666666666666,0.0,0.0,0.0
2023-06-28,2,1,0.5,0.5183525109752576,1.0367050219505152,0.5,1.0986122886681098,0.6931471805599453,0.7113333167196622,0.5,1.0,1.0,0.5,0.5,0.0
2023-06-29,6,2,0.3333333333333333,0.42240016849562606,2.5344010109737565,0.3333333333333333,1.9459101490553132,1.0986122886681098,1.2625438397219717,0.0,0.16666666666666666,1.0,0.0,0.0,0.0
2023-06-30,5,4,0.8,0.6546634948782171,3.273317474391085,0.8,1.791759469228055,1.6094379124341003,1.4523904516765962,0.6,0.6,0.6,0.0,0.0,0.0
2023-07-01,1,1,1.0,0.6636821198441677,0.6636821198441677,1.0,0.6931471805599453,0.6931471805599453,0.509033290402251,1.0,1.0,0.0,0.0,0.0,0.0
2023-07-02,5,5,1.0,0.8222098811138243,4.111049405569122,1.0,1.791759469228055,1.791759469228055,1.6314047462565657,1.0,1.0,0.0,0.0,0.0,0.0
2023-07-03,6,5,0.8333333333333334,0.7723699160454501,4.634219496272701,0.8333333333333334,1.9459101490553132,1.791759469228055,1.7288586279201215,0.8333333333333334,0.8333333333333334,0.16666666666666666,0.0,0.0,0.0
2023-07-04,2,2,1.0,0.5585897369351187,1.1171794738702374,1.0,1.0986122886681098,1.0986122886681098,0.7500847660133793,1.0,1.0,0.0,0.0,0.0,0.0
2023-07-05,3,3,1.0,0.744442077975665,2.233326233926995,1.0,1.3862943611198906,1.3862943611198906,1.173511401146135,0.3333333333333333,0.3333333333333333,1.0,0.0,0.0,0.0
2023-07-06,4,4,1.0,0.6907627127353585,2.763050850941434,1.0,1.6094379124341003,1.6094379124341003,1.3252300249245748,1.0,0.75,1.0,0.0,0.0,0.0
2023-07-07,5,5,1.0,0.7828091240455582,3.914045620227791,1.0,1.791759469228055,1.791759469228055,1.592097557781533,1.0,1.0,0.8,0.2,0.2,0.0
2023-07-09,3,1,0.3333333333333333,0.36667699308288554,1.1000309792486567,0.3333333333333333,1.3862943611198906,0.6931471805599453,0.7419520966437372,0.0,0.3333333333333333,1.0,0.0,0.0,0.0
2023-07-10,6,1,0.16666666666666666,0.41302823881032763,2.4781694328619657,0.16666666666666666,1.9459101490553132,0.6931471805599453,1.2465061303470102,0.0,0.16666666666666666,1.0,0.0,0.16666666666666666,0.0
2023-07-11,5,3,0.6,0.5020142508721369,2.5100712543606845,0.6,1.791759469228055,1.3862943611198906,1.2556363376593838,0.2,0.2,1.0,0.0,0.2,0.0
2023-07-12,4,4,1.0,0.771432824403087,3.085731297612348,1.0,1.6094379124341003,1.6094379124341003,1.4075007325130993,0.75,0.75,1.0,0.0,0.0,0.0
2023-07-13,2,1,0.5,0.5188576424578176,1.0377152849156352,0.5,1.0986122886681098,0.6931471805599453,0.7118292218594051,0.5,0.0,1.0,0.0,0.0,0.0
2023-07-14,4,3,0.75,0.5895815926034798,2.358326370413919,0.75,1.6094379124341003,1.3862943611198906,1.2114427458366075,0.75,0.5,0.5,0.25,0.25,0.0
2023-07-15,5,4,0.8,0.684433014564632,3.42216507282316,0.8,1.791759469228055,1.6094379124341003,1.4866294116397234,0.4,0.6,0.6,0.4,0.0,0.0
2023-07-16,4,3,0.75,0.5101448623058504,2.0405794492234017,0.75,1.6094379124341003,1.3862943611198906,1.1120481055518485,0.25,0.25,0.75,0.0,0.0,0.0
2023-07-17,3,2,0.6666666666666666,0.6696806997238088,2.0090420991714266,0.6666666666666666,1.3862943611198906,1.0986122886681098,1.1016217886339243,0.3333333333333333,0.0,0.6666666666666666,0.0,0.0,0.0
2023-07-18,4,4,1.0,0.7756477789239833,3.102591115695933,1.0,1.6094379124341003,1.6094379124341003,1.4116187535333868,1.0,0.75,0.25,0.0,0.5,0.0
2023-07-19,3,2,0.6666666666666666,0.5328877854285481,1.5986633562856443,0.6666666666666666,1.3862943611198906,1.0986122886681098,0.9549972190996531,0.6666666666666666,0.6666666666666666,0.3333333333333333,0.0,0.3333333333333333,0.0
2023-07-20,4,2,0.5,0.4941933879828895,1.976773551931558,0.5,1.6094379124341003,1.0986122886681098,1.0908400132794027,0.5,0.75,0.75,0.0,0.0,0.0
2023-07-21,1,0,0.0,0.29046439506725147,0.29046439506725147,0.0,0.6931471805599453,0.0,0.2550021497666686,0.0,1.0,1.0,0.0,0.0,0.0
2023-07-22,1,1,1.0,0.7911468954064601,0.7911468954064601,1.0,0.6931471805599453,0.6931471805599453,0.5828561383676355,0.0,0.0,1.0,0.0,0.0,0.0
2023-07-23,1,1,1.0,0.6297208181754234,0.6297208181754234,1.0,0.6931471805599453,0.6931471805599453,0.48840872295606563,1.0,1.0,0.0,0.0,0.0,0.0
2023-07-24,3,0,0.0,0.40196322183619704,1.2058896655085911,0.0,1.3862943611198906,0.0,0.7911309039452157,0.0,0.3333333333333333,1.0,0.0,0.0,0.0
2023-07-25,3,2,0.6666666666666666,0.6611267041391978,1.9833801124175934,0.6666666666666666,1.3862943611198906,1.0986122886681098,1.0930569236356977,0.3333333333333333,0.0,1.0,0.0,0.0,0.0
2023-07-26,2,2,1.0,0.6134833777987272,1.2269667555974544,1.0,1.0986122886681098,1.0986122886681098,0.8006404602776184,1.0,0.5,0.5,0.0,0.0,0.0
2023-07-27,1,0,0.0,0.30801313117606205,0.30801313117606205,0.0,0.6931471805599453,0.0,0.268509292110045,0.0,0.0,1.0,0.0,0.0,0.0
2023-07-29,2,2,1.0,0.7535162347096118,1.5070324694192236,1.0,1.0986122886681098,1.0986122886681098,0.9190997705957661,0.5,0.5,1.0,0.0,0.0,0.0
2023-07-30,4,3,0.75,0.6806051435621342,2.722420574248537,0.75,1.6094379124341003,1.3862943611198906,1.3143741486790987,0.5,0.0,0.5,0.0,0.0,0.0
2023-07-31,2,0,0.0,0.3164695955644782,0.6329391911289564,0.0,1.0986122886681098,0.0,0.49038157577445324,0.0,0.5,1.0,0.0,0.0,0.0
2023-08-03,6,6,1.0,0.7503943957539833,4.502366374523899,1.0,1.9459101490553132,1.9459101490553132,1.7051782496209076,0.6666666666666666,0.8333333333333334,0.5,0.3333333333333333,0.3333333333333333,0.0
2023-08-04,1,0,0.0,0.46718232199919035,0.46718232199919035,0.0,0.6931471805599453,0.0,0.3833437736464879,0.0,0.0,1.0,0.0,0.0,0.0
2023-08-05,2,2,1.0,0.7645797351301422,1.5291594702602844,1.0,1.0986122886681098,1.0986122886681098,0.9278870223468497,1.0,0.5,0.0,0.0,0.0,0.0
2023-08-06,1,0,0.0,0.343385588231556,0.343385588231556,0.0,0.6931471805599453,0.0,0.29519298596187615,0.0,0.0,1.0,0.0,0.0,0.0
2023-08-07,2,1,0.5,0.42858293037924033,0.8571658607584807,0.5,1.0986122886681098,0.6931471805599453,0.6190515948917694,0.5,0.0,0.5,0.0,0.0,0.0
2023-08-08,3,0,0.0,0.36465442970988055,1.0939632891296416,0.0,1.3862943611198906,0.0,0.7390585808379536,1.0,0.3333333333333333,0.0,0.0,0.0,0.0
2023-08-09,1,1,1.0,0.6001215080950747,0.6001215080950747,1.0,0.6931471805599453,0.6931471805599453,0.470079568921667,0.0,1.0,1.0,0.0,0.0,0.0
2023-08-10,3,3,1.0,0.5969806221225874,1.790941866367762,1.0,1.3862943611198906,1.3862943611198906,1.0263791253755115,0.0,0.0,1.0,0.0,0.3333333333333333,0.0
2023-08-11,1,0,0.0,0.4153673702181108,0.4153673702181108,0.0,0.6931471805599453,0.0,0.3473891229941462,0.0,0.0,1.0,0.0,0.0,0.0
2023-08-12,4,1,0.25,0.3864698581775658,1.5458794327102632,0.25,1.6094379124341003,0.6931471805599453,0.934476143440559,0.0,0.0,1.0,0.0,0.0,0.0
2023-08-13,1,1,1.0,0.7319636577490755,0.7319636577490755,1.0,0.6931471805599453,0.6931471805599453,0.5492558270962414,1.0,0.0,0.0,0.0,0.0,0.0
2023-08-15,1,1,1.0,0.8643465715450008,0.8643465715450008,1.0,0.6931471805599453,0.6931471805599453,0.6229106279212072,1.0,1.0,0.0,0.0,1.0,0.0
2023-08-17,2,1,0.5,0.5018426910483129,1.0036853820966258,0.5,1.0986122886681098,0.6931471805599453,0.6949881759358558,1.0,0.5,0.5,0.0,0.5,0.0
2023-08-18,3,1,0.3333333333333333,0.37028850631776616,1.1108655189532985,0.3333333333333333,1.3862943611198906,0.6931471805599453,0.7470980619356131,0.0,0.0,1.0,0.0,0.0,0.0
2023-08-19,4,3,0.75,0.5539423874693072,2.215769549877229,0.75,1.6094379124341003,1.3862943611198906,1.168066691372724,0.25,0.0,1.0,0.0,0.25,0.0
2023-08-20,2,0,0.0,0.39500081189868835,0.7900016237973767,0.0,1.0986122886681098,0.0,0.5822165270016246,0.0,0.5,1.0,0.0,0.0,0.0
2023-08-21,3,1,0.3333333333333333,0.4718017652078419,1.4154052956235257,0.3333333333333333,1.3862943611198906,0.6931471805599453,0.8818670972983697,0.3333333333333333,0.0,1.0,0.0,0.0,0.0
2023-08-22,4,4,1.0,0.8497038279360198,3.3988153117440794,1.0,1.6094379124341003,1.6094379124341003,1.4813352573397542,0.5,0.25,1.0,0.0,0.0,0.0
2023-08-23,4,3,0.75,0.6066408843035321,2.4265635372141285,0.75,1.6094379124341003,1.3862943611198906,1.2315578747622746,0.5,0.75,1.0,0.25,0.0,0.0
2023-08-24,6,3,0.5,0.4908063480579779,2.9448380883478675,0.5,1.9459101490553132,1.3862943611198906,1.3724079112116951,0.8333333333333334,0.6666666666666666,0.6666666666666666,0.0,0.16666666666666666,0.0
2023-08-25,2,1,0.5,0.40255822710448663,0.8051164542089733,0.5,1.0986122886681098,0.6931471805599453,0.5906251072709737,0.5,0.5,0.5,0.0,0.0,0.0
2023-08-27,3,2,0.6666666666666666,0.6597849173420803,1.9793547520262411,0.6666666666666666,1.3862943611198906,1.0986122886681098,1.0917067509064475,0.6666666666666666,0.3333333333333333,0.6666666666666666,0.0,0.0,0.0
2023-08-28,1,1,1.0,0.7745206519538694,0.7745206519538694,1.0,0.6931471805599453,0.6931471805599453,0.5735303312186405,0.0,0.0,1.0,0.0,0.0,0.0
2023-08-29,4,2,0.5,0.5188651540048222,2.075460616019289,0.5,1.6094379124341003,1.0986122886681098,1.1234546838679171,0.75,0.25,0.25,0.0,0.0,0.0
2023-08-30,3,2,0.6666666666666666,0.4950494961358616,1.4851484884075847,0.6666666666666666,1.3862943611198906,1.0986122886681098,0.9103324116497516,0.3333333333333333,1.0,0.6666666666666666,0.0,0.3333333333333333,0.0
2023-08-31,2,2,1.0,0.6654915467802731,1.3309830935605462,1.0,1.0986122886681098,1.0986122886681098,0.8462901071575394,0.5,0.0,0.5,0.0,0.0,0.0
2023-09-01,4,4,1.0,0.5881007969781518,2.352403187912607,1.0,1.6094379124341003,1.6094379124341003,1.209677458176599,0.25,0.5,1.0,0.0,0.0,0.0
2023-09-02,1,1,1.0,0.9081910729095517,0.9081910729095517,1.0,0.6931471805599453,0.6931471805599453,0.6461557110464721,1.0,0.0,1.0,0.0,0.0,0.0
2023-09-03,3,1,0.3333333333333333,0.5026451580571385,1.5079354741714155,0.3333333333333333,1.3862943611198906,0.6931471805599453,0.9194598944378756,0.3333333333333333,0.3333333333333333,0.6666666666666666,0.3333333333333333,0.0,0.0
2023-09-04,1,0,0.0,0.29738433501335654,0.29738433501335654,0.0,0.6931471805599453,0.0,0.26035018758592327,0.0,0.0,1.0,0.0,0.0,0.0
2023-09-05,4,1,0.25,0.49130324222199073,1.965212968887963,0.25,1.6094379124341003,0.6931471805599453,1.086948857488409,0.5,0.25,0.75,0.0,0.0,0.0
2023-09-06,2,0,0.0,0.33601711440404947,0.6720342288080989,0.0,1.0986122886681098,0.0,0.5140409862281448,0.0,0.5,1.0,0.0,0.0,0.0
2023-09-07,2,1,0.5,0.442229121990882,0.884458243981764,0.5,1.0986122886681098,0.6931471805599453,0.6336403758684068,0.0,0.5,1.0,0.0,0.0,0.0
2023-09-08,5,4,0.8,0.7470878177747872,3.7354390888739357,0.8,1.791759469228055,1.6094379124341003,1.5550744549413713,0.6,0.8,1.0,0.0,0.4,0.0
2023-09-09,2,1,0.5,0.5378405357447181,1.0756810714894363,0.5,1.0986122886681098,0.6931471805599453,0.7302893270517152,0.0,0.5,1.0,0.0,0.0,0.0
2023-09-10,2,0,0.0,0.27089380778898137,0.5417876155779627,0.0,1.0986122886681098,0.0,0.43294253256684356,0.5,1.0,0.5,0.0,0.0,0.0
2023-09-11,3,2,0.6666666666666666,0.5685013379957431,1.7055040139872293,0.6666666666666666,1.3862943611198906,1.0986122886681098,0.99528822173926,0.6666666666666666,0.6666666666666666,0.6666666666666666,0.0,0.3333333333333333,0.0
2023-09-12,3,3,1.0,0.6649994410028657,1.994998323008597,1.0,1.3862943611198906,1.3862943611198906,1.0969436716369043,0.0,0.3333333333333333,1.0,0.0,0.0,0.0
2023-09-14,4,1,0.25,0.38547556826550805,1.5419022730620322,0.25,1.6094379124341003,0.6931471805599453,0.9329127271273854,0.0,0.5,1.0,0.0,0.0,0.0
2023-09-15,5,1,0.2,0.3951679201203141,1.9758396006015704,0.2,1.791759469228055,0.6931471805599453,1.0905262178709934,0.6,0.6,0.6,0.0,0.0,0.0
2023-09-16,1,0,0.0,0.2590958481882213,0.2590958481882213,0.0,0.6931471805599453,0.0,0.2303938825760508,1.0,1.0,0.0,0.0,0.0,0.0
2023-09-17,3,2,0.6666666666666666,0.4978947772719007,1.493684331815702,0.6666666666666666,1.3862943611198906,1.0986122886681098,0.9137612682028288,0.6666666666666666,0.3333333333333333,0.6666666666666666,0.0,0.3333333333333333,0.0
2023-09-18,8,3,0.375,0.4302966877800255,3.442373502240204,0.375,2.1972245773362196,1.3862943611198906,1.491188806187737,0.375,0.625,0.625,0.0,0.0,0.0
2023-09-19,4,2,0.5,0.4736310960722957,1.8945243842891828,0.5,1.6094379124341003,1.0986122886681098,1.0628208088542388,0.5,0.25,0.5,0.0,0.0,0.0
2023-09-20,3,2,0.6666666666666666,0.6875968019319916,2.0627904057959747,0.6666666666666666,1.3862943611198906,1.0986122886681098,1.1193263977574672,0.6666666666666666,0.0,1.0,0.0,0.0,0.0
2023-09-21,2,1,0.5,0.5043762621400321,1.0087525242800641,0.5,1.0986122886681098,0.6931471805599453,0.6975138947110181,0.5,0.5,0.5,0.0,0.5,0.0
2023-09-22,3,1,0.3333333333333333,0.43880341093636827,1.3164102328091047,0.3333333333333333,1.3862943611198906,0.6931471805599453,0.8400186739081364,0.3333333333333333,0.3333333333333333,0.6666666666666666,0.0,0.0,0.0
2023-09-23,6,1,0.16666666666666666,0.37887066807870023,2.2732240084722015,0.16666666666666666,1.9459101490553132,0.6931471805599453,1.185775434506771,0.6666666666666666,0.8333333333333334,0.3333333333333333,0.0,0.0,0.0
2023-09-24,4,2,0.5,0.517508017653158,2.070032070612632,0.5,1.6094379124341003,1.0986122886681098,1.1216880079981681,0.5,0.5,0.75,0.0,0.0,0.0
2023-09-25,4,4,1.0,0.805023854106022,3.220095416424088,1.0,1.6094379124341003,1.6094379124341003,1.4398577383193414,1.0,0.75,1.0,0.0,0.25,0.0
2023-09-26,2,2,1.0,0.7130510440490412,1.4261020880980824,1.0,1.0986122886681098,1.0986122886681098,0.8862858904683409,1.0,0.5,0.5,0.0,0.5,0.0
2023-09-27,3,0,0.0,0.36487327583404533,1.094619827502136,0.0,1.3862943611198906,0.0,0.7393720703209553,0.6666666666666666,1.0,0.3333333333333333,0.0,0.0,0.0
2023-09-28,2,1,0.5,0.6617989873896923,1.3235979747793847,0.5,1.0986122886681098,0.6931471805599453,0.8431168355484034,1.0,1.0,0.5,0.0,0.0,0.0
2023-09-29,2,0,0.0,0.32068873630066086,0.6413774726013217,0.0,1.0986122886681098,0.0,0.49553581161662497,0.5,0.5,0.5,0.0,0.0,0.0
2023-09-30,2,1,0.5,0.47848291532853265,0.9569658306570653,0.5,1.0986122886681098,0.6931471805599453,0.6713952281986927,1.0,0.5,0.0,0.0,0.0,0.0
2023-10-01,4,2,0.5,0.5978164601085276,2.3912658404341105,0.5,1.6094379124341003,1.0986122886681098,1.2212032559521886,0.75,0.5,0.5,0.25,0.0,0.0
2023-10-02,7,2,0.2857142857142857,0.44918791648430295,3.1443154153901207,0.2857142857142857,2.0794415416798357,1.0986122886681098,1.4217376158131196,0.42857142857142855,0.42857142857142855,0.7142857142857143,0.0,0.0,0.0
2023-10-03,2,2,1.0,0.5636918796775039,1.1273837593550078,1.0,1.0986122886681098,1.0986122886681098,0.7548929427717895,1.0,0.5,0.0,0.0,0.0,0.0
2023-10-04,6,2,0.3333333333333333,0.5254370666342353,3.152622399805412,0.3333333333333333,1.9459101490553132,1.0986122886681098,1.4237400382431837,0.8333333333333334,0.8333333333333334,0.5,0.0,0.0,0.0
2023-10-05,6,4,0.6666666666666666,0.6505145076928845,3.9030870461573075,0.6666666666666666,1.9459101490553132,1.6094379124341003,1.5898650161638184,0.5,0.5,0.6666666666666666,0.0,0.0,0.0
2023-10-06,4,1,0.25,0.4745586819183297,1.8982347276733187,0.25,1.6094379124341003,0.6931471805599453,1.064101837055074,1.0,1.0,0.0,0.0,0.0,0.0
2023-10-07,1,0,0.0,0.3237376820316605,0.3237376820316605,0.0,0.6931471805599453,0.0,0.28045931253166506,0.0,0.0,1.0,0.0,0.0,0.0
2023-10-09,4,2,0.5,0.49664977836732305,1.9865991134692922,0.5,1.6094379124341003,1.0986122886681098,1.0941353198048833,0.5,0.75,0.5,0.0,0.0,0.0
2023-10-10,2,2,1.0,0.8537437594778259,1.7074875189556518,1.0,1.0986122886681098,1.0986122886681098,0.9960210900783767,1.0,0.5,0.0,0.0,0.0,0.0
2023-10-11,2,1,0.5,0.545032610538149,1.090065221076298,0.5,1.0986122886681098,0.6931471805599453,0.7371952717464164,0.5,0.0,0.5,0.0,0.0,0.0
2023-10-12,3,1,0.3333333333333333,0.5289193522351647,1.5867580567054942,0.3333333333333333,1.3862943611198906,0.6931471805599453,0.9504053761034632,1.0,0.6666666666666666,0.3333333333333333,0.0,0.0,0.0
2023-10-13,4,2,0.5,0.4732667312622436,1.8930669250489744,0.5,1.6094379124341003,1.0986122886681098,1.0623171591688625,0.5,0.25,0.5,0.0,0.25,0.0
2023-10-14,2,1,0.5,0.4464482014988934,0.8928964029977868,0.5,1.0986122886681098,0.6931471805599453,0.6381081443682,1.0,1.0,0.0,0.0,0.0,0.0
2023-10-15,2,2,1.0,0.6301607524333217,1.2603215048666434,1.0,1.0986122886681098,1.0986122886681098,0.8155070619569225,0.5,0.0,0.5,0.0,0.0,0.0
2023-10-17,1,1,1.0,0.7154763261665263,0.7154763261665263,1.0,0.6931471805599453,0.6931471805599453,0.5396907832599266,0.0,1.0,1.0,0.0,0.0,0.0
2023-10-19,2,1,0.5,0.5377004058646825,1.075400811729365,0.5,1.0986122886681098,0.6931471805599453,0.7301542973084426,1.0,1.0,0.5,0.0,0.0,0.0
2023-10-20,3,1,0.3333333333333333,0.43008650462490916,1.2902595138747275,0.3333333333333333,1.3862943611198906,0.6931471805599453,0.8286651359814997,0.3333333333333333,0.3333333333333333,1.0,0.0,0.3333333333333333,0.0
2023-10-21,1,1,1.0,0.5533988490988073,0.5533988490988073,1.0,0.6931471805599453,0.6931471805599453,0.4404453361114188,0.0,0.0,1.0,0.0,0.0,0.0
2023-10-22,2,0,0.0,0.3712494644845452,0.7424989289690904,0.0,1.0986122886681098,0.0,0.5553202490004681,0.0,1.0,1.0,0.0,0.0,0.0
2023-10-24,1,1,1.0,0.790445199748878,0.790445199748878,1.0,0.6931471805599453,0.6931471805599453,0.5824643038717368,1.0,0.0,0.0,0.0,0.0,0.0
2023-10-25,6,5,0.8333333333333334,0.621296683410614,3.7277801004636837,0.8333333333333334,1.9459101490553132,1.791759469228055,1.5534557689679585,0.6666666666666666,0.5,0.3333333333333333,0.16666666666666666,0.0,0.0
2023-10-26,3,0,0.0,0.36687258223172353,1.1006177466951705,0.0,1.3862943611198906,0.0,0.7422314665642479,0.3333333333333333,0.6666666666666666,0.6666666666666666,0.0,0.0,0.0
2023-10-27,2,2,1.0,0.5842555871230224,1.1685111742460448,1.0,1.0986122886681098,1.0986122886681098,0.7740408372641183,0.0,0.5,1.0,0.0,0.0,0.0
2023-10-28,1,0,0.0,0.2393407455802691,0.2393407455802691,0.0,0.6931471805599453,0.0,0.21457958144725622,0.0,1.0,1.0,0.0,0.0,0.0
2023-10-29,1,0,0.0,0.30214388783538826,0.30214388783538826,0.0,0.6931471805599453,0.0,0.26401205061067917,0.0,0.0,1.0,0.0,0.0,0.0
2023-10-30,3,2,0.6666666666666666,0.7232237172677518,2.1696711518032554,0.6666666666666666,1.3862943611198906,1.0986122886681098,1.1536278449065753,0.6666666666666666,1.0,0.6666666666666666,0.0,0.0,0.0
2023-10-31,5,1,0.2,0.4508928880984522,2.254464440492261,0.2,1.791759469228055,0.6931471805599453,1.1800277277122817,0.2,0.8,1.0,0.0,0.0,0.0
2023-11-01,5,3,0.6,0.5514439444340267,2.7572197221701336,0.6,1.791759469228055,1.3862943611198906,1.3236792482914148,0.8,0.8,0.4,0.4,0.0,0.0
2023-11-02,5,2,0.4,0.5420708706078381,2.7103543530391905,0.4,1.791759469228055,1.0986122886681098,1.3111273850068415,0.4,0.4,0.6,0.4,0.0,0.0
2023-11-03,4,4,1.0,0.6328274715568531,2.5313098862274126,1.0,1.6094379124341003,1.6094379124341003,1.2616688747004696,0.25,0.25,1.0,0.0,0.0,0.0
2023-11-04,2,2,1.0,0.7771696657279201,1.5543393314558402,1.0,1.0986122886681098,1.0986122886681098,0.9377936115318753,0.5,0.5,0.5,0.5,0.0,0.0
2023-11-05,5,3,0.6,0.541213388219833,2.706066941099165,0.6,1.791759469228055,1.3862943611198906,1.3099711905978138,0.4,0.8,0.6,0.0,0.0,0.0
2023-11-06,6,5,0.8333333333333334,0.7172478252981945,4.303486951789167,0.8333333333333334,1.9459101490553132,1.791759469228055,1.6683645196585166,0.8333333333333334,0.8333333333333334,0.8333333333333334,0.0,0.16666666666666666,0.0
2023-11-07,7,4,0.5714285714285714,0.5662403421325071,3.9636823949275497,0.5714285714285714,2.0794415416798357,1.6094379124341003,1.6021478836128409,1.0,1.0,0.42857142857142855,0.0,0.0,0.0
2023-11-08,2,1,0.5,0.41531967744009884,0.8306393548801977,0.5,1.0986122886681098,0.6931471805599453,0.6046652800878313,1.0,1.0,0.0,0.0,0.0,0.0
2023-11-09,5,5,1.0,0.7518531139704152,3.7592655698520763,1.0,1.791759469228055,1.791759469228055,1.560093364291203,1.0,0.6,0.8,0.0,0.0,0.0
2023-11-10,2,1,0.5,0.5261458406064581,1.0522916812129162,0.5,1.0986122886681098,0.6931471805599453,0.7189570620475049,1.0,1.0,0.5,0.0,0.0,0.0
2023-11-11,1,1,1.0,0.8005420324571055,0.8005420324571055,1.0,0.6931471805599453,0.6931471805599453,0.5880877487146751,1.0,1.0,1.0,0.0,1.0,0.0
2023-11-12,2,0,0.0,0.34988641201502313,0.6997728240300463,0.0,1.0986122886681098,0.0,0.5304946092089935,0.0,0.0,1.0,0.0,0.5,0.0
2023-11-13,2,0,0.0,0.4018746304568268,0.8037492609136536,0.0,1.0986122886681098,0.0,0.5898674213559795,1.0,1.0,0.0,0.0,0.0,0.0
2023-11-14,5,3,0.6,0.668151969801323,3.340759849006615,0.6,1.791759469228055,1.3862943611198906,1.4680494132037967,0.8,0.4,0.8,0.0,0.0,0.0
2023-11-15,5,3,0.6,0.6436074666844608,3.218037333422304,0.6,1.791759469228055,1.3862943611198906,1.4393699329947256,0.6,0.2,0.8,0.0,0.0,0.0
2023-11-16,4,3,0.75,0.6613900332325456,2.6455601329301826,0.75,1.6094379124341003,1.3862943611198906,1.2935100252401368,1.0,0.0,0.0,0.0,0.0,0.0
2023-11-17,7,3,0.42857142857142855,0.5283434195439419,3.698403936807593,0.42857142857142855,2.0794415416798357,1.3862943611198906,1.5472228631297023,0.8571428571428571,0.8571428571428571,0.2857142857142857,0.0,0.14285714285714285,0.0
2023-11-18,2,1,0.5,0.4730813415830625,0.946162683166125,0.5,1.0986122886681098,0.6931471805599453,0.665859579018926,0.5,0.5,0.5,0.0,0.0,0.0
2023-11-19,1,1,1.0,0.9342266637380804,0.9342266637380804,1.0,0.6931471805599453,0.6931471805599453,0.6597075896147041,1.0,0.0,1.0,0.0,0.0,0.0
2023-11-20,1,1,1.0,0.8207954141753989,0.8207954141753989,1.0,0.6931471805599453,0.6931471805599453,0.5992734463699231,1.0,0.0,1.0,0.0,1.0,0.0
2023-11-21,7,6,0.8571428571428571,0.6380381026203107,4.466266718342175,0.8571428571428571,2.0794415416798357,1.9459101490553132,1.6985958822067557,0.8571428571428571,0.42857142857142855,0.2857142857142857,0.5714285714285714,0.0,0.0
2023-11-22,5,4,0.8,0.7625450313002908,3.812725156501454,0.8,1.791759469228055,1.6094379124341003,1.5712634842860187,0.8,0.6,0.6,0.2,0.2,0.0
2023-11-23,3,2,0.6666666666666666,0.6274436816197391,1.8823310448592172,0.6666666666666666,1.3862943611198906,1.0986122886681098,1.0585993573440595,0.3333333333333333,0.3333333333333333,1.0,0.0,0.0,0.0
2023-11-24,4,4,1.0,0.8620879826801975,3.44835193072079,1.0,1.6094379124341003,1.6094379124341003,1.4925336749336564,1.0,1.0,0.25,0.5,0.0,0.0
2023-11-25,4,2,0.5,0.475336221185307,1.901344884741228,0.5,1.6094379124341003,1.0986122886681098,1.0651743828511178,0.5,0.75,0.75,0.0,0.0,0.0
2023-11-26,2,2,1.0,0.863216794919017,1.726433589838034,1.0,1.0986122886681098,1.0986122886681098,1.0029943777933814,1.0,1.0,1.0,0.0,0.0,0.0
2023-11-27,6,5,0.8333333333333334,0.6203925494978241,3.7223552969869447,0.8333333333333334,1.9459101490553132,1.791759469228055,1.5523076787354997,1.0,0.5,0.5,0.0,0.0,0.0
2023-11-28,3,0,0.0,0.33300578557348365,0.999017356720451,0.0,1.3862943611198906,0.0,0.6926557381821449,0.3333333333333333,0.3333333333333333,0.6666666666666666,0.0,0.0,0.0
2023-11-29,3,0,0.0,0.3834865041198238,1.1504595123594714,0.0,1.3862943611198906,0.0,0.7656815459821025,1.0,1.0,0.0,0.0,0.0,0.0
2023-11-30,5,4,0.8,0.722283465576249,3.611417327881245,0.8,1.791759469228055,1.6094379124341003,1.528535256151663,0.8,0.8,0.6,0.0,0.0,0.0
2023-12-01,1,1,1.0,0.6576672570450055,0.6576672570450055,1.0,0.6931471805599453,0.6931471805599453,0.5054113472146429,1.0,0.0,0.0,0.0,0.0,0.0
2023-12-02,3,1,0.3333333333333333,0.46541172674836795,1.3962351802451038,0.3333333333333333,1.3862943611198906,0.6931471805599453,0.8738988307973423,1.0,0.6666666666666666,0.0,0.0,0.0,0.0
2023-12-03,2,1,0.5,0.5450941088966161,1.0901882177932323,0.5,1.0986122886681098,0.6931471805599453,0.7372541182822873,1.0,1.0,0.5,0.0,0.0,0.0
2023-12-04,8,5,0.625,0.5360804033708834,4.288643226967067,0.625,2.1972245773362196,1.791759469228055,1.665561734139684,0.75,0.625,0.25,0.0,0.0,0.0
2023-12-05,6,2,0.3333333333333333,0.5137725113376016,3.08263506802561,0.3333333333333333,1.9459101490553132,1.0986122886681098,1.406742629950988,0.5,0.3333333333333333,0.6666666666666666,0.16666666666666666,0.0,0.0
2023-12-06,8,3,0.375,0.44464791728067854,3.5571833382454283,0.375,2.1972245773362196,1.3862943611198906,1.5167047436965961,0.5,0.625,0.625,0.0,0.0,0.0
2023-12-07,4,2,0.5,0.49364986745234285,1.9745994698093714,0.5,1.6094379124341003,1.0986122886681098,1.0901093979370424,0.25,0.25,1.0,0.0,0.0,0.0
2023-12-08,5,2,0.4,0.5716920178832873,2.8584600894164365,0.4,1.791759469228055,1.0986122886681098,1.3502681633130913,0.8,0.6,0.4,0.2,0.0,0.0
2023-12-09,4,3,0.75,0.5529111198151262,2.211644479260505,0.75,1.6094379124341003,1.3862943611198906,1.166783104796725,0.75,0.75,0.75,0.0,0.0,0.0
2023-12-10,2,0,0.0,0.2086407153368542,0.4172814306737084,0.0,1.0986122886681098,0.0,0.34874055120247777,0.0,0.0,1.0,0.0,0.0,0.0
2023-12-11,5,5,1.0,0.6223558284674265,3.1117791423371326,1.0,1.791759469228055,1.791759469228055,1.413855816189277,0.8,0.8,0.8,0.0,0.0,0.0
2023-12-12,3,3,1.0,0.7372899145022478,2.2118697435067434,1.0,1.3862943611198906,1.3862943611198906,1.1668532421821245,0.6666666666666666,0.6666666666666666,0.6666666666666666,0.0,0.0,0.0
2023-12-13,2,1,0.5,0.5183594802930794,1.0367189605861589,0.5,1.0986122886681098,0.6931471805599453,0.7113401604146488,0.5,0.0,0.5,0.0,0.0,0.0
2023-12-14,5,3,0.6,0.6310807420300302,3.155403710150151,0.6,1.791759469228055,1.3862943611198906,1.4244095860784534,0.8,0.6,0.6,0.0,0.2,0.0
2023-12-15,3,3,1.0,0.6340253908907783,1.9020761726723348,1.0,1.3862943611198906,1.3862943611198906,1.0654264024539497,0.6666666666666666,0.6666666666666666,0.6666666666666666,0.3333333333333333,0.0,0.0
2023-12-16,4,2,0.5,0.5937136758688871,2.3748547034755485,0.5,1.6094379124341003,1.0986122886681098,1.21635227257572,0.75,1.0,0.25,0.0,0.0,0.0
2023-12-17,4,4,1.0,0.7701467518760684,3.0805870075042736,1.0,1.6094379124341003,1.6094379124341003,1.4062408524554455,1.0,1.0,0.25,0.0,0.0,0.0
2023-12-18,2,1,0.5,0.5211729323444378,1.0423458646888757,0.5,1.0986122886681098,0.6931471805599453,0.7140990808598525,0.5,1.0,0.5,0.0,0.5,0.0
2023-12-19,4,2,0.5,0.43881390467856857,1.7552556187142743,0.5,1.6094379124341003,1.0986122886681098,1.0135102218630994,0.75,0.5,0.5,0.0,0.5,0.0
2023-12-20,4,1,0.25,0.49354646832620475,1.974185873304819,0.25,1.6094379124341003,0.6931471805599453,1.089970345514955,0.75,0.75,0.5,0.0,0.0,0.0
2023-12-21,6,3,0.5,0.545930558508631,3.2755833510517864,0.5,1.9459101490553132,1.3862943611198906,1.4529205494657804,0.6666666666666666,0.8333333333333334,0.3333333333333333,0.0,0.3333333333333333,0.0
2023-12-22,2,1,0.5,0.47019378625821473,0.9403875725164295,0.5,1.0986122886681098,0.6931471805599453,0.6628877327695845,1.0,0.5,0.0,0.0,0.0,0.0
2023-12-23,3,3,1.0,0.8016651596109171,2.404995478832751,1.0,1.3862943611198906,1.3862943611198906,1.2252436117981715,1.0,0.6666666666666666,0.6666666666666666,0.0,0.0,0.0
2023-12-24,2,0,0.0,0.31151706760040765,0.6230341352008153,0.0,1.0986122886681098,0.0,0.4842973204744454,0.5,1.0,0.5,0.0,0.0,0.0
2023-12-25,5,2,0.4,0.4659612021046059,2.3298060105230296,0.4,1.791759469228055,1.0986122886681098,1.202914047197269,0.8,0.8,0.2,0.0,0.0,0.0
2023-12-26,2,2,1.0,0.7544178472851892,1.5088356945703785,1.0,1.0986122886681098,1.0986122886681098,0.919818778819222,1.0,1.0,0.5,0.0,0.0,0.0
2023-12-27,5,2,0.4,0.501320315714241,2.5066015785712046,0.4,1.791759469228055,1.0986122886681098,1.254647357225239,1.0,1.0,0.2,0.0,0.4,0.0
2023-12-28,3,1,0.3333333333333333,0.4746610660157551,1.4239831980472653,0.3333333333333333,1.3862943611198906,0.6931471805599453,0.8854121366843921,0.6666666666666666,0.3333333333333333,0.3333333333333333,0.0,0.0,0.0
2023-12-29,4,1,0.25,0.42406014517653245,1.6962405807061298,0.25,1.6094379124341003,0.6931471805599453,0.9918584252357128,1.0,1.0,0.0,0.0,0.0,0.0
2023-12-30,3,2,0.6666666666666666,0.5312787415334822,1.5938362246004465,0.6666666666666666,1.3862943611198906,1.0986122886681098,0.9531379476637771,0.6666666666666666,1.0,0.6666666666666666,0.3333333333333333,0.0,0.0
2023-12-31,2,0,0.0,0.3211240392780661,0.6422480785561322,0.0,1.0986122886681098,0.0,0.4960660827828387,0.0,0.0,1.0,0.0,0.0,0.0
2024-01-01,5,2,0.4,0.4439087316572984,2.219543658286492,0.4,1.791759469228055,1.0986122886681098,1.1692396284839033,0.8,0.8,0.2,0.0,0.0,0.0
2024-01-02,4,4,1.0,0.5781670583403002,2.312668233361201,1.0,1.6094379124341003,1.6094379124341003,1.1977539774524992,0.25,0.0,1.0,0.0,0.0,0.0
2024-01-03,5,3,0.6,0.528967155937703,2.644835779688515,0.6,1.791759469228055,1.3862943611198906,1.2933113108622805,0.6,0.6,0.4,0.0,0.4,0.0
2024-01-04,4,2,0.5,0.43336686914321476,1.733467476572859,0.5,1.6094379124341003,1.0986122886681098,1.0055709411928198,0.75,0.75,0.25,0.0,0.0,0.0
2024-01-05,4,0,0.0,0.3228683925695325,1.29147357027813,0.0,1.6094379124341003,0.0,0.829195091092161,0.25,0.25,0.75,0.0,0.0,0.0
2024-01-06,3,1,0.3333333333333333,0.3955068804681363,1.186520641404409,0.3333333333333333,1.3862943611198906,0.6931471805599453,0.7823115322124702,0.6666666666666666,0.6666666666666666,0.6666666666666666,0.0,0.0,0.0
2024-01-07,1,1,1.0,0.5648071698270152,0.5648071698270152,1.0,0.6931471805599453,0.6931471805599453,0.4477626022325859,0.0,1.0,1.0,0.0,0.0,0.0
2024-01-08,5,2,0.4,0.48154570834358623,2.407728541717931,0.4,1.791759469228055,1.0986122886681098,1.2260459525427998,1.0,1.0,0.0,0.2,0.0,0.0
2024-01-09,2,2,1.0,0.6865135132623528,1.3730270265247055,1.0,1.0986122886681098,1.0986122886681098,0.8641663665690086,1.0,1.0,1.0,0.0,0.0,0.0
2024-01-10,5,4,0.8,0.7080048385521118,3.5400241927605594,0.8,1.791759469228055,1.6094379124341003,1.5129323408409439,1.0,0.8,0.6,0.0,0.2,0.0
2024-01-11,2,1,0.5,0.5000252794710536,1.0000505589421071,0.5,1.0986122886681098,0.6931471805599453,0.6931724597114785,0.5,1.0,0.5,0.0,0.0,0.0
2024-01-12,2,1,0.5,0.4203247036426552,0.8406494072853103,0.5,1.0986122886681098,0.6931471805599453,0.6101184480946837,1.0,0.5,0.5,0.0,0.5,0.0
2024-01-13,3,1,0.3333333333333333,0.45403125114957166,1.362093753448715,0.3333333333333333,1.3862943611198906,0.6931471805599453,0.8595484093874122,1.0,0.6666666666666666,0.0,0.0,0.0,0.0
2024-01-14,6,4,0.6666666666666666,0.5942211447593052,3.5653268685558315,0.6666666666666666,1.9459101490553132,1.6094379124341003,1.518490114672118,0.6666666666666666,0.6666666666666666,0.3333333333333333,0.0,0.0,0.0
2024-01-15,9,3,0.3333333333333333,0.45942719442071567,4.134844749786441,0.3333333333333333,2.302585092994046,1.3862943611198906,1.636049609191524,0.7777777777777778,0.8888888888888888,0.3333333333333333,0.0,0.0,0.0
2024-01-16,7,4,0.5714285714285714,0.5900775615419296,4.130542930793507,0.5714285714285714,2.0794415416798357,1.6094379124341003,1.6352114880452786,0.8571428571428571,0.5714285714285714,0.2857142857142857,0.14285714285714285,0.14285714285714285,0.0
2024-01-17,5,3,0.6,0.5786393448905118,2.8931967244525594,0.6,1.791759469228055,1.3862943611198906,1.3592306002189176,0.8,0.8,0.2,0.2,0.2,0.0
2024-01-18,4,1,0.25,0.3631870287213515,1.452748114885406,0.25,1.6094379124341003,0.6931471805599453,0.8972090754892224,1.0,1.0,0.0,0.0,0.0,0.0
2024-01-19,6,1,0.16666666666666666,0.44979995686827506,2.6987997412096503,0.16666666666666666,1.9459101490553132,0.6931471805599453,1.3080083727553147,0.6666666666666666,0.8333333333333334,0.5,0.0,0.0,0.0
2024-01-20,9,2,0.2222222222222222,0.37904987996023387,3.4114489196421047,0.2222222222222222,2.302585092994046,1.0986122886681098,1.4842031887037954,0.5555555555555556,0.5555555555555556,0.6666666666666666,0.0,0.1111111111111111,0.0
2024-01-21,6,1,0.16666666666666666,0.3103916973724196,1.8623501842345178,0.16666666666666666,1.9459101490553132,0.6931471805599453,1.0516430301253878,0.8333333333333334,0.6666666666666666,0.16666666666666666,0.0,0.16666666666666666,0.0
2024-01-22,6,2,0.3333333333333333,0.3972546584444138,2.383527950666483,0.3333333333333333,1.9459101490553132,1.0986122886681098,1.2189189375298166,0.8333333333333334,0.6666666666666666,0.16666666666666666,0.0,0.0,0.0
2024-01-23,4,0,0.0,0.30234108887329453,1.2093643554931781,0.0,1.6094379124341003,0.0,0.7927048522097475,0.75,0.75,0.25,0.0,0.0,0.0
2024-01-24,11,4,0.36363636363636365,0.4907967517126248,5.398764268838873,0.36363636363636365,2.4849066497880004,1.6094379124341003,1.856104888728779,1.0,0.9090909090909091,0.36363636363636365,0.0,0.09090909090909091,0.0
2024-01-25,8,4,0.5,0.49129220020571834,3.9303376016457467,0.5,2.1972245773362196,1.6094379124341003,1.5954074647456649,1.0,0.875,0.5,0.0,0.125,0.0
2024-01-26,3,0,0.0,0.31950808941857783,0.9585242682557336,0.0,1.3862943611198906,0.0,0.672191265293204,1.0,1.0,0.0,0.0,0.0,0.0
2024-01-27,1,0,0.0,0.1887848836744359,0.1887848836744359,0.0,0.6931471805599453,0.0,0.17293167928345085,1.0,1.0,0.0,0.0,0.0,0.0
2024-01-28,4,2,0.5,0.5410106096038163,2.1640424384152652,0.5,1.6094379124341003,1.0986122886681098,1.1518504627153494,0.75,0.5,0.25,0.0,0.25,0.0
2024-01-29,7,7,1.0,0.7146136829559103,5.002295780691372,1.0,2.0794415416798357,2.0794415416798357,1.7921420261590488,1.0,0.2857142857142857,0.2857142857142857,0.0,0.14285714285714285,0.0
2024-01-30,4,1,0.25,0.5694743746041853,2.277897498416741,0.25,1.6094379124341003,0.6931471805599453,1.187202210283236,1.0,0.75,0.25,0.0,0.0,0.0
2024-01-31,2,1,0.5,0.5810709234782654,1.1621418469565308,0.5,1.0986122886681098,0.6931471805599453,0.771099326202912,1.0,1.0,0.0,0.0,0.0,0.0
2024-02-01,10,3,0.3,0.4963218941119843,4.963218941119843,0.3,2.3978952727983707,1.3862943611198906,1.7856104260726398,0.9,0.8,0.2,0.0,0.1,0.0
2024-02-02,8,4,0.5,0.45024274395661357,3.6019419516529085,0.5,2.1972245773362196,1.6094379124341003,1.526478377811958,0.875,0.75,0.25,0.125,0.0,0.0
2024-02-03,7,5,0.7142857142857143,0.5502009610068094,3.8514067270476655,0.7142857142857143,2.0794415416798357,1.791759469228055,1.5792687097078981,1.0,0.2857142857142857,0.42857142857142855,0.0,0.14285714285714285,0.0
2024-02-04,3,2,0.6666666666666666,0.4902240491365037,1.470672147409511,0.6666666666666666,1.3862943611198906,1.0986122886681098,0.9044902380780333,0.6666666666666666,0.3333333333333333,0.6666666666666666,0.0,0.0,0.0
2024-02-05,2,2,1.0,0.6882754962855651,1.3765509925711301,1.0,1.0986122886681098,1.0986122886681098,0.8656502738462019,1.0,1.0,1.0,0.5,0.5,0.0
2024-02-06,4,0,0.0,0.33570001149157147,1.3428000459662859,0.0,1.6094379124341003,0.0,0.8513468148537247,0.75,1.0,0.25,0.0,0.0,0.0
2024-02-07,4,1,0.25,0.357560685239486,1.430242740957944,0.25,1.6094379124341003,0.6931471805599453,0.8879911457617746,0.75,0.75,0.25,0.0,0.0,0.0
2024-02-08,2,1,0.5,0.34221971346249747,0.6844394269249949,0.5,1.0986122886681098,0.6931471805599453,0.5214328241351103,0.5,0.5,1.0,0.5,0.0,0.0
2024-02-09,6,2,0.3333333333333333,0.46129653013750155,2.767779180825009,0.3333333333333333,1.9459101490553132,1.0986122886681098,1.326485751181827,0.5,0.3333333333333333,0.6666666666666666,0.0,0.16666666666666666,0.0
2024-02-10,3,2,0.6666666666666666,0.5092376842877823,1.527713052863347,0.6666666666666666,1.3862943611198906,1.0986122886681098,0.9273149622722606,0.3333333333333333,0.6666666666666666,0.6666666666666666,0.0,0.0,0.0
2024-02-11,3,2,0.6666666666666666,0.6286090750309663,1.885827225092899,0.6666666666666666,1.3862943611198906,1.0986122886681098,1.0598115919944278,0.6666666666666666,0.6666666666666666,0.3333333333333333,0.0,0.3333333333333333,0.0
2024-02-12,1,1,1.0,0.8395396308838275,0.8395396308838275,1.0,0.6931471805599453,0.6931471805599453,0.609515339708885,1.0,1.0,0.0,0.0,0.0,0.0
2024-02-13,1,0,0.0,0.45852336736994653,0.45852336736994653,0.0,0.6931471805599453,0.0,0.3774245317056585,1.0,1.0,0.0,0.0,0.0,0.0
2024-02-14,4,2,0.5,0.6123027314329916,2.4492109257319665,0.5,1.6094379124341003,1.0986122886681098,1.2381454877043654,0.75,0.75,1.0,0.0,0.25,0.0
2024-02-15,6,1,0.16666666666666666,0.4133636895428839,2.4801821372573034,0.16666666666666666,1.9459101490553132,0.6931471805599453,1.2470846307091108,0.8333333333333334,0.8333333333333334,0.16666666666666666,0.0,0.0,0.0
2024-02-16,5,1,0.2,0.41853094066577656,2.0926547033288827,0.2,1.791759469228055,0.6931471805599453,1.1290298493619415,0.8,1.0,0.2,0.2,0.2,0.0
2024-02-17,4,2,0.5,0.5340199150903969,2.1360796603615877,0.5,1.6094379124341003,1.0986122886681098,1.1429735040665552,0.75,0.5,0.75,0.0,0.25,0.0
2024-02-18,3,2,0.6666666666666666,0.634509318284943,1.903527954854829,0.6666666666666666,1.3862943611198906,1.0986122886681098,1.0659265337687502,0.0,0.3333333333333333,1.0,0.0,0.0,0.0
2024-02-19,9,5,0.5555555555555556,0.543913689910403,4.895223209193627,0.5555555555555556,2.302585092994046,1.791759469228055,1.7741423974274886,1.0,0.5555555555555556,0.2222222222222222,0.0,0.0,0.0
2024-02-20,3,1,0.3333333333333333,0.47065866522979843,1.4119759956893954,0.3333333333333333,1.3862943611198906,0.6931471805599453,0.8804463267795114,0.6666666666666666,0.6666666666666666,0.6666666666666666,0.0,0.0,0.0
2024-02-21,4,4,1.0,0.7641555591780462,3.056622236712185,1.0,1.6094379124341003,1.6094379124341003,1.4003506659407454,1.0,0.75,0.25,0.0,0.0,0.0
2024-02-22,2,0,0.0,0.29103752877245676,0.5820750575449135,0.0,1.0986122886681098,0.0,0.4587373129386529,1.0,1.0,0.0,0.0,0.0,0.0
2024-02-23,8,0,0.0,0.3571123896029745,2.856899116823796,0.0,2.1972245773362196,0.0,1.3498635230177498,0.75,0.75,0.25,0.0,0.0,0.0
2024-02-24,4,1,0.25,0.4461515968668927,1.7846063874675708,0.25,1.6094379124341003,0.6931471805599453,1.0241065303450358,0.5,0.75,0.75,0.0,0.0,0.0
2024-02-25,4,3,0.75,0.5537125837398584,2.2148503349594337,0.75,1.6094379124341003,1.3862943611198906,1.1677808044938482,0.75,0.75,0.75,0.0,0.0,0.0
2024-02-26,2,1,0.5,0.40728796669055467,0.8145759333811093,0.5,1.0986122886681098,0.6931471805599453,0.5958517948973973,1.0,1.0,0.0,0.0,0.0,0.0
2024-02-27,1,1,1.0,0.8059103174072594,0.8059103174072594,1.0,0.6931471805599453,0.6931471805599453,0.5910647956262723,1.0,1.0,1.0,1.0,0.0,0.0
2024-02-28,4,4,1.0,0.7379942639890832,2.9519770559563328,1.0,1.6094379124341003,1.6094379124341003,1.3742159741897029,0.5,0.5,0.5,0.0,0.0,0.0
2024-02-29,1,0,0.0,0.42610522279102414,0.42610522279102414,0.0,0.6931471805599453,0.0,0.3549471080433558,1.0,1.0,1.0,0.0,0.0,0.0
2024-03-01,4,1,0.25,0.4379916529966521,1.7519666119866084,0.25,1.6094379124341003,0.6931471805599453,1.0123157877251927,0.75,0.5,0.25,0.0,0.0,0.0
2024-03-02,1,1,1.0,0.747119582558825,0.747119582558825,1.0,0.6931471805599453,0.6931471805599453,0.5579684790433246,1.0,1.0,0.0,0.0,0.0,0.0
2024-03-03,5,2,0.4,0.5999983129353226,2.999991564676613,0.4,1.791759469228055,1.0986122886681098,1.3862922522868204,1.0,1.0,0.2,0.0,0.2,0.0
2024-03-04,2,1,0.5,0.5563754982866685,1.112750996573337,0.5,1.0986122886681098,0.6931471805599453,0.7479908881372136,1.0,0.5,0.0,0.0,0.0,0.0
2024-03-05,3,1,0.3333333333333333,0.507008079310313,1.521024237930939,0.3333333333333333,1.3862943611198906,0.6931471805599453,0.9246652625708852,1.0,1.0,0.0,0.0,0.0,0.0
2024-03-06,6,3,0.5,0.6364218996976145,3.818531398185687,0.5,1.9459101490553132,1.3862943611198906,1.572469192462238,0.8333333333333334,1.0,0.8333333333333334,0.5,0.0,0.0
2024-03-07,6,6,1.0,0.6932571488381881,4.159542893029129,1.0,1.9459101490553132,1.9459101490553132,1.640847988947183,0.8333333333333334,1.0,0.3333333333333333,0.16666666666666666,0.0,0.0
2024-03-08,1,1,1.0,0.9094645331807033,0.9094645331807033,1.0,0.6931471805599453,0.6931471805599453,0.646822853633327,1.0,1.0,1.0,0.0,0.0,0.0
2024-03-10,1,0,0.0,0.27801736608637667,0.27801736608637667,0.0,0.6931471805599453,0.0,0.2453099443500131,1.0,1.0,0.0,0.0,0.0,0.0
2024-03-11,3,1,0.3333333333333333,0.5314735185646556,1.5944205556939668,0.3333333333333333,1.3862943611198906,0.6931471805599453,0.9533631990808659,0.6666666666666666,0.3333333333333333,0.6666666666666666,0.0,0.0,0.0
2024-03-12,2,2,1.0,0.7621613347739434,1.5243226695478869,1.0,1.0986122886681098,1.0986122886681098,0.9259727770579359,1.0,1.0,1.0,0.0,0.0,0.0
2024-03-13,4,3,0.75,0.6954757124751725,2.78190284990069,0.75,1.6094379124341003,1.3862943611198906,1.3302272824131292,0.5,1.0,0.5,0.0,0.0,0.0
2024-03-14,5,5,1.0,0.7672511890019316,3.8362559450096576,1.0,1.791759469228055,1.791759469228055,1.5761408562920334,1.0,1.0,0.4,0.0,0.0,0.0
2024-03-15,1,0,0.0,0.21010138141966528,0.21010138141966528,0.0,0.6931471805599453,0.0,0.190704142396018,0.0,0.0,1.0,0.0,0.0,0.0
2024-03-16,5,5,1.0,0.5773972762456913,2.886986381228456,1.0,1.791759469228055,1.791759469228055,1.3576341481923393,0.6,1.0,0.4,0.0,0.4,0.0
2024-03-17,2,1,0.5,0.4805815379923494,0.9611630759846987,0.5,1.0986122886681098,0.6931471805599453,0.6735377033612808,1.0,1.0,0.0,0.0,0.0,0.0
2024-03-18,3,1,0.3333333333333333,0.5740282549948859,1.7220847649846576,0.3333333333333333,1.3862943611198906,0.6931471805599453,1.0013980444441402,1.0,1.0,0.3333333333333333,0.0,0.0,0.0
2024-03-19,5,3,0.6,0.5419684867828788,2.709842433914394,0.6,1.791759469228055,1.3862943611198906,1.31098940507442,0.6,0.4,0.6,0.0,0.0,0.0
2024-03-20,4,2,0.5,0.6457405523694822,2.582962209477929,0.5,1.6094379124341003,1.0986122886681098,1.2761898910938567,0.5,0.5,0.75,0.0,0.25,0.0
2024-03-21,4,2,0.5,0.6000026852316711,2.4000107409266844,0.5,1.6094379124341003,1.0986122886681098,1.2237785907132095,0.75,0.5,0.25,0.0,0.0,0.0
2024-03-22,4,2,0.5,0.5709760823453485,2.283904329381394,0.5,1.6094379124341003,1.0986122886681098,1.1890330588215496,1.0,1.0,0.25,0.0,0.0,0.0
2024-03-23,6,4,0.6666666666666666,0.6188017658751902,3.712810595251141,0.6666666666666666,1.9459101490553132,1.6094379124341003,1.5502844594088474,0.6666666666666666,0.6666666666666666,0.6666666666666666,0.0,0.0,0.0
2024-03-24,11,8,0.7272727272727273,0.5418513425473178,5.960364768020496,0.7272727272727273,2.4849066497880004,2.1972245773362196,1.9402318821713613,0.36363636363636365,0.9090909090909091,0.8181818181818182,0.0,0.0,0.0
2024-03-25,4,4,1.0,0.6874236877646961,2.7496947510587844,1.0,1.6094379124341003,1.6094379124341003,1.3216744369515252,0.75,1.0,0.5,0.0,0.0,0.0
2024-03-26,6,4,0.6666666666666666,0.6072952194593465,3.643771316756079,0.6666666666666666,1.9459101490553132,1.6094379124341003,1.5355268198919327,0.8333333333333334,0.6666666666666666,0.3333333333333333,0.0,0.16666666666666666,0.0
2024-03-27,7,5,0.7142857142857143,0.6685249656938786,4.679674759857151,0.7142857142857143,2.0794415416798357,1.791759469228055,1.73689397050508,1.0,1.0,0.14285714285714285,0.0,0.0,0.0
2024-03-28,5,4,0.8,0.6300918599215068,3.150459299607534,0.8,1.791759469228055,1.6094379124341003,1.4232190027228497,0.4,1.0,0.6,0.0,0.0,0.0
2024-03-29,5,3,0.6,0.4995078146513728,2.497539073256864,0.6,1.791759469228055,1.3862943611198906,1.2520595992626047,0.8,0.8,0.4,0.0,0.0,0.0
2024-03-30,4,3,0.75,0.5479973616635649,2.1919894466542598,0.75,1.6094379124341003,1.3862943611198906,1.160644373396088,0.5,0.5,0.5,0.0,0.25,0.0
2024-03-31,2,2,1.0,0.8634770408359682,1.7269540816719364,1.0,1.0986122886681098,1.0986122886681098,1.0031852653175535,1.0,1.0,1.0,0.0,0.0,0.0
2024-04-01,10,6,0.6,0.5483696602759808,5.4836966027598075,0.6,2.3978952727983707,1.9459101490553132,1.8692908111006588,0.6,0.5,0.6,0.1,0.2,0.0
2024-04-02,3,3,1.0,0.8262111979062903,2.478633593718871,1.0,1.3862943611198906,1.3862943611198906,1.2466395711978782,1.0,0.6666666666666666,0.3333333333333333,0.3333333333333333,0.6666666666666666,0.0
2024-04-03,1,1,1.0,0.5472685558614749,0.5472685558614749,1.0,0.6931471805599453,0.6931471805599453,0.4364911543665033,1.0,1.0,0.0,0.0,0.0,0.0
2024-04-04,4,2,0.5,0.5789675709647837,2.3158702838591347,0.5,1.6094379124341003,1.0986122886681098,1.1987201182507126,0.5,0.25,0.75,0.0,0.25,0.0
2024-04-05,6,6,1.0,0.6820760411524639,4.092456246914783,1.0,1.9459101490553132,1.9459101490553132,1.6277602774107878,1.0,0.5,0.3333333333333333,0.0,0.0,0.0
2024-04-06,3,2,0.6666666666666666,0.6840954336594978,2.0522863009784933,0.6666666666666666,1.3862943611198906,1.0986122886681098,1.1158909166826039,0.3333333333333333,0.3333333333333333,1.0,0.0,0.3333333333333333,0.0
2024-04-07,2,2,1.0,0.713977477766292,1.427954955532584,1.0,1.0986122886681098,1.0986122886681098,0.8870493209380855,0.5,0.5,0.5,0.5,0.5,0.0
2024-04-08,2,1,0.5,0.4234713969345807,0.8469427938691614,0.5,1.0986122886681098,0.6931471805599453,0.6135317282789523,0.0,0.5,1.0,0.0,0.0,0.0
2024-04-09,1,0,0.0,0.2114494263174734,0.2114494263174734,0.0,0.6931471805599453,0.0,0.19181751572087577,1.0,0.0,0.0,0.0,0.0,0.0
2024-04-10,3,3,1.0,0.6599116319807368,1.9797348959422103,1.0,1.3862943611198906,1.3862943611198906,1.0918343354668223,1.0,0.6666666666666666,0.0,0.3333333333333333,0.0,0.0
2024-04-11,3,2,0.6666666666666666,0.5932812790438694,1.779843837131608,0.6666666666666666,1.3862943611198906,1.0986122886681098,1.0223947524310786,0.3333333333333333,0.3333333333333333,0.6666666666666666,0.3333333333333333,0.0,0.0
2024-04-12,6,3,0.5,0.5521579478169628,3.3129476869017767,0.5,1.9459101490553132,1.3862943611198906,1.4616215884249264,0.6666666666666666,0.5,0.5,0.0,0.0,0.0
2024-04-14,2,2,1.0,0.858512002088653,1.717024004177306,1.0,1.0986122886681098,1.0986122886681098,0.9995371652146451,1.0,1.0,0.0,0.0,0.0,0.0
2024-04-15,1,0,0.0,0.48439201133427917,0.48439201133427917,0.0,0.6931471805599453,0.0,0.39500526844250444,0.0,1.0,1.0,0.0,0.0,0.0
2024-04-16,3,3,1.0,0.5844803832389208,1.7534411497167626,1.0,1.3862943611198906,1.3862943611198906,1.0128514565908742,0.3333333333333333,0.6666666666666666,1.0,0.0,0.0,0.0
2024-04-17,3,1,0.3333333333333333,0.34830824132837473,1.0449247239851243,0.3333333333333333,1.3862943611198906,0.6931471805599453,0.7153609790300429,0.6666666666666666,0.6666666666666666,0.6666666666666666,0.0,0.0,0.0
2024-04-18,7,5,0.7142857142857143,0.6298750289372952,4.409125202561066,0.7142857142857143,2.0794415416798357,1.791759469228055,1.6880873797023888,0.7142857142857143,0.8571428571428571,0.5714285714285714,0.14285714285714285,0.14285714285714285,0.0
2024-04-19,5,5,1.0,0.6708647918204206,3.354323959102103,1.0,1.791759469228055,1.791759469228055,1.4711693649829167,1.0,0.8,0.4,0.2,0.0,0.0
2024-04-20,3,2,0.6666666666666666,0.5773540507872129,1.7320621523616386,0.6666666666666666,1.3862943611198906,1.0986122886681098,1.005056691216111,1.0,1.0,0.6666666666666666,0.0,0.0,0.0
2024-04-21,4,2,0.5,0.5289298183216645,2.115719273286658,0.5,1.6094379124341003,1.0986122886681098,1.136460031936705,0.75,0.5,0.75,0.0,0.0,0.0
2024-04-22,2,2,1.0,0.747930209807387,1.495860419614774,1.0,1.0986122886681098,1.0986122886681098,0.9146335273148124,1.0,0.5,0.0,0.0,0.5,0.0
2024-04-23,5,5,1.0,0.7221373211698523,3.6106866058492613,1.0,1.791759469228055,1.791759469228055,1.5283767842804363,1.0,0.8,0.4,0.0,0.0,0.0
2024-04-24,3,3,1.0,0.7239165785367131,2.171749735610139,1.0,1.3862943611198906,1.3862943611198906,1.1542834026808433,0.6666666666666666,1.0,1.0,0.0,0.0,0.0
2024-04-25,4,1,0.25,0.5100944434943762,2.0403777739775046,0.25,1.6094379124341003,0.6931471805599453,1.1119817754532906,0.75,1.0,1.0,0.0,0.0,0.0
2024-04-26,2,2,1.0,0.9325502537339829,1.8651005074679659,1.0,1.0986122886681098,1.0986122886681098,1.0526034306920253,1.0,1.0,1.0,0.5,0.5,0.0
2024-04-27,2,1,0.5,0.5551765232147721,1.1103530464295441,0.5,1.0986122886681098,0.6931471805599453,0.74685525407417,0.5,1.0,1.0,0.0,0.0,0.0
2024-04-28,2,1,0.5,0.54554196388757,1.09108392777514,0.5,1.0986122886681098,0.6931471805599453,0.7376825572666086,1.0,0.5,0.5,0.0,0.0,0.0
2024-04-29,2,2,1.0,0.638112544805583,1.276225089611166,1.0,1.0986122886681098,1.0986122886681098,0.8225184083913052,1.0,0.5,0.5,0.0,0.0,0.0
2024-04-30,9,7,0.7777777777777778,0.6639933828260216,5.975940445434194,0.7777777777777778,2.302585092994046,2.0794415416798357,1.942467149505185,1.0,1.0,0.6666666666666666,0.0,0.1111111111111111,0.0
2024-05-01,3,0,0.0,0.32698128513415864,0.9809438554024759,0.0,1.3862943611198906,0.0,0.6835734257713602,0.3333333333333333,0.3333333333333333,0.6666666666666666,0.0,0.0,0.0
2024-05-02,1,0,0.0,0.4660006124878902,0.4660006124878902,0.0,0.6931471805599453,0.0,0.38253802125965913,0.0,0.0,1.0,0.0,0.0,0.0
2024-05-03,1,0,0.0,0.262159887357906,0.262159887357906,0.0,0.6931471805599453,0.0,0.23282444972156238,0.0,0.0,1.0,0.0,0.0,0.0
2024-05-04,1,0,0.0,0.22860023125598555,0.22860023125598555,0.0,0.6931471805599453,0.0,0.20587549797491103,1.0,1.0,0.0,0.0,0.0,0.0
2024-05-05,3,3,1.0,0.7607090560541113,2.282127168162334,1.0,1.3862943611198906,1.3862943611198906,1.188491739072133,1.0,1.0,1.0,0.0,1.0,0.0
2024-05-06,3,1,0.3333333333333333,0.5442555921348607,1.6327667764045821,0.3333333333333333,1.3862943611198906,0.6931471805599453,0.9680352994563802,0.6666666666666666,0.3333333333333333,1.0,0.0,0.3333333333333333,0.0
2024-05-07,4,2,0.5,0.6020170316262079,2.4080681265048316,0.5,1.6094379124341003,1.0986122886681098,1.226145598938874,0.5,0.25,0.75,0.0,0.0,0.0
2024-05-08,2,2,1.0,0.7743222287740448,1.5486444575480895,1.0,1.0986122886681098,1.0986122886681098,0.9355616325535311,1.0,0.5,0.0,0.5,0.0,0.0
2024-05-09,4,1,0.25,0.38503823867290876,1.540152954691635,0.25,1.6094379124341003,0.6931471805599453,0.9322242975999246,0.25,0.0,1.0,0.0,0.0,0.0
2024-05-10,6,3,0.5,0.5869696297961643,3.521817778776986,0.5,1.9459101490553132,1.3862943611198906,1.5089140764443318,0.5,0.3333333333333333,0.8333333333333334,0.16666666666666666,0.16666666666666666,0.0
2024-05-11,2,1,0.5,0.5250855978596685,1.050171195719337,0.5,1.0986122886681098,0.6931471805599453,0.7179232997705356,0.5,0.5,1.0,0.0,0.0,0.0
2024-05-25,1,1,1.0,0.8215434624732463,0.8215434624732463,1.0,0.6931471805599453,0.6931471805599453,0.599684197996116,1.0,1.0,0.0,1.0,1.0,0.0
2024-05-26,2,2,1.0,0.5433721887032883,1.0867443774065766,1.0,1.0986122886681098,1.0986122886681098,0.7356051373190944,0.0,0.5,1.0,0.0,0.0,0.0
2024-05-27,5,1,0.2,0.4947406620956102,2.473703310478051,0.2,1.791759469228055,0.6931471805599453,1.2452212613158227,0.2,0.4,1.0,0.0,0.0,0.0
2024-05-28,4,4,1.0,0.632961239192338,2.531844956769352,1.0,1.6094379124341003,1.6094379124341003,1.2618203850538052,0.25,0.5,1.0,0.0,0.25,0.0
2024-05-29,11,9,0.8181818181818182,0.6827680595637475,7.510448655201222,0.8181818181818182,2.4849066497880004,2.302585092994046,2.141294662135797,0.6363636363636364,0.7272727272727273,0.8181818181818182,0.0,0.2727272727272727,0.0
2024-05-30,2,0,0.0,0.34804038011344246,0.6960807602268849,0.0,1.0986122886681098,0.0,0.5283201542943124,0.0,0.0,1.0,0.0,0.0,0.0
2024-05-31,7,5,0.7142857142857143,0.6144193228009526,4.300935259606668,0.7142857142857143,2.0794415416798357,1.791759469228055,1.6678832690668521,0.5714285714285714,0.5714285714285714,0.7142857142857143,0.0,0.0,0.0
2024-06-01,2,1,0.5,0.6354119206846629,1.2708238413693258,0.5,1.0986122886681098,0.6931471805599453,0.8201426913650639,1.0,1.0,0.5,0.0,0.0,0.0
2024-06-02,2,2,1.0,0.6165607395955857,1.2331214791911713,1.0,1.0986122886681098,1.0986122886681098,0.8034003731656557,0.5,0.5,0.5,0.0,0.0,0.0
2024-06-03,5,4,0.8,0.6900746114502017,3.4503730572510083,0.8,1.791759469228055,1.6094379124341003,1.492987925754466,0.8,0.2,0.6,0.0,0.0,0.0
2024-06-04,3,2,0.6666666666666666,0.535076035665032,1.6052281069950962,0.6666666666666666,1.3862943611198906,1.0986122886681098,0.9575202364370298,0.3333333333333333,0.3333333333333333,0.6666666666666666,0.0,0.0,0.0
2024-06-05,6,5,0.8333333333333334,0.6612800780567373,3.967680468340424,0.8333333333333334,1.9459101490553132,1.791759469228055,1.602953024595785,0.5,0.5,0.8333333333333334,0.0,0.0,0.0
2024-06-06,3,3,1.0,0.8496045483073411,2.5488136449220233,1.0,1.3862943611198906,1.3862943611198906,1.2666133631062235,1.0,1.0,0.3333333333333333,0.0,0.0,0.0
2024-06-07,4,2,0.5,0.46670327282339097,1.8668130912935639,0.5,1.6094379124341003,1.0986122886681098,1.0532009916451175,0.25,0.5,1.0,0.0,0.0,0.0
2024-06-08,2,0,0.0,0.33295691274393613,0.6659138254878723,0.0,1.0986122886681098,0.0,0.5103738170094109,0.5,0.5,0.5,0.0,0.0,0.0
2024-06-09,3,1,0.3333333333333333,0.4111112638748355,1.2333337916245064,0.3333333333333333,1.3862943611198906,0.6931471805599453,0.8034954429337925,0.0,0.0,1.0,0.0,0.0,0.0
2024-06-10,2,2,1.0,0.577089419087256,1.154178838174512,1.0,1.0986122886681098,1.0986122886681098,0.7674096013668833,1.0,0.5,0.5,0.0,0.0,0.0
2024-06-11,4,3,0.75,0.598692431883765,2.39476972753506,0.75,1.6094379124341003,1.3862943611198906,1.2222359317692362,0.75,0.5,0.25,0.0,0.5,0.0
2024-06-12,4,3,0.75,0.5688437420153533,2.275374968061413,0.75,1.6094379124341003,1.3862943611198906,1.1864323565978236,0.75,0.25,0.5,0.0,0.5,0.0
2024-06-13,2,1,0.5,0.41876455063291246,0.8375291012658249,0.5,1.0986122886681098,0.6931471805599453,0.6084217894030222,0.5,0.5,1.0,0.0,0.0,0.0
2024-06-14,6,5,0.8333333333333334,0.6058037962479133,3.6348227774874795,0.8333333333333334,1.9459101490553132,1.791759469228055,1.5335979625775336,0.8333333333333334,0.3333333333333333,0.5,0.0,0.0,0.0
2024-06-15,1,1,1.0,0.5887448967860952,0.5887448967860952,1.0,0.6931471805599453,0.6931471805599453,0.46294433142264346,0.0,1.0,1.0,1.0,0.0,0.0
2024-06-16,2,2,1.0,0.7303969945444699,1.4607939890889399,1.0,1.0986122886681098,1.0986122886681098,0.9004840576607867,1.0,1.0,1.0,0.0,0.0,0.0
2024-06-17,5,4,0.8,0.6719547697115413,3.359773848557707,0.8,1.791759469228055,1.6094379124341003,1.4724201864188127,1.0,1.0,0.4,0.0,0.2,0.0
2024-06-18,6,5,0.8333333333333334,0.6608598591869833,3.9651591551218996,0.8333333333333334,1.9459101490553132,1.791759469228055,1.602445352395638,0.6666666666666666,0.6666666666666666,0.5,0.0,0.0,0.0
2024-06-19,2,2,1.0,0.8163127834017376,1.6326255668034753,1.0,1.0986122886681098,1.0986122886681098,0.9679816625792259,0.5,0.5,1.0,0.0,0.5,0.0
2024-06-20,3,3,1.0,0.7974879976222596,2.392463992866779,1.0,1.3862943611198906,1.3862943611198906,1.2215564989245857,0.6666666666666666,0.6666666666666666,1.0,0.0,0.0,0.0
2024-06-21,2,2,1.0,0.7866219794599743,1.5732439589199485,1.0,1.0986122886681098,1.0986122886681098,0.945167343775783,1.0,1.0,0.5,0.0,0.0,0.0
2024-06-22,6,2,0.3333333333333333,0.43531839738397254,2.6119103843038354,0.3333333333333333,1.9459101490553132,1.0986122886681098,1.2842368246998415,0.16666666666666666,0.3333333333333333,1.0,0.0,0.16666666666666666,0.0
2024-06-24,2,2,1.0,0.6442160517676394,1.2884321035352788,1.0,1.0986122886681098,1.0986122886681098,0.8278669121266632,0.5,1.0,1.0,0.0,0.0,0.0
2024-06-25,2,1,0.5,0.529926418490603,1.059852836981206,0.5,1.0986122886681098,0.6931471805599453,0.7226345418910107,1.0,0.5,0.5,0.0,0.0,0.0
2024-06-26,3,1,0.3333333333333333,0.4895977910032448,1.4687933730097344,0.3333333333333333,1.3862943611198906,0.6931471805599453,0.9037295183270347,1.0,0.3333333333333333,0.0,0.0,0.0,0.0
2024-06-27,5,4,0.8,0.6844680252458016,3.4223401262290083,0.8,1.791759469228055,1.6094379124341003,1.4866689963088326,0.8,0.0,1.0,0.0,0.0,0.0
2024-06-28,7,5,0.7142857142857143,0.5384560572293374,3.769192400605362,0.7142857142857143,2.0794415416798357,1.791759469228055,1.562176982516834,0.5714285714285714,0.2857142857142857,0.7142857142857143,0.0,0.0,0.0
2024-06-29,2,1,0.5,0.48376873477477034,0.9675374695495407,0.5,1.0986122886681098,0.6931471805599453,0.6767827453718129,0.5,0.0,0.5,0.0,0.0,0.0
2024-06-30,2,1,0.5,0.5932026735807049,1.1864053471614098,0.5,1.0986122886681098,0.6931471805599453,0.7822588012751859,0.5,0.5,1.0,0.0,0.0,0.0
2024-07-01,4,1,0.25,0.28607837129400954,1.1443134851760381,0.25,1.6094379124341003,0.6931471805599453,0.7628194476209336,0.25,0.0,1.0,0.0,0.0,0.0
2024-07-02,3,2,0.6666666666666666,0.6315936058367915,1.8947808175103744,0.6666666666666666,1.3862943611198906,1.0986122886681098,1.0629093974542245,0.0,0.6666666666666666,1.0,0.0,0.0,0.0
2024-07-03,8,6,0.75,0.6283808282889674,5.027046626311739,0.75,2.1972245773362196,1.9459101490553132,1.796257110709864,0.5,0.5,0.75,0.0,0.125,0.0
2024-07-04,4,3,0.75,0.6167878480249737,2.4671513920998946,0.75,1.6094379124341003,1.3862943611198906,1.2433333323488633,0.5,0.5,0.5,0.25,0.25,0.0
2024-07-05,3,1,0.3333333333333333,0.36750226185579016,1.1025067855673705,0.3333333333333333,1.3862943611198906,0.6931471805599453,0.7431303402401959,0.0,0.0,1.0,0.0,0.0,0.0
2024-07-06,1,1,1.0,0.8257879241321467,0.8257879241321467,1.0,0.6931471805599453,0.6931471805599453,0.6020116331123725,1.0,1.0,1.0,1.0,0.0,0.0
2024-07-07,4,4,1.0,0.6815516910550066,2.7262067642200263,1.0,1.6094379124341003,1.6094379124341003,1.3153907629156634,0.75,0.75,1.0,0.0,0.0,0.0
2024-07-08,8,7,0.875,0.6563623522558168,5.250898818046535,0.875,2.1972245773362196,2.0794415416798357,1.8327252642959613,0.75,0.875,1.0,0.0,0.0,0.0
2024-07-09,6,3,0.5,0.5286620516172783,3.17197230970367,0.5,1.9459101490553132,1.3862943611198906,1.4283888999409653,0.16666666666666666,0.3333333333333333,1.0,0.16666666666666666,0.16666666666666666,0.0
2024-07-10,5,3,0.6,0.503523193567687,2.5176159678384353,0.6,1.791759469228055,1.3862943611198906,1.2577834782869517,0.6,0.4,0.8,0.0,0.0,0.0
2024-07-11,1,1,1.0,0.8502212057583043,0.8502212057583043,1.0,0.6931471805599453,0.6931471805599453,0.615305202622394,1.0,0.0,1.0,0.0,0.0,0.0
2024-07-12,6,2,0.3333333333333333,0.3887150910509473,2.3322905463056838,0.3333333333333333,1.9459101490553132,1.0986122886681098,1.2036599192742181,0.16666666666666666,0.3333333333333333,1.0,0.0,0.0,0.0
2024-07-14,2,1,0.5,0.6116409429548554,1.2232818859097108,0.5,1.0986122886681098,0.6931471805599453,0.7989844312209492,0.5,0.5,1.0,0.0,0.0,0.0
2024-07-15,4,0,0.0,0.37923794962303353,1.5169517984921341,0.0,1.6094379124341003,0.0,0.9230485655892494,0.5,0.75,0.5,0.0,0.0,0.0
2024-07-16,3,2,0.6666666666666666,0.6364382811218402,1.9093148433655207,0.6666666666666666,1.3862943611198906,1.0986122886681098,1.067917604445645,0.6666666666666666,0.6666666666666666,0.6666666666666666,0.0,0.0,0.0
2024-07-17,4,4,1.0,0.8114750529028745,3.245900211611498,1.0,1.6094379124341003,1.6094379124341003,1.4459538612647853,0.75,0.5,0.75,0.25,0.0,0.0
2024-07-18,6,3,0.5,0.5309337705458148,3.185602623274889,0.5,1.9459101490553132,1.3862943611198906,1.431650689578567,0.5,0.6666666666666666,0.6666666666666666,0.0,0.0,0.0
2024-07-19,7,4,0.5714285714285714,0.5630992135629705,3.941694494940794,0.5714285714285714,2.0794415416798357,1.6094379124341003,1.5977082875537785,0.8571428571428571,0.7142857142857143,0.2857142857142857,0.0,0.0,0.0
2024-07-20,2,0,0.0,0.29914987941765103,0.5982997588353021,0.0,1.0986122886681098,0.0,0.46894041350420435,0.0,0.0,1.0,0.0,0.0,0.0
2024-07-21,1,1,1.0,0.6013575449131222,0.6013575449131222,1.0,0.6931471805599453,0.6931471805599453,0.4708517350729968,1.0,0.0,0.0,0.0,0.0,0.0
2024-07-22,4,3,0.75,0.6496133131353647,2.598453252541459,0.75,1.6094379124341003,1.3862943611198906,1.2805041010633493,0.5,0.75,0.5,0.0,0.0,0.0
2024-07-23,1,1,1.0,0.5409875977546125,0.5409875977546125,1.0,0.6931471805599453,0.6931471805599453,0.432423508125587,1.0,0.0,1.0,1.0,1.0,0.0
2024-07-24,2,0,0.0,0.22292655015083856,0.44585310030167713,0.0,1.0986122886681098,0.0,0.3686995281898048,1.0,0.5,0.0,0.0,0.0,0.0
2024-07-25,2,2,1.0,0.7081596976058464,1.4163193952116928,1.0,1.0986122886681098,1.0986122886681098,0.8822454713397577,1.0,0.5,1.0,0.0,0.0,0.0
2024-07-26,7,4,0.5714285714285714,0.5449506696235576,3.814654687364903,0.5714285714285714,2.0794415416798357,1.6094379124341003,1.571664326658622,0.5714285714285714,0.5714285714285714,0.8571428571428571,0.0,0.14285714285714285,0.0
2024-07-27,1,1,1.0,0.7459096134184503,0.7459096134184503,1.0,0.6931471805599453,0.6931471805599453,0.5572756882758366,1.0,1.0,1.0,0.0,0.0,0.0
2024-07-28,4,1,0.25,0.5564317113507296,2.225726845402918,0.25,1.6094379124341003,0.6931471805599453,1.1711583032733448,1.0,1.0,1.0,0.0,0.0,0.0
2024-07-29,2,1,0.5,0.3636328727065519,0.7272657454131038,0.5,1.0986122886681098,0.6931471805599453,0.5465396642306448,0.5,0.5,0.5,0.0,0.0,0.0
2024-07-30,1,1,1.0,0.7184725363406645,0.7184725363406645,1.0,0.6931471805599453,0.6931471805599453,0.5414358359991751,1.0,0.0,1.0,0.0,0.0,0.0
2024-07-31,1,0,0.0,0.4563619441792892,0.4563619441792892,0.0,0.6931471805599453,0.0,0.3759415069168343,0.0,0.0,1.0,0.0,0.0,0.0
2024-08-01,2,0,0.0,0.41908626015837924,0.8381725203167585,0.0,1.0986122886681098,0.0,0.6087718825954225,0.0,0.5,1.0,0.0,0.0,0.0
2024-08-02,6,4,0.6666666666666666,0.6467489062505534,3.88049343750332,0.6666666666666666,1.9459101490553132,1.6094379124341003,1.585246328995839,0.6666666666666666,0.6666666666666666,1.0,0.0,0.0,0.0
2024-08-03,5,2,0.4,0.5094965683986109,2.5474828419930544,0.4,1.791759469228055,1.0986122886681098,1.266238293392881,0.4,0.4,0.8,0.0,0.0,0.0
2024-08-04,4,2,0.5,0.532774186167212,2.131096744668848,0.5,1.6094379124341003,1.0986122886681098,1.141383340834918,0.0,0.25,1.0,0.0,0.25,0.0
2024-08-05,5,2,0.4,0.46417400276602877,2.320870013830144,0.4,1.791759469228055,1.0986122886681098,1.2002268009571524,0.2,0.2,0.8,0.0,0.2,0.0
2024-08-06,1,0,0.0,0.4967574752756974,0.4967574752756974,0.0,0.6931471805599453,0.0,0.40330108514905044,1.0,0.0,0.0,0.0,0.0,0.0
2024-08-07,3,0,0.0,0.34005949335486485,1.0201784800645946,0.0,1.3862943611198906,0.0,0.7031858639775317,0.3333333333333333,0.6666666666666666,0.6666666666666666,0.0,0.0,0.0
2024-08-08,2,2,1.0,0.7170867625347495,1.434173525069499,1.0,1.0986122886681098,1.0986122886681098,0.8896072841644751,1.0,0.5,0.5,0.5,0.0,0.0
2024-08-09,4,3,0.75,0.5219686677501206,2.0878746710004825,0.75,1.6094379124341003,1.3862943611198906,1.1274830455229974,0.0,0.0,1.0,0.0,0.0,0.0
2024-08-10,4,2,0.5,0.47175381469942546,1.8870152587977018,0.5,1.6094379124341003,1.0986122886681098,1.060223186014147,0.5,0.75,0.5,0.0,0.0,0.0
2024-08-11,2,0,0.0,0.24738814996111225,0.4947762999222245,0.0,1.0986122886681098,0.0,0.4019765634875942,0.0,0.0,1.0,0.0,0.0,0.0
2024-08-12,5,3,0.6,0.601578951915806,3.00789475957903,0.6,1.791759469228055,1.3862943611198906,1.3882661058477648,0.8,0.4,0.8,0.0,0.2,0.0
2024-08-13,1,0,0.0,0.21306484416895394,0.21306484416895394,0.0,0.6931471805599453,0.0,0.1931500862156692,1.0,0.0,0.0,0.0,0.0,0.0
2024-08-14,3,2,0.6666666666666666,0.5273016078862455,1.5819048236587365,0.6666666666666666,1.3862943611198906,1.0986122886681098,0.9485274302650871,0.6666666666666666,0.6666666666666666,0.3333333333333333,0.0,0.0,0.0
2024-08-15,1,1,1.0,0.9288227896279694,0.9288227896279694,1.0,0.6931471805599453,0.6931471805599453,0.6569098632588057,1.0,1.0,1.0,0.0,0.0,0.0
2024-08-16,1,0,0.0,0.3748810445849748,0.3748810445849748,0.0,0.6931471805599453,0.0,0.3183672143469574,0.0,1.0,1.0,0.0,1.0,0.0
2024-08-17,3,2,0.6666666666666666,0.721928092564805,2.165784277694415,0.6666666666666666,1.3862943611198906,1.0986122886681098,1.1524008219593658,0.6666666666666666,1.0,0.3333333333333333,0.3333333333333333,0.6666666666666666,0.0
2024-08-18,4,1,0.25,0.5144254135960958,2.0577016543843833,0.25,1.6094379124341003,0.6931471805599453,1.1176635404139306,0.5,0.5,0.75,0.0,0.5,0.0
2024-08-19,1,0,0.0,0.4453002423382022,0.4453002423382022,0.0,0.6931471805599453,0.0,0.3683170801459325,0.0,0.0,1.0,0.0,0.0,0.0
2024-08-20,5,3,0.6,0.579957439978388,2.8997871998919402,0.6,1.791759469228055,1.3862943611198906,1.3609219875166527,0.2,0.2,1.0,0.0,0.0,0.0
2024-08-21,4,2,0.5,0.4870156824396409,1.9480627297585635,0.5,1.6094379124341003,1.0986122886681098,1.0811482528519096,0.75,0.75,0.25,0.0,0.0,0.0
2024-08-22,10,10,1.0,0.7421871447898559,7.4218714478985595,1.0,2.3978952727983707,2.3978952727983707,2.130832065778379,0.7,0.5,1.0,0.4,0.5,0.0
2024-08-23,6,4,0.6666666666666666,0.5360618104090006,3.2163708624540037,0.6666666666666666,1.9459101490553132,1.6094379124341003,1.4389747728480302,0.8333333333333334,0.3333333333333333,0.3333333333333333,0.0,0.0,0.0
2024-08-24,1,1,1.0,0.5355214217443615,0.5355214217443615,1.0,0.6931471805599453,0.6931471805599453,0.42887001179091555,0.0,0.0,1.0,0.0,0.0,0.0
2024-08-25,3,3,1.0,0.6540591844755309,1.9621775534265926,1.0,1.3862943611198906,1.3862943611198906,1.0859246578122494,0.6666666666666666,0.6666666666666666,1.0,0.0,0.3333333333333333,0.0
2024-08-26,6,4,0.6666666666666666,0.5638992502807518,3.383395501684511,0.6666666666666666,1.9459101490553132,1.6094379124341003,1.4778236527488924,0.5,0.5,1.0,0.0,0.0,0.0
2024-08-27,4,1,0.25,0.4986668306380373,1.9946673225521492,0.25,1.6094379124341003,0.6931471805599453,1.0968331477858677,1.0,1.0,0.0,0.0,0.0,0.0
2024-08-28,4,4,1.0,0.8015894847000624,3.2063579388002497,1.0,1.6094379124341003,1.6094379124341003,1.4365971756091978,1.0,0.75,1.0,0.0,0.0,0.0
2024-08-29,3,3,1.0,0.6963496295837488,2.0890488887512464,1.0,1.3862943611198906,1.3862943611198906,1.1278632405354658,1.0,0.6666666666666666,0.6666666666666666,0.0,0.0,0.0
2024-08-30,1,0,0.0,0.12710664728539836,0.12710664728539836,0.0,0.6931471805599453,0.0,0.11965385993761675,0.0,0.0,1.0,0.0,0.0,0.0
2024-08-31,7,6,0.8571428571428571,0.7700149663408292,5.390104764385804,0.8571428571428571,2.0794415416798357,1.9459101490553132,1.8547506633075976,0.8571428571428571,0.7142857142857143,0.8571428571428571,0.0,0.0,0.0
2024-09-01,1,1,1.0,0.5997018528068812,0.5997018528068812,1.0,0.6931471805599453,0.6931471805599453,0.4698172698862095,1.0,1.0,0.0,0.0,0.0,0.0
2024-09-02,3,2,0.6666666666666666,0.628115517243233,1.884346551729699,0.6666666666666666,1.3862943611198906,1.0986122886681098,1.0592983757714962,0.3333333333333333,0.6666666666666666,1.0,0.0,0.0,0.0
2024-09-03,4,4,1.0,0.7316514773061291,2.9266059092245165,1.0,1.6094379124341003,1.6094379124341003,1.3677754164028166,0.75,1.0,0.75,0.0,0.0,0.0
2024-09-04,2,0,0.0,0.32092618066147066,0.6418523613229413,0.0,1.0986122886681098,0.0,0.4958250930553013,0.0,0.0,1.0,0.0,0.0,0.0
2024-09-05,4,3,0.75,0.5899732506560296,2.3598930026241183,0.75,1.6094379124341003,1.3862943611198906,1.2119091290109598,0.5,0.75,0.75,0.0,0.25,0.0
2024-09-06,6,6,1.0,0.7353363399079597,4.412018039447758,1.0,1.9459101490553132,1.9459101490553132,1.6886220435342794,0.8333333333333334,0.5,0.6666666666666666,0.0,0.0,0.0
2024-09-07,3,2,0.6666666666666666,0.6286422476842077,1.8859267430526232,0.6666666666666666,1.3862943611198906,1.0986122886681098,1.0598460764718616,0.6666666666666666,0.3333333333333333,0.6666666666666666,0.0,0.0,0.0
2024-09-08,2,0,0.0,0.4529208612707848,0.9058417225415696,0.0,1.0986122886681098,0.0,0.6449237600952801,0.0,1.0,1.0,0.0,0.0,0.0
2024-09-11,1,0,0.0,0.4716625178499396,0.4716625178499396,0.0,0.6931471805599453,0.0,0.38639272625582605,0.0,0.0,1.0,0.0,1.0,0.0
2024-09-13,2,2,1.0,0.876451600018648,1.752903200037296,1.0,1.0986122886681098,1.0986122886681098,1.0126560639139879,1.0,1.0,0.5,0.0,0.0,0.0
2024-09-14,2,2,1.0,0.6702625027700586,1.3405250055401172,1.0,1.0986122886681098,1.0986122886681098,0.8503752655462986,0.5,1.0,1.0,0.0,0.0,0.0
2024-09-15,2,1,0.5,0.48595162014707405,0.9719032402941481,0.5,1.0986122886681098,0.6931471805599453,0.6789991881886721,0.0,1.0,1.0,0.0,0.0,0.0
2024-09-16,1,1,1.0,0.7358631594431265,0.7358631594431265,1.0,0.6931471805599453,0.6931471805599453,0.5515047879257164,0.0,1.0,1.0,0.0,0.0,0.0
2024-09-19,4,4,1.0,0.8617579911593829,3.4470319646375316,1.0,1.6094379124341003,1.6094379124341003,1.4922368994131225,1.0,0.75,0.75,0.0,0.0,0.0
2024-09-21,2,2,1.0,0.7340054212069054,1.4680108424138107,1.0,1.0986122886681098,1.0986122886681098,0.903412499231956,1.0,0.5,0.5,0.0,0.0,0.0
2024-09-22,1,1,1.0,0.5149259621922657,0.5149259621922657,1.0,0.6931471805599453,0.6931471805599453,0.41536656792707427,0.0,1.0,1.0,0.0,0.0,0.0
2024-09-23,3,2,0.6666666666666666,0.6002675637033225,1.8008026911099675,0.6666666666666666,1.3862943611198906,1.0986122886681098,1.0299060514940352,0.6666666666666666,0.3333333333333333,0.6666666666666666,0.3333333333333333,0.0,0.0
2024-09-24,2,1,0.5,0.5970639453941818,1.1941278907883637,0.5,1.0986122886681098,0.6931471805599453,0.7857846513065744,0.5,0.5,1.0,0.0,0.0,0.0
2024-09-25,2,2,1.0,0.6304818043434973,1.2609636086869946,1.0,1.0986122886681098,1.0986122886681098,0.8157910979371987,0.5,0.5,1.0,0.0,0.0,0.0
2024-09-26,6,4,0.6666666666666666,0.5816000187062342,3.4896001122374054,0.6666666666666666,1.9459101490553132,1.6094379124341003,1.5017636359254265,0.3333333333333333,0.3333333333333333,1.0,0.0,0.16666666666666666,0.0
2024-09-27,3,1,0.3333333333333333,0.454015049931515,1.362045149794545,0.3333333333333333,1.3862943611198906,0.6931471805599453,0.8595278326621434,0.3333333333333333,0.3333333333333333,0.6666666666666666,0.0,0.0,0.0
2024-09-28,2,2,1.0,0.6275039961796325,1.255007992359265,1.0,1.0986122886681098,1.0986122886681098,0.8131535172318485,0.0,0.5,1.0,0.0,0.0,0.0
2024-09-29,1,1,1.0,0.5433845925244231,0.5433845925244231,1.0,0.6931471805599453,0.6931471805599453,0.43397779217724586,1.0,0.0,1.0,0.0,1.0,0.0
2024-09-30,3,2,0.6666666666666666,0.5162620656561191,1.5487861969683574,0.6666666666666666,1.3862943611198906,1.0986122886681098,0.9356172446569263,0.0,0.6666666666666666,1.0,0.0,0.0,0.0
2024-10-01,5,3,0.6,0.5717457458329563,2.8587287291647816,0.6,1.791759469228055,1.3862943611198906,1.3503377844548747,0.4,0.0,0.8,0.0,0.2,0.0
2024-10-02,5,3,0.6,0.6192234449564331,3.0961172247821653,0.6,1.791759469228055,1.3862943611198906,1.4100395066592648,0.6,0.4,0.8,0.0,0.2,0.0
2024-10-03,2,2,1.0,0.8777754943478675,1.755550988695735,1.0,1.0986122886681098,1.0986122886681098,1.013617418505183,1.0,0.5,1.0,0.0,0.0,0.0
2024-10-04,3,0,0.0,0.2759909475657126,0.8279728426971378,0.0,1.3862943611198906,0.0,0.6032076166290082,0.0,0.0,1.0,0.0,0.0,0.0
2024-10-06,2,0,0.0,0.33741629250707783,0.6748325850141557,0.0,1.0986122886681098,0.0,0.5157132110364909,0.0,0.5,1.0,0.0,0.0,0.0
2024-10-07,5,5,1.0,0.6308966301400364,3.154483150700182,1.0,1.791759469228055,1.791759469228055,1.4241880284401487,0.4,0.4,1.0,0.0,0.0,0.0
2024-10-08,4,1,0.25,0.3847004781261427,1.5388019125045709,0.25,1.6094379124341003,0.6931471805599453,0.9316922817603445,0.0,0.0,1.0,0.0,0.0,0.0
2024-10-09,3,1,0.3333333333333333,0.4161029926108852,1.2483089778326555,0.3333333333333333,1.3862943611198906,0.6931471805599453,0.8101783682417518,0.3333333333333333,0.0,1.0,0.0,0.0,0.0
2024-10-10,1,0,0.0,0.3592669968366518,0.3592669968366518,0.0,0.6931471805599453,0.0,0.30694558153562274,0.0,0.0,1.0,0.0,0.0,0.0
2024-10-11,7,5,0.7142857142857143,0.521569943554482,3.6509896048813744,0.7142857142857143,2.0794415416798357,1.791759469228055,1.5370800152107318,0.2857142857142857,0.0,1.0,0.0,0.0,0.0
2024-10-12,3,2,0.6666666666666666,0.4256383727681236,1.2769151183043708,0.6666666666666666,1.3862943611198906,1.0986122886681098,0.8228215085230727,0.3333333333333333,0.3333333333333333,1.0,0.0,0.3333333333333333,0.0
2024-10-13,2,2,1.0,0.7698680038320891,1.5397360076641782,1.0,1.0986122886681098,1.0986122886681098,0.9320601416384527,0.5,0.0,1.0,0.0,0.0,0.0
2024-10-14,8,4,0.5,0.5526046644867241,4.420837315893793,0.5,2.1972245773362196,1.6094379124341003,1.690250289847039,0.5,0.375,0.75,0.125,0.0,0.0
2024-10-15,1,1,1.0,0.6304046269361571,0.6304046269361571,1.0,0.6931471805599453,0.6931471805599453,0.488828221397015,0.0,1.0,1.0,0.0,0.0,0.0
2024-10-16,7,6,0.8571428571428571,0.6703619780900549,4.6925338466303845,0.8571428571428571,2.0794415416798357,1.9459101490553132,1.7391554647668708,0.5714285714285714,0.7142857142857143,0.8571428571428571,0.14285714285714285,0.0,0.0
2024-10-17,1,1,1.0,0.8238640144946243,0.8238640144946243,1.0,0.6931471805599453,0.6931471805599453,0.6009573354159979,1.0,0.0,1.0,0.0,0.0,0.0
2024-10-18,4,2,0.5,0.4920862975323438,1.9683451901293751,0.5,1.6094379124341003,1.0986122886681098,1.0880046224942996,0.5,0.5,0.75,0.0,0.0,0.0
2024-10-19,6,2,0.3333333333333333,0.5005950329326675,3.0035701975960047,0.3333333333333333,1.9459101490553132,1.0986122886681098,1.3871865124335334,0.0,0.16666666666666666,1.0,0.0,0.0,0.0
2024-10-20,3,0,0.0,0.31443642786119824,0.9433092835835948,0.0,1.3862943611198906,0.0,0.6643923361032688,0.3333333333333333,0.3333333333333333,1.0,0.3333333333333333,0.3333333333333333,0.0
2024-10-21,4,2,0.5,0.5102234593702426,2.0408938374809704,0.5,1.6094379124341003,1.0986122886681098,1.1121514976882692,0.5,1.0,0.5,0.0,0.25,0.0
2024-10-22,5,1,0.2,0.46227390190678896,2.311369509533945,0.2,1.791759469228055,0.6931471805599453,1.1973618529223242,0.0,0.2,1.0,0.0,0.0,0.0
2024-10-23,1,1,1.0,0.7348449434166843,0.7348449434166843,1.0,0.6931471805599453,0.6931471805599453,0.5509180396164505,1.0,1.0,1.0,0.0,0.0,0.0
2024-10-24,2,1,0.5,0.6911590693113426,1.3823181386226853,0.5,1.0986122886681098,0.6931471805599453,0.8680740214702058,0.5,0.0,0.5,0.0,0.0,0.0
2024-10-25,3,1,0.3333333333333333,0.5564190900702192,1.6692572702106574,0.3333333333333333,1.3862943611198906,0.6931471805599453,0.9818002577629868,0.3333333333333333,1.0,1.0,0.3333333333333333,0.0,0.0
2024-10-26,3,1,0.3333333333333333,0.4577768744896505,1.3733306234689515,0.3333333333333333,1.3862943611198906,0.6931471805599453,0.8642942949583328,0.6666666666666666,1.0,1.0,0.0,0.0,0.0
2024-10-27,3,0,0.0,0.3568415982712992,1.0705247948138976,0.0,1.3862943611198906,0.0,0.7278020992101676,0.0,0.3333333333333333,1.0,0.0,0.0,0.0
2024-10-28,1,1,1.0,0.9384032569472762,0.9384032569472762,1.0,0.6931471805599453,0.6931471805599453,0.6618645707433217,1.0,1.0,1.0,0.0,1.0,0.0
2024-10-29,2,1,0.5,0.36854121244050003,0.7370824248810001,0.5,1.0986122886681098,0.6931471805599453,0.5522069385689455,0.0,0.5,1.0,0.0,0.0,0.0
2024-10-30,1,0,0.0,0.21544722840391528,0.21544722840391528,0.0,0.6931471805599453,0.0,0.19511209828562331,0.0,0.0,1.0,0.0,0.0,0.0
2024-10-31,3,0,0.0,0.4094436473415344,1.2283309420246031,0.0,1.3862943611198906,0.0,0.8012528487474214,0.3333333333333333,0.3333333333333333,1.0,0.0,0.0,0.0
2024-11-01,1,0,0.0,0.3226808467860997,0.3226808467860997,0.0,0.6931471805599453,0.0,0.2796606215534749,0.0,0.0,1.0,0.0,0.0,0.0
2024-11-02,4,3,0.75,0.5397645783756624,2.1590583135026495,0.75,1.6094379124341003,1.3862943611198906,1.150273981131261,0.5,0.0,1.0,0.0,0.25,0.0
2024-11-03,1,0,0.0,0.3900070276037311,0.3900070276037311,0.0,0.6931471805599453,0.0,0.3293088029598421,0.0,0.0,1.0,0.0,0.0,0.0
2024-11-04,2,1,0.5,0.4676897922573595,0.935379584514719,0.5,1.0986122886681098,0.6931471805599453,0.6603034749512414,0.0,0.5,1.0,0.0,0.0,0.0
2024-11-05,2,2,1.0,0.7461214162551828,1.4922428325103656,1.0,1.0986122886681098,1.0986122886681098,0.9131830410053624,0.5,0.5,1.0,0.0,0.0,0.0
2024-11-06,6,2,0.3333333333333333,0.4317052183954953,2.590231310372972,0.3333333333333333,1.9459101490553132,1.0986122886681098,1.278216632283311,0.16666666666666666,0.5,0.8333333333333334,0.0,0.16666666666666666,0.0
2024-11-07,10,5,0.5,0.5841446788404646,5.841446788404646,0.5,2.3978952727983707,1.791759469228055,1.9229992280401265,0.4,0.5,0.9,0.0,0.1,0.0
2024-11-08,2,0,0.0,0.3004902813853681,0.6009805627707362,0.0,1.0986122886681098,0.0,0.4706162932605143,0.0,0.0,1.0,0.0,0.0,0.0
2024-11-09,9,8,0.8888888888888888,0.7095125851161777,6.385613266045599,0.8888888888888888,2.302585092994046,2.1972245773362196,1.9995339546541018,0.6666666666666666,0.8888888888888888,1.0,0.5555555555555556,0.0,0.0
2024-11-11,3,2,0.6666666666666666,0.6003674826217604,1.8011024478652813,0.6666666666666666,1.3862943611198906,1.0986122886681098,1.0300130710697557,0.3333333333333333,0.3333333333333333,0.6666666666666666,0.0,0.0,0.0
2024-11-12,4,3,0.75,0.6753462827659117,2.7013851310636467,0.75,1.6094379124341003,1.3862943611198906,1.3087071093419835,0.5,0.5,0.75,0.0,0.0,0.0
2024-11-13,3,3,1.0,0.8429016240760429,2.5287048722281287,1.0,1.3862943611198906,1.3862943611198906,1.2609309119038945,0.6666666666666666,0.0,0.3333333333333333,0.0,0.0,0.0
2024-11-14,10,3,0.3,0.5205799549392498,5.2057995493924984,0.3,2.3978952727983707,1.3862943611198906,1.82548426601897,0.4,0.5,0.9,0.1,0.0,0.0
2024-11-15,3,1,0.3333333333333333,0.42908588135006037,1.287257644050181,0.3333333333333333,1.3862943611198906,0.6931471805599453,0.8273535645984532,0.0,0.0,1.0,0.0,0.0,0.0
2024-11-16,3,2,0.6666666666666666,0.6195868724418796,1.8587606173256388,0.6666666666666666,1.3862943611198906,1.0986122886681098,1.0503881803228197,0.3333333333333333,0.3333333333333333,1.0,0.3333333333333333,0.3333333333333333,0.0
2024-11-18,4,4,1.0,0.761682376622549,3.046729506490196,1.0,1.6094379124341003,1.6094379124341003,1.3979090256293765,0.75,1.0,1.0,0.5,0.0,0.0
2024-11-19,2,1,0.5,0.5680322033157628,1.1360644066315255,0.5,1.0986122886681098,0.6931471805599453,0.7589650735607392,0.5,0.5,0.5,0.0,0.0,0.0
2024-11-20,2,1,0.5,0.5807449136839269,1.1614898273678538,0.5,1.0986122886681098,0.6931471805599453,0.7707977188308078,0.5,1.0,1.0,0.0,0.0,0.0
2024-11-21,3,2,0.6666666666666666,0.6424713338840647,1.9274140016521943,0.6666666666666666,1.3862943611198906,1.0986122886681098,1.074119440021426,0.6666666666666666,0.6666666666666666,0.6666666666666666,0.0,0.0,0.0
2024-11-23,2,1,0.5,0.4966428457423725,0.993285691484745,0.5,1.0986122886681098,0.6931471805599453,0.6897843784158697,0.5,0.0,1.0,0.0,0.0,0.0
2024-11-24,1,0,0.0,0.39515763908767726,0.39515763908767726,0.0,0.6931471805599453,0.0,0.3330074118192134,0.0,1.0,1.0,0.0,0.0,0.0
2024-11-25,1,0,0.0,0.2884861467352973,0.2884861467352973,0.0,0.6931471805599453,0.0,0.25346799958589417,0.0,0.0,1.0,0.0,0.0,0.0
2024-11-26,6,4,0.6666666666666666,0.6336827560520916,3.802096536312549,0.6666666666666666,1.9459101490553132,1.6094379124341003,1.5690526009523746,0.5,0.6666666666666666,0.8333333333333334,0.0,0.3333333333333333,0.0
2024-11-27,5,5,1.0,0.6973147641743516,3.4865738208717576,1.0,1.791759469228055,1.791759469228055,1.5010893416207787,0.4,0.6,1.0,0.0,0.0,0.0
2024-11-28,4,2,0.5,0.6163695119783974,2.4654780479135896,0.5,1.6094379124341003,1.0986122886681098,1.2428505878914302,0.75,0.75,0.75,0.0,0.0,0.0
2024-11-29,8,6,0.75,0.6276700037149222,5.021360029719378,0.75,2.1972245773362196,1.9459101490553132,1.7953131523630113,0.875,0.75,0.125,0.0,0.625,0.0
2024-11-30,3,3,1.0,0.7584174011657412,2.2752522034972236,1.0,1.3862943611198906,1.3862943611198906,1.1863948748236397,0.6666666666666666,0.3333333333333333,0.6666666666666666,0.0,0.3333333333333333,0.0
2024-12-01,2,1,0.5,0.5623896086571765,1.124779217314353,0.5,1.0986122886681098,0.6931471805599453,0.7536678992442145,0.5,0.5,0.5,0.5,0.0,0.0
2024-12-02,2,2,1.0,0.6993747145952167,1.3987494291904334,1.0,1.0986122886681098,1.0986122886681098,0.8749475303784867,1.0,1.0,1.0,0.0,0.0,0.0
2024-12-03,1,0,0.0,0.4587896162401229,0.4587896162401229,0.0,0.6931471805599453,0.0,0.37760706191233245,0.0,0.0,1.0,0.0,0.0,0.0
2024-12-04,4,3,0.75,0.6532326182992938,2.612930473197175,0.75,1.6094379124341003,1.3862943611198906,1.2845192084700137,1.0,0.25,0.0,0.0,0.0,0.0
2024-12-05,2,2,1.0,0.6317203635287432,1.2634407270574863,1.0,1.0986122886681098,1.0986122886681098,0.8168861011394694,1.0,0.5,0.0,0.0,0.0,0.0
2024-12-06,6,5,0.8333333333333334,0.7455255939935154,4.473153563961092,0.8333333333333334,1.9459101490553132,1.791759469228055,1.6998549702298877,0.8333333333333334,0.6666666666666666,0.8333333333333334,0.0,0.0,0.0
2024-12-07,3,3,1.0,0.716336091767951,2.149008275303853,1.0,1.3862943611198906,1.3862943611198906,1.1470875700302816,0.6666666666666666,0.3333333333333333,0.3333333333333333,0.0,0.3333333333333333,0.0
2024-12-09,3,1,0.3333333333333333,0.3965214420602475,1.1895643261807425,0.3333333333333333,1.3862943611198906,0.6931471805599453,0.7837025862206446,0.6666666666666666,0.6666666666666666,0.3333333333333333,0.0,0.0,0.0
2024-12-10,5,3,0.6,0.5358604615481645,2.6793023077408225,0.6,1.791759469228055,1.3862943611198906,1.302723143918509,0.8,0.4,0.4,0.0,0.2,0.0
2024-12-11,6,6,1.0,0.8121534299809404,4.872920579885642,1.0,1.9459101490553132,1.9459101490553132,1.770352053528062,0.8333333333333334,0.16666666666666666,0.16666666666666666,0.0,0.6666666666666666,0.0
2024-12-12,1,0,0.0,0.18292159457882814,0.18292159457882814,0.0,0.6931471805599453,0.0,0.1679873060279355,0.0,1.0,1.0,0.0,0.0,0.0
2024-12-13,6,3,0.5,0.6282993569794493,3.7697961418766956,0.5,1.9459101490553132,1.3862943611198906,1.5623035664349192,1.0,0.8333333333333334,0.0,0.0,0.5,0.0
2024-12-14,4,3,0.75,0.5859670048613013,2.343868019445205,0.75,1.6094379124341003,1.3862943611198906,1.2071282265743215,1.0,0.5,0.5,0.0,0.0,0.0
2024-12-15,4,2,0.5,0.4817133081647231,1.9268532326588923,0.5,1.6094379124341003,1.0986122886681098,1.0739278638693397,0.25,0.5,1.0,0.0,0.0,0.0
2024-12-16,2,1,0.5,0.5812031224451035,1.162406244890207,0.5,1.0986122886681098,0.6931471805599453,0.7712216039199776,1.0,1.0,0.5,0.5,0.5,0.0
2024-12-17,3,1,0.3333333333333333,0.4352627358691126,1.305788207607338,0.3333333333333333,1.3862943611198906,0.6931471805599453,0.8354225735731492,0.3333333333333333,1.0,0.6666666666666666,0.0,0.0,0.0
2024-12-19,7,6,0.8571428571428571,0.7316449120458594,5.121514384321015,0.8571428571428571,2.0794415416798357,1.9459101490553132,1.811809514332391,1.0,1.0,0.14285714285714285,0.0,0.5714285714285714,0.0
2024-12-20,6,4,0.6666666666666666,0.7183373912235013,4.310024347341008,0.6666666666666666,1.9459101490553132,1.6094379124341003,1.669596420429966,0.8333333333333334,0.6666666666666666,0.6666666666666666,0.16666666666666666,0.16666666666666666,0.0
2024-12-21,2,1,0.5,0.4320831488352871,0.8641662976705742,0.5,1.0986122886681098,0.6931471805599453,0.6228139277724399,0.0,0.5,1.0,0.0,0.0,0.0
2024-12-22,2,2,1.0,0.6802477180464859,1.3604954360929717,1.0,1.0986122886681098,1.0986122886681098,0.8588715275530541,1.0,0.5,1.0,0.0,0.0,0.0
2024-12-23,2,1,0.5,0.5812866631745552,1.1625733263491105,0.5,1.0986122886681098,0.6931471805599453,0.7712988673873464,0.5,1.0,1.0,0.5,0.0,0.0
2024-12-24,4,3,0.75,0.7314341224649558,2.925736489859823,0.75,1.6094379124341003,1.3862943611198906,1.3675539743606695,0.75,0.0,0.25,0.0,0.75,0.0
2024-12-25,7,2,0.2857142857142857,0.40203767764548687,2.814263743518408,0.2857142857142857,2.0794415416798357,1.0986122886681098,1.338747656208041,0.14285714285714285,0.14285714285714285,1.0,0.14285714285714285,0.14285714285714285,0.0
2024-12-26,2,1,0.5,0.5036401654575933,1.0072803309151865,0.5,1.0986122886681098,0.6931471805599453,0.6967807366498644,1.0,0.5,0.0,0.0,0.0,0.0
2024-12-27,4,3,0.75,0.6552490520207498,2.620996208082999,0.75,1.6094379124341003,1.3862943611198906,1.2867491835813538,1.0,1.0,0.5,0.25,0.25,0.0
2024-12-28,2,1,0.5,0.4076488905864579,0.8152977811729158,0.5,1.0986122886681098,0.6931471805599453,0.5962495210212719,0.0,0.5,1.0,0.0,0.0,0.0
2024-12-29,5,4,0.8,0.7653534237652639,3.8267671188263197,0.8,1.791759469228055,1.6094379124341003,1.574176909984426,0.8,1.0,0.8,0.0,0.2,0.0
2024-12-30,1,1,1.0,0.9531673087904259,0.9531673087904259,1.0,0.6931471805599453,0.6931471805599453,0.6694523158087075,0.0,0.0,1.0,0.0,0.0,0.0
2024-12-31,5,3,0.6,0.5079835933749308,2.539917966874654,0.6,1.791759469228055,1.3862943611198906,1.2641035536779301,0.8,0.8,0.2,0.0,0.0,0.0
2025-01-01,4,2,0.5,0.5081968030072901,2.0327872120291604,0.5,1.6094379124341003,1.0986122886681098,1.1094820686551634,0.5,0.75,0.75,0.0,0.25,0.0
2025-01-02,5,4,0.8,0.6691344533464256,3.3456722667321284,0.8,1.791759469228055,1.6094379124341003,1.46918046866679,1.0,0.8,0.4,0.0,0.4,0.0
2025-01-03,9,4,0.4444444444444444,0.6222763717287191,5.600487345558472,0.4444444444444444,2.302585092994046,1.6094379124341003,1.887143486542456,0.8888888888888888,0.8888888888888888,0.6666666666666666,0.0,0.0,0.0
2025-01-04,2,2,1.0,0.7318076571189331,1.4636153142378663,1.0,1.0986122886681098,1.0986122886681098,0.9016299110144937,1.0,1.0,0.5,0.5,1.0,0.0
2025-01-05,3,2,0.6666666666666666,0.6586934851289349,1.9760804553868048,0.6666666666666666,1.3862943611198906,1.0986122886681098,1.0906071513456033,1.0,0.6666666666666666,0.3333333333333333,0.0,0.3333333333333333,0.0
2025-01-06,2,2,1.0,0.7842272194929796,1.5684544389859592,1.0,1.0986122886681098,1.0986122886681098,0.9433043323936945,1.0,1.0,0.5,0.0,0.5,0.0
2025-01-07,3,2,0.6666666666666666,0.6737746394923853,2.021323918477156,0.6666666666666666,1.3862943611198906,1.0986122886681098,1.105695118926468,0.6666666666666666,0.3333333333333333,1.0,0.0,0.6666666666666666,0.0
2025-01-09,3,3,1.0,0.7554327879661002,2.2662983638983007,1.0,1.3862943611198906,1.3862943611198906,1.1836573449067191,0.6666666666666666,1.0,1.0,0.0,0.0,0.0
2025-01-10,6,3,0.5,0.6004811498548398,3.6028868991290386,0.5,1.9459101490553132,1.3862943611198906,1.5266836934120125,0.5,0.6666666666666666,0.8333333333333334,0.16666666666666666,0.16666666666666666,0.0
2025-01-11,4,3,0.75,0.6080186416312757,2.432074566525103,0.75,1.6094379124341003,1.3862943611198906,1.23316490823267,0.5,0.5,0.75,0.0,0.25,0.0
2025-01-12,4,1,0.25,0.5181773878555743,2.0727095514222973,0.25,1.6094379124341003,0.6931471805599453,1.1225597623853703,0.5,0.25,0.75,0.0,0.25,0.0
2025-01-13,5,4,0.8,0.6149566905308876,3.0747834526544384,0.8,1.791759469228055,1.6094379124341003,1.4048176048279235,0.4,0.4,1.0,0.0,0.0,0.0
2025-01-14,6,3,0.5,0.4804936368301254,2.8829618209807526,0.5,1.9459101490553132,1.3862943611198906,1.3565982183501115,0.3333333333333333,0.5,0.8333333333333334,0.0,0.16666666666666666,0.0
2025-01-15,5,4,0.8,0.548606586681259,2.743032933406295,0.8,1.791759469228055,1.6094379124341003,1.3198962275494388,0.6,0.8,1.0,0.0,0.0,0.0
2025-01-16,3,2,0.6666666666666666,0.6427618912331486,1.9282856736994458,0.6666666666666666,1.3862943611198906,1.0986122886681098,1.0744171574939798,0.6666666666666666,1.0,0.3333333333333333,0.0,0.0,0.0
2025-01-17,4,3,0.75,0.5898755116244052,2.359502046497621,0.75,1.6094379124341003,1.3862943611198906,1.2117927625452047,0.25,0.5,0.75,0.0,0.0,0.0
2025-01-18,6,2,0.3333333333333333,0.4486542507089162,2.691925504253497,0.3333333333333333,1.9459101490553132,1.0986122886681098,1.3061481388242226,0.5,0.16666666666666666,0.6666666666666666,0.0,0.0,0.0
2025-01-19,1,0,0.0,0.378623896651538,0.378623896651538,0.0,0.6931471805599453,0.0,0.32108582531855706,1.0,1.0,0.0,0.0,0.0,0.0
2025-01-20,3,2,0.6666666666666666,0.5348928578458039,1.6046785735374116,0.6666666666666666,1.3862943611198906,1.0986122886681098,0.9573092793149853,0.6666666666666666,1.0,0.3333333333333333,0.3333333333333333,0.0,0.0
2025-01-21,4,3,0.75,0.6938946741888956,2.7755786967555824,0.75,1.6094379124341003,1.3862943611198906,1.3285536681059766,0.75,1.0,0.5,0.0,0.25,0.0
2025-01-22,8,6,0.75,0.5993809267488819,4.795047413991055,0.75,2.1972245773362196,1.9459101490553132,1.7570036586376319,0.625,0.375,0.5,0.125,0.25,0.0
2025-01-23,1,0,0.0,0.18753356287775583,0.18753356287775583,0.0,0.6931471805599453,0.0,0.1718785200032596,0.0,0.0,1.0,0.0,0.0,0.0
2025-01-24,4,4,1.0,0.7789906494394419,3.1159625977577674,1.0,1.6094379124341003,1.6094379124341003,1.414872730894016,0.75,0.0,1.0,0.0,0.0,0.0
2025-01-25,3,2,0.6666666666666666,0.6058170795869314,1.8174512387607942,0.6666666666666666,1.3862943611198906,1.0986122886681098,1.0358326602197605,0.6666666666666666,0.6666666666666666,0.6666666666666666,0.0,0.0,0.0
2025-01-26,3,2,0.6666666666666666,0.7189026941574931,2.156708082472479,0.6666666666666666,1.3862943611198906,1.0986122886681098,1.1495297385512473,0.6666666666666666,1.0,0.6666666666666666,0.3333333333333333,0.0,0.0
2025-01-27,5,4,0.8,0.5853076871100966,2.926538435550483,0.8,1.791759469228055,1.6094379124341003,1.3677582325408952,0.4,0.0,0.6,0.0,0.0,0.0
2025-01-28,4,0,0.0,0.2946419147140109,1.1785676588560436,0.0,1.6094379124341003,0.0,0.77866762363545,0.75,0.25,0.25,0.0,0.0,0.0
2025-01-29,1,1,1.0,0.8357971767719379,0.8357971767719379,1.0,0.6931471805599453,0.6931471805599453,0.6074788159282305,1.0,1.0,1.0,0.0,0.0,0.0
2025-01-30,1,0,0.0,0.3814175654039208,0.3814175654039208,0.0,0.6931471805599453,0.0,0.3231101932455196,0.0,0.0,1.0,0.0,0.0,0.0
2025-01-31,6,1,0.16666666666666666,0.39361309320991184,2.361678559259471,0.16666666666666666,1.9459101490553132,0.6931471805599453,1.2124404204391368,0.3333333333333333,0.8333333333333334,0.8333333333333334,0.16666666666666666,0.0,0.0
2025-02-01,2,1,0.5,0.5844433592619326,1.1688867185238652,0.5,1.0986122886681098,0.6931471805599453,0.7742140029676314,0.5,0.5,0.5,0.0,0.5,0.0
2025-02-02,6,5,0.8333333333333334,0.7219021105785091,4.331412663471054,0.8333333333333334,1.9459101490553132,1.791759469228055,1.673616243111698,0.8333333333333334,0.8333333333333334,0.6666666666666666,0.3333333333333333,0.0,0.0
2025-02-03,5,1,0.2,0.3434579888991099,1.7172899444955494,0.2,1.791759469228055,0.6931471805599453,0.9996350396918902,0.6,0.8,0.6,0.0,0.0,0.0
2025-02-04,3,1,0.3333333333333333,0.45214017466367945,1.3564205239910383,0.3333333333333333,1.3862943611198906,0.6931471805599453,0.8571437405201134,0.3333333333333333,0.3333333333333333,1.0,0.0,0.0,0.0
2025-02-05,1,0,0.0,0.4577328396241872,0.4577328396241872,0.0,0.6931471805599453,0.0,0.37688237922726736,1.0,1.0,0.0,0.0,0.0,0.0
2025-02-06,7,3,0.42857142857142855,0.5219225772075228,3.6534580404526595,0.42857142857142855,2.0794415416798357,1.3862943611198906,1.5376106078312264,0.42857142857142855,0.8571428571428571,0.8571428571428571,0.14285714285714285,0.2857142857142857,0.0
2025-02-07,4,2,0.5,0.500029464125038,2.000117856500152,0.5,1.6094379124341003,1.0986122886681098,1.0986515733965054,0.75,0.5,0.25,0.0,0.0,0.0
2025-02-08,3,1,0.3333333333333333,0.45778428440853464,1.3733528532256039,0.3333333333333333,1.3862943611198906,0.6931471805599453,0.8643036613956617,0.3333333333333333,1.0,0.6666666666666666,0.0,0.0,0.0
2025-02-10,4,2,0.5,0.4694233324963679,1.8776933299854717,0.5,1.6094379124341003,1.0986122886681098,1.0569890461460125,0.25,0.5,0.75,0.25,0.25,0.0
2025-02-11,2,2,1.0,0.8105784249210235,1.621156849842047,1.0,1.0986122886681098,1.0986122886681098,0.9636157660616095,1.0,1.0,0.5,0.0,0.0,0.0
2025-02-12,1,0,0.0,0.20406641771725972,0.20406641771725972,0.0,0.6931471805599453,0.0,0.18570450958213294,1.0,1.0,0.0,0.0,0.0,0.0
2025-02-13,4,3,0.75,0.6027679394863862,2.4110717579455447,0.75,1.6094379124341003,1.3862943611198906,1.2270265404317482,0.75,0.75,1.0,0.0,0.0,0.0
2025-02-14,6,3,0.5,0.523779341430549,3.142676048583294,0.5,1.9459101490553132,1.3862943611198906,1.4213419675648162,0.6666666666666666,0.3333333333333333,0.6666666666666666,0.0,0.0,0.0
2025-02-15,2,0,0.0,0.3295628282705591,0.6591256565411182,0.0,1.0986122886681098,0.0,0.5062907506794335,0.5,0.0,0.5,0.0,0.0,0.0
2025-02-16,5,3,0.6,0.5077318647791499,2.5386593238957493,0.6,1.791759469228055,1.3862943611198906,1.263747933349023,0.0,0.4,1.0,0.0,0.0,0.0
2025-02-17,2,2,1.0,0.595644421156688,1.191288842313376,1.0,1.0986122886681098,1.0986122886681098,0.7844898831947191,0.5,1.0,0.5,0.0,0.0,0.0
2025-02-18,4,2,0.5,0.6133895018827913,2.453558007531165,0.5,1.6094379124341003,1.0986122886681098,1.2394050061428084,0.5,0.5,0.5,0.0,0.0,0.0
2025-02-19,7,4,0.5714285714285714,0.5963917065094294,4.174741945566006,0.5714285714285714,2.0794415416798357,1.6094379124341003,1.6437894723169928,0.7142857142857143,0.5714285714285714,0.7142857142857143,0.14285714285714285,0.14285714285714285,0.0
2025-02-21,6,3,0.5,0.6081811803082199,3.649087081849319,0.5,1.9459101490553132,1.3862943611198906,1.5366708738406807,0.5,0.6666666666666666,1.0,0.16666666666666666,0.0,0.0
2025-02-22,4,1,0.25,0.3883698806347618,1.5534795225390472,0.25,1.6094379124341003,0.6931471805599453,0.9374569477035403,0.5,0.5,0.5,0.25,0.0,0.0
2025-02-23,3,1,0.3333333333333333,0.4656953379162187,1.397086013748656,0.3333333333333333,1.3862943611198906,0.6931471805599453,0.874253838725271,1.0,0.3333333333333333,0.0,0.0,0.3333333333333333,0.0
2025-02-24,3,2,0.6666666666666666,0.5203471269890235,1.5610413809670705,0.6666666666666666,1.3862943611198906,1.0986122886681098,0.9404139652153399,0.3333333333333333,0.6666666666666666,0.6666666666666666,0.3333333333333333,0.0,0.0
2025-02-25,2,2,1.0,0.7855544861616393,1.5711089723232785,1.0,1.0986122886681098,1.0986122886681098,0.9443373125754434,1.0,0.5,0.5,0.5,0.0,0.0
2025-02-26,3,1,0.3333333333333333,0.4230110505363802,1.2690331516091407,0.3333333333333333,1.3862943611198906,0.6931471805599453,0.8193538163604898,0.3333333333333333,0.6666666666666666,0.6666666666666666,0.3333333333333333,0.0,0.0
2025-02-27,5,1,0.2,0.35178549076149246,1.7589274538074622,0.2,1.791759469228055,0.6931471805599453,1.014842000510128,0.6,0.4,0.4,0.0,0.2,0.0
2025-02-28,1,1,1.0,0.8708552180867418,0.8708552180867418,1.0,0.6931471805599453,0.6931471805599453,0.6263956621955808,1.0,1.0,1.0,0.0,0.0,0.0
2025-03-02,6,3,0.5,0.4752854485021955,2.851712691013173,0.5,1.9459101490553132,1.3862943611198906,1.348517904189744,0.5,0.5,0.5,0.16666666666666666,0.0,0.0
2025-03-03,4,3,0.75,0.620221622652159,2.480886490608636,0.75,1.6094379124341003,1.3862943611198906,1.247287000026637,0.75,0.5,0.5,0.25,0.25,0.0
2025-03-04,2,1,0.5,0.6033772681001961,1.2067545362003922,0.5,1.0986122886681098,0.6931471805599453,0.7915229005184,0.5,0.5,0.5,0.5,0.0,0.0
2025-03-05,3,2,0.6666666666666666,0.5630130485296041,1.6890391455888123,0.6666666666666666,1.3862943611198906,1.0986122886681098,0.9891839348560398,0.6666666666666666,0.3333333333333333,0.3333333333333333,0.0,0.0,0.0
2025-03-06,6,5,0.8333333333333334,0.686158070866092,4.1169484251965525,0.8333333333333334,1.9459101490553132,1.791759469228055,1.6325582506626337,0.8333333333333334,0.8333333333333334,0.6666666666666666,0.0,0.16666666666666666,0.0
2025-03-07,8,3,0.375,0.48121235510523225,3.849698840841858,0.375,2.1972245773362196,1.3862943611198906,1.5789166083496562,0.875,0.75,0.25,0.0,0.0,0.0
2025-03-08,2,1,0.5,0.6285611719923514,1.2571223439847028,0.5,1.0986122886681098,0.6931471805599453,0.8140907028282677,1.0,0.5,0.0,0.0,0.5,0.0
2025-03-09,5,3,0.6,0.5371066549492001,2.6855332747460006,0.6,1.791759469228055,1.3862943611198906,1.304415230163226,0.2,0.2,1.0,0.0,0.2,0.0
2025-03-10,3,3,1.0,0.8048021721041074,2.4144065163123223,1.0,1.3862943611198906,1.3862943611198906,1.228003690602952,0.6666666666666666,0.3333333333333333,0.6666666666666666,0.0,0.0,0.0
2025-03-11,2,1,0.5,0.5681622978417663,1.1363245956835326,0.5,1.0986122886681098,0.6931471805599453,0.759086873823865,1.0,1.0,0.0,0.0,0.0,0.0
2025-03-12,5,3,0.6,0.4657634568821856,2.328817284410928,0.6,1.791759469228055,1.3862943611198906,1.202617071058036,0.4,0.8,0.8,0.0,0.0,0.0
2025-03-13,3,2,0.6666666666666666,0.6638633534958817,1.991590060487645,0.6666666666666666,1.3862943611198906,1.0986122886681098,1.0958050388561447,1.0,0.6666666666666666,1.0,0.0,0.3333333333333333,0.0
2025-03-14,1,1,1.0,0.6016937096269372,0.6016937096269372,1.0,0.6931471805599453,0.6931471805599453,0.47106163787400435,0.0,0.0,1.0,0.0,0.0,0.0
2025-03-15,4,2,0.5,0.47473372995645924,1.898934919825837,0.5,1.6094379124341003,1.0986122886681098,1.0643434005070684,0.25,0.5,1.0,0.0,0.5,0.0
2025-03-16,2,2,1.0,0.6524974393902685,1.304994878780537,1.0,1.0986122886681098,1.0986122886681098,0.835078454658958,0.5,1.0,1.0,0.0,1.0,0.0
2025-03-17,4,2,0.5,0.46410012750112073,1.856400510004483,0.5,1.6094379124341003,1.0986122886681098,1.0495622692407935,0.25,0.25,0.75,0.0,0.0,0.0
2025-03-18,3,0,0.0,0.41298896982364974,1.2389669094709492,0.0,1.3862943611198906,0.0,0.8060145583519558,0.0,0.3333333333333333,1.0,0.0,0.0,0.0
2025-03-19,5,3,0.6,0.5366635097550564,2.683317548775282,0.6,1.791759469228055,1.3862943611198906,1.3038138538860937,0.8,0.6,0.4,0.0,0.0,0.0
2025-03-20,4,2,0.5,0.4671064532349138,1.8684258129396552,0.5,1.6094379124341003,1.0986122886681098,1.053763382058325,1.0,0.5,0.0,0.0,0.0,0.0
2025-03-21,2,2,1.0,0.7161410900511402,1.4322821801022805,1.0,1.0986122886681098,1.0986122886681098,0.888829985375775,0.5,0.5,0.5,0.0,0.5,0.0
2025-03-22,3,1,0.3333333333333333,0.4609940635769418,1.3829821907308253,0.3333333333333333,1.3862943611198906,0.6931471805599453,0.8683527246228059,0.3333333333333333,0.6666666666666666,1.0,0.0,0.0,0.0
2025-03-23,5,2,0.4,0.5574654750205831,2.7873273751029153,0.4,1.791759469228055,1.0986122886681098,1.3316605922662168,0.6,0.8,0.4,0.0,0.0,0.0
2025-03-24,7,4,0.5714285714285714,0.5864571765366711,4.105200235756698,0.5714285714285714,2.0794415416798357,1.6094379124341003,1.6302596743061157,0.7142857142857143,0.8571428571428571,0.42857142857142855,0.2857142857142857,0.2857142857142857,0.0
2025-03-25,2,2,1.0,0.7338417965217593,1.4676835930435186,1.0,1.0986122886681098,1.0986122886681098,0.9032798940332141,1.0,0.5,0.0,0.5,0.0,0.0
2025-03-26,1,1,1.0,0.6962661866020756,0.6962661866020756,1.0,0.6931471805599453,0.6931471805599453,0.5284294747018542,1.0,0.0,0.0,0.0,0.0,0.0
2025-03-27,5,2,0.4,0.5211741668698794,2.605870834349397,0.4,1.791759469228055,1.0986122886681098,1.2825633044916103,0.6,0.6,0.6,0.0,0.2,0.0
2025-03-28,3,1,0.3333333333333333,0.47870445035512804,1.436113351065384,0.3333333333333333,1.3862943611198906,0.6931471805599453,0.8904038804011237,0.6666666666666666,0.0,1.0,0.0,0.0,0.0
2025-03-29,3,1,0.3333333333333333,0.6054690558978527,1.8164071676935583,0.3333333333333333,1.3862943611198906,0.6931471805599453,1.035462018643823,0.6666666666666666,0.6666666666666666,0.6666666666666666,0.0,0.3333333333333333,0.0
2025-03-30,5,2,0.4,0.46203986082415316,2.310199304120766,0.4,1.791759469228055,1.0986122886681098,1.197008400301565,1.0,0.6,0.0,0.0,0.0,0.0
2025-03-31,5,2,0.4,0.5173288417530252,2.586644208765126,0.4,1.791759469228055,1.0986122886681098,1.2772170045492133,0.2,0.4,1.0,0.0,0.0,0.0
2025-04-01,3,1,0.3333333333333333,0.43664542048742055,1.3099362614622616,0.3333333333333333,1.3862943611198906,0.6931471805599453,0.8372199317124444,0.3333333333333333,0.6666666666666666,0.6666666666666666,0.0,0.0,0.0
2025-04-02,6,3,0.5,0.5131224108870845,3.078734465322507,0.5,1.9459101490553132,1.3862943611198906,1.40578676023227,0.5,0.3333333333333333,0.8333333333333334,0.0,0.16666666666666666,0.0
2025-04-03,3,2,0.6666666666666666,0.6762194116687884,2.028658235006365,0.6666666666666666,1.3862943611198906,1.0986122886681098,1.1081196947139935,0.6666666666666666,0.6666666666666666,0.3333333333333333,0.0,0.3333333333333333,0.0
2025-04-04,4,2,0.5,0.5560375941481885,2.224150376592754,0.5,1.6094379124341003,1.0986122886681098,1.1706694664203947,0.75,0.5,0.25,0.0,0.0,0.0
2025-04-05,8,4,0.5,0.5183843618246535,4.147074894597228,0.5,2.1972245773362196,1.6094379124341003,1.638428571681368,0.625,0.625,0.375,0.375,0.375,0.0
2025-04-06,6,3,0.5,0.5145547077015856,3.0873282462095135,0.5,1.9459101490553132,1.3862943611198906,1.4078915160645773,0.3333333333333333,0.5,1.0,0.16666666666666666,0.0,0.0
2025-04-07,4,4,1.0,0.6500718497517151,2.6002873990068602,1.0,1.6094379124341003,1.6094379124341003,1.2810136753330366,0.75,0.5,1.0,0.0,0.0,0.0
2025-04-08,4,3,0.75,0.6849859698697967,2.7399438794791866,0.75,1.6094379124341003,1.3862943611198906,1.3190706058270085,1.0,1.0,0.5,0.0,0.25,0.0
2025-04-09,1,1,1.0,0.8855838151149745,0.8855838151149745,1.0,0.6931471805599453,0.6931471805599453,0.6342374891891656,1.0,0.0,1.0,0.0,0.0,0.0
2025-04-10,4,2,0.5,0.6010590285070256,2.4042361140281026,0.5,1.6094379124341003,1.0986122886681098,1.22502057200361,1.0,0.5,0.25,0.25,0.0,0.0
2025-04-11,3,2,0.6666666666666666,0.5144053433800927,1.543216030140278,0.6666666666666666,1.3862943611198906,1.0986122886681098,0.9334294337324797,0.0,0.3333333333333333,1.0,0.0,0.0,0.0
2025-04-12,2,1,0.5,0.5725411627168357,1.1450823254336715,0.5,1.0986122886681098,0.6931471805599453,0.7631779317990388,1.0,1.0,0.5,0.0,0.0,0.0
2025-04-13,1,0,0.0,0.2554948123801487,0.2554948123801487,0.0,0.6931471805599453,0.0,0.22752976769151323,0.0,0.0,1.0,0.0,0.0,0.0
2025-04-14,2,1,0.5,0.4160373218473861,0.8320746436947722,0.5,1.0986122886681098,0.6931471805599453,0.6054490097967847,0.5,1.0,1.0,0.0,0.0,0.0
2025-04-15,5,5,1.0,0.772654922843925,3.863274614219625,1.0,1.791759469228055,1.791759469228055,1.581711999952631,0.4,0.6,0.6,0.2,0.2,0.0
2025-04-16,3,3,1.0,0.7460078472500972,2.2380235417502914,1.0,1.3862943611198906,1.3862943611198906,1.1749631256892643,1.0,1.0,0.3333333333333333,0.0,0.0,0.0
2025-04-17,2,1,0.5,0.5874469909543691,1.1748939819087383,0.5,1.0986122886681098,0.6931471805599453,0.7769799194026171,1.0,0.5,1.0,0.0,0.0,0.0
2025-04-18,5,2,0.4,0.5440044275679722,2.720022137839861,0.4,1.791759469228055,1.0986122886681098,1.3137296192995687,0.4,0.4,0.6,0.2,0.2,0.0
2025-04-19,3,1,0.3333333333333333,0.39125414233740313,1.1737624270122093,0.3333333333333333,1.3862943611198906,0.6931471805599453,0.776459503524395,0.6666666666666666,0.3333333333333333,0.3333333333333333,0.0,0.0,0.0
2025-04-20,2,1,0.5,0.6289485100201271,1.2578970200402542,0.5,1.0986122886681098,0.6931471805599453,0.814433857973659,1.0,1.0,0.5,0.5,0.0,0.0
2025-04-21,5,2,0.4,0.4913698377699773,2.4568491888498865,0.4,1.791759469228055,1.0986122886681098,1.240357535125265,0.4,0.6,0.8,0.0,0.0,0.0
2025-04-22,4,3,0.75,0.7469102940852294,2.9876411763409174,0.75,1.6094379124341003,1.3862943611198906,1.3831998722092254,0.75,0.5,0.75,0.0,0.0,0.0
2025-04-23,6,5,0.8333333333333334,0.7512586542541193,4.507551925524716,0.8333333333333334,1.9459101490553132,1.791759469228055,1.706120227797845,0.8333333333333334,0.6666666666666666,1.0,0.0,0.0,0.0
2025-04-24,7,5,0.7142857142857143,0.4859042828548189,3.4013299799837324,0.7142857142857143,2.0794415416798357,1.791759469228055,1.4819067634285141,1.0,0.2857142857142857,0.2857142857142857,0.0,0.0,0.0
2025-04-26,3,3,1.0,0.7523706324222005,2.2571118972666016,1.0,1.3862943611198906,1.3862943611198906,1.1808408816347407,0.6666666666666666,1.0,1.0,0.0,0.3333333333333333,0.0
2025-04-27,4,2,0.5,0.5178037257871466,2.0712149031485865,0.5,1.6094379124341003,1.0986122886681098,1.1220732172417092,0.25,0.75,0.75,0.0,0.0,0.0
2025-04-28,6,3,0.5,0.519834899934796,3.119009399608776,0.5,1.9459101490553132,1.3862943611198906,1.4156126974636674,0.5,1.0,0.6666666666666666,0.16666666666666666,0.0,0.0
2025-04-29,4,3,0.75,0.6288507519407042,2.5154030077628167,0.75,1.6094379124341003,1.3862943611198906,1.2571541723924764,1.0,0.75,0.0,0.0,0.0,0.0
2025-04-30,7,5,0.7142857142857143,0.5984726881063384,4.189308816744369,0.7142857142857143,2.0794415416798357,1.791759469228055,1.646600512344615,0.7142857142857143,0.8571428571428571,0.5714285714285714,0.2857142857142857,0.14285714285714285,0.0
2025-05-01,3,2,0.6666666666666666,0.5276248318546606,1.5828744955639817,0.6666666666666666,1.3862943611198906,1.0986122886681098,0.9489029243014071,0.3333333333333333,0.3333333333333333,0.6666666666666666,0.3333333333333333,0.0,0.0
2025-05-02,5,3,0.6,0.4975403438624008,2.487701719312004,0.6,1.791759469228055,1.3862943611198906,1.2492429861377177,0.4,0.6,0.8,0.0,0.0,0.0
2025-05-03,2,1,0.5,0.5090290010652188,1.0180580021304375,0.5,1.0986122886681098,0.6931471805599453,0.7021356639021277,0.5,0.5,0.5,0.0,0.5,0.0
2025-05-04,4,2,0.5,0.512788831965248,2.051155327860992,0.5,1.6094379124341003,1.0986122886681098,1.1155203149142174,0.75,0.5,0.25,0.25,0.0,0.0
2025-05-05,3,2,0.6666666666666666,0.5680624440415173,1.704187332124552,0.6666666666666666,1.3862943611198906,1.0986122886681098,0.9948014354128557,0.6666666666666666,0.6666666666666666,0.6666666666666666,0.0,0.3333333333333333,0.0
2025-05-06,3,3,1.0,0.8543676916458786,2.5631030749376356,1.0,1.3862943611198906,1.3862943611198906,1.2706318154608374,1.0,1.0,0.0,0.3333333333333333,0.3333333333333333,0.0
2025-05-07,4,3,0.75,0.6139623270529236,2.4558493082116946,0.75,1.6094379124341003,1.3862943611198906,1.2400682470431679,0.5,0.5,0.75,0.25,0.25,0.0
2025-05-08,8,7,0.875,0.7368205087481982,5.894564069985585,0.875,2.1972245773362196,2.0794415416798357,1.9307332851690313,1.0,0.75,0.125,0.0,0.25,0.0
2025-05-09,7,4,0.5714285714285714,0.5775449987802757,4.042814991461929,0.5714285714285714,2.0794415416798357,1.6094379124341003,1.6179644562153925,0.8571428571428571,0.5714285714285714,0.42857142857142855,0.0,0.2857142857142857,0.0
2025-05-10,2,1,0.5,0.5374058624866309,1.0748117249732618,0.5,1.0986122886681098,0.6931471805599453,0.7298704146133519,1.0,0.5,0.5,0.0,0.0,0.0
2025-05-11,1,1,1.0,0.6504851138898752,0.6504851138898752,1.0,0.6931471805599453,0.6931471805599453,0.5010692531185901,1.0,1.0,0.0,0.0,0.0,0.0
2025-05-24,3,3,1.0,0.7458084743062973,2.237425422918892,1.0,1.3862943611198906,1.3862943611198906,1.1747783913684893,0.6666666666666666,1.0,0.6666666666666666,0.0,0.0,0.0
2025-05-25,4,3,0.75,0.6786749229637135,2.714699691854854,0.75,1.6094379124341003,1.3862943611198906,1.3122978382548498,0.5,0.5,0.75,0.0,0.25,0.0
2025-05-26,3,3,1.0,0.685091773863813,2.055275321591439,1.0,1.3862943611198906,1.3862943611198906,1.116869710196707,1.0,0.6666666666666666,0.0,0.0,0.3333333333333333,0.0
2025-05-27,5,3,0.6,0.6694997438269752,3.347498719134876,0.6,1.791759469228055,1.3862943611198906,1.4696006726251825,0.8,0.6,0.6,0.0,0.6,0.0
2025-05-28,1,1,1.0,0.7846596021408437,0.7846596021408437,1.0,0.6931471805599453,0.6931471805599453,0.5792276979654608,1.0,1.0,1.0,0.0,0.0,0.0
2025-05-29,6,5,0.8333333333333334,0.6322083866256946,3.793250319754167,0.8333333333333334,1.9459101490553132,1.791759469228055,1.567208744925623,0.6666666666666666,0.6666666666666666,0.5,0.3333333333333333,0.0,0.0
2025-05-30,2,2,1.0,0.7924344603147446,1.5848689206294893,1.0,1.0986122886681098,1.0986122886681098,0.9496747989878629,1.0,1.0,1.0,0.0,0.0,0.0
2025-05-31,2,1,0.5,0.6848273880372382,1.3696547760744764,0.5,1.0986122886681098,0.6931471805599453,0.8627442804333975,0.5,0.5,1.0,0.0,0.0,0.0
2025-06-01,5,4,0.8,0.6410866304463457,3.2054331522317288,0.8,1.791759469228055,1.6094379124341003,1.4363772969740203,0.6,0.6,0.8,0.0,0.0,0.0
2025-06-02,4,3,0.75,0.5307263157073573,2.122905262829429,0.75,1.6094379124341003,1.3862943611198906,1.1387637425316361,0.75,0.75,0.75,0.0,0.0,0.0
2025-06-03,5,4,0.8,0.6284053277461463,3.142026638730732,0.8,1.791759469228055,1.6094379124341003,1.421185194321792,1.0,0.8,0.8,0.0,0.0,0.0
2025-06-04,3,2,0.6666666666666666,0.679591957235928,2.038775871707784,0.6666666666666666,1.3862943611198906,1.0986122886681098,1.1114547605429388,0.6666666666666666,1.0,1.0,0.3333333333333333,0.0,0.0
2025-06-05,7,7,1.0,0.7566331812288852,5.296432268602197,1.0,2.0794415416798357,2.0794415416798357,1.8399831664142765,0.8571428571428571,0.8571428571428571,0.8571428571428571,0.0,0.0,0.0
2025-06-06,4,3,0.75,0.5477437989548029,2.1909751958192114,0.75,1.6094379124341003,1.3862943611198906,1.1603265740973623,0.5,1.0,0.75,0.0,0.0,0.0
2025-06-07,4,1,0.25,0.47463782367428176,1.898551294697127,0.25,1.6094379124341003,0.6931471805599453,1.0642110586212667,0.25,0.25,1.0,0.0,0.0,0.0
2025-06-08,4,3,0.75,0.5910160698162135,2.364064279264854,0.75,1.6094379124341003,1.3862943611198906,1.2131498499141316,0.25,1.0,1.0,0.25,0.0,0.0
2025-06-09,8,4,0.5,0.575989950454743,4.607919603637944,0.5,2.1972245773362196,1.6094379124341003,1.724179813616322,0.375,0.625,1.0,0.125,0.25,0.0
2025-06-10,6,3,0.5,0.5202896340427156,3.121737804256293,0.5,1.9459101490553132,1.3862943611198906,1.4162748715796094,0.3333333333333333,0.8333333333333334,0.8333333333333334,0.16666666666666666,0.16666666666666666,0.0
2025-06-11,10,7,0.7,0.7270276672980176,7.270276672980176,0.7,2.3978952727983707,2.0794415416798357,2.1126679634917345,0.7,1.0,0.9,0.1,0.1,0.0
2025-06-12,4,3,0.75,0.6548654137468397,2.619461654987359,0.75,1.6094379124341003,1.3862943611198906,1.2863253006867528,0.75,0.75,0.5,0.0,0.25,0.0
2025-06-13,9,4,0.4444444444444444,0.5229224080597165,4.706301672537448,0.4444444444444444,2.302585092994046,1.6094379124341003,1.7415711207483908,0.5555555555555556,0.6666666666666666,0.4444444444444444,0.0,0.0,0.0
2025-07-02,5,3,0.6,0.5759964180418177,2.8799820902090882,0.6,1.791759469228055,1.3862943611198906,1.3558305376990358,0.8,0.8,0.8,0.0,0.0,0.0
2025-07-03,4,3,0.75,0.7064050902950836,2.8256203611803343,0.75,1.6094379124341003,1.3862943611198906,1.3417206400572823,0.75,0.75,0.75,0.0,0.0,0.0
2025-07-05,1,1,1.0,0.8149008179955889,0.8149008179955889,1.0,0.6931471805599453,0.6931471805599453,0.5960308204912238,1.0,0.0,1.0,0.0,0.0,0.0
2025-07-06,2,0,0.0,0.23771659400072426,0.4754331880014485,0.0,1.0986122886681098,0.0,0.38895163345490547,0.0,0.0,1.0,0.0,0.0,0.0
2025-07-07,1,1,1.0,0.5672101131242215,0.5672101131242215,1.0,0.6931471805599453,0.6931471805599453,0.4492970406162846,0.0,1.0,1.0,0.0,0.0,0.0
2025-07-08,1,1,1.0,0.5942841377961717,0.5942841377961717,1.0,0.6931471805599453,0.6931471805599453,0.466424819059836,0.0,0.0,1.0,0.0,0.0,0.0
2025-07-09,7,3,0.42857142857142855,0.5929794449464413,4.150856114625089,0.42857142857142855,2.0794415416798357,1.3862943611198906,1.6391629367095288,0.42857142857142855,0.5714285714285714,0.8571428571428571,0.0,0.0,0.0
2025-07-10,5,4,0.8,0.5270578155411464,2.635289077705732,0.8,1.791759469228055,1.6094379124341003,1.290688634014841,0.4,0.4,0.8,0.0,0.0,0.0
2025-07-11,4,4,1.0,0.6779013159058126,2.7116052636232504,1.0,1.6094379124341003,1.6094379124341003,1.3114644686506531,0.75,0.5,1.0,0.0,0.0,0.0
2025-07-12,1,0,0.0,0.46413538384614916,0.46413538384614916,0.0,0.6931471805599453,0.0,0.3812648865682891,0.0,0.0,1.0,0.0,0.0,0.0
2025-07-13,3,1,0.3333333333333333,0.5163212650477336,1.5489637951432007,0.3333333333333333,1.3862943611198906,0.6931471805599453,0.9356869217400277,0.6666666666666666,0.3333333333333333,0.6666666666666666,0.0,0.3333333333333333,0.0
2025-07-14,2,2,1.0,0.5245190492138346,1.0490380984276693,1.0,1.0986122886681098,1.0986122886681098,0.7173704627528481,0.0,0.5,1.0,0.0,0.0,0.0
2025-07-15,2,1,0.5,0.6070180657030334,1.2140361314060668,0.5,1.0986122886681098,0.6931471805599453,0.7948171536682186,0.5,0.0,0.5,0.0,0.0,0.0
2025-07-16,5,3,0.6,0.6066477961051872,3.033238980525936,0.6,1.791759469228055,1.3862943611198906,1.3945697704029267,0.6,0.6,0.6,0.0,0.0,0.0
2025-07-17,3,3,1.0,0.6562212883570518,1.9686638650711554,1.0,1.3862943611198906,1.3862943611198906,1.088111974509135,0.6666666666666666,0.3333333333333333,0.6666666666666666,0.0,0.3333333333333333,0.0
2025-07-18,3,3,1.0,0.5948905085239392,1.7846715255718177,1.0,1.3862943611198906,1.3862943611198906,1.024129922283907,0.6666666666666666,1.0,1.0,0.0,0.3333333333333333,0.0
2025-07-19,2,1,0.5,0.40950026727305355,0.8190005345461071,0.5,1.0986122886681098,0.6931471805599453,0.5982871934040602,0.0,1.0,1.0,0.0,0.0,0.0
2025-07-20,7,6,0.8571428571428571,0.6138845062998854,4.297191544099198,0.8571428571428571,2.0794415416798357,1.9459101490553132,1.6671767827730903,0.42857142857142855,0.8571428571428571,0.8571428571428571,0.14285714285714285,0.0,0.0
2025-07-21,3,2,0.6666666666666666,0.46559198382002837,1.396775951460085,0.6666666666666666,1.3862943611198906,1.0986122886681098,0.8741244806873243,0.3333333333333333,0.3333333333333333,0.6666666666666666,0.0,0.0,0.0
2025-07-22,11,7,0.6363636363636364,0.5813593168862589,6.394952485748847,0.6363636363636364,2.4849066497880004,2.0794415416798357,2.0007976709560293,0.7272727272727273,0.6363636363636364,1.0,0.0,0.0,0.0
2025-07-23,8,6,0.75,0.6396886938394052,5.1175095507152415,0.75,2.1972245773362196,1.9459101490553132,1.811155077545607,0.375,0.5,0.875,0.0,0.125,0.0
2025-07-24,4,3,0.75,0.6803204877640063,2.7212819510560253,0.75,1.6094379124341003,1.3862943611198906,1.3140682194194269,0.75,0.75,0.75,0.25,0.25,0.0
2025-07-25,2,1,0.5,0.6554769922108967,1.3109539844217935,0.5,1.0986122886681098,0.6931471805599453,0.8376604195499965,0.5,0.5,1.0,0.0,0.0,0.0
2025-07-26,2,2,1.0,0.7994675361687437,1.5989350723374873,1.0,1.0986122886681098,1.0986122886681098,0.9551017735610344,0.5,1.0,1.0,0.0,0.0,0.0
2025-07-27,7,4,0.5714285714285714,0.5574759353662434,3.9023315475637035,0.5714285714285714,2.0794415416798357,1.6094379124341003,1.5897109179806805,0.42857142857142855,0.8571428571428571,1.0,0.0,0.2857142857142857,0.0
2025-07-28,2,0,0.0,0.3520037437840684,0.7040074875681368,0.0,1.0986122886681098,0.0,0.5329828225102262,0.0,0.5,1.0,0.0,0.0,0.0
2025-07-29,6,3,0.5,0.5755182666723754,3.4531096000342525,0.5,1.9459101490553132,1.3862943611198906,1.4936026386650767,0.6666666666666666,0.5,1.0,0.0,0.0,0.0
2025-07-30,5,2,0.4,0.49701645897539715,2.4850822948769857,0.4,1.791759469228055,1.0986122886681098,1.2484916579586405,0.6,0.8,0.6,0.2,0.0,0.0
2025-07-31,6,1,0.16666666666666666,0.4190726358950337,2.514435815370202,0.16666666666666666,1.9459101490553132,0.6931471805599453,1.2568790046615934,0.0,0.3333333333333333,1.0,0.0,0.0,0.0
2025-08-01,5,3,0.6,0.5873947067261601,2.9369735336308005,0.6,1.791759469228055,1.3862943611198906,1.370412289467783,0.6,0.6,1.0,0.0,0.0,0.0
2025-08-02,4,3,0.75,0.6185442255075041,2.4741769020300164,0.75,1.6094379124341003,1.3862943611198906,1.2453575882351746,0.5,0.75,1.0,0.0,0.5,0.0
2025-08-03,3,1,0.3333333333333333,0.49677975155292337,1.4903392546587702,0.3333333333333333,1.3862943611198906,0.6931471805599453,0.9124189480467687,0.6666666666666666,0.6666666666666666,0.6666666666666666,0.0,0.3333333333333333,0.0
2025-08-04,3,2,0.6666666666666666,0.5813117905787694,1.743935371736308,0.6666666666666666,1.3862943611198906,1.0986122886681098,1.0093931570120407,0.6666666666666666,0.6666666666666666,0.6666666666666666,0.0,0.0,0.0
2025-08-05,5,4,0.8,0.6356626453651,3.1783132268255,0.8,1.791759469228055,1.6094379124341003,1.4299076308425354,0.8,0.8,1.0,0.0,0.0,0.0
2025-08-06,6,6,1.0,0.7029641447132944,4.217784868279766,1.0,1.9459101490553132,1.9459101490553132,1.6520729570949193,0.6666666666666666,0.6666666666666666,1.0,0.0,0.5,0.0
2025-08-07,2,2,1.0,0.7914160942120709,1.5828321884241419,1.0,1.0986122886681098,1.0986122886681098,0.9488865443005945,1.0,0.5,0.5,0.0,0.5,0.0
2025-08-08,4,3,0.75,0.6613028278809366,2.6452113115237466,0.75,1.6094379124341003,1.3862943611198906,1.2934143367634483,0.5,1.0,1.0,0.25,0.5,0.0
2025-08-09,6,4,0.6666666666666666,0.6044638256131404,3.626782953678842,0.6666666666666666,1.9459101490553132,1.6094379124341003,1.5318618001751345,0.6666666666666666,0.6666666666666666,0.6666666666666666,0.0,0.16666666666666666,0.0
2025-08-10,2,2,1.0,0.6202094245737406,1.2404188491474812,1.0,1.0986122886681098,1.0986122886681098,0.8066628346137571,0.5,1.0,1.0,0.0,0.0,0.0
2025-08-11,4,2,0.5,0.42684424131809334,1.7073769652723734,0.5,1.6094379124341003,1.0986122886681098,0.9959802566711453,0.5,0.25,0.75,0.0,0.25,0.0
2025-08-12,5,3,0.6,0.6247145210262854,3.123572605131427,0.6,1.791759469228055,1.3862943611198906,1.416719924783023,0.6,0.8,1.0,0.0,0.0,0.0
2025-08-13,8,5,0.625,0.6838089924465204,5.470471939572163,0.625,2.1972245773362196,1.791759469228055,1.867249048599473,0.875,1.0,0.875,0.0,0.0,0.0
2025-08-15,2,1,0.5,0.6093215175448321,1.2186430350896642,0.5,1.0986122886681098,0.6931471805599453,0.7968957635424191,0.5,1.0,1.0,0.0,0.0,0.0
2025-08-16,1,0,0.0,0.4626329470969801,0.4626329470969801,0.0,0.6931471805599453,0.0,0.38023819999029157,0.0,0.0,1.0,0.0,0.0,0.0
2025-08-17,5,2,0.4,0.5465843846566767,2.7329219232833832,0.4,1.791759469228055,1.0986122886681098,1.3171912844400475,0.4,0.6,1.0,0.0,0.2,0.0
2025-08-18,5,3,0.6,0.5816811143003466,2.908405571501733,0.6,1.791759469228055,1.3862943611198906,1.3631295086068727,0.6,1.0,0.8,0.0,0.0,0.0
2025-08-19,3,2,0.6666666666666666,0.5091609276484956,1.527482782945487,0.6666666666666666,1.3862943611198906,1.0986122886681098,0.9272238599982842,0.3333333333333333,1.0,1.0,0.0,0.0,0.0
2025-08-20,6,3,0.5,0.46068849642258397,2.764130978535504,0.5,1.9459101490553132,1.3862943611198906,1.325517018815769,0.16666666666666666,0.3333333333333333,1.0,0.0,0.16666666666666666,0.0
2025-08-21,3,1,0.3333333333333333,0.46201591899582856,1.3860477569874856,0.3333333333333333,1.3862943611198906,0.6931471805599453,0.8696383389772968,1.0,1.0,0.3333333333333333,0.3333333333333333,0.0,0.0
2025-08-22,4,2,0.5,0.5754231687846585,2.301692675138634,0.5,1.6094379124341003,1.0986122886681098,1.1944352688280466,0.75,1.0,0.5,0.0,0.0,0.0
2025-08-23,6,5,0.8333333333333334,0.5921330292161661,3.5527981752969966,0.8333333333333334,1.9459101490553132,1.791759469228055,1.5157420275197078,1.0,1.0,0.6666666666666666,0.16666666666666666,0.0,0.0
2025-08-24,2,2,1.0,0.5761703330886687,1.1523406661773374,1.0,1.0986122886681098,1.0986122886681098,0.766555931898094,0.5,0.5,1.0,0.0,0.0,0.0
2025-08-25,5,4,0.8,0.6665185095769127,3.3325925478845635,0.8,1.791759469228055,1.6094379124341003,1.4661661036915492,0.8,1.0,0.6,0.0,0.2,0.0
2025-08-27,4,4,1.0,0.82509779168888,3.30039116675552,1.0,1.6094379124341003,1.6094379124341003,1.4587059875749986,1.0,1.0,1.0,0.0,0.0,0.0
2025-08-28,2,1,0.5,0.4794637197328164,0.9589274394656327,0.5,1.0986122886681098,0.6931471805599453,0.6723970986978778,0.0,0.5,1.0,0.0,0.0,0.0
2025-08-29,4,3,0.75,0.5593676621052182,2.2374706484208726,0.75,1.6094379124341003,1.3862943611198906,1.1747923608597315,0.75,0.75,0.75,0.25,0.0,0.0
2025-08-30,2,2,1.0,0.826085558827951,1.652171117655902,1.0,1.0986122886681098,1.0986122886681098,0.9753785942450117,1.0,0.0,1.0,0.0,0.0,0.0
2025-08-31,3,3,1.0,0.6857812668083104,2.057343800424931,1.0,1.3862943611198906,1.3862943611198906,1.117546499923388,0.6666666666666666,1.0,1.0,0.3333333333333333,0.6666666666666666,0.0
2025-09-01,6,6,1.0,0.7216201062335627,4.329720637401376,1.0,1.9459101490553132,1.9459101490553132,1.6732988235586106,1.0,1.0,0.8333333333333334,0.0,0.0,0.0
2025-09-02,7,4,0.5714285714285714,0.510249317063094,3.5717452194416577,0.5714285714285714,2.0794415416798357,1.6094379124341003,1.5198950180984452,0.5714285714285714,0.8571428571428571,0.7142857142857143,0.0,0.0,0.0
2025-09-03,5,4,0.8,0.5822631601217798,2.9113158006088993,0.8,1.791759469228055,1.6094379124341003,1.3638738392813408,0.4,0.8,0.8,0.2,0.0,0.0
2025-09-04,2,2,1.0,0.6776975860031555,1.355395172006311,1.0,1.0986122886681098,1.0986122886681098,0.8567085146678868,1.0,1.0,0.5,0.0,0.0,0.0
2025-09-05,9,5,0.5555555555555556,0.4836660541087094,4.3529944869783845,0.5555555555555556,2.302585092994046,1.791759469228055,1.6776561215168944,0.5555555555555556,0.8888888888888888,0.5555555555555556,0.1111111111111111,0.0,0.0
2025-09-06,4,2,0.5,0.47669463628110015,1.9067785451244006,0.5,1.6094379124341003,1.0986122886681098,1.0670454388071382,0.75,0.25,0.5,0.0,0.25,0.0
2025-09-07,5,2,0.4,0.5359745871317243,2.6798729356586217,0.4,1.791759469228055,1.0986122886681098,1.302878223231087,0.8,0.8,0.6,0.0,0.2,0.0
2025-09-08,7,5,0.7142857142857143,0.5592873196084157,3.9150112372589096,0.7142857142857143,2.0794415416798357,1.791759469228055,1.5922940399157246,0.7142857142857143,1.0,0.5714285714285714,0.0,0.0,0.0
2025-09-09,2,1,0.5,0.6104145944650303,1.2208291889300606,0.5,1.0986122886681098,0.6931471805599453,0.7978806346742969,0.5,0.5,1.0,0.5,0.5,0.0
2025-09-10,4,4,1.0,0.6638972369279219,2.6555889477116876,1.0,1.6094379124341003,1.6094379124341003,1.296257215025763,0.75,1.0,0.75,0.25,0.0,0.0
2025-09-12,10,5,0.5,0.5361340900012388,5.361340900012388,0.5,2.3978952727983707,1.791759469228055,1.8502391884650877,0.4,0.8,0.9,0.1,0.0,0.0
2025-09-13,10,8,0.8,0.6850268931373678,6.8502689313736775,0.8,2.3978952727983707,2.1972245773362196,2.0605477899812157,0.8,0.8,0.8,0.1,0.2,0.0
2025-09-14,5,4,0.8,0.7022390849458032,3.5111954247290162,0.8,1.791759469228055,1.6094379124341003,1.5065621793076733,0.6,1.0,0.8,0.0,0.2,0.0
2025-09-15,2,0,0.0,0.42278292430625497,0.8455658486125099,0.0,1.0986122886681098,0.0,0.612785923486712,0.5,0.0,0.5,0.0,0.0,0.0
2025-09-16,4,3,0.75,0.6848670077418842,2.739468030967537,0.75,1.6094379124341003,1.3862943611198906,1.3189433636004835,1.0,0.75,0.0,0.25,0.25,0.0
2025-09-17,9,6,0.6666666666666666,0.6070917799183482,5.463826019265134,0.6666666666666666,2.302585092994046,1.9459101490553132,1.8662214055201118,0.5555555555555556,0.4444444444444444,0.6666666666666666,0.0,0.0,0.0
2025-09-18,5,3,0.6,0.669006944310519,3.345034721552595,0.6,1.791759469228055,1.3862943611198906,1.4690337498367716,0.6,0.2,0.8,0.0,0.0,0.0
2025-09-19,1,0,0.0,0.41526925790061514,0.41526925790061514,0.0,0.6931471805599453,0.0,0.34731980126167067,1.0,1.0,0.0,0.0,0.0,0.0
2025-09-20,4,3,0.75,0.5091781236948557,2.036712494779423,0.75,1.6094379124341003,1.3862943611198906,1.1107755140747617,0.25,0.25,0.75,0.0,0.0,0.0
2025-09-21,2,1,0.5,0.5587230349597728,1.1174460699195456,0.5,1.0986122886681098,0.6931471805599453,0.7502106784686382,1.0,1.0,0.5,0.0,0.0,0.0
2025-09-22,5,4,0.8,0.7335139535187872,3.6675697675939363,0.8,1.791759469228055,1.6094379124341003,1.5406385438515264,0.6,0.6,0.8,0.0,0.0,0.0
2025-09-23,4,3,0.75,0.662794248452055,2.65117699380822,0.75,1.6094379124341003,1.3862943611198906,1.295049579671087,0.75,0.75,0.5,0.0,0.0,0.0
2025-09-24,1,0,0.0,0.24066732305440314,0.24066732305440314,0.0,0.6931471805599453,0.0,0.215649398612317,1.0,1.0,0.0,0.0,0.0,0.0
2025-09-25,6,4,0.6666666666666666,0.6740313451779936,4.044188071067961,0.6666666666666666,1.9459101490553132,1.6094379124341003,1.618236703503512,0.8333333333333334,0.6666666666666666,0.8333333333333334,0.16666666666666666,0.16666666666666666,0.0
2025-09-26,2,1,0.5,0.5227321390098751,1.0454642780197503,0.5,1.0986122886681098,0.6931471805599453,0.715624794543673,0.5,0.5,1.0,0.0,0.5,0.0
2025-09-27,6,6,1.0,0.7028778376314729,4.217267025788837,1.0,1.9459101490553132,1.9459101490553132,1.6519737065120548,1.0,1.0,1.0,0.0,1.0,0.0
2025-09-28,4,3,0.75,0.6843764218142855,2.737505687257142,0.75,1.6094379124341003,1.3862943611198906,1.3184184603897988,0.75,0.75,0.75,0.0,0.0,0.0
2025-09-29,3,3,1.0,0.7031594237251441,2.109478271175432,1.0,1.3862943611198906,1.3862943611198906,1.1344549536536264,1.0,1.0,1.0,0.0,0.3333333333333333,0.0
2025-09-30,1,0,0.0,0.3709771015851031,0.3709771015851031,0.0,0.6931471805599453,0.0,0.3155236984604666,1.0,0.0,0.0,0.0,0.0,0.0
2025-10-01,2,2,1.0,0.6512542057416664,1.3025084114833327,1.0,1.0986122886681098,1.0986122886681098,0.8339991423364533,0.5,0.0,1.0,0.0,0.0,0.0
2025-10-02,5,3,0.6,0.5697289071951986,2.848644535975993,0.6,1.791759469228055,1.3862943611198906,1.3477210177313366,0.6,0.8,1.0,0.0,0.6,0.0
2025-10-03,1,1,1.0,0.7069978224138753,0.7069978224138753,1.0,0.6931471805599453,0.6931471805599453,0.5347361681312762,1.0,1.0,1.0,0.0,0.0,0.0
2025-10-04,4,4,1.0,0.8134727269683965,3.253890907873586,1.0,1.6094379124341003,1.6094379124341003,1.447834071849684,1.0,0.75,0.5,0.0,0.0,0.0
2025-10-05,2,2,1.0,0.6534583216357309,1.3069166432714618,1.0,1.0986122886681098,1.0986122886681098,0.8359118464501771,0.5,1.0,1.0,0.0,0.0,0.0
2025-10-06,8,5,0.625,0.5808653531951468,4.646922825561174,0.625,2.1972245773362196,1.791759469228055,1.7311107641480785,0.625,0.75,0.75,0.0,0.25,0.0
2025-10-07,7,3,0.42857142857142855,0.5287497255587511,3.7012480789112576,0.42857142857142855,2.0794415416798357,1.3862943611198906,1.547828022168719,0.7142857142857143,0.8571428571428571,0.2857142857142857,0.14285714285714285,0.0,0.0
2025-10-08,2,2,1.0,0.7068791040734865,1.413758208146973,1.0,1.0986122886681098,1.0986122886681098,0.8811849553335616,0.5,1.0,0.5,0.0,0.5,0.0
2025-10-09,4,3,0.75,0.5744916064901422,2.2979664259605688,0.75,1.6094379124341003,1.3862943611198906,1.1933060439644763,0.75,0.75,0.5,0.0,0.0,0.0
2025-10-10,5,1,0.2,0.4524251029223718,2.262125514611859,0.2,1.791759469228055,0.6931471805599453,1.1823789812672334,0.4,0.4,0.6,0.2,0.0,0.0
2025-10-12,2,2,1.0,0.7764803224013205,1.552960644802641,1.0,1.0986122886681098,1.0986122886681098,0.937253722865419,1.0,0.5,0.5,0.5,1.0,0.0
2025-10-13,2,0,0.0,0.35503543062515497,0.7100708612503099,0.0,1.0986122886681098,0.0,0.5365348089836499,0.5,1.0,0.5,0.0,0.0,0.0
2025-10-14,4,1,0.25,0.4322585487768088,1.7290341951072352,0.25,1.6094379124341003,0.6931471805599453,1.0039477719178467,0.5,0.5,0.75,0.0,0.0,0.0
2025-10-15,4,2,0.5,0.5559805392425375,2.22392215697015,0.5,1.6094379124341003,1.0986122886681098,1.1705986794925147,0.75,0.75,0.5,0.25,0.0,0.0
2025-10-16,3,1,0.3333333333333333,0.4260588030269172,1.2781764090807515,0.3333333333333333,1.3862943611198906,0.6931471805599453,0.8233753023605984,0.6666666666666666,0.3333333333333333,0.3333333333333333,0.0,0.0,0.0
2025-10-17,1,1,1.0,0.9513670714500903,0.9513670714500903,1.0,0.6931471805599453,0.6931471805599453,0.6685301892283857,1.0,0.0,1.0,0.0,0.0,0.0
2025-10-18,3,0,0.0,0.34704948553976545,1.0411484566192963,0.0,1.3862943611198906,0.0,0.7135126183795936,1.0,1.0,0.0,0.0,0.0,0.0
2025-10-19,3,2,0.6666666666666666,0.6571404468640689,1.9714213405922068,0.6666666666666666,1.3862943611198906,1.0986122886681098,1.0890404041944524,0.6666666666666666,0.3333333333333333,1.0,0.0,0.3333333333333333,0.0
2025-10-20,3,3,1.0,0.8183805823965646,2.455141747189694,1.0,1.3862943611198906,1.3862943611198906,1.2398634830610413,1.0,0.6666666666666666,0.3333333333333333,0.3333333333333333,0.3333333333333333,0.0
2025-10-21,3,1,0.3333333333333333,0.45753444666277604,1.3726033399883282,0.3333333333333333,1.3862943611198906,0.6931471805599453,0.8639878079773017,0.6666666666666666,0.3333333333333333,0.6666666666666666,0.0,0.0,0.0
2025-10-23,1,0,0.0,0.461826320513246,0.461826320513246,0.0,0.6931471805599453,0.0,0.3796865584522314,0.0,0.0,1.0,0.0,0.0,0.0
2025-10-24,3,3,1.0,0.7808458744226229,2.3425376232678685,1.0,1.3862943611198906,1.3862943611198906,1.206730285956901,1.0,1.0,0.3333333333333333,0.0,0.0,0.0
2025-10-25,4,2,0.5,0.4520272555075786,1.8081090220303144,0.5,1.6094379124341003,1.0986122886681098,1.0325113109192454,1.0,0.25,0.25,0.0,0.0,0.0
2025-10-26,6,4,0.6666666666666666,0.6470854326056675,3.8825125956340054,0.6666666666666666,1.9459101490553132,1.6094379124341003,1.5856599635163178,0.5,1.0,1.0,0.0,0.16666666666666666,0.0
2025-10-27,4,0,0.0,0.3350999733089437,1.3403998932357748,0.0,1.6094379124341003,0.0,0.8503218093140036,0.25,0.25,0.75,0.0,0.25,0.0
2025-10-28,2,0,0.0,0.35224580899712343,0.7044916179942469,0.0,1.0986122886681098,0.0,0.533266895009219,0.0,0.0,1.0,0.0,0.0,0.0
2025-10-29,3,2,0.6666666666666666,0.4530211068351313,1.359063320505394,0.6666666666666666,1.3862943611198906,1.0986122886681098,0.8582646421616895,0.3333333333333333,0.3333333333333333,1.0,0.0,0.0,0.0
2025-10-30,7,2,0.2857142857142857,0.3711571611325207,2.5981001279276446,0.2857142857142857,2.0794415416798357,1.0986122886681098,1.2804059639147927,0.5714285714285714,0.5714285714285714,0.5714285714285714,0.0,0.0,0.0
2025-10-31,1,1,1.0,0.6009623568374157,0.6009623568374157,1.0,0.6931471805599453,0.6931471805599453,0.47060492145672034,1.0,1.0,1.0,0.0,1.0,0.0
2025-11-01,3,1,0.3333333333333333,0.4733146963555288,1.4199440890665864,0.3333333333333333,1.3862943611198906,0.6931471805599453,0.8837444362102075,0.0,1.0,1.0,0.3333333333333333,0.0,0.0
2025-11-02,4,3,0.75,0.7082463485783725,2.83298539431349,0.75,1.6094379124341003,1.3862943611198906,1.3436439758807197,1.0,0.5,0.75,0.0,0.25,0.0
2025-11-03,1,1,1.0,0.654398409020605,0.654398409020605,1.0,0.6931471805599453,0.6931471805599453,0.5034374436660155,1.0,0.0,1.0,0.0,0.0,0.0
2025-11-04,4,3,0.75,0.5993261951847138,2.397304780738855,0.75,1.6094379124341003,1.3862943611198906,1.2229824057127783,0.75,1.0,0.5,0.0,0.5,0.0
2025-11-05,2,1,0.5,0.5035665602707601,1.0071331205415202,0.5,1.0986122886681098,0.6931471805599453,0.6967073957369203,1.0,1.0,0.5,0.5,0.0,0.0
2025-11-06,4,3,0.75,0.5410829589860576,2.1643318359442305,0.75,1.6094379124341003,1.3862943611198906,1.1519419230230432,0.5,0.5,1.0,0.0,0.0,0.0
2025-11-07,2,1,0.5,0.5904926732514495,1.180985346502899,0.5,1.0986122886681098,0.6931471805599453,0.7797767684912355,0.5,0.5,1.0,0.0,0.5,0.0
2025-11-08,3,2,0.6666666666666666,0.6398423473745187,1.9195270421235562,0.6666666666666666,1.3862943611198906,1.0986122886681098,1.0714216312858351,0.6666666666666666,1.0,0.6666666666666666,0.0,0.3333333333333333,0.0
2025-11-09,3,1,0.3333333333333333,0.5631961723846803,1.689588517154041,0.3333333333333333,1.3862943611198906,0.6931471805599453,0.9893882143122829,1.0,0.6666666666666666,0.3333333333333333,0.0,0.0,0.0
2025-11-10,6,5,0.8333333333333334,0.7129805359380023,4.277883215628013,0.8333333333333334,1.9459101490553132,1.791759469228055,1.663525111202764,0.5,0.8333333333333334,0.8333333333333334,0.0,0.0,0.0
2025-11-11,5,3,0.6,0.6408501871317188,3.204250935658594,0.6,1.791759469228055,1.3862943611198906,1.4360961409713533,0.4,0.6,0.8,0.2,0.2,0.0
2025-11-12,4,3,0.75,0.6697272764691368,2.678909105876547,0.75,1.6094379124341003,1.3862943611198906,1.302616269613723,0.75,0.75,0.5,0.25,0.0,0.0
2025-11-13,5,5,1.0,0.6807127544437723,3.403563772218862,1.0,1.791759469228055,1.791759469228055,1.4824141613247115,0.0,1.0,1.0,0.0,0.0,0.0
2025-11-14,7,5,0.7142857142857143,0.5752313823923466,4.026619676746426,0.7142857142857143,2.0794415416798357,1.791759469228055,1.6147477257406375,0.42857142857142855,0.7142857142857143,0.5714285714285714,0.14285714285714285,0.14285714285714285,0.0
2025-11-15,3,2,0.6666666666666666,0.7327454946637667,2.1982364839913,0.6666666666666666,1.3862943611198906,1.0986122886681098,1.16259955914223,0.3333333333333333,0.3333333333333333,0.6666666666666666,0.0,0.0,0.0
2025-11-16,5,3,0.6,0.4647275983023431,2.3236379915117156,0.6,1.791759469228055,1.3862943611198906,1.2010599635749006,1.0,0.6,0.4,0.0,0.0,0.0
2025-11-17,2,2,1.0,0.6855599373337034,1.3711198746674067,1.0,1.0986122886681098,1.0986122886681098,0.8633623645008793,1.0,0.5,0.0,0.5,0.0,0.0
2025-11-18,7,4,0.5714285714285714,0.5943175489927138,4.160222842948997,0.5714285714285714,2.0794415416798357,1.6094379124341003,1.6409797651789788,0.7142857142857143,0.7142857142857143,0.5714285714285714,0.0,0.0,0.0
2025-11-19,1,1,1.0,0.6751797140710187,0.6751797140710187,1.0,0.6931471805599453,0.6931471805599453,0.5159204515043544,0.0,0.0,1.0,0.0,0.0,0.0
2025-11-20,5,2,0.4,0.47172672197838555,2.358633609891928,0.4,1.791759469228055,1.0986122886681098,1.2115342275423564,0.4,0.6,0.6,0.0,0.0,0.0
2025-11-21,8,4,0.5,0.49587210261676307,3.9669768209341045,0.5,2.1972245773362196,1.6094379124341003,1.6028113695015012,0.625,0.625,0.625,0.0,0.125,0.0
2025-11-22,4,2,0.5,0.450805817133171,1.803223268532684,0.5,1.6094379124341003,1.0986122886681098,1.0307699224292104,0.25,1.0,1.0,0.0,0.0,0.0
2025-11-23,1,1,1.0,0.8051644891632435,0.8051644891632435,1.0,0.6931471805599453,0.6931471805599453,0.5906517173631114,1.0,0.0,0.0,0.0,0.0,0.0
2025-11-24,11,5,0.45454545454545453,0.5525831045345577,6.0784141498801345,0.45454545454545453,2.4849066497880004,1.791759469228055,1.9570498924861681,0.6363636363636364,0.6363636363636364,0.6363636363636364,0.0,0.18181818181818182,0.0
2025-11-25,3,2,0.6666666666666666,0.5973186905860998,1.7919560717582992,0.6666666666666666,1.3862943611198906,1.0986122886681098,1.026742451165427,0.3333333333333333,0.6666666666666666,0.6666666666666666,0.0,0.0,0.0
2025-11-26,6,3,0.5,0.5455194458550245,3.2731166751301473,0.5,1.9459101490553132,1.3862943611198906,1.452343461491576,0.3333333333333333,0.6666666666666666,0.8333333333333334,0.0,0.0,0.0
2025-11-27,7,5,0.7142857142857143,0.5620278010505646,3.934194607353952,0.7142857142857143,2.0794415416798357,1.791759469228055,1.596189459435943,0.8571428571428571,0.42857142857142855,0.2857142857142857,0.0,0.0,0.0
2025-11-28,2,1,0.5,0.57778704626375,1.1555740925275,0.5,1.0986122886681098,0.6931471805599453,0.7680570883222463,0.5,0.5,1.0,0.0,0.0,0.0
2025-11-29,3,2,0.6666666666666666,0.4726038908261339,1.4178116724784018,0.6666666666666666,1.3862943611198906,1.0986122886681098,0.8828628635011263,0.3333333333333333,1.0,1.0,0.0,0.0,0.0
2025-11-30,4,1,0.25,0.4550021563585745,1.820008625434298,0.25,1.6094379124341003,0.6931471805599453,1.0367399436099891,0.25,0.5,1.0,0.0,0.0,0.0
2025-12-01,3,3,1.0,0.810995267564873,2.4329858026946187,1.0,1.3862943611198906,1.3862943611198906,1.2334303789280052,0.6666666666666666,0.0,0.6666666666666666,0.0,0.0,0.0
2025-12-02,3,1,0.3333333333333333,0.4602714731495428,1.3808144194486285,0.3333333333333333,1.3862943611198906,0.6931471805599453,0.8674426221943383,0.6666666666666666,0.0,0.6666666666666666,0.0,0.3333333333333333,0.0
2025-12-03,7,4,0.5714285714285714,0.5376217708068558,3.7633523956479906,0.5714285714285714,2.0794415416798357,1.6094379124341003,1.5609517051511712,0.5714285714285714,0.5714285714285714,0.5714285714285714,0.0,0.0,0.0
2025-12-04,5,5,1.0,0.7472238676685371,3.7361193383426854,1.0,1.791759469228055,1.791759469228055,1.5552180953940271,0.6,1.0,0.6,0.0,0.0,0.0
2025-12-06,4,2,0.5,0.5680065945537953,2.2720263782151813,0.5,1.6094379124341003,1.0986122886681098,1.1854094805097102,0.5,0.5,1.0,0.0,0.0,0.0
2025-12-07,3,3,1.0,0.5925596251941125,1.7776788755823376,1.0,1.3862943611198906,1.3862943611198906,1.0216156421077573,0.6666666666666666,0.6666666666666666,0.6666666666666666,0.0,0.0,0.0
2025-12-08,8,5,0.625,0.5861672060307649,4.689337648246119,0.625,2.1972245773362196,1.791759469228055,1.7385938350788677,0.625,0.625,0.625,0.0,0.0,0.0
2025-12-09,4,4,1.0,0.7944600885830735,3.177840354332294,1.0,1.6094379124341003,1.6094379124341003,1.429794451378056,0.75,1.0,0.5,0.0,0.25,0.0
2025-12-10,4,1,0.25,0.43997344022480717,1.7598937608992287,0.25,1.6094379124341003,0.6931471805599453,1.0151921865603906,0.5,0.75,0.75,0.0,0.0,0.0
2025-12-11,6,4,0.6666666666666666,0.6238663360744239,3.7431980164465433,0.6666666666666666,1.9459101490553132,1.6094379124341003,1.5567115952220616,0.5,0.3333333333333333,0.6666666666666666,0.16666666666666666,0.16666666666666666,0.0
2025-12-12,4,4,1.0,0.566600995911626,2.266403983646504,1.0,1.6094379124341003,1.6094379124341003,1.1836896806056667,0.5,0.75,1.0,0.0,0.25,0.0
2025-12-13,1,0,0.0,0.3442514439733284,0.3442514439733284,0.0,0.6931471805599453,0.0,0.29583731089217924,0.0,0.0,1.0,0.0,0.0,0.0
2025-12-14,2,1,0.5,0.5311384276218509,1.0622768552437019,0.5,1.0986122886681098,0.6931471805599453,0.7238106419765946,0.0,1.0,1.0,0.5,0.5,0.0
2025-12-15,2,2,1.0,0.7948504475961569,1.5897008951923137,1.0,1.0986122886681098,1.0986122886681098,0.951542384560868,1.0,1.0,0.5,0.0,0.0,0.0
2025-12-16,3,3,1.0,0.6428414761339827,1.928524428401948,1.0,1.3862943611198906,1.3862943611198906,1.074498688121906,1.0,0.6666666666666666,0.6666666666666666,0.0,0.0,0.0
2025-12-17,3,3,1.0,0.8439845843965991,2.5319537531897973,1.0,1.3862943611198906,1.3862943611198906,1.261851188995118,0.6666666666666666,1.0,1.0,0.3333333333333333,0.3333333333333333,0.0
2025-12-18,7,3,0.42857142857142855,0.49882806356461823,3.4917964449523278,0.42857142857142855,2.0794415416798357,1.3862943611198906,1.5022527208343754,0.42857142857142855,0.7142857142857143,0.8571428571428571,0.14285714285714285,0.2857142857142857,0.0
2025-12-19,5,5,1.0,0.6769253739158335,3.3846268695791677,1.0,1.791759469228055,1.791759469228055,1.4781045297472877,0.8,0.4,0.6,0.0,0.0,0.0
2025-12-20,8,5,0.625,0.565696655749208,4.525573245993664,0.625,2.1972245773362196,1.791759469228055,1.7093869969526259,0.75,1.0,0.875,0.0,0.25,0.0
2025-12-21,9,5,0.5555555555555556,0.5900370398042134,5.31033335823792,0.5555555555555556,2.302585092994046,1.791759469228055,1.842188505306299,0.6666666666666666,0.8888888888888888,0.7777777777777778,0.1111111111111111,0.2222222222222222,0.0
2025-12-22,3,2,0.6666666666666666,0.679042240320438,2.037126720961314,0.6666666666666666,1.3862943611198906,1.0986122886681098,1.1109119108965477,0.6666666666666666,0.3333333333333333,0.6666666666666666,0.0,0.3333333333333333,0.0
2025-12-23,7,5,0.7142857142857143,0.6063702451319336,4.244591715923535,0.7142857142857143,2.0794415416798357,1.791759469228055,1.6571973962871123,0.7142857142857143,0.42857142857142855,0.7142857142857143,0.0,0.0,0.0
2025-12-24,10,10,1.0,0.7477378735358069,7.4773787353580685,1.0,2.3978952727983707,2.3978952727983707,2.1374012906225826,0.9,1.0,0.9,0.1,0.0,0.0
2025-12-25,1,0,0.0,0.42648490411932466,0.42648490411932466,0.0,0.6931471805599453,0.0,0.35521330915438176,1.0,1.0,0.0,0.0,0.0,0.0
2025-12-26,5,4,0.8,0.6958752698226888,3.4793763491134437,0.8,1.791759469228055,1.6094379124341003,1.4994838289494128,1.0,1.0,0.6,0.0,0.0,0.0
2025-12-27,6,4,0.6666666666666666,0.690083939656417,4.140503637938502,0.6666666666666666,1.9459101490553132,1.6094379124341003,1.6371510587016798,0.6666666666666666,0.6666666666666666,0.6666666666666666,0.0,0.16666666666666666,0.0
2025-12-28,6,3,0.5,0.5678291782372887,3.4069750694237326,0.5,1.9459101490553132,1.3862943611198906,1.4831885288036248,0.3333333333333333,0.3333333333333333,1.0,0.0,0.3333333333333333,0.0
2025-12-29,4,3,0.75,0.5976790006683369,2.3907160026733476,0.75,1.6094379124341003,1.3862943611198906,1.221041109318745,0.5,0.75,0.75,0.0,0.25,0.0
2025-12-30,3,2,0.6666666666666666,0.5214483751406381,1.5643451254219143,0.6666666666666666,1.3862943611198906,1.0986122886681098,0.9417031342987964,0.0,0.3333333333333333,1.0,0.0,0.3333333333333333,0.0
2025-12-31,6,4,0.6666666666666666,0.6259351493534674,3.7556108961208046,0.6666666666666666,1.9459101490553132,1.6094379124341003,1.5593251622185706,0.5,0.6666666666666666,1.0,0.0,0.3333333333333333,0.0
