news_date,n_articles,avg_tone,avg_positivity,avg_negativity,n_climate,n_carbon,n_cleantech,n_energy,n_policy,n_transition,share_climate,share_carbon,share_cleantech,share_energy,share_policy,share_transition
2016-03-30,5466,-0.42580124432221339,2.2102972564770624,2.2704900976162556,5466,199,850,1926,3622,1926,1.0,0.036406878887669226,0.15550676911818515,0.35236004390779363,0.66264178558360776,0.35236004390779363
2016-03-31,6844,-0.87477737234526676,2.0626466857214822,2.7086396974559248,6844,358,896,2124,4485,2124,1.0,0.052308591466978374,0.13091759205143191,0.31034482758620691,0.65531852717708938,0.31034482758620691
2016-04-01,6700,-0.901705934486676,2.1040754339951939,2.6931648039637683,6700,194,784,2023,4549,2023,1.0,0.028955223880597014,0.11701492537313433,0.30194029850746268,0.678955223880597,0.30194029850746268
2016-04-02,3646,-0.68230990152596227,1.8391070462569132,2.3755508600292288,3646,109,455,896,2546,896,1.0,0.029895776193088315,0.12479429511793746,0.24574876577070762,0.69829950630828308,0.24574876577070762
2016-04-03,3099,-0.804667898703149,1.8212109231005109,2.4601006421262506,3099,102,509,1130,2114,1130,1.0,0.032913843175217811,0.16424653113907711,0.36463375282349147,0.68215553404323981,0.36463375282349147
2016-04-04,5440,-0.84835834375366792,2.0010620802225967,2.6087822820454156,5440,222,818,1726,3662,1726,1.0,0.040808823529411765,0.15036764705882352,0.31727941176470587,0.6731617647058824,0.31727941176470587
2016-04-05,5697,-1.0260368428864342,1.9965630508180645,2.8952188914372163,5697,281,865,1759,3940,1759,1.0,0.049324205722309986,0.15183429875373003,0.30875899596278744,0.691592065999649,0.30875899596278744
2016-04-06,6081,-0.88044067086301969,2.2209053920980732,2.7185015655467479,6081,298,916,2297,3936,2297,1.0,0.049005097845749052,0.15063311955270514,0.37773392534122679,0.64726196349284659,0.37773392534122679
2016-04-07,7161,-1.0126592263034417,2.3319635410500936,2.8771732282699523,7161,611,1121,2407,4831,2407,1.0,0.085323278871665964,0.15654238234883397,0.33612623935204583,0.67462644881999723,0.33612623935204583
2016-04-08,6201,-0.537239695147713,2.1590525671020586,2.4161274132193746,6201,265,1078,2143,4144,2143,1.0,0.042735042735042736,0.17384292855990968,0.34558942106111917,0.66827930978874373,0.34558942106111917
2016-04-09,3927,-0.81071797123707012,2.2605911010944246,3.026674007901049,3927,237,403,1158,2530,1158,1.0,0.060351413292589765,0.10262286732874969,0.29488158899923606,0.64425770308123254,0.29488158899923606
2016-04-10,2979,-0.63965045110111651,2.0544690417887606,2.4128747757635303,2979,320,423,1133,2059,1133,1.0,0.10741859684457872,0.1419939577039275,0.38032896945283651,0.69117153407183618,0.38032896945283651
2016-04-11,5657,-0.80596316849563443,2.1223732978459395,2.698506969914225,5657,244,725,2005,3726,2005,1.0,0.043132402333392258,0.12815980201520241,0.35442814212480112,0.65865299628778506,0.35442814212480112
2016-04-12,6764,-0.795906955212274,2.4538768149270411,2.6795728304395712,6764,274,931,2501,4786,2501,1.0,0.040508574807806029,0.13764044943820225,0.36975162625665287,0.70756948551153165,0.36975162625665287
2016-04-13,6800,-0.69481813932432623,2.6898613471500066,2.7200351155481997,6800,483,836,2376,4902,2376,1.0,0.071029411764705883,0.12294117647058823,0.34941176470588237,0.72088235294117642,0.34941176470588237
2016-04-14,5785,-0.60419083758724734,2.3535761175404875,2.7705562972022286,5785,221,669,1899,4011,1899,1.0,0.038202247191011236,0.11564390665514261,0.32826274848746761,0.69334485738980123,0.32826274848746761
2016-04-15,4245,-0.94334677226987407,2.0489572410577916,2.7846669824701928,4245,301,398,1172,2792,1172,1.0,0.070906949352179033,0.093757361601884567,0.27608951707891638,0.6577149587750295,0.27608951707891638
2016-04-16,3140,-0.70064112146471158,2.2767101578331355,2.8869929634118114,3140,543,368,740,2012,740,1.0,0.17292993630573247,0.11719745222929936,0.2356687898089172,0.640764331210191,0.2356687898089172
2016-04-17,2818,-0.60314521860724968,2.455493315891367,2.3387630668784056,2818,412,418,1185,1868,1185,1.0,0.14620298083747338,0.14833215046132009,0.42051100070972319,0.66288147622427251,0.42051100070972319
2016-04-18,6826,-0.827703791510558,2.1312646745374235,2.691225252909109,6826,1228,888,2217,4496,2217,1.0,0.17990038089657193,0.13009082918253737,0.32478757691180782,0.65865807207735128,0.32478757691180782
2016-04-19,8853,-1.0663512514830267,1.9274790928131056,2.8506421081599194,8853,695,948,2246,5631,2246,1.0,0.078504461764373659,0.10708234496780752,0.25369931096803344,0.63605557438156557,0.25369931096803344
2016-04-20,11777,-0.97615766059831865,2.1230122253019585,2.8498414795165159,11777,1252,1253,2842,7900,2842,1.0,0.10630890719198438,0.1063938184597096,0.24131782287509554,0.6707990150292944,0.24131782287509554
2016-04-21,12327,-0.60634844687859446,2.1001997709367695,2.6615196161730439,12327,1505,1695,3661,8252,3661,1.0,0.12208972174900624,0.13750304210270139,0.29699034639409427,0.669424839782591,0.29699034639409427
2016-04-22,19923,0.24950974406418863,2.2504746761996604,2.5881286096128537,19923,1532,3100,5902,13510,5902,1.0,0.076896049791698035,0.155599056367013,0.296240526025197,0.67811072629624047,0.296240526025197
2016-04-23,10225,-0.25615989048226767,2.4132455022976553,2.8197418423237921,10225,728,1289,2494,6422,2494,1.0,0.071198044009779957,0.1260635696821516,0.24391198044009779,0.62806845965770175,0.24391198044009779
2016-04-24,6878,-0.59281881855134722,2.1218493057360708,2.6962506285236296,6878,560,720,1605,4380,1605,1.0,0.081419017156150048,0.10468159348647862,0.23335271881360861,0.636813027042745,0.23335271881360861
2016-04-25,10519,-0.72189502803147854,1.8951762766694926,2.5192680792271145,10519,1513,1134,2708,6974,2708,1.0,0.1438349653008841,0.10780492442247362,0.25743892004943436,0.66299077859112088,0.25743892004943436
2016-04-26,11398,-0.71168629540530515,1.9795330257451171,2.4474704526106352,11398,1743,1180,2980,7506,2980,1.0,0.15292156518687489,0.10352693454992104,0.26144937708369892,0.65853658536585369,0.26144937708369892
2016-04-27,10880,-0.7883655863878537,1.8408114528870452,2.6263653816811185,10880,1754,1179,2761,7295,2761,1.0,0.16121323529411766,0.1083639705882353,0.25376838235294119,0.6704963235294118,0.25376838235294119
2016-04-28,10046,-1.0501986661703824,1.9500305104026703,2.9372511078527759,10046,1581,907,2417,6153,2417,1.0,0.15737607007764284,0.09028469042404938,0.24059327095361338,0.61248258013139556,0.24059327095361338
2016-04-29,9193,-0.817818340752828,1.9832808135180759,2.6857386763358138,9193,1234,944,2505,5773,2505,1.0,0.13423256825845753,0.10268682693353638,0.27248993799630156,0.62797780920265422,0.27248993799630156
2016-04-30,5489,-1.1203725288225312,1.7253986473320606,2.939749087574075,5489,798,647,1234,3616,1234,1.0,0.14538167243578065,0.11787210785206777,0.22481326288941519,0.65877208963381306,0.22481326288941519
2016-05-01,4257,-0.64884356025235623,1.675364664734261,2.5738065913978807,4257,583,470,1001,2781,1001,1.0,0.13695090439276486,0.11040638947615691,0.23514211886304909,0.653276955602537,0.23514211886304909
2016-05-02,7312,-0.8982007573523042,1.7461551321532629,2.7188905376978143,7312,793,804,1625,4703,1625,1.0,0.10845185995623632,0.10995623632385121,0.22223741794310722,0.64318927789934355,0.22223741794310722
2016-05-03,11223,-1.140624319588522,1.7150475821641236,2.8217771176751558,11223,1815,969,2457,7504,2457,1.0,0.16172146484897088,0.0863405506549051,0.21892542101042503,0.66862692684665415,0.21892542101042503
2016-05-04,9351,-1.3077243458391983,1.9901028803501157,2.8939804022995954,9351,1137,844,2052,6267,2052,1.0,0.12159127366057106,0.090257726446369368,0.21944177093359,0.67019570099454606,0.21944177093359
2016-05-05,10294,-0.92686942839121356,1.843064294270677,2.6674969250875056,10294,1445,1690,3030,6978,3030,1.0,0.14037303283466096,0.16417330483776957,0.29434622109966974,0.677870604235477,0.29434622109966974
2016-05-06,8689,-0.885139799380244,1.9433851910840483,2.6886994197379437,8689,1347,829,2063,5619,2063,1.0,0.15502359304868224,0.095407987110139258,0.23742663137300035,0.64667970997813329,0.23742663137300035
2016-05-07,5707,-0.96540352348395087,2.1410814080238461,2.5794310715466318,5707,1148,373,1180,3425,1180,1.0,0.20115647450499385,0.065358331873138248,0.20676362362011566,0.60014017872787806,0.20676362362011566
2016-05-08,6528,-1.3317079812753705,1.9704706719136662,2.8643848979276707,6528,996,786,1932,4472,1932,1.0,0.15257352941176472,0.12040441176470588,0.29595588235294118,0.68504901960784315,0.29595588235294118
2016-05-09,9049,-0.82036521356105019,2.1442161150682719,2.6164038099552682,9049,1164,792,2051,5895,2051,1.0,0.12863299812133938,0.087523483257818543,0.22665487899215384,0.65145319924853573,0.22665487899215384
2016-05-10,10219,-1.018154320021724,2.0567750014328134,2.7203481165651735,10219,1416,816,2152,6233,2152,1.0,0.13856541735981995,0.079851257461591149,0.21058812016831394,0.60994226440943344,0.21058812016831394
2016-05-11,9860,-1.0617773030591342,2.0623844179761184,2.787977150549676,9860,1374,1021,2328,6669,2328,1.0,0.13935091277890466,0.10354969574036511,0.236105476673428,0.676369168356998,0.236105476673428
2016-05-12,9460,-0.96478219746756411,1.9505349704002566,2.7339323675472689,9460,1318,1100,2837,6106,2837,1.0,0.13932346723044398,0.11627906976744186,0.29989429175475685,0.6454545454545455,0.29989429175475685
2016-05-13,9218,-0.8264372047200671,1.8810676203026468,2.5771178065700413,9218,1138,1021,2873,6133,2873,1.0,0.1234541115209373,0.1107615534823172,0.31167281405944891,0.66532870470817962,0.31167281405944891
2016-05-14,6426,-1.1896433774171351,1.8735022703767132,2.7162912649047808,6426,684,889,1918,3922,1918,1.0,0.10644257703081232,0.1383442265795207,0.29847494553376908,0.610333022097728,0.29847494553376908
2016-05-15,5664,-1.3848687817143719,1.8791532904882107,2.7389412447847481,5664,635,426,1829,3550,1829,1.0,0.11211158192090395,0.075211864406779655,0.32291666666666669,0.62676553672316382,0.32291666666666669
2016-05-16,9232,-0.97321408567348822,2.0045710447389373,2.7993658695377976,9232,1010,805,2298,5667,2298,1.0,0.10940207972270365,0.087196707105719237,0.24891681109185443,0.61384315424610048,0.24891681109185443
2016-05-17,9784,-0.96448896797900174,2.0248742383502112,2.7307621723076436,9784,1330,1016,2445,6449,2445,1.0,0.13593622240392478,0.10384300899427637,0.24989779231398201,0.65913736713000814,0.24989779231398201
2016-05-18,11202,-0.87957406614643663,2.1599198732467149,2.6967266953304709,11202,1434,1120,2672,6961,2672,1.0,0.1280128548473487,0.099982146045349038,0.23852883413676129,0.62140689162649532,0.23852883413676129
2016-05-19,9776,-0.69814621134165877,2.2311538295510989,2.7240930675699984,9776,1179,837,2366,5964,2366,1.0,0.12060147299509001,0.0856178396072013,0.24202127659574468,0.61006546644844517,0.24202127659574468
2016-05-20,9311,-0.77063389887424349,2.2461256537597079,2.835484912966149,9311,1196,813,2624,6118,2624,1.0,0.12845022016969176,0.087316077757491145,0.28181720545591238,0.65707228009880791,0.28181720545591238
2016-05-21,5998,-1.1483624804724506,2.3074130881057298,3.139387817556508,5998,558,443,1180,3377,1180,1.0,0.093031010336778922,0.073857952650883629,0.19673224408136045,0.56302100700233415,0.19673224408136045
2016-05-22,5509,-0.79965471259495491,2.4690416081377911,3.0170250845582971,5509,530,390,1008,3430,1008,1.0,0.096206208023234707,0.070793247413323657,0.18297331639135958,0.62261753494282079,0.18297331639135958
2016-05-23,10359,-1.1254920098808248,2.00440380461322,2.8428327574450707,10359,1196,910,2553,6795,2553,1.0,0.11545515976445603,0.0878463172120861,0.246452360266435,0.65595134665508259,0.246452360266435
2016-05-24,11998,-1.1503855030685919,1.9106825478531066,2.8562410408191554,11998,1427,1112,2972,7862,2972,1.0,0.11893648941490248,0.09268211368561427,0.24770795132522086,0.65527587931321885,0.24770795132522086
2016-05-25,11748,-0.81953729470405245,2.0266984066802736,2.4962368327391298,11748,1283,1081,3133,7721,3133,1.0,0.10921007831120191,0.092015662240381338,0.26668369084099419,0.65721824991487909,0.26668369084099419
2016-05-26,12394,-0.826421034327903,1.9302043871338832,2.6685333556598168,12394,1432,1355,3256,8345,3256,1.0,0.11553977731160239,0.10932709375504276,0.26270776182023559,0.6733096659674036,0.26270776182023559
2016-05-27,12010,-1.0740253794353039,1.8850198599111672,2.7834628484460495,12010,1347,1261,3397,8519,3397,1.0,0.11215653621981682,0.10499583680266444,0.28284762697751875,0.70932556203164032,0.28284762697751875
2016-05-28,6198,-1.0413951808687907,1.9867600071959162,2.5920092241004662,6198,698,484,1276,4091,1276,1.0,0.11261697321716682,0.078089706356889318,0.20587286221361731,0.660051629557922,0.20587286221361731
2016-05-29,5206,-0.94218854469266811,1.9359327437419487,2.9492074652267015,5206,534,481,1035,3431,1035,1.0,0.10257395313100269,0.0923933922397234,0.19880906646177487,0.65904725316941992,0.19880906646177487
2016-05-30,9338,-1.3032894456936883,1.977499054415911,3.0456173333082277,9338,1201,800,1830,6132,1830,1.0,0.12861426429642323,0.085671449989291062,0.19597344185050333,0.656671664167916,0.19597344185050333
2016-05-31,10167,-1.133339889411445,2.0597194392547027,2.9330461053255821,10167,1330,1011,2276,6492,2276,1.0,0.13081538310219337,0.099439362643847742,0.2238615127372873,0.63853644142814991,0.2238615127372873
2016-06-01,9411,-0.879732922788226,1.9736348882226293,2.9520757880068764,9411,1006,1161,2442,6030,2442,1.0,0.10689618531505685,0.12336627350972267,0.25948358304112207,0.64073956008925725,0.25948358304112207
2016-06-02,10496,-1.0654266659324123,1.9822905984901629,2.986539783803376,10496,1078,1001,2762,6586,2762,1.0,0.10270579268292683,0.095369664634146339,0.26314786585365851,0.62747713414634143,0.26314786585365851
2016-06-03,11053,-1.0203457618402818,2.0884033027312969,2.9735927113594252,11053,1030,1015,2449,6645,2449,1.0,0.09318736994481136,0.091830272324255863,0.22156880484936217,0.60119424590608883,0.22156880484936217
2016-06-04,7649,-1.0125707012493554,1.9608858070129265,2.729318500932802,7649,684,654,1521,4825,1521,1.0,0.089423454046280562,0.085501372728461242,0.19884952281343968,0.63080141194927442,0.19884952281343968
2016-06-05,7722,-1.0681552606672735,1.9772975832651183,2.8269236873743875,7722,636,628,1440,4596,1440,1.0,0.082362082362082367,0.081326081326081323,0.18648018648018649,0.5951825951825952,0.18648018648018649
2016-06-06,10122,-0.92688018788524107,1.9904762651515771,2.8239272201624788,10122,1374,1105,2644,6402,2644,1.0,0.13574392412566685,0.10916814858723572,0.26121319897253509,0.63248369887374034,0.26121319897253509
2016-06-07,11445,-0.59974600083536733,1.959845981615338,2.6651481489325244,11445,1503,1305,3168,7409,3168,1.0,0.13132372214941021,0.11402359108781127,0.27680209698558322,0.64735692442114456,0.27680209698558322
2016-06-08,11371,-0.614884727062449,1.9209717731564195,2.8291808707632624,11371,1564,1392,3097,7684,3097,1.0,0.13754287221880221,0.12241667399525108,0.27235951103684813,0.67575411133585439,0.27235951103684813
2016-06-09,10231,-0.8752513110289829,1.9619656064136333,2.8621393937338024,10231,1137,1250,2529,6344,2529,1.0,0.11113283159026488,0.12217769523995699,0.24718991300948098,0.62007623888182972,0.24718991300948098
2016-06-10,8733,-0.79411371637729822,2.0170924180703325,2.6252254069472998,8733,1122,1073,2084,5355,2084,1.0,0.12847818619031262,0.12286728501087828,0.23863506240696208,0.61319134318103741,0.23863506240696208
2016-06-11,4547,-0.89261624723530941,1.8963452936726395,2.7374706579166146,4547,620,519,1253,2710,1253,1.0,0.13635363976248074,0.11414119199472179,0.27556630745546512,0.59599736089729494,0.27556630745546512
2016-06-12,4706,-0.80041216816529093,1.8176326018552662,2.7764869948048756,4706,775,528,1175,2931,1175,1.0,0.16468338291542711,0.11219719507012324,0.24968125796855078,0.62282192945176373,0.24968125796855078
2016-06-13,8393,-0.804177155378499,1.9201265126101432,2.9117034925898735,8393,1116,900,1948,5233,1948,1.0,0.13296794948171095,0.10723221732396045,0.23209817705230548,0.62349577028476111,0.23209817705230548
2016-06-14,11148,-1.1386244518053736,1.8027523595189898,3.1466791223605806,11148,1221,876,2726,7139,2726,1.0,0.10952637244348762,0.078579117330462869,0.24452816648726228,0.640383925367779,0.24452816648726228
2016-06-15,9697,-0.97173000371804952,2.0277683031273357,2.9625625316363728,9697,1093,914,2231,5909,2231,1.0,0.11271527276477261,0.09425595545013922,0.23007115602763742,0.60936372073837264,0.23007115602763742
2016-06-16,10167,-0.84139398906206908,1.9537138700060044,2.795730078024409,10167,1066,945,2465,6639,2465,1.0,0.10484902134356251,0.092947772204190024,0.24245106717812531,0.65299498377102394,0.24245106717812531
2016-06-17,8894,-0.96836176912653649,2.0541555436890078,2.777667406455496,8894,1130,1239,2247,5863,2247,1.0,0.12705194513154935,0.13930739824600855,0.25264223071733755,0.65920845513829551,0.25264223071733755
2016-06-18,6333,-0.76836838191238777,1.7970670936469166,2.7599685781635226,6333,512,842,1750,3995,1750,1.0,0.080846360334754466,0.13295436601926416,0.27633033317543026,0.63082267487762511,0.27633033317543026
2016-06-19,5412,-1.2731916108271539,1.7472349262117359,3.1661822408787907,5412,465,838,1302,3245,1302,1.0,0.08592017738359202,0.15484109386548411,0.24057649667405764,0.59959349593495936,0.24057649667405764
2016-06-20,8525,-0.94871126970542519,1.9780014398318928,2.906248342353507,8525,1087,1067,2211,5135,2211,1.0,0.12750733137829912,0.12516129032258064,0.2593548387096774,0.60234604105571843,0.2593548387096774
2016-06-21,10354,-1.08612087439265,2.0034640715725427,2.8938275491340386,10354,1298,1213,2619,6663,2619,1.0,0.1253621788680703,0.11715279119180994,0.2529457214603052,0.6435194127873286,0.2529457214603052
2016-06-22,11468,-0.71144557397267172,2.1680135185242513,2.7858559904398676,11468,1398,1395,3079,7707,3079,1.0,0.12190442971747471,0.1216428322288106,0.26848622253226367,0.67204394837809556,0.26848622253226367
2016-06-23,10416,-1.1718341576510867,1.97164343254896,3.0806143621561772,10416,992,1178,2257,6835,2257,1.0,0.095238095238095233,0.1130952380952381,0.21668586789554531,0.65620199692780334,0.21668586789554531
2016-06-24,10852,-0.74333761796788278,1.8190764439585225,2.649794959650726,10852,988,1184,2139,7566,2139,1.0,0.091043125691116847,0.10910431256911168,0.1971065241430151,0.697198673055658,0.1971065241430151
2016-06-25,5591,-1.0418915348273894,1.9119523745653557,2.4905831302045978,5591,876,380,1356,3855,1356,1.0,0.15668037918082633,0.067966374530495435,0.24253264174566266,0.68950098372384194,0.24253264174566266
2016-06-26,4669,-1.0708526286390521,1.9674916217471607,2.6376223940219248,4669,471,439,1047,3021,1047,1.0,0.10087813236239024,0.094024416363246946,0.22424502034696936,0.64703362604412085,0.22424502034696936
2016-06-27,9802,-0.81935209258141484,1.8192054902792829,2.6399074689565767,9802,1085,1102,2955,6409,2955,1.0,0.11069169557233217,0.11242603550295859,0.3014690879412365,0.65384615384615385,0.3014690879412365
2016-06-28,10475,-0.83137422360196445,2.0492856553651277,2.8667450635374414,10475,1126,1461,2960,6942,2960,1.0,0.10749403341288782,0.13947494033412888,0.28257756563245823,0.66272076372315036,0.28257756563245823
2016-06-29,10840,-0.701733461745682,2.032274236650673,2.5630437553919472,10840,1532,1966,3560,7423,3560,1.0,0.14132841328413284,0.18136531365313655,0.32841328413284132,0.68477859778597783,0.32841328413284132
2016-06-30,11430,-0.80651440585744227,2.2848227463215425,2.77927208348105,11430,1524,1500,3417,7562,3417,1.0,0.13333333333333333,0.13123359580052493,0.29895013123359582,0.66159230096237975,0.29895013123359582
2016-07-01,9664,-1.0376082984597628,1.9592234791531464,2.8066930301847481,9664,1327,1246,2142,5980,2142,1.0,0.13731374172185432,0.128932119205298,0.22164735099337748,0.61879139072847678,0.22164735099337748
2016-07-02,5387,-1.014987594862049,1.9608800859387532,2.566996800586673,5387,598,488,990,3548,990,1.0,0.11100798217932059,0.090588453684796733,0.18377575645071467,0.65862260998700572,0.18377575645071467
2016-07-03,4912,-1.2938402810886986,1.9361457183847028,3.1148564326497317,4912,482,488,981,3088,981,1.0,0.0981270358306189,0.0993485342019544,0.19971498371335505,0.62866449511400646,0.19971498371335505
2016-07-04,7866,-0.79300527748937255,1.843498998538355,2.8115118448094476,7866,1228,851,1831,5131,1831,1.0,0.15611492499364352,0.10818713450292397,0.23277396389524535,0.65230104246122556,0.23277396389524535
2016-07-05,9221,-0.63666536362976844,2.105735949559072,2.6657222285771862,9221,1411,1128,2127,5828,2127,1.0,0.15302027979611757,0.12232946535082963,0.23066912482377183,0.63203557097928642,0.23066912482377183
2016-07-06,8450,-0.88751608143662908,2.03834380638296,2.8826474617427538,8450,1247,879,1759,5301,1759,1.0,0.14757396449704141,0.10402366863905325,0.20816568047337278,0.62733727810650886,0.20816568047337278
2016-07-07,9281,-0.89974010169976193,2.0269717817264885,2.9649731291749921,9281,1321,1000,2273,5972,2273,1.0,0.14233380023704342,0.10774701002047193,0.24490895377653271,0.64346514384225839,0.24490895377653271
2016-07-08,8292,-0.77594711356408808,2.0203716964354816,2.8783113616663685,8292,1265,910,1957,5387,1957,1.0,0.1525566811384467,0.10974433188615533,0.23601061263868789,0.649662325132658,0.23601061263868789
2016-07-09,4719,-0.55085356503597716,2.0363779280107486,2.6220854933711455,4719,972,499,1160,2863,1160,1.0,0.20597584233947872,0.10574274210637848,0.24581479126933672,0.6066963339690612,0.24581479126933672
2016-07-10,5156,-0.67910308004075048,1.9044326231765949,2.240184075376654,5156,834,615,1262,2973,1262,1.0,0.1617532971295578,0.11927851047323507,0.2447633824670287,0.57660977501939492,0.2447633824670287
2016-07-11,9222,-0.86181073550972076,1.7702435639224772,2.8400091439934574,9222,1530,1255,2069,5959,2069,1.0,0.16590761223162004,0.13608761656907395,0.22435480373021036,0.64617219692040773,0.22435480373021036
2016-07-12,9529,-0.67081448359513363,1.8990327523475699,2.7104000783748989,9529,1272,1258,2277,6218,2277,1.0,0.13348724944905027,0.13201805016266135,0.23895476965054047,0.65253436876902093,0.23895476965054047
2016-07-13,9492,-0.70970052114598969,1.9041298683975389,2.8208404395119295,9492,1147,871,2165,6107,2165,1.0,0.1208386009270965,0.0917614833544037,0.22808680994521702,0.64338390223345976,0.22808680994521702
2016-07-14,9076,-0.629419229392105,2.3158889323717093,2.8974960943145924,9076,1213,1043,2284,5640,2284,1.0,0.13364918466284706,0.11491846628470692,0.25165271044513,0.62141912736888494,0.25165271044513
2016-07-15,7646,-1.4329264562346626,1.991648262797844,3.4375846894620508,7646,1174,703,1824,4883,1824,1.0,0.15354433690818728,0.091943499869212658,0.23855610776876798,0.6386345801726393,0.23855610776876798
2016-07-16,3806,-1.1229636769813565,2.122660982244998,3.0946064671709896,3806,371,326,664,2424,664,1.0,0.0974776668418287,0.085654230162900677,0.1744613767735155,0.63688912243825535,0.1744613767735155
2016-07-17,4038,-1.1928072559758425,2.0760974349729482,3.051784984647274,4038,539,325,700,2377,700,1.0,0.13348192174343734,0.080485388806339778,0.1733531451213472,0.58865775136206044,0.1733531451213472
2016-07-18,7588,-0.76332261439365034,1.9777314156584644,2.7909783208240309,7588,1063,826,1931,4986,1931,1.0,0.14008961518186611,0.10885608856088561,0.2544807590933052,0.65709014232999474,0.2544807590933052
2016-07-19,9178,-0.78335280583445621,1.9109619559289215,2.8965700051185164,9178,1132,1032,2390,5821,2390,1.0,0.12333841795598169,0.11244279799520593,0.26040531706254083,0.63423403791675748,0.26040531706254083
2016-07-20,10311,-0.67996961387765908,1.9097880567706502,2.5509513129200747,10311,1184,989,2123,6241,2123,1.0,0.11482882358646106,0.095916981864028708,0.20589661526525072,0.60527591892154009,0.20589661526525072
2016-07-21,9530,-0.62474306650596623,2.068923982379649,2.6207143519637315,9530,1357,992,2054,5473,2054,1.0,0.14239244491080796,0.10409233997901364,0.2155299055613851,0.57429171038824767,0.2155299055613851
2016-07-22,8700,-0.97204614631276165,1.9418668392375003,2.711232167991755,8700,1264,801,1983,5436,1983,1.0,0.14528735632183909,0.092068965517241377,0.22793103448275862,0.6248275862068966,0.22793103448275862
2016-07-23,5530,-1.0665311087873945,1.9942095584381805,2.9363427318400808,5530,602,568,1101,3567,1101,1.0,0.10886075949367088,0.1027124773960217,0.19909584086799276,0.64502712477396018,0.19909584086799276
2016-07-24,5139,-1.18410875679197,1.8445183237772658,2.7490304551577291,5139,524,380,1329,3335,1329,1.0,0.10196536291107219,0.073944347149250828,0.258610624635143,0.64895894142829347,0.258610624635143
2016-07-25,9405,-1.0538599585490127,1.7789334801974819,2.768285457503262,9405,1228,757,1748,6264,1748,1.0,0.13056884635832003,0.080489101541733124,0.18585858585858586,0.6660287081339713,0.18585858585858586
2016-07-26,9492,-1.0321656554212255,1.88056578553657,2.9487092075395069,9492,1230,1239,2398,6223,2398,1.0,0.12958280657395702,0.13053097345132744,0.25263379688158449,0.6556047197640118,0.25263379688158449
2016-07-27,9618,-1.2680853197022477,1.9568152357992292,2.7229689892158069,9618,1434,935,2422,6081,2422,1.0,0.14909544603867747,0.097213557912247867,0.25181950509461426,0.632252027448534,0.25181950509461426
2016-07-28,10914,-1.4458969978472771,1.7617920462065684,3.1551870566123,10914,1595,945,2389,7625,2389,1.0,0.14614256917720359,0.086586036283672341,0.21889316474253254,0.69864394355873194,0.21889316474253254
2016-07-29,8896,-1.0921081975734541,1.9382081438780965,2.87921708023068,8896,1134,998,2036,5820,2036,1.0,0.12747302158273383,0.11218525179856115,0.22886690647482014,0.654226618705036,0.22886690647482014
2016-07-30,4743,-1.5927582961208164,1.7939205446790396,3.3119794592534983,4743,606,489,904,2990,904,1.0,0.12776723592662872,0.10309930423782417,0.19059666877503689,0.63040269871389421,0.19059666877503689
2016-07-31,3972,-1.290135614508872,1.7426049294260251,3.0160283888606143,3972,469,388,875,2443,875,1.0,0.11807653575025176,0.097683786505538772,0.22029204431017119,0.615055387713998,0.22029204431017119
2016-08-01,7391,-1.0030549855050335,1.9878088297751266,2.7763695600113452,7391,1252,798,1771,4490,1771,1.0,0.1693952103910161,0.10796915167095116,0.23961574888377757,0.60749560276011361,0.23961574888377757
2016-08-02,8670,-1.272961752487473,1.9325208808855483,2.9004847670642273,8670,1158,821,1820,5057,1820,1.0,0.13356401384083044,0.094694348327566319,0.209919261822376,0.58327566320645907,0.209919261822376
2016-08-03,8247,-1.1024719975518569,1.9699854402958725,2.71741360348944,8247,926,764,1617,5015,1617,1.0,0.11228325451679398,0.092639747787074081,0.196071298654056,0.60809991512065,0.196071298654056
2016-08-04,8446,-1.2201993119436079,2.1132416612812213,2.86370277066883,8446,1216,1127,2201,5711,2201,1.0,0.14397347856973716,0.13343594600994554,0.26059673218091406,0.67617807246033623,0.26059673218091406
2016-08-05,7709,-0.97380837909451634,2.0935789214175022,2.7089043386821161,7709,1369,897,1996,5022,1996,1.0,0.17758464132831756,0.1163575042158516,0.25891814761966531,0.65144636139577117,0.25891814761966531
2016-08-06,3994,-1.0259965259988151,2.2679980215407136,2.8066743441980222,3994,417,292,989,2324,989,1.0,0.10440660991487231,0.073109664496745122,0.24762143214822233,0.58187280921382079,0.24762143214822233
2016-08-07,4086,-1.1467022440409813,2.0909314722002317,2.9093727061721313,4086,486,548,877,2525,877,1.0,0.11894273127753303,0.13411649534997552,0.21463534018600097,0.61796377875673025,0.21463534018600097
2016-08-08,7686,-1.1717675781980352,2.0033540281591562,3.1072833974284153,7686,986,752,1738,4857,1738,1.0,0.12828519385896436,0.097840228987769978,0.22612542284673431,0.631928181108509,0.22612542284673431
2016-08-09,7798,-1.1016259034770017,2.1442432082178149,2.9069855871293151,7798,1104,904,1927,4794,1927,1.0,0.14157476275968198,0.11592716081046422,0.24711464478071302,0.61477301872274948,0.24711464478071302
2016-08-10,8486,-1.0903857276024334,1.8144567889472687,2.8909537169456732,8486,1231,938,1979,5095,1979,1.0,0.1450624558095687,0.1105349988215885,0.23320763610652839,0.60040065991044067,0.23320763610652839
2016-08-11,8095,-1.047756608149355,1.956596738463471,2.9658250460562781,8095,1166,893,1867,4811,1867,1.0,0.14403953057442867,0.11031500926497838,0.23063619518221123,0.59431747992588013,0.23063619518221123
2016-08-12,7637,-1.4496749363495389,1.9269287821554506,3.3375864558420507,7637,1314,754,1845,4789,1845,1.0,0.1720570904805552,0.098729867749116143,0.241587010606259,0.62707869582296716,0.241587010606259
2016-08-13,5842,-0.66255683319866387,1.6035136236001302,2.7521840043608941,5842,634,673,1022,3970,1022,1.0,0.10852447791852106,0.11520027387880863,0.17494008901061281,0.67956179390619653,0.17494008901061281
2016-08-14,18558,0.492430802339174,1.4774727490378556,1.9558375122000822,18558,622,1144,1452,16848,1452,1.0,0.033516542730897728,0.061644573768725078,0.078241189783381834,0.90785645004849658,0.078241189783381834
2016-08-15,21397,0.26502089705144766,1.4644730410413593,2.1844180745096571,21397,1063,1396,2417,18618,2417,1.0,0.049679861662849933,0.065242791045473661,0.1129597607141188,0.87012197971678273,0.1129597607141188
2016-08-16,17317,-0.15305799218922661,1.5442394787572991,2.584249953623,17317,1264,1457,2734,13326,2734,1.0,0.072991857712074837,0.084136975226655891,0.15787954033608592,0.76953282901195352,0.15787954033608592
2016-08-17,16526,-0.046917513051521295,1.8562951151237284,2.7877389977082552,16526,1662,1269,2829,12886,2829,1.0,0.10056880067771996,0.076788091492194122,0.17118479970954859,0.77974101415950625,0.17118479970954859
2016-08-18,10539,-0.59617883510234515,2.1821814898197212,2.7815367604941517,10539,1213,1019,3486,7318,3486,1.0,0.115096308947718,0.096688490369105234,0.33077142043837177,0.69437328019736222,0.33077142043837177
2016-08-19,17050,0.41654011959743115,2.1476348492241875,2.874322253991116,17050,1204,1174,10009,13728,10009,1.0,0.0706158357771261,0.068856304985337249,0.58703812316715542,0.80516129032258066,0.58703812316715542
2016-08-20,17349,1.5779615123547506,2.4490969927782689,2.8030713644799548,17349,516,1028,13887,15596,13887,1.0,0.029742348262147673,0.059254135685053895,0.8004495936365208,0.89895671220243245,0.8004495936365208
2016-08-21,19871,1.5954068321082393,2.3766736167842621,2.6835614625000215,19871,556,1213,16332,18330,16332,1.0,0.027980474057671983,0.061043732071863518,0.8219012631473,0.92244980121785514,0.8219012631473
2016-08-22,26039,1.0271510353069542,2.1036046590413067,2.4993134318851755,26039,1254,1667,19459,22770,19459,1.0,0.048158531433618805,0.064019355582011592,0.74730212373747074,0.874457544452552,0.74730212373747074
2016-08-23,17352,-0.043937468989083711,2.0173777559557058,2.9955116477375325,17352,1363,1392,9051,13839,9051,1.0,0.078550023052097739,0.080221300138312593,0.52161134163208855,0.7975449515905948,0.52161134163208855
2016-08-24,9323,-0.92328621434537994,1.8810428485075021,2.6696106677621065,9323,1087,1043,2008,5769,2008,1.0,0.11659337123243591,0.11187386034538238,0.21538131502735172,0.61879223425935859,0.21538131502735172
2016-08-25,9667,-1.01367486031049,1.8426001355919794,2.719936913148282,9667,1209,1198,2332,5916,2332,1.0,0.12506465294300195,0.12392676114616738,0.24123306092893348,0.61197889727940413,0.24123306092893348
2016-08-26,8243,-1.0695337820295872,1.816960657326802,2.817828156882705,8243,1135,827,1911,5058,1911,1.0,0.13769258765012737,0.10032755064903555,0.23183307048404708,0.61361154919325489,0.23183307048404708
2016-08-27,5111,-0.86880714685452254,2.0651354207633537,2.687094487408598,5111,796,364,851,3103,851,1.0,0.15574251614165524,0.071218939542163961,0.16650361964390531,0.60712189395421634,0.16650361964390531
2016-08-28,4646,-0.87997227278532053,2.0632583229526138,2.5751397870658566,4646,710,541,980,2610,980,1.0,0.15281962978906585,0.11644425312096426,0.21093413689195006,0.561773568661214,0.21093413689195006
2016-08-29,9012,-0.85420435994465227,2.0676224084314865,2.7907686000864849,9012,1163,1328,2246,5868,2246,1.0,0.12905015534842432,0.14735907678650689,0.24922325787838437,0.65113182423435423,0.24922325787838437
2016-08-30,9901,-1.0213661545887218,2.071384460494289,3.0471863661930447,9901,1298,1429,2305,6559,2305,1.0,0.1310978689021311,0.14432885567114434,0.2328047671952328,0.6624583375416625,0.2328047671952328
2016-08-31,10658,-0.69082001275216731,2.0734724646208984,2.7252104716740311,10658,1439,1405,2560,6982,2560,1.0,0.13501595045974854,0.13182585851003942,0.24019515856633514,0.65509476449615311,0.24019515856633514
2016-09-01,11564,-0.63478751647661891,2.0675231826367058,2.5613052906081033,11564,1347,1418,2603,7582,2603,1.0,0.1164821860947769,0.12262193012798339,0.22509512279488067,0.6556554825319959,0.22509512279488067
2016-09-02,9732,-0.75402222436870325,2.0521718366666635,2.5440530644610613,9732,1161,844,2111,6900,2111,1.0,0.11929716399506782,0.086724208795725441,0.21691327579120429,0.70900123304562268,0.21691327579120429
2016-09-03,11717,0.28303289942837878,2.2326032110683247,2.2796079382467576,11717,1058,1080,1644,8066,1644,1.0,0.090296150891866517,0.092173764615515921,0.14030895280361869,0.68840146795254753,0.14030895280361869
2016-09-04,10283,-0.956456528242991,2.1469071864392442,2.71090633701894,10283,671,1594,2132,8037,2132,1.0,0.0652533307400564,0.15501312846445589,0.20733249051833122,0.78158125060779926,0.20733249051833122
2016-09-05,12807,-1.2599015968579015,2.0643397158544516,2.9403959581595021,12807,1013,1658,2365,9002,2365,1.0,0.079097368626532369,0.12946045131568673,0.18466463652689935,0.70289685328336071,0.18466463652689935
2016-09-06,12285,-1.0821176650927855,1.9756866758094249,3.0047179918650229,12285,1251,1513,2852,7748,2852,1.0,0.10183150183150183,0.12315832315832316,0.23215303215303215,0.63068783068783074,0.23215303215303215
2016-09-07,9846,-0.995230874560986,2.07809717918485,2.951255170757991,9846,1153,926,2363,6230,2363,1.0,0.11710339224050376,0.0940483445053829,0.23999593743652245,0.63274426162908792,0.23999593743652245
2016-09-08,10596,-0.81333892176436118,2.0585110477899375,2.8224495812891441,10596,1355,964,2434,7189,2434,1.0,0.12787844469611173,0.0909777274443186,0.22970932427331067,0.67846357115892786,0.22970932427331067
2016-09-09,8607,-0.88670679925397067,1.9756759258068124,2.8369088880067763,8607,1054,768,2038,5611,2038,1.0,0.12245846404089694,0.089229696758452423,0.23678401301266411,0.65191123504124548,0.23678401301266411
2016-09-10,5320,-1.0039083217867644,2.2005926291965854,2.7601955502847004,5320,772,395,1072,3089,1072,1.0,0.14511278195488722,0.074248120300751883,0.20150375939849624,0.580639097744361,0.20150375939849624
2016-09-11,4343,-1.0230141851882137,2.0279783173864767,2.7644080997762495,4343,724,482,993,2646,993,1.0,0.16670504259728297,0.11098319134239006,0.22864379461201934,0.6092562744646558,0.22864379461201934
2016-09-12,9053,-0.7426286310629322,1.9428743098922947,2.6196006670945451,9053,1302,994,1894,5922,1894,1.0,0.14381972826687286,0.1097978570639567,0.20921241577377664,0.65414779631061526,0.20921241577377664
2016-09-13,10412,-0.87301404665375393,1.8102473894347793,2.6565090668599711,10412,1368,1239,2676,7073,2676,1.0,0.13138686131386862,0.11899731079523626,0.25701114099116407,0.67931233192470231,0.25701114099116407
2016-09-14,11173,-0.98820238170276054,1.7919834998724804,2.6729799552166877,11173,1231,1109,2372,7683,2372,1.0,0.11017631790924551,0.099257137742772755,0.212297502908798,0.68763984605746,0.212297502908798
2016-09-15,10246,-0.805216622959379,1.8083739599191959,2.7267849080466324,10246,844,1020,2280,6793,2280,1.0,0.082373609213351545,0.099551044309974621,0.222525863751708,0.66299043529182122,0.222525863751708
2016-09-16,9402,-0.86954153839588788,1.9408633432933049,2.6220499539988875,9402,753,855,2063,5772,2063,1.0,0.080089342693044033,0.090938098276962351,0.21942139970219102,0.61391193363114227,0.21942139970219102
2016-09-17,5724,-0.8800776762856023,1.8530767775116186,2.7526620351171385,5724,452,447,1066,3778,1066,1.0,0.078965758211041223,0.07809224318658281,0.1862334032145353,0.66002795248078272,0.1862334032145353
2016-09-18,6060,-1.2649391639781615,1.967345552350044,2.7854286652659561,6060,780,358,1093,4339,1093,1.0,0.12871287128712872,0.059075907590759077,0.18036303630363038,0.716006600660066,0.18036303630363038
2016-09-19,10407,-0.98429833797884358,2.0777927962140192,2.8522247671074634,10407,1304,1207,2433,6923,2433,1.0,0.12530027865859517,0.11597962909580091,0.23378495243586048,0.66522532910540977,0.23378495243586048
2016-09-20,13446,-1.2703230820978333,2.0398757097157278,2.9318269302264945,13446,1907,1325,2797,9402,2797,1.0,0.14182656552134465,0.098542317417819422,0.20801725420199316,0.69924141008478358,0.20801725420199316
2016-09-21,13554,-0.80989125980286991,2.1273677767977621,2.6900968719869036,13554,1502,1051,2948,9028,2948,1.0,0.11081599527814667,0.077541685111406231,0.21750036889479121,0.66607643500073777,0.21750036889479121
2016-09-22,11182,-0.90012921225122278,2.12123778295411,2.7888552654278991,11182,1660,907,2639,7496,2639,1.0,0.14845287068502952,0.081112502235736,0.23600429261312825,0.67036308352709717,0.23600429261312825
2016-09-23,9427,-0.91539968038389552,2.0439651969190011,2.7351749778523318,9427,1285,695,2276,6476,2276,1.0,0.13631059722074892,0.073724408613556808,0.24143417842367668,0.68696297867826461,0.24143417842367668
2016-09-24,5312,-1.0447364084047246,2.0877632306252836,2.794724183804032,5312,563,361,923,3448,923,1.0,0.10598644578313253,0.067959337349397589,0.17375753012048192,0.64909638554216864,0.17375753012048192
2016-09-25,5147,-0.75732214208713888,2.0989653112335933,2.6206416682370963,5147,786,539,1093,3432,1093,1.0,0.1527103166893336,0.10472119681367786,0.21235671264814454,0.66679619195647954,0.21235671264814454
2016-09-26,10389,-0.75728607170763584,1.9150172728032344,2.5982430027254981,10389,1169,968,2507,6733,2507,1.0,0.11252286071806719,0.093175474059100968,0.24131292713446914,0.64808932524785834,0.24131292713446914
2016-09-27,14994,-1.5970845561459237,1.9039611331719457,3.1354136359713922,14994,1395,1558,4160,10644,4160,1.0,0.093037214885954386,0.10390822995865012,0.27744431105775641,0.70988395358143253,0.27744431105775641
2016-09-28,12131,-0.9169326735142046,1.8645551672743581,2.8583628944755639,12131,1334,1714,3393,8406,3393,1.0,0.1099662022916495,0.14129090759211937,0.27969664495919544,0.69293545462039408,0.27969664495919544
2016-09-29,11365,-0.97744200924685454,2.1152811513854393,3.0980042351757691,11365,1584,1763,3307,7670,3307,1.0,0.13937527496700397,0.15512538495380554,0.29098108227012759,0.67487901451825782,0.29098108227012759
2016-09-30,11637,-0.47357564766156646,2.0890568998178161,2.5831810112981768,11637,1496,1293,2806,7737,2806,1.0,0.128555469622755,0.1111111111111111,0.24112743834321559,0.66486207785511731,0.24112743834321559
2016-10-01,5338,-0.81928571933217909,2.2067694037412755,2.8045204451039072,5338,530,530,1118,3468,1118,1.0,0.099288122892469091,0.099288122892469091,0.20944173847883102,0.64968152866242035,0.20944173847883102
2016-10-02,5792,-0.39723532544840123,2.3686628561214014,2.6648181355860339,5792,489,720,1234,3929,1234,1.0,0.0844267955801105,0.12430939226519337,0.21305248618784531,0.67834944751381221,0.21305248618784531
2016-10-03,9585,-0.61506676838263308,2.0717733805627248,2.6438067132993703,9585,1269,932,2028,6260,2028,1.0,0.13239436619718309,0.097235263432446525,0.21158059467918622,0.65310380803338552,0.21158059467918622
2016-10-04,11871,-0.53685503737115414,2.2805712376530631,2.7119140888558331,11871,1328,1400,2593,8454,2593,1.0,0.11186926122483362,0.11793446213461377,0.21843147165360963,0.71215567349001774,0.21843147165360963
2016-10-05,12149,-0.82192195268020285,2.2146471488807116,3.0492703981671814,12149,1181,1698,3218,7889,3218,1.0,0.097209646884517248,0.1397645896781628,0.2648777677175076,0.64935385628446785,0.2648777677175076
2016-10-06,13273,-0.74008245147704665,2.2330935019044036,2.7058794148319487,13273,1324,1800,3498,9007,3498,1.0,0.099751374971747159,0.13561365177427862,0.26354252994801475,0.67859564529495964,0.26354252994801475
2016-10-07,10418,-0.83743219164410965,2.2636826143343804,2.8532893790246527,10418,1299,1244,2517,6958,2517,1.0,0.12468803993088885,0.1194087156843924,0.241601075062392,0.66788251103858709,0.241601075062392
2016-10-08,6090,-1.4769810154579228,2.0275558197407442,3.5681326031766658,6090,1678,999,1414,4100,1414,1.0,0.27553366174055827,0.16403940886699508,0.23218390804597702,0.6732348111658456,0.23218390804597702
2016-10-09,4756,-1.1375902784694039,2.0140826215134977,3.1558739818844508,4756,1061,593,1131,3095,1131,1.0,0.22308662741799831,0.12468460891505467,0.23780487804878048,0.65075693860386885,0.23780487804878048
2016-10-10,8861,-1.03210603020373,2.080237641718452,3.0425571695405962,8861,1294,948,2149,5652,2149,1.0,0.14603317909942445,0.10698566753188128,0.24252341722153256,0.63785125832298839,0.24252341722153256
2016-10-11,10477,-1.194046675817062,1.9778599164681183,2.8212739432006915,10477,1533,1007,2564,7301,2564,1.0,0.14632051159683115,0.096115300181349617,0.2447265438579746,0.69685978810728266,0.2447265438579746
2016-10-12,9794,-1.116693927100018,2.0234332267839759,2.7752270880052823,9794,1558,1345,2792,6750,2792,1.0,0.15907698590974065,0.13732897692464774,0.28507249336328366,0.68919746783745151,0.28507249336328366
2016-10-13,10813,-0.98433048195442729,1.881299115973067,2.9079793371139093,10813,1688,1186,2471,7051,2471,1.0,0.15610838805141958,0.10968278923517988,0.22852122445204845,0.65208545269582907,0.22852122445204845
2016-10-14,10574,-0.89931339419584244,1.9046289928200359,2.7045217145194891,10574,1975,1198,2809,6667,2809,1.0,0.18677889162095707,0.11329676565159826,0.26565159825988272,0.63050879515793457,0.26565159825988272
2016-10-15,9914,-0.22239793662660867,2.0521501686431223,2.5191239235414269,9914,2701,1016,2610,5584,2610,1.0,0.27244300988501108,0.10248133951987089,0.26326407101069194,0.56324389751866044,0.26326407101069194
2016-10-16,7147,-0.943434655808253,1.713554988145618,2.8500047731374503,7147,913,1153,1412,4479,1412,1.0,0.12774590737372324,0.16132643067021127,0.19756541206100461,0.626696516020708,0.19756541206100461
2016-10-17,11900,-1.0417087546238057,1.917853143568383,3.0576911374036637,11900,1529,1186,2456,7349,2456,1.0,0.1284873949579832,0.099663865546218491,0.20638655462184874,0.617563025210084,0.20638655462184874
2016-10-18,12256,-0.90858625140146343,1.8089078975562489,2.7008921539365214,12256,1533,1498,3286,8246,3286,1.0,0.12508159268929503,0.12222584856396866,0.26811357702349869,0.672813315926893,0.26811357702349869
2016-10-19,11607,-0.48628969608266986,2.0657443721184441,2.2330070976823144,11607,1601,2082,3065,6851,3065,1.0,0.13793400534160422,0.17937451537865082,0.26406478848970449,0.590247264581718,0.26406478848970449
2016-10-20,8705,-0.77185589612128735,1.892072283841941,2.526166381678534,8705,1268,1235,2073,5746,2073,1.0,0.14566341183228029,0.14187248707639288,0.23813900057438253,0.6600804135554279,0.23813900057438253
2016-10-21,9108,-0.66346723440792255,2.1494238509743946,2.6148794213765787,9108,1122,833,2014,6107,2014,1.0,0.12318840579710146,0.0914580588493632,0.22112428634167763,0.67050944224857267,0.22112428634167763
2016-10-22,6069,-1.0578757911900467,1.7804451713574689,2.695215777653698,6069,611,546,1508,4277,1508,1.0,0.10067556434338441,0.089965397923875437,0.24847586093260834,0.70472895040369088,0.24847586093260834
2016-10-23,4845,-1.0454812927610373,1.9506397843603425,2.7023535339598803,4845,662,521,1195,3187,1195,1.0,0.13663570691434468,0.10753353973168214,0.24664602683178535,0.65779153766769871,0.24664602683178535
2016-10-24,10137,-0.80671791570121587,1.9072344803525774,2.490071315090193,10137,1332,1081,2554,6739,2554,1.0,0.1313998224326724,0.10663904508237151,0.25194830817796193,0.66479234487520966,0.25194830817796193
2016-10-25,10742,-0.77855934374283187,2.0183470914210559,2.5707031381922536,10742,1461,1257,2629,7398,2629,1.0,0.13600819214299012,0.11701731521132006,0.24474027183019922,0.68869856637497673,0.24474027183019922
2016-10-26,10282,-0.57563329481679837,1.8842817303117316,2.316520283719496,10282,1251,1206,2436,7081,2436,1.0,0.12166893600466835,0.11729235557284574,0.23691888737599689,0.68867924528301883,0.23691888737599689
2016-10-27,11202,-0.87304122410725526,1.8951639964712508,2.7582521081902582,11202,1583,1344,2839,7158,2839,1.0,0.14131405106231029,0.11997857525441885,0.25343688627030886,0.63899303695768617,0.25343688627030886
2016-10-28,9252,-0.54016431207681237,2.1113183675807052,2.5421372415081982,9252,1307,913,2263,5723,2263,1.0,0.14126675313445741,0.098681366191093814,0.24459576307825334,0.61856895806312151,0.24459576307825334
2016-10-29,4786,-0.51979411081682292,1.7735900457743474,2.3927669263893323,4786,608,832,1239,2865,1239,1.0,0.1270371918094442,0.17384036773923944,0.25888006686167991,0.59862097785206858,0.25888006686167991
2016-10-30,4787,-0.90523197615023321,1.8464903273234694,2.6489594533868437,4787,498,649,1156,3214,1156,1.0,0.10403175266346355,0.13557551702527679,0.24148736160434511,0.67140171297263418,0.24148736160434511
2016-10-31,9550,-1.1970755196374236,1.9728781876805659,2.9698615744195234,9550,1263,1164,2509,6164,2509,1.0,0.13225130890052356,0.12188481675392671,0.26272251308900524,0.64544502617801047,0.26272251308900524
2016-11-01,9349,-0.86548026677402023,1.9874151049774729,2.5804788144560651,9349,1271,928,2092,6328,2092,1.0,0.13595036902342497,0.099261953150069526,0.22376724783399293,0.67686383570435338,0.22376724783399293
2016-11-02,10594,-0.84768907178522979,1.9227106671495109,2.7439527442924532,10594,1669,1730,3277,7328,3277,1.0,0.15754200490843873,0.16329998112138946,0.30932603360392674,0.69171228997545786,0.30932603360392674
2016-11-03,11135,-0.69733384314383462,2.0044516022641266,2.5284303430903492,11135,1523,1668,3321,7705,3321,1.0,0.13677593174674449,0.14979793444095196,0.29824876515491694,0.69196228109564439,0.29824876515491694
2016-11-04,12864,0.061183795802778655,2.2840555121293762,2.3315963504612363,12864,1450,2012,3594,8457,3594,1.0,0.11271766169154229,0.15640547263681592,0.279384328358209,0.65741604477611937,0.279384328358209
2016-11-05,7069,-0.5477071995836692,2.0315330060924475,2.619358996870254,7069,1113,1177,2002,4918,2002,1.0,0.15744801244871975,0.16650162682133257,0.28320837459329468,0.69571367944546614,0.28320837459329468
2016-11-06,5864,-0.7108626768901265,1.8160410927010275,2.5882374849234573,5864,798,723,1505,4175,1505,1.0,0.13608458390177353,0.12329467939972714,0.2566507503410641,0.71197135061391537,0.2566507503410641
2016-11-07,12913,-0.54958266510972809,2.0077730622733454,2.5436288320470721,12913,1319,1945,3529,9073,3529,1.0,0.10214512506776117,0.15062340277239991,0.27329048245953691,0.70262526136451642,0.27329048245953691
2016-11-08,11736,-0.66195681349124758,1.8759980459714785,2.4636486243886724,11736,1288,1670,3170,8074,3170,1.0,0.10974778459441036,0.14229720518064076,0.27010906612133606,0.68796864349011588,0.27010906612133606
2016-11-09,18054,-0.50019340899484288,1.6854896719675057,2.1289070778453345,18054,1168,1597,4978,14448,4978,1.0,0.0646948044754625,0.08845685166722056,0.27572837044422288,0.80026586905948816,0.27572837044422288
2016-11-10,16486,-0.77721380976180932,1.6509143690103,2.3429908139833198,16486,1586,1679,4468,13333,4468,1.0,0.096202838772291646,0.10184398883901492,0.27101783331311413,0.8087468154798011,0.27101783331311413
2016-11-11,13644,-0.75501115523470874,1.8292178660529403,2.4659265967649069,13644,1046,1497,3741,10127,3741,1.0,0.076663734975080625,0.10971855760773967,0.27418645558487248,0.74223101729698038,0.27418645558487248
2016-11-12,8344,-1.2162128937780707,1.83383530425264,2.4917615895141996,8344,623,785,2012,6211,2012,1.0,0.074664429530201346,0.09407957813998083,0.24113135186960691,0.74436720997123684,0.24113135186960691
2016-11-13,8357,-0.82495167013527892,1.880469908429182,2.157290978716532,8357,671,738,1889,5760,1889,1.0,0.080291970802919707,0.088309201866698578,0.22603805193251167,0.68924255115472055,0.22603805193251167
2016-11-14,15220,-0.85588525763849155,1.7728306216877909,2.3264204572664409,15220,1440,1436,4009,10537,4009,1.0,0.094612352168199743,0.094349540078843622,0.26340341655716165,0.69231274638633378,0.26340341655716165
2016-11-15,15662,-0.66057314810280032,1.999103367539973,2.3793469565493774,15662,1471,1683,4304,11402,4304,1.0,0.093921593666198441,0.10745754054399183,0.27480526114161663,0.72800408632358571,0.27480526114161663
2016-11-16,15213,-0.51997629237304388,1.9575201218545357,2.3796918648035179,15213,1551,2546,4548,11093,4548,1.0,0.1019522776572668,0.16735686583842765,0.29895484125419047,0.72917899165187672,0.29895484125419047
2016-11-17,15814,-0.74943055810868431,1.917080759169824,2.5757542789133412,15814,1495,1956,4113,11808,4113,1.0,0.094536486657392185,0.12368787150626027,0.26008599974705959,0.74668015682306821,0.26008599974705959
2016-11-18,15009,-0.86913686204497387,1.9603100313513251,2.5797791809890906,15009,1411,2316,4226,10340,4226,1.0,0.094010260510360447,0.1543074155506696,0.2815643946965154,0.68891998134452659,0.2815643946965154
2016-11-19,9223,-0.78915872341037374,1.8553267932767734,2.3170191693166591,9223,1074,1335,2510,6237,2510,1.0,0.11644801040876071,0.1447468285807221,0.272145722649897,0.67624417217825006,0.272145722649897
2016-11-20,6544,-0.63909580165508928,1.6524107147616429,2.2799230717491774,6544,625,856,1730,4265,1730,1.0,0.095507334963325183,0.13080684596577016,0.26436430317848408,0.651742053789731,0.26436430317848408
2016-11-21,11674,-0.67902529083335716,1.8999426386878058,2.416839293991822,11674,1517,2091,3440,8282,3440,1.0,0.12994689052595512,0.17911598423847866,0.29467192050710983,0.7094397807092685,0.29467192050710983
2016-11-22,11407,-0.94660687046017244,1.8770239577134553,2.6259038503620946,11407,1438,1964,3322,7744,3322,1.0,0.12606294380643465,0.17217498027526956,0.29122468659594986,0.67888138862102221,0.29122468659594986
2016-11-23,12792,-0.86067339154398126,1.9876007561798819,2.3342778061684442,12792,1227,1542,3572,9600,3572,1.0,0.095919324577861162,0.12054409005628518,0.27923702313946214,0.75046904315196994,0.27923702313946214
2016-11-24,9547,-0.82434935524105357,1.9957221491874315,2.5982155913299096,9547,1105,1215,2502,6721,2502,1.0,0.11574316539226982,0.12726510945846864,0.26207185503299468,0.703990782444747,0.26207185503299468
2016-11-25,8888,-0.92672346470363831,1.9487880502612629,2.5322652298266011,8888,904,1030,2264,5960,2264,1.0,0.10171017101710171,0.11588658865886589,0.25472547254725475,0.67056705670567052,0.25472547254725475
2016-11-26,5743,-0.84597035877605387,1.9011652733130557,2.4133590779526659,5743,622,570,1386,3961,1386,1.0,0.10830576353822044,0.0992512624064078,0.24133728016716002,0.68970921121365136,0.24133728016716002
2016-11-27,5262,-0.9054942121272006,1.8701013013499315,2.5205268547562278,5262,428,628,1266,3535,1266,1.0,0.081337894336754091,0.1193462561763588,0.24059293044469784,0.67179779551501329,0.24059293044469784
2016-11-28,9008,-0.70813470871113227,1.9523336267866589,2.5154354777099956,9008,1023,1181,2442,5890,2442,1.0,0.11356571936056839,0.13110568383658969,0.27109236234458262,0.65386323268206037,0.27109236234458262
2016-11-29,10360,-0.99832660713571619,1.8795952611488371,2.7235888595375375,10360,1244,1740,3417,7498,3417,1.0,0.12007722007722008,0.16795366795366795,0.32982625482625483,0.72374517374517378,0.32982625482625483
2016-11-30,9922,-0.77755224180458871,1.8817353193704967,2.6509200880274362,9922,1059,1388,3005,6895,3005,1.0,0.1067325136061278,0.13989115097762547,0.30286232614392261,0.69492037895585568,0.30286232614392261
2016-12-01,9955,-0.47000008708154428,2.1724861201007659,2.4988314222222789,9955,1296,1116,3023,6694,3023,1.0,0.13018583626318433,0.11210447011551984,0.30366649924660977,0.67242591662481166,0.30366649924660977
2016-12-02,7994,-0.587979892436098,2.1175188563695921,2.49343372033853,7994,970,926,2231,5328,2231,1.0,0.12134100575431574,0.11583687765824369,0.27908431323492622,0.66649987490617968,0.27908431323492622
2016-12-03,5495,-0.8897257337377853,1.7815279750749677,2.6269575999515884,5495,560,505,1501,3648,1501,1.0,0.10191082802547771,0.091901728844404007,0.27315741583257508,0.66387625113739768,0.27315741583257508
2016-12-04,5153,-1.158122277994597,1.745424256681372,2.9365615252434516,5153,627,433,1344,3234,1344,1.0,0.12167669318843392,0.0840287211333204,0.26081894042305453,0.627595575392975,0.26081894042305453
2016-12-05,10801,-0.82070572119146945,1.8354169589652283,2.6420667767125066,10801,1480,1396,3051,7492,3051,1.0,0.13702434959725951,0.12924729191741505,0.28247384501435052,0.69363947782612723,0.28247384501435052
2016-12-06,12335,-0.77529483262637067,1.7377152249568659,2.4077710023295884,12335,1926,1378,3296,8830,3296,1.0,0.15614106201864614,0.11171463315768139,0.26720713417105796,0.71584920956627485,0.26720713417105796
2016-12-07,12274,-1.2200630100205911,1.936947289454215,2.8798027256385268,12274,1981,1380,3825,8301,3825,1.0,0.16139807723643473,0.11243278474824833,0.31163434903047094,0.67630764217044159,0.31163434903047094
2016-12-08,13869,-0.82616082045121664,1.9355794629951493,2.4193462411943871,13869,1746,1990,4596,10035,4596,1.0,0.12589227774172615,0.14348547119475089,0.33138654553320357,0.72355613238157046,0.33138654553320357
2016-12-09,11259,-0.89385627416760627,1.8516264501229469,2.7501361810667011,11259,1765,1482,3044,7867,3044,1.0,0.15676347810640376,0.13162803090860645,0.27036148858690823,0.69872990496491694,0.27036148858690823
2016-12-10,7107,-0.80672387459078188,1.8668415844666753,2.6503854892681793,7107,1228,875,2225,5060,2225,1.0,0.17278739271141128,0.12311805262417334,0.31307161953004081,0.71197411003236244,0.31307161953004081
2016-12-11,7407,-0.8856115939581547,1.4000785942107523,2.448593968679138,7407,747,518,2295,5520,2295,1.0,0.10085054678007291,0.069933846361549881,0.30984204131227217,0.745240988254354,0.30984204131227217
2016-12-12,11545,-0.64801937637977269,1.8367245806050807,2.4298310463678989,11545,1417,1369,3315,7647,3315,1.0,0.1227371156344738,0.11857947163274145,0.28713728886964052,0.66236466002598526,0.28713728886964052
2016-12-13,12863,-0.58510675127346423,1.7908440836004906,2.1988074141636895,12863,1142,1635,4842,9257,4842,1.0,0.088781777190391042,0.12710876156417633,0.376428515898313,0.71966104330249558,0.376428515898313
2016-12-14,12067,-0.66530124467598273,1.7957118885449141,2.1750587944058979,12067,1355,1251,3947,8680,3947,1.0,0.11228971575370846,0.10367116930471534,0.32709041186707549,0.71931714593519513,0.32709041186707549
2016-12-15,11554,-0.92639249814885349,1.894767347044467,2.3000929809459869,11554,1488,1354,3550,8173,3550,1.0,0.12878656742253766,0.11718885234550805,0.30725289942876927,0.70737406958629045,0.30725289942876927
2016-12-16,9776,-0.98598208142537946,1.8748447562565669,2.5484093942817814,9776,1471,1142,2750,6783,2750,1.0,0.15047054009819968,0.11681669394435353,0.28130114566284781,0.693842062193126,0.28130114566284781
2016-12-17,5166,-1.0075919922641088,1.7862975563054342,2.5171151165101113,5166,695,539,1303,3324,1303,1.0,0.13453348819202476,0.1043360433604336,0.25222609368950832,0.64343786295005811,0.25222609368950832
2016-12-18,4580,-0.86843808412582246,1.8626183195328214,2.6321652697845335,4580,641,392,1006,3106,1006,1.0,0.13995633187772927,0.085589519650655019,0.21965065502183406,0.67816593886462884,0.21965065502183406
2016-12-19,8783,-1.084792487585938,1.8187791183620878,2.8152217325356967,8783,1355,844,2188,6050,2188,1.0,0.15427530456563818,0.096094728452692707,0.24911761357167256,0.68883069566207444,0.24911761357167256
2016-12-20,9686,-0.96114352801656144,1.6880026332135813,2.589914969511955,9686,1455,866,2860,6804,2860,1.0,0.15021680776378277,0.089407392112327067,0.29527152591368988,0.70245715465620484,0.29527152591368988
2016-12-21,10341,-1.1615239613107116,1.815611141833825,2.9568134350536077,10341,1586,1022,3135,7555,3135,1.0,0.15337008026303064,0.098829900396480028,0.30316217000290108,0.73058698385069143,0.30316217000290108
2016-12-22,8622,-0.69120781734068371,1.9797317085896806,2.5949797779504218,8622,1571,1173,2808,5909,2808,1.0,0.18220830433774066,0.1360473208072373,0.325678496868476,0.68533982834609142,0.325678496868476
2016-12-23,6380,-0.80241702949946569,2.0213286602282521,2.6181251560434653,6380,992,744,1536,4098,1536,1.0,0.1554858934169279,0.11661442006269593,0.24075235109717869,0.642319749216301,0.24075235109717869
2016-12-24,4611,-0.84451099869137358,1.9784226210095124,2.5228067024309855,4611,514,353,694,2673,694,1.0,0.11147256560399046,0.076556061591845581,0.15050965083495987,0.57970071567989589,0.15050965083495987
2016-12-25,3833,-0.65468426093480925,2.026985163018614,2.7010542470681771,3833,494,615,883,2379,883,1.0,0.12888077224106445,0.16044873467258022,0.23036785807461518,0.62066266631881029,0.23036785807461518
2016-12-26,5622,-1.0748887344035789,1.85443182821551,2.88217954090665,5622,878,677,1321,3420,1321,1.0,0.15617218071860547,0.12041977943792245,0.23496976165065814,0.608324439701174,0.23496976165065814
2016-12-27,6712,-1.1143528513098304,1.8290090355122535,2.7445471880943129,6712,1102,629,1458,4162,1458,1.0,0.16418355184743744,0.093712753277711558,0.21722288438617401,0.62008343265792609,0.21722288438617401
2016-12-28,6983,-1.0532604701669406,1.7611602045812056,2.5656722330306181,6983,1164,624,1604,4440,1604,1.0,0.1666905341543749,0.0893598739796649,0.22970070170413862,0.63582987254761569,0.22970070170413862
2016-12-29,7394,-1.2383396377979228,1.8662121373313583,2.6860246271742638,7394,1377,735,2065,5163,2065,1.0,0.18623208006491751,0.099404922910467944,0.27928049770083851,0.69826886664863408,0.27928049770083851
2016-12-30,7249,-1.1991717992419453,1.7214420443084726,2.7443788629485812,7249,1055,584,1704,4609,1704,1.0,0.14553731549179197,0.080562836253276315,0.23506690578010761,0.63581183611532621,0.23506690578010761
2016-12-31,4910,-0.95727553224503648,1.7888004497881373,2.4441487793574428,4910,550,412,938,3069,938,1.0,0.11201629327902241,0.083910386965376782,0.19103869653767822,0.625050916496945,0.19103869653767822
2017-01-01,4160,-1.1153478502800351,1.7062979968937781,2.3855368561499093,4160,527,302,749,2886,749,1.0,0.1266826923076923,0.072596153846153852,0.18004807692307692,0.69375,0.18004807692307692
2017-01-02,6134,-1.2303965840794495,1.9140673240702895,2.6395588009404709,6134,757,465,1808,4285,1808,1.0,0.12341049885881969,0.075806977502445388,0.29475057059015325,0.69856537332898594,0.29475057059015325
2017-01-03,7847,-1.2768361455524888,1.7776089751046977,2.8279194884561107,7847,1629,809,2096,5417,2096,1.0,0.20759525933477763,0.10309672486300497,0.26710844908882375,0.690327513699503,0.26710844908882375
2017-01-04,9148,-1.0833484402733606,1.7877180301918514,2.7190300216980119,9148,1334,904,2261,6244,2261,1.0,0.14582422387407085,0.098819414079580239,0.24715784871010057,0.68255356362046349,0.24715784871010057
2017-01-05,10415,-1.1804139085019054,1.7268097889657112,2.571771133170389,10415,1218,968,2297,6808,2297,1.0,0.11694671147383581,0.0929428708593375,0.22054728756601055,0.65367258761401825,0.22054728756601055
2017-01-06,9229,-1.3864012311382556,1.7311702622676735,2.6982890815630634,9229,1283,864,2091,5729,2091,1.0,0.13901831184310326,0.093617943439159176,0.22656842561490953,0.62076064579044321,0.22656842561490953
2017-01-07,4161,-1.4566788807470914,1.7712687200461426,2.7569831100377256,4161,536,403,785,2435,785,1.0,0.12881518865657293,0.096851718336938231,0.1886565729391973,0.58519586637827448,0.1886565729391973
2017-01-08,4469,-1.5167190329053744,1.7092882354758563,2.8328664210790198,4469,559,480,1109,2679,1109,1.0,0.12508391138957262,0.10740657865294249,0.24815394942940255,0.5994629671067353,0.24815394942940255
2017-01-09,9090,-1.3815929565574199,1.8583754923549929,2.8163394731962463,9090,1151,931,2288,5938,2288,1.0,0.12662266226622662,0.10242024202420243,0.25170517051705171,0.65324532453245321,0.25170517051705171
2017-01-10,10865,-1.4426403596067341,1.8616421980946884,2.9718020750497631,10865,1242,1535,3248,7629,3248,1.0,0.11431201104463874,0.14127933732167511,0.29894155545329038,0.70216290842153706,0.29894155545329038
2017-01-11,13158,-1.5128412694714317,1.8302633561424837,2.6844777265920383,13158,1354,1241,3354,9726,3354,1.0,0.1029031767745858,0.094315245478036172,0.25490196078431371,0.73917008663930683,0.25490196078431371
2017-01-12,10975,-1.237782896407891,1.9737970909046971,2.8807641862165378,10975,1456,1034,3285,7584,3285,1.0,0.13266514806378132,0.094214123006833711,0.29931662870159453,0.69102505694760818,0.29931662870159453
2017-01-13,9498,-1.0844626966464919,1.8541827217631957,2.5256864796690772,9498,1244,824,2443,6664,2443,1.0,0.13097494209307223,0.086755106338176458,0.257212044640977,0.70162139397767953,0.257212044640977
2017-01-14,5606,-1.216344781769817,1.8533330190423878,2.6482224833257018,5606,890,873,1494,3877,1494,1.0,0.15875847306457366,0.1557260078487335,0.26650017838030682,0.69158044951837316,0.26650017838030682
2017-01-15,5308,-0.78521927770507849,2.0012396253073259,2.4616130308012556,5308,638,678,1322,3242,1322,1.0,0.12019593067068576,0.12773172569706104,0.24905802562170309,0.61077618688771662,0.24905802562170309
2017-01-16,8681,-0.70532311439368867,2.1141456313041167,2.4796047525131115,8681,1245,1155,2310,5858,2310,1.0,0.14341665706715817,0.13304918788158046,0.26609837576316092,0.67480704987904616,0.26609837576316092
2017-01-17,11625,-0.59911287158205417,1.8880679160550133,2.3871425007775198,11625,1310,1614,3539,8082,3539,1.0,0.11268817204301075,0.13883870967741935,0.30443010752688171,0.69522580645161292,0.30443010752688171
2017-01-18,16888,-0.71129537256155728,1.8672429654178635,2.24423031426103,16888,1599,2877,5477,12082,5477,1.0,0.09468261487446708,0.17035765040265277,0.32431312174324967,0.715419232591189,0.32431312174324967
2017-01-19,13190,-0.74859084760033057,1.7910595029913448,2.3216098787331054,13190,1272,2187,4060,9659,4060,1.0,0.096436694465504166,0.16580742987111449,0.30780894617134191,0.73229719484457922,0.30780894617134191
2017-01-20,13429,-0.73754962739638952,1.5582671100335661,2.12053432388189,13429,1340,1469,3781,10480,3781,1.0,0.099784049445230477,0.10939012584704744,0.28155484399434061,0.78040062551195177,0.28155484399434061
2017-01-21,8936,-1.3248606743864144,1.5936756151320568,2.3118226341812815,8936,521,626,1776,7113,1776,1.0,0.0583034914950761,0.070053715308863021,0.19874664279319607,0.79599373321396594,0.19874664279319607
2017-01-22,7003,-1.2297157479486351,1.6576392191554494,2.3890442808064614,7003,757,720,1682,5239,1682,1.0,0.10809653005854633,0.10281308010852491,0.24018277880908181,0.748107953734114,0.24018277880908181
2017-01-23,10729,-1.1550582035610026,1.7346551283704057,2.6890932092183371,10729,1204,1018,2604,7418,2604,1.0,0.11221921893932332,0.09488302730916208,0.24270668282225744,0.6913971479168608,0.24270668282225744
2017-01-24,14151,-0.717800535116239,1.7913177530180409,2.2275375028523019,14151,1279,1220,4953,11231,4953,1.0,0.09038230513744612,0.086212988481379413,0.35001059995760014,0.79365415871669842,0.35001059995760014
2017-01-25,13548,-1.1198621510018107,1.79986882911248,2.3884972227184367,13548,1231,1209,3873,10376,3873,1.0,0.090862119870091532,0.089238263950398578,0.28587245349867141,0.76586950103336282,0.28587245349867141
2017-01-26,13026,-1.3753628933298239,1.9454997665400624,2.6459208303500574,13026,1159,997,2717,9292,2717,1.0,0.088975894365115923,0.076539229233840017,0.20858283433133731,0.713342545677875,0.20858283433133731
2017-01-27,11381,-1.4472235127322954,1.7694830072074401,2.6295447163300443,11381,821,920,2499,8512,2499,1.0,0.072137773482119319,0.080836481855724451,0.21957648712766892,0.74791318864774625,0.21957648712766892
2017-01-28,5714,-1.1686984591827623,1.5691056323926766,2.5591105756911676,5714,691,598,1184,3981,1184,1.0,0.12093104655232761,0.10465523276163809,0.20721036051802591,0.69670983549177457,0.20721036051802591
2017-01-29,5070,-1.3402399918017998,1.7753727913299704,2.7021609959240527,5070,480,378,932,3485,932,1.0,0.094674556213017749,0.074556213017751477,0.18382642998027612,0.68737672583826426,0.18382642998027612
2017-01-30,8755,-1.4152366148526538,1.7920520040929329,2.8255402646771945,8755,1289,783,1806,5765,1806,1.0,0.14723015419760138,0.0894346087949743,0.20628212450028555,0.65848086807538553,0.20628212450028555
2017-01-31,9835,-1.7655384728865686,1.8431672116944764,3.2048233726434381,9835,1575,1052,2781,6537,2781,1.0,0.16014234875444841,0.10696492119979664,0.28276563294356888,0.66466700559227254,0.28276563294356888
2017-02-01,9493,-1.3253348692706317,1.7231089293562876,2.6768110575107182,9493,921,879,2518,6804,2518,1.0,0.097018855999157272,0.0925945433477299,0.2652480775308122,0.71673864953123356,0.2652480775308122
2017-02-02,9908,-1.2748666098841104,1.7758187040301583,2.7576002330934832,9908,1263,1138,2392,7074,2392,1.0,0.12747274929350019,0.11485668146951958,0.24142107387969317,0.71396851029471131,0.24142107387969317
2017-02-03,8439,-1.1602050798592602,1.8890804156342713,2.8286504942219732,8439,1049,715,2323,5986,2323,1.0,0.12430382746770945,0.08472567839791445,0.27526958170399335,0.70932574949638583,0.27526958170399335
2017-02-04,5333,-1.2597514760358515,1.5173435835813167,2.7013239461548748,5333,811,881,1506,3839,1506,1.0,0.15207200450028127,0.16519782486405402,0.28239264954059629,0.7198574910931933,0.28239264954059629
2017-02-05,5285,-1.535284257671611,1.6411262142891259,2.8235011503785792,5285,576,539,1282,3828,1282,1.0,0.10898770104068117,0.10198675496688742,0.24257332071901608,0.72431409649952694,0.24257332071901608
2017-02-06,8029,-1.0121582748460194,1.8108323120441636,2.6368740658948893,8029,1248,699,1791,5834,1791,1.0,0.15543654253331673,0.0870594096400548,0.22306638435670695,0.72661601693859756,0.22306638435670695
2017-02-07,8812,-0.95884036294881314,1.8042034328398502,2.4772574638439906,8812,1240,752,2177,6545,2177,1.0,0.14071720381298231,0.08533817521561507,0.2470494779845665,0.74273717657739446,0.2470494779845665
2017-02-08,9591,-1.1627489691931592,1.7312796645645252,2.6794031967583503,9591,2108,1219,2755,6980,2755,1.0,0.21978938588259828,0.12709832134292565,0.2872484620998853,0.72776561359607961,0.2872484620998853
2017-02-09,9031,-0.99061794787220658,1.8900497056469181,2.6386930832507494,9031,1572,856,1958,6175,1958,1.0,0.1740671022035212,0.094784630716421223,0.21680876979293545,0.683755951721847,0.21680876979293545
2017-02-10,8864,-0.95548401346539369,1.7900740964948916,2.6962649615215284,8864,1483,851,2086,6220,2086,1.0,0.16730595667870035,0.09600631768953069,0.23533393501805056,0.7017148014440433,0.23533393501805056
2017-02-11,5088,-1.0944502288203501,1.8162325365063103,2.6484832153044042,5088,592,403,1011,3333,1011,1.0,0.11635220125786164,0.0792059748427673,0.19870283018867924,0.65507075471698117,0.19870283018867924
2017-02-12,4961,-1.1092598969571836,1.7812877072995619,2.5001813836479658,4961,862,527,1152,3305,1152,1.0,0.173755291271921,0.10622858294698649,0.23221124773231203,0.6661963313848015,0.23221124773231203
2017-02-13,8416,-1.0849079026419128,1.82609190915482,2.7167907478195517,8416,1307,1033,2486,5838,2486,1.0,0.15529942965779467,0.12274239543726236,0.2953897338403042,0.69367870722433456,0.2953897338403042
2017-02-14,8707,-0.923432845320429,1.9288142814306048,2.6973792129563892,8707,1291,874,2229,6019,2229,1.0,0.14827150568508096,0.10037900539795566,0.25600091880096476,0.69128287584701964,0.25600091880096476
2017-02-15,8838,-1.3096504599704268,1.8656568501964164,2.8323748802125834,8838,1510,757,2311,6127,2311,1.0,0.1708531341932564,0.085652862638606025,0.26148449875537449,0.69325639284906082,0.26148449875537449
2017-02-16,10326,-1.1567256996618829,1.8760485197837033,2.6549437987139473,10326,1328,998,2335,7057,2335,1.0,0.12860739879914779,0.096649234940925824,0.22612822002711602,0.68342049196203758,0.22612822002711602
2017-02-17,12005,-1.3021807957949247,1.8640299899481063,2.5048783408894573,12005,1583,1000,3682,8648,3682,1.0,0.13186172428154935,0.083298625572678045,0.30670553935860057,0.72036651395251983,0.30670553935860057
2017-02-18,5506,-1.3111127982442046,1.7566589563358757,2.5565735659610502,5506,560,410,1375,3730,1375,1.0,0.10170722847802398,0.074464220849981833,0.24972756992371958,0.67744278968398108,0.24972756992371958
2017-02-19,4772,-1.3567172262802505,1.7620055358975819,2.7576950078872544,4772,825,677,1170,3318,1170,1.0,0.172883487007544,0.14186923721709974,0.24518021793797151,0.69530595138306794,0.24518021793797151
2017-02-20,8371,-1.0891691299185116,1.7577327543878152,2.6057642007799688,8371,1373,950,1775,5637,1775,1.0,0.16401863576633616,0.11348703858559311,0.21204157209413452,0.67339624895472461,0.21204157209413452
2017-02-21,8877,-1.2995837228682561,1.8608704049093665,2.7876913640177094,8877,1294,750,1941,5844,1941,1.0,0.14576996733130562,0.084488002703616089,0.21865495099695842,0.65833051706657653,0.21865495099695842
2017-02-22,9129,-1.0271032715078514,1.8523843031385174,2.7731879346247035,9129,1128,1313,2398,6203,2398,1.0,0.12356227407163983,0.14382736334757368,0.26267937342534781,0.67948296637090588,0.26267937342534781
2017-02-23,9602,-1.0125320266296751,1.7801046469101869,2.617928132177723,9602,1329,1167,2342,6332,2342,1.0,0.1384086648614872,0.12153717975421788,0.24390751926681942,0.65944594876067486,0.24390751926681942
2017-02-24,8493,-0.88232550021753042,1.9742095752612769,2.7254086599498564,8493,1010,1011,1820,5447,1820,1.0,0.11892146473566466,0.11903920876015542,0.21429412457317792,0.64135170140115394,0.21429412457317792
2017-02-25,4722,-1.0160762082576968,1.8999627624904818,2.571999174401399,4722,523,616,1237,3257,1237,1.0,0.11075815332486234,0.13045319779754341,0.2619652689538331,0.68975010588733587,0.2619652689538331
2017-02-26,4166,-0.96528356429394779,1.8631695746099557,2.4936261717816155,4166,488,537,958,2617,958,1.0,0.1171387421987518,0.12890062409985598,0.2299567930868939,0.62818050888142107,0.2299567930868939
2017-02-27,8442,-0.768048270474494,1.9300255145825997,2.6555559975595031,8442,1159,1067,1898,6060,1898,1.0,0.1372897417673537,0.12639185027244729,0.22482823975361288,0.7178393745557925,0.22482823975361288
2017-02-28,10489,-1.1259212821782425,1.7985405005790958,2.6343905757361878,10489,1224,1532,2707,7617,2707,1.0,0.1166936790923825,0.14605777481170751,0.25807989322147012,0.72618934121460577,0.25807989322147012
2017-03-01,8947,-0.81692860012858359,1.8015924256463245,2.5635920802850247,8947,1089,960,2416,6065,2416,1.0,0.12171677657315301,0.10729853582206327,0.27003464848552589,0.67788085391751429,0.27003464848552589
2017-03-02,11609,-1.4555120406111377,2.0481807348869712,3.4178975597386891,11609,1252,1379,3654,7782,3654,1.0,0.10784735980704625,0.11878714790248945,0.31475579291928674,0.67034197605306223,0.31475579291928674
2017-03-03,9915,-0.835669159547175,1.8453148607006422,2.7096228887736435,9915,1209,1619,3327,7181,3327,1.0,0.12193645990922844,0.1632879475542108,0.33555219364599093,0.724256177508825,0.33555219364599093
2017-03-04,5663,-1.7264801076208911,1.6117630749587195,3.6368514720392113,5663,548,425,1056,3912,1056,1.0,0.096768497262934836,0.0750485608334805,0.18647360056507151,0.69079992936606038,0.18647360056507151
2017-03-05,4358,-1.259342083230488,1.8563867217307177,3.0059782249207885,4358,382,289,804,2851,804,1.0,0.087654887563102343,0.066314823313446541,0.18448829738412115,0.65419917393299676,0.18448829738412115
2017-03-06,8112,-1.2125138744269588,1.9382705845029897,3.0800101427371089,8112,1010,758,1799,5294,1799,1.0,0.1245069033530572,0.093441814595660755,0.22177021696252466,0.65261341222879687,0.22177021696252466
2017-03-07,9846,-1.0259080062377095,2.0040213220529872,2.9266411836629991,9846,1235,1063,2259,6903,2259,1.0,0.12543164736949014,0.1079626244160065,0.22943327239488118,0.70109689213893966,0.22943327239488118
2017-03-08,9092,-0.65294976881537858,2.0053057703253234,2.5895837396230541,9092,1210,1111,2223,6183,2223,1.0,0.13308402991641002,0.12219533655961284,0.24450065992080949,0.68004839419269691,0.24450065992080949
2017-03-09,10696,-0.89035303097340535,1.9593107211588849,2.5183326922400657,10696,1413,1481,2826,7512,2826,1.0,0.13210545998504114,0.13846297681376216,0.26421091997008228,0.70231862378459242,0.26421091997008228
2017-03-10,8909,-0.84970104903040322,1.8943859122736386,2.4768499242598838,8909,1215,856,2065,6569,2065,1.0,0.13637894264227185,0.096082613087888652,0.23178807947019867,0.73734425861488384,0.23178807947019867
2017-03-11,5408,-1.1175810489702545,1.9659911680538262,2.8809080688765327,5408,756,410,1080,3513,1080,1.0,0.13979289940828402,0.07581360946745562,0.19970414201183431,0.64959319526627224,0.19970414201183431
2017-03-12,4949,-1.1314470183652257,1.9443573526830555,2.9001193439547941,4949,659,913,815,2976,815,1.0,0.13315821378056172,0.18448171347747019,0.1646797332794504,0.60133360274802994,0.1646797332794504
2017-03-13,8986,-1.0695688796025709,1.8269473551945841,2.7097444228563279,8986,1119,1000,2093,6074,2093,1.0,0.12452704206543512,0.11128421989761851,0.23291787224571556,0.67594035165813493,0.23291787224571556
2017-03-14,10245,-1.2069561373330602,1.9645263796350945,2.70155338680698,10245,1340,1293,2549,6710,2549,1.0,0.13079551000488043,0.126207906295754,0.24880429477794047,0.65495363591996092,0.24880429477794047
2017-03-15,11143,-1.0911663944510817,1.8527114105873517,2.5653053991090755,11143,1398,1033,3276,8121,3276,1.0,0.12545993000089742,0.092703939693080856,0.29399623081755361,0.72879834873911875,0.29399623081755361
2017-03-16,13981,-0.98346212062837768,1.7860532112377352,2.3768571994892627,13981,1588,2315,4259,9998,4259,1.0,0.11358271940490666,0.16558186109720335,0.30462770903368858,0.71511336814247906,0.30462770903368858
2017-03-17,11384,-0.949140851887701,1.8071968463901831,2.3408783169703051,11384,1552,1352,2990,8156,2990,1.0,0.13633169360505973,0.11876317638791287,0.26264933239634575,0.71644413211524949,0.26264933239634575
2017-03-18,6116,-0.92762267795867492,1.9928710918224519,2.5492881101776388,6116,492,590,1429,4219,1429,1.0,0.080444735120994107,0.096468279921517325,0.23364944408109875,0.6898299542184434,0.23364944408109875
2017-03-19,4580,-1.0796026418258566,1.6412677276296035,2.5148174192166257,4580,456,364,989,3348,989,1.0,0.099563318777292575,0.0794759825327511,0.21593886462882095,0.731004366812227,0.21593886462882095
2017-03-20,8764,-0.543955846444101,2.1055534482314466,2.5404441090772858,8764,992,1063,2194,5802,2194,1.0,0.11319032405294387,0.12129164764947513,0.25034230944774077,0.66202647193062525,0.25034230944774077
2017-03-21,10278,-0.92486115054074047,1.9891613568720852,2.6794948990656136,10278,1234,1007,2299,6700,2299,1.0,0.12006226892391515,0.097976259972757343,0.22368165012648375,0.65187779723681649,0.22368165012648375
2017-03-22,11349,-1.2508243493541042,1.9196142911004683,2.7561033368495242,11349,1090,1177,2737,7735,2737,1.0,0.096043704291126977,0.10370957793638207,0.24116662260992158,0.68155784650630014,0.24116662260992158
2017-03-23,9117,-0.81944837015009464,1.9857246937139799,2.56003662466563,9117,1133,980,2074,5872,2074,1.0,0.1242733355270374,0.10749149939673137,0.22748711198859273,0.64407151475265989,0.22748711198859273
2017-03-24,9172,-0.71400912657150939,1.9510831005237512,2.4543523134778384,9172,1120,870,2376,5964,2376,1.0,0.12211077191452246,0.094853903183602262,0.25904928041866548,0.65023986044483206,0.25904928041866548
2017-03-25,6985,-0.25456557491296683,1.793833198542802,2.3533847799154675,6985,358,849,1594,3924,1594,1.0,0.051252684323550464,0.121546170365068,0.22820329277022192,0.56177523264137441,0.22820329277022192
2017-03-26,5690,-0.5221003286175383,1.8629523704040807,2.4480542133388128,5690,487,551,1529,3486,1529,1.0,0.085588752196836551,0.0968365553602812,0.26871704745166958,0.61265377855887526,0.26871704745166958
2017-03-27,9223,-0.8922748580979819,1.9494799054502163,2.5859055798349773,9223,1160,1053,2473,6522,2473,1.0,0.12577252520871735,0.11417109400412014,0.26813401279410171,0.70714518052694353,0.26813401279410171
2017-03-28,15107,-1.4374233062044908,1.8802079917256165,2.7439936224572619,15107,1124,3105,6861,12131,6861,1.0,0.074402594823591711,0.20553385847620309,0.4541603230290594,0.80300522936387109,0.4541603230290594
2017-03-29,14708,-0.99017880341562425,1.8627016240040333,2.3310655748327269,14708,1330,2678,5518,11859,5518,1.0,0.09042697851509382,0.18207778079956485,0.3751699755235246,0.80629589339135166,0.3751699755235246
2017-03-30,10674,-0.86152232402863149,1.9868827706730938,2.5682107040482132,10674,1377,1677,3133,7525,3133,1.0,0.12900505902192244,0.15711073636874648,0.29351695709199926,0.70498407344950342,0.29351695709199926
2017-03-31,9351,-0.78107444170486084,1.9011119316481553,2.5362964079739947,9351,1080,1424,2869,6591,2869,1.0,0.11549566891241578,0.15228317826970378,0.30681210565714895,0.70484440166827078,0.30681210565714895
2017-04-01,5359,-1.5935002415344375,1.8761595734553047,3.1245005429746686,5359,841,618,1801,3656,1801,1.0,0.15693226348199291,0.11532002239223736,0.33607016234372084,0.68221683149841383,0.33607016234372084
2017-04-02,6177,-2.749829150278333,1.9962644068717958,4.200361515747451,6177,805,522,1666,4389,1666,1.0,0.13032216286223086,0.084507042253521125,0.26971021531487777,0.71053909664885861,0.26971021531487777
2017-04-03,8767,-1.0770176348347844,2.1523819701544444,3.0310735247413465,8767,826,1075,2489,6156,2489,1.0,0.094216949925858329,0.12261891182844759,0.28390555492186609,0.70217862438690548,0.28390555492186609
2017-04-04,8546,-0.96690930098342809,2.1845240678160538,2.8685524158904836,8546,1056,757,1928,5744,1928,1.0,0.12356658085654107,0.0885794523753803,0.22560262110929089,0.67212731102270062,0.22560262110929089
2017-04-05,8965,-0.93462879954734746,1.9623505683058329,2.6314426599361789,8965,1048,903,2015,5896,2015,1.0,0.11689905186837703,0.10072504182933631,0.22476296709425544,0.6576687116564417,0.22476296709425544
2017-04-06,9364,-0.86760021948801114,1.9803384514386284,2.4423618550828485,9364,846,1433,2089,6591,2089,1.0,0.09034600598035028,0.15303289192652714,0.22308842375053395,0.70386586928662964,0.22308842375053395
2017-04-07,8511,-1.0376237061375482,2.0008499435433427,2.860784810929029,8511,936,860,1749,5643,1749,1.0,0.10997532604864294,0.10104570555751381,0.20549876630243213,0.66302432146633772,0.20549876630243213
2017-04-08,5086,-0.5963513381123513,2.0366042738102146,2.7387705262307165,5086,429,349,1227,3239,1227,1.0,0.084349193865513178,0.068619740464018877,0.2412504915454188,0.63684624459300043,0.2412504915454188
2017-04-09,4562,-1.0515832583521523,2.036770301361,2.7182807961374125,4562,588,804,1467,3084,1467,1.0,0.12889083735203857,0.17623849188952215,0.32156948706707583,0.67601928978518189,0.32156948706707583
2017-04-10,9501,-1.0699971226093028,1.937511165539517,2.8514744648978838,9501,1292,1012,2334,6179,2334,1.0,0.13598568571729291,0.10651510367329754,0.2456583517524471,0.65035259446374061,0.2456583517524471
2017-04-11,8750,-0.72183227041969855,2.2355890864617138,2.7042894282784906,8750,1049,837,1883,5631,1883,1.0,0.11988571428571429,0.095657142857142857,0.2152,0.64354285714285719,0.2152
2017-04-12,8495,-0.8867362949959422,2.0807753038170231,2.7408443294045148,8495,1079,920,1938,5704,1938,1.0,0.12701589170100058,0.10829899941141848,0.22813419658622719,0.67145379635079461,0.22813419658622719
2017-04-13,8871,-0.57822000820889075,1.8524569110689506,2.5222826747295906,8871,985,1334,1984,5550,1984,1.0,0.11103595986923684,0.15037763499041823,0.22365009581783338,0.62563408860331415,0.22365009581783338
2017-04-14,5962,-0.67670324491806533,1.9829627326438657,2.4286233830009749,5962,872,841,1285,3633,1285,1.0,0.14625964441462597,0.141060046964106,0.21553170077155318,0.60935927541093593,0.21553170077155318
2017-04-15,4075,-0.77132249866694524,2.1857963921115471,2.5731380027231472,4075,449,408,862,2536,862,1.0,0.1101840490797546,0.10012269938650306,0.21153374233128835,0.62233128834355833,0.21153374233128835
2017-04-16,3220,-0.88997831266540894,1.8852697800764793,2.6730885968781832,3220,415,313,805,1918,805,1.0,0.12888198757763975,0.097204968944099385,0.25,0.59565217391304348,0.25
2017-04-17,6527,-0.79735757476656555,1.7577284871382173,2.4275884090217019,6527,1000,975,1908,4296,1908,1.0,0.15320974413972729,0.14937950053623411,0.29232419181859964,0.65818906082426842,0.29232419181859964
2017-04-18,8289,-0.77415283805383284,1.9145718743168423,2.4841554591723254,8289,916,925,1783,5507,1783,1.0,0.11050790203884667,0.11159367836892267,0.21510435516950174,0.6643744721920618,0.21510435516950174
2017-04-19,8603,-0.72072050057484616,1.9791323808312804,2.5271958848473139,8603,974,1275,2258,5841,2258,1.0,0.11321631988841102,0.1482041148436592,0.26246658142508428,0.67894920376612811,0.26246658142508428
2017-04-20,9465,-0.660119823579221,1.9856764315239417,2.4462437662478136,9465,1076,1043,2425,6786,2425,1.0,0.11368198626518754,0.11019545694664554,0.2562070787110407,0.71695721077654517,0.2562070787110407
2017-04-21,9492,-0.76081621083106932,1.9761693950922306,2.7233153425783163,9492,944,1140,2469,6378,2469,1.0,0.099452170248630428,0.12010113780025285,0.26011378002528446,0.67193426042983562,0.26011378002528446
2017-04-22,8307,-0.70225172366284361,1.7715821861420045,2.2069491600082083,8307,512,914,1667,6415,1667,1.0,0.061634765860117971,0.11002768749247623,0.20067413025159503,0.7722402792825328,0.20067413025159503
2017-04-23,5779,-0.96020630720977806,1.7608452117919595,2.2949647600859739,5779,379,535,1210,4415,1210,1.0,0.065582280671396431,0.092576570340889425,0.20937878525696488,0.76397300571033055,0.20937878525696488
2017-04-24,7857,-0.73808118103826725,1.8203530075830878,2.3932092053782692,7857,808,719,1804,5494,1804,1.0,0.10283823342242586,0.091510754740995293,0.22960417462135677,0.69924907725595009,0.22960417462135677
2017-04-25,9054,-0.95552993240449791,2.0238917976496524,2.7359847756894311,9054,964,866,2437,6283,2437,1.0,0.10647227744643252,0.095648332228849123,0.26916280097194611,0.69394742655180031,0.26916280097194611
2017-04-26,8832,-0.59748518692372354,1.9778623132548518,2.5866654175295847,8832,929,923,2441,6089,2441,1.0,0.1051856884057971,0.10450634057971014,0.27638134057971014,0.68942481884057971,0.27638134057971014
2017-04-27,8702,-0.76909036098484229,1.7500432857398,2.4911090130921929,8702,956,802,2166,6110,2166,1.0,0.10985980234428867,0.09216272121351414,0.24890829694323144,0.70213743966904163,0.24890829694323144
2017-04-28,8255,-0.69931890697881183,1.9667080216477688,2.3204879596661461,8255,1026,879,2381,5826,2381,1.0,0.12428831011508176,0.106480920654149,0.28843125378558448,0.70575408843125376,0.28843125378558448
2017-04-29,7275,-1.3621533185647983,1.8429169738758215,2.7197805138353646,7275,618,1059,2654,5347,2654,1.0,0.084948453608247418,0.14556701030927835,0.36481099656357391,0.73498281786941577,0.36481099656357391
2017-04-30,6992,-1.4018760608404268,1.8061361394142279,2.79494437901726,6992,410,703,1826,5119,1826,1.0,0.058638443935926772,0.10054347826086957,0.26115560640732266,0.73212242562929064,0.26115560640732266
2017-05-01,6364,-0.92616892930783523,1.8505511285518768,2.4046962874791484,6364,1047,724,1675,4382,1675,1.0,0.16451917033312383,0.11376492771841609,0.26319924575738529,0.68856065367693275,0.26319924575738529
2017-05-02,6783,-0.84243953785323511,2.0069452498375764,2.5590114280630578,6783,897,642,1826,4529,1826,1.0,0.13224237063246352,0.0946483856700575,0.26920241780922893,0.66769865841073273,0.26920241780922893
2017-05-03,7705,-0.98758873312051387,2.0206844578654892,2.7373451754924347,7705,978,779,1942,5065,1942,1.0,0.12693056456846205,0.10110317975340688,0.2520441271901363,0.65736534717715767,0.2520441271901363
2017-05-04,8410,-1.15939668918253,2.0026879176332266,2.8055802485080936,8410,994,738,2045,5631,2045,1.0,0.11819262782401903,0.087752675386444712,0.24316290130796669,0.66956004756242571,0.24316290130796669
2017-05-05,6641,-0.8482157804422582,1.9457302630717384,2.6919297913669649,6641,915,629,1560,4263,1560,1.0,0.13778045475079054,0.0947146514079205,0.23490438187020027,0.64192139737991272,0.23490438187020027
2017-05-06,4511,-0.88476231152380391,1.9799536425826225,2.398261466676463,4511,458,327,891,3049,891,1.0,0.10152959432498337,0.072489470183994681,0.19751718022611395,0.675903347373088,0.19751718022611395
2017-05-07,4788,-1.1112569056690109,1.9501391920030764,2.7183595932052103,4788,440,325,1293,3311,1293,1.0,0.091896407685881365,0.06787802840434419,0.27005012531328321,0.69152046783625731,0.27005012531328321
2017-05-08,8177,-0.60705794899657928,2.1342122743199736,2.3869688271229994,8177,916,779,2321,6066,2321,1.0,0.11202152378622966,0.095267212914271732,0.28384493090375446,0.74183685948391831,0.28384493090375446
2017-05-09,9408,-0.69652599671110715,1.9606759057785987,2.4866939438055784,9408,969,979,2470,7078,2470,1.0,0.10299744897959184,0.10406037414965986,0.2625425170068027,0.75233843537414968,0.2625425170068027
2017-05-10,8388,-0.6726791231946514,2.0601087530411042,2.4752633984790626,8388,1006,755,2569,6095,2569,1.0,0.11993323795898903,0.090009537434430145,0.30627086313781593,0.72663328564616114,0.30627086313781593
2017-05-11,8946,-0.74668705917715361,1.9085880966770485,2.5150656319937585,8946,1069,700,2986,6186,2986,1.0,0.11949474625530963,0.0782472613458529,0.33378046054102395,0.69148222669349435,0.33378046054102395
2017-05-12,7878,-0.6399887933267534,1.9000394840775368,2.4662129048299346,7878,784,566,2226,5418,2226,1.0,0.099517644072099523,0.071845646103071842,0.28255902513328257,0.6877380045696877,0.28255902513328257
2017-05-13,4068,-0.78673686293925,1.908453774022757,2.4198266091122709,4068,440,327,934,2646,934,1.0,0.10816125860373647,0.0803834808259587,0.22959685349065881,0.65044247787610621,0.22959685349065881
2017-05-14,4867,-0.5502779197592288,1.6379235355486295,2.2254470011880119,4867,357,255,883,3603,883,1.0,0.07335114033285392,0.052393671666324228,0.18142592973084035,0.74029176083829873,0.18142592973084035
2017-05-15,7463,-0.69701735339811743,2.0942547773512383,2.641216200629882,7463,964,669,1779,5132,1779,1.0,0.12917057483585689,0.0896422350261289,0.23837598820849523,0.68765911831703064,0.23837598820849523
2017-05-16,7677,-0.83521472572561783,2.0196533266626431,2.7325291984733173,7677,925,885,1923,5268,1923,1.0,0.12048977465155659,0.11527940601797577,0.25048847205939823,0.68620554904259479,0.25048847205939823
2017-05-17,7927,-0.89430510523752915,1.9939941666580969,2.5579528808756158,7927,796,821,2187,5479,2187,1.0,0.1004162987258736,0.10357007695218873,0.2758925192380472,0.69118203607922291,0.2758925192380472
2017-05-18,8848,-0.84007920440537909,2.0554501031066241,2.6308407856763618,8848,1090,923,2227,6098,2227,1.0,0.12319168173598553,0.10431735985533454,0.25169529837251359,0.68919529837251359,0.25169529837251359
2017-05-19,8291,-0.66580388650198885,1.8360503907109711,2.40245372750284,8291,944,833,2116,5215,2116,1.0,0.1138584006754312,0.10047038957906164,0.25521649981908096,0.62899529610420934,0.25521649981908096
2017-05-20,4569,-0.92836073176672262,1.8608538235819094,2.6054795460375666,4569,394,383,1032,2911,1032,1.0,0.086233311446706068,0.083825782446924929,0.22586999343401182,0.63711971985117088,0.22586999343401182
2017-05-21,3672,-0.88303403204459974,1.8522073042279661,2.4975681323646173,3672,342,295,769,2077,769,1.0,0.093137254901960786,0.080337690631808276,0.20942265795206971,0.565631808278867,0.20942265795206971
2017-05-22,8262,-0.87403104285767508,1.8473945031989207,2.6977183160981597,8262,1082,932,2065,5651,2065,1.0,0.130961026385863,0.11280561607358992,0.24993948196562576,0.68397482449770031,0.24993948196562576
2017-05-23,8713,-0.96535954526297474,2.0022461398962395,2.6681330856987029,8713,1074,721,2027,6017,2027,1.0,0.12326408814415242,0.082749913921726162,0.23264088144152417,0.69057729828991166,0.23264088144152417
2017-05-24,10851,-0.67293193869179,1.6867015917024744,2.4702941263940477,10851,1099,782,2038,7871,2038,1.0,0.10128098792737997,0.072067090590728966,0.18781679107916321,0.7253709335545111,0.18781679107916321
2017-05-25,10544,-0.7756993578445246,1.683043924595929,2.567579152620131,10544,1262,1311,2365,7708,2365,1.0,0.11968892261001518,0.1243361153262519,0.22429817905918056,0.73103186646433993,0.22429817905918056
2017-05-26,13051,-1.0468403297603128,1.7022497443706841,2.480066591191401,13051,1006,1431,3319,9665,3319,1.0,0.077082215922151559,0.10964677036242433,0.2543100145582714,0.74055627921232092,0.2543100145582714
2017-05-27,11491,-1.1871511556460943,1.7105327251401863,2.3727296371771169,11491,643,1063,2793,8710,2793,1.0,0.055956835784527023,0.0925071795318075,0.24305978591941518,0.75798450961622144,0.24305978591941518
2017-05-28,7476,-0.89230510198736313,1.6722825704009727,2.3475045078952044,7476,505,439,1230,5501,1230,1.0,0.067549491706795084,0.058721241305510971,0.16452648475120385,0.73582129481005887,0.16452648475120385
2017-05-29,9784,-0.92110993043604972,1.6760203073387612,2.5835475890850685,9784,678,1198,2255,6694,2255,1.0,0.069296811120196242,0.12244480784955028,0.23047833197056419,0.68417825020441536,0.23047833197056419
2017-05-30,9733,-1.1252009086841601,1.8566371244915607,2.8352602688449986,9733,869,1384,2655,7346,2655,1.0,0.089283879584917292,0.142196650570225,0.27278331449707183,0.75475187506421448,0.27278331449707183
2017-05-31,16734,-0.762322214716121,1.8219190177419444,2.1636875579683905,16734,1564,2745,4930,12895,4930,1.0,0.093462411856101352,0.16403728935102188,0.29460977650292819,0.77058682920999166,0.29460977650292819
2017-06-01,25732,-0.57145427770462964,1.8218328270253297,2.0252147313948727,25732,1259,4795,7693,19897,7693,1.0,0.048927405565055183,0.18634385201305767,0.29896626768226331,0.773239546090471,0.29896626768226331
2017-06-02,39502,-0.6982885594230932,1.763207006997461,2.1688140313589863,39502,2136,7196,12603,30798,12603,1.0,0.054073211482962888,0.18216799149410157,0.31904713685383018,0.77965672624170923,0.31904713685383018
2017-06-03,14696,-0.9772424094404597,1.8776370313504513,2.3525135455018291,14696,802,2548,3989,11365,3989,1.0,0.054572672836145891,0.173380511703865,0.27143440391943385,0.773339684267828,0.27143440391943385
2017-06-04,7715,-1.1268861932268435,1.7931387180237506,2.6262000287625948,7715,495,976,1996,5648,1996,1.0,0.06416072585871678,0.12650680492546987,0.25871678548282567,0.73208036292935841,0.25871678548282567
2017-06-05,15236,-1.016173680705744,1.902549292303287,2.6930578355287755,15236,1558,2311,4204,10729,4204,1.0,0.10225781044893673,0.15168023103176687,0.27592543974796535,0.70418745077448153,0.27592543974796535
2017-06-06,14016,-0.98871058381477606,1.9444338443213618,2.6558203581336524,14016,1506,1769,3482,10000,3482,1.0,0.1074486301369863,0.126212899543379,0.24843036529680365,0.7134703196347032,0.24843036529680365
2017-06-07,12053,-0.95114649086917435,1.7880754422574745,2.5695138895641043,12053,1646,2133,3366,9363,3366,1.0,0.13656351115904755,0.1769683896125446,0.27926657263751764,0.7768190491993695,0.27926657263751764
2017-06-08,11107,-0.86281671575869023,1.9197163055311204,2.5105833297632425,11107,1497,1918,3333,8076,3333,1.0,0.134779868551364,0.17268389304042495,0.300081029981093,0.7271090303412262,0.300081029981093
2017-06-09,9815,-0.55606978283602826,1.8694859960079071,2.4740735748215195,9815,1522,1832,3020,7127,3020,1.0,0.15506877228731533,0.18665308201732042,0.30769230769230771,0.7261334691798268,0.30769230769230771
2017-06-10,5169,-1.1285515402526818,1.8542155668581535,2.9194542162564119,5169,654,562,1214,3596,1214,1.0,0.126523505513639,0.10872509189398336,0.23486167537241245,0.69568581930740958,0.23486167537241245
2017-06-11,5146,-0.75628734999306235,1.8081283728720063,2.2509547430030383,5146,424,653,1578,4017,1578,1.0,0.082394092499028376,0.12689467547609795,0.306645938593082,0.78060629615235133,0.306645938593082
2017-06-12,8240,-0.85748115806163483,1.9598940304415575,2.3688902676205013,8240,1167,972,2347,6183,2347,1.0,0.141626213592233,0.11796116504854369,0.28483009708737866,0.75036407766990287,0.28483009708737866
2017-06-13,7653,-0.86500609167422682,1.9764773366940687,2.5874164661185404,7653,1190,1179,2336,5473,2336,1.0,0.15549457728995164,0.15405723245785966,0.30523977525153534,0.71514438782176926,0.30523977525153534
2017-06-14,8810,-1.1738091842412248,1.9243177393441389,2.7912727528848857,8810,1486,1269,2518,6488,2518,1.0,0.16867196367763904,0.14404086265607263,0.28581157775255389,0.73643586833144159,0.28581157775255389
2017-06-15,7821,-1.0699443354780833,1.9347244152756273,2.8887698540382121,7821,1102,965,2365,5901,2365,1.0,0.14090269786472318,0.12338575629714871,0.30239099859353025,0.75450709627924817,0.30239099859353025
2017-06-16,8504,-1.9759918180799527,1.935030036075416,4.1219023765824705,8504,2074,933,2027,5653,2027,1.0,0.24388523047977423,0.10971307619943556,0.23835841956726248,0.6647460018814676,0.23835841956726248
2017-06-17,5583,-0.86167344927657563,1.6479726410085012,2.5722870566179221,5583,611,499,970,3914,970,1.0,0.10943936951459789,0.089378470356439185,0.1737417159233387,0.7010567795092244,0.1737417159233387
2017-06-18,4777,-1.153377445014218,1.6982947251701732,2.6792608809674023,4777,487,599,1045,3348,1045,1.0,0.10194682855348546,0.12539250575675109,0.21875654176261253,0.70085827925476241,0.21875654176261253
2017-06-19,8203,-1.1756379420671978,1.9384521742810776,2.8479056975896766,8203,999,868,1967,5822,1967,1.0,0.12178471290991101,0.10581494575155431,0.23979032061440936,0.70974033890040233,0.23979032061440936
2017-06-20,9216,-1.4513833442348985,2.0991289543678922,3.0505710367240462,9216,971,1155,2333,6457,2333,1.0,0.10536024305555555,0.12532552083333334,0.2531467013888889,0.70062934027777779,0.2531467013888889
2017-06-21,9354,-0.70401395717847248,2.7246962152289105,2.6682421533606719,9354,872,1300,2157,6103,2157,1.0,0.093222150951464619,0.13897797733589909,0.23059653624118023,0.65244815052384009,0.23059653624118023
2017-06-22,8628,-0.995461190409337,2.127080461818299,2.7833464882377017,8628,1053,1193,2156,5976,2156,1.0,0.12204450625869263,0.13827074640704681,0.2498840982846546,0.69262865090403336,0.2498840982846546
2017-06-23,7192,-0.71867216484722429,2.0626889903689,2.5172735745736512,7192,1009,842,1927,4849,1927,1.0,0.14029477196885429,0.11707452725250278,0.26793659621802,0.6742213570634038,0.26793659621802
2017-06-24,5065,-1.0195807403285322,2.2084213445092127,3.0095152448057187,5065,497,579,1327,3118,1327,1.0,0.09812438302073051,0.11431391905231984,0.26199407699901284,0.61559723593287263,0.26199407699901284
2017-06-25,4069,-1.5177851269618643,1.9333125635575936,3.2609233592119473,4069,495,438,1217,2793,1217,1.0,0.12165151142786926,0.10764315556647824,0.2990906856721553,0.68640943720815928,0.2990906856721553
2017-06-26,8214,-0.66096924375655408,1.8377508124062327,2.3369043092238653,8214,959,1414,2387,6014,2387,1.0,0.11675188702215729,0.17214511809106403,0.29060141222303382,0.73216459702946191,0.29060141222303382
2017-06-27,7119,-0.72056721222113962,1.9762552477570019,2.3903188443118268,7119,768,1001,2072,5138,2072,1.0,0.10788032026970081,0.14060963618485742,0.2910521140609636,0.72173058013765978,0.2910521140609636
2017-06-28,6544,-0.75558935799928328,1.9372931825921644,2.5355988048286986,6544,784,758,1633,4471,1633,1.0,0.11980440097799511,0.11583129584352078,0.24954156479217604,0.68322127139364308,0.24954156479217604
2017-06-29,7781,-0.95803162277673459,1.8403614676336115,2.4086338024868597,7781,719,907,1698,5238,1698,1.0,0.092404575247397508,0.11656599408816347,0.21822387867883306,0.67317825472304327,0.21822387867883306
2017-06-30,6714,-0.97041340625774275,1.8904660269777425,2.613605973073768,6714,745,721,1719,4399,1719,1.0,0.11096216860291927,0.10738754840631516,0.25603217158176944,0.6551980935358952,0.25603217158176944
2017-07-01,3290,-1.0132281052102037,1.9265119551905499,2.74675106293629,3290,359,364,805,2076,805,1.0,0.10911854103343466,0.11063829787234042,0.24468085106382978,0.63100303951367787,0.24468085106382978
2017-07-02,3590,-1.0155326450327218,1.8084508390674232,2.4722704939545386,3590,335,408,791,2485,791,1.0,0.093314763231197778,0.11364902506963788,0.2203342618384401,0.692200557103064,0.2203342618384401
2017-07-03,6938,-1.2655332366012815,1.90134633816117,2.6971611460684186,6938,671,757,1648,4567,1648,1.0,0.096713750360334388,0.10910925338714327,0.23753243009512828,0.65825886422600177,0.23753243009512828
2017-07-04,6594,-1.0245544288125046,1.8093840573008739,2.6559367238048708,6594,688,617,1871,4586,1871,1.0,0.10433727631179861,0.09356991204124962,0.28374279648164996,0.69548074006672733,0.28374279648164996
2017-07-05,6811,-0.93941938956119042,1.6549472949964139,2.6489099806927761,6811,694,698,1744,4975,1744,1.0,0.10189399500807517,0.10248128028189693,0.25605637938628689,0.73043605931581268,0.25605637938628689
2017-07-06,10071,-1.235465019892189,1.6910689436590303,2.5634626300884027,10071,784,864,2370,7438,2370,1.0,0.077847284281600634,0.085790884718498661,0.23532916294310396,0.73855625062059382,0.23532916294310396
2017-07-07,12369,-1.9800459718600798,1.8552361575630638,3.2493701842644551,12369,662,899,3440,9471,3440,1.0,0.05352089902174792,0.072681704260651625,0.27811464144231546,0.765704584040747,0.27811464144231546
2017-07-08,11266,-1.6457262845535972,1.7917492340457746,3.0706199814588655,11266,506,790,4020,8160,4020,1.0,0.044913900230782886,0.070122492455174865,0.35682584768329489,0.72430321320788216,0.35682584768329489
2017-07-09,6121,-1.1534332261466647,1.7380908766356509,2.7632908716306797,6121,436,573,1786,4452,1786,1.0,0.071230191145237709,0.093612154876654141,0.29178238849861132,0.72733213527201435,0.29178238849861132
2017-07-10,6679,-0.90966145032520107,1.8227595514134942,2.6099320411007159,6679,635,1098,2194,4726,2194,1.0,0.095074112891151363,0.164395867644857,0.32849228926486,0.70759095673004946,0.32849228926486
2017-07-11,6565,-0.94410782571812335,1.8375128422919496,2.7697596971128466,6565,771,979,1930,4253,1930,1.0,0.11744097486671744,0.14912414318354913,0.293983244478294,0.64782939832444786,0.293983244478294
2017-07-12,9147,-1.2327555699647543,1.964322828716228,2.4571222395426062,9147,1039,902,2221,5384,2221,1.0,0.11358915491417951,0.098611566633869024,0.24281185088006996,0.588608286870012,0.24281185088006996
2017-07-13,9439,-1.0346687789930846,1.6358408142373213,2.4161704745930179,9439,1047,806,1875,6649,1875,1.0,0.11092276724229262,0.085390401525585344,0.19864392414450682,0.70441784087297388,0.19864392414450682
2017-07-14,7158,-1.2239742637462125,1.7751243450150131,2.7877182979391737,7158,834,881,1579,4667,1579,1.0,0.11651299245599329,0.12307907236658285,0.22059234423023191,0.65199776473875382,0.22059234423023191
2017-07-15,3643,-1.2256364942927849,1.7211187336716924,2.7311206759243585,3643,516,387,857,2318,857,1.0,0.1416415042547351,0.10623112819105134,0.23524567664013177,0.63628877298929454,0.23524567664013177
2017-07-16,4028,-0.93725724989542758,1.7420819649638892,2.6398742393424963,4028,383,306,725,2425,725,1.0,0.095084409136047668,0.0759682224428997,0.17999006951340615,0.60203574975173779,0.17999006951340615
2017-07-17,5891,-1.128365564955615,1.9661355360061914,2.6551448621217233,5891,883,759,1539,4065,1539,1.0,0.14988966219657104,0.12884060431166186,0.26124596842641318,0.69003564759803093,0.26124596842641318
2017-07-18,7012,-1.3947929358078932,1.9597064746358193,2.8951461330078008,7012,875,801,1691,4716,1691,1.0,0.12478608100399316,0.11423274386765545,0.24115801483171706,0.672561323445522,0.24115801483171706
2017-07-19,6449,-1.1229450230942704,1.9758349970155331,2.7642715019490844,6449,962,800,1802,4393,1802,1.0,0.14917041401767717,0.12405024034734068,0.27942316638238485,0.68119088230733449,0.27942316638238485
2017-07-20,5770,-1.0794441299876616,1.9610800174230261,2.6991386751418318,5770,821,710,1812,4103,1812,1.0,0.14228769497400345,0.12305025996533796,0.31403812824956673,0.7110918544194107,0.31403812824956673
2017-07-21,5736,-1.23082952976287,1.7223263598631635,2.7606023231931407,5736,763,591,1623,4074,1623,1.0,0.13301952580195259,0.10303347280334728,0.28294979079497906,0.71025104602510458,0.28294979079497906
2017-07-22,3520,-1.2465711180415373,1.6609692384569024,2.7875060180672659,3520,473,366,760,2329,760,1.0,0.134375,0.10397727272727272,0.21590909090909091,0.66164772727272725,0.21590909090909091
2017-07-23,3653,-1.4514630602253402,1.6877647582375597,2.731136247379653,3653,464,302,763,2460,763,1.0,0.12701888858472488,0.08267177662195456,0.20886942239255407,0.67341910758280865,0.20886942239255407
2017-07-24,6450,-1.2228442235780137,1.8777093136720617,2.5703863059664025,6450,1685,684,1542,4150,1542,1.0,0.26124031007751936,0.10604651162790697,0.23906976744186045,0.64341085271317833,0.23906976744186045
2017-07-25,6376,-1.1310042952664021,1.7793128450177598,2.7347617151849097,6376,1050,955,1838,4307,1838,1.0,0.16468005018820578,0.14978042659974905,0.2882685069008783,0.67550188205771644,0.2882685069008783
2017-07-26,6219,-1.1372452050154225,1.8668781291795873,2.5861813252151791,6219,859,774,1539,4389,1539,1.0,0.13812510049847243,0.12445730824891461,0.24746743849493488,0.70574047274481433,0.24746743849493488
2017-07-27,5650,-0.96637082791353413,1.965636049058874,2.7880468629688231,5650,1073,773,1560,3798,1560,1.0,0.18991150442477875,0.13681415929203539,0.27610619469026548,0.672212389380531,0.27610619469026548
2017-07-28,5412,-1.1289240237780622,1.8406428078731212,2.9342058232378943,5412,922,645,1675,3548,1675,1.0,0.1703621581670362,0.11917960088691797,0.30949741315594975,0.65558019216555807,0.30949741315594975
2017-07-29,4825,-1.1058250136477572,2.0045172144589962,2.8004646305713883,4825,486,694,2017,3189,2017,1.0,0.10072538860103628,0.1438341968911917,0.41803108808290157,0.66093264248704664,0.41803108808290157
2017-07-30,3604,-1.0036081877946315,1.7393621049991699,2.4453610080833634,3604,322,322,992,2304,992,1.0,0.089345172031076586,0.089345172031076586,0.27524972253052166,0.63928967813540516,0.27524972253052166
2017-07-31,6180,-1.084671892069919,1.8583424270202118,2.671130278758342,6180,739,885,1781,3936,1781,1.0,0.11957928802588996,0.14320388349514562,0.28818770226537216,0.63689320388349513,0.28818770226537216
2017-08-01,7409,-1.4888245876977788,1.8650650732258864,2.9166584971207481,7409,798,1031,2341,4842,2341,1.0,0.10770684302874882,0.13915508165744364,0.3159670670805777,0.65352949115940073,0.3159670670805777
2017-08-02,7494,-1.3755207069851225,1.9349563366854698,2.8205505690052091,7494,802,1075,1953,4791,1953,1.0,0.10701894849212704,0.14344809180677875,0.26060848678943155,0.63931144915932747,0.26060848678943155
2017-08-03,7802,-2.2366732819700412,1.8705192297285549,3.7417820015379948,7802,1899,903,1774,4861,1774,1.0,0.24339912842860806,0.11573955396052295,0.22737759548833633,0.62304537298128682,0.22737759548833633
2017-08-04,7283,-1.3066264041158173,1.9700485814892887,3.0221472178438478,7283,1369,727,1775,4975,1775,1.0,0.18797198956473982,0.099821502128243852,0.24371824797473568,0.68309762460524515,0.24371824797473568
2017-08-05,6265,-1.4934382480468327,1.9665891256792476,3.44374211666766,6265,337,711,1294,4393,1294,1.0,0.053790901835594575,0.11348762968874701,0.20654429369513169,0.70119712689545088,0.20654429369513169
2017-08-06,3929,-1.2873042834076673,1.7833165796828787,2.8409305126816231,3929,455,574,1274,2541,1274,1.0,0.11580554848561975,0.14609315347416646,0.32425553575973531,0.64672944769661489,0.32425553575973531
2017-08-07,5983,-1.2600178436872562,1.7917651221986695,2.8950521007355374,5983,800,741,1417,3875,1417,1.0,0.13371218452281464,0.12385091091425707,0.23683770683603544,0.64766839378238339,0.23683770683603544
2017-08-08,7918,-1.3119956780226676,1.8490837259891568,2.6645138319702975,7918,821,717,1707,5367,1707,1.0,0.1036877999494822,0.090553169992422328,0.21558474362212679,0.67782268249557964,0.21558474362212679
2017-08-09,7311,-1.4260466761551762,1.900247312363164,2.8724158664882156,7311,817,895,2171,5042,2171,1.0,0.11174941868417453,0.12241827383394885,0.29694980166871837,0.68964573929694983,0.29694980166871837
2017-08-10,6370,-1.3377539372881537,1.8482079394053352,2.7113059295116355,6370,738,848,1719,4280,1719,1.0,0.11585557299843015,0.13312401883830455,0.2698587127158556,0.67189952904238615,0.2698587127158556
2017-08-11,6541,-1.2450216620750492,1.6757115028927712,2.706763887243679,6541,642,703,1465,4250,1465,1.0,0.098150129949549,0.10747592111297967,0.22397186974468736,0.64974774499312027,0.22397186974468736
2017-08-12,3361,-1.3830661943598503,1.8814406834979922,2.7836308539285026,3361,363,436,863,2240,863,1.0,0.10800357036596252,0.12972329663790538,0.25676881880392738,0.66646831300208276,0.25676881880392738
2017-08-13,3004,-1.6966387754577417,1.6929916500891546,2.97772995359129,3004,295,405,715,1865,715,1.0,0.098202396804260988,0.13482023968042608,0.23801597869507324,0.62083888149134492,0.23801597869507324
2017-08-14,5669,-1.3550860851211464,1.9854858181215584,2.9930747551916275,5669,764,655,1839,3538,1839,1.0,0.13476803669077439,0.11554065972834715,0.32439583700829072,0.62409596048685834,0.32439583700829072
2017-08-15,6206,-1.3231756255519416,2.0159316006395374,3.0156137264434077,6206,877,768,1767,4125,1767,1.0,0.14131485659039639,0.12375120850789559,0.28472446019980663,0.6646793425717048,0.28472446019980663
2017-08-16,6218,-1.2533221565709594,1.9680116993608618,2.834357314280961,6218,1082,675,1643,4205,1643,1.0,0.17401093599228049,0.10855580572531361,0.26423287230620779,0.67626246381473143,0.26423287230620779
2017-08-17,6152,-1.407264306169318,2.0205938562786088,3.0314450157751613,6152,1214,678,1676,4186,1676,1.0,0.19733420026007803,0.11020806241872562,0.27243172951885564,0.6804291287386216,0.27243172951885564
2017-08-18,4848,-1.3031287657979456,1.9211493664880159,3.045309472702725,4848,713,787,1169,3141,1169,1.0,0.14707095709570958,0.16233498349834982,0.24113036303630364,0.64789603960396036,0.24113036303630364
2017-08-19,3830,-1.733383302075389,1.9431845097833733,3.1412559317565822,3830,470,544,734,2626,734,1.0,0.12271540469973891,0.14203655352480418,0.191644908616188,0.68563968668407316,0.191644908616188
2017-08-20,3144,-0.88233946795633589,1.5995361703051907,2.6667529420182237,3144,688,495,807,2172,807,1.0,0.21882951653944022,0.15744274809160305,0.25667938931297712,0.69083969465648853,0.25667938931297712
2017-08-21,6370,-1.1495429510903965,1.7453880555856933,2.9363820535056742,6370,1213,1259,1464,3881,1464,1.0,0.19042386185243329,0.19764521193092621,0.22982731554160127,0.60926216640502351,0.22982731554160127
2017-08-22,5624,-1.092929595037013,1.9452238557630992,2.6966013592632248,5624,746,718,1741,3825,1741,1.0,0.13264580369843529,0.12766714082503555,0.30956614509246089,0.6801209103840683,0.30956614509246089
2017-08-23,5590,-0.90976667602244154,1.9919599924310174,2.4746724019619917,5590,803,778,1897,3666,1897,1.0,0.14364937388193202,0.13917710196779964,0.33935599284436496,0.65581395348837213,0.33935599284436496
2017-08-24,2694,-0.69353820188247661,1.884671002376775,2.5926723743342133,2694,281,538,947,1747,947,1.0,0.10430586488492948,0.19970304380103934,0.35152190051967336,0.64847809948032664,0.35152190051967336
2017-08-25,4603,-1.27122025354736,1.8993247522334689,2.967804272465846,4603,487,699,1114,2850,1114,1.0,0.10580056484901151,0.15185748424940257,0.24201607647186618,0.61916141646752121,0.24201607647186618
2017-08-26,3642,-1.7790140738910332,1.9531365822769007,3.3828692844310067,3642,534,489,893,2031,893,1.0,0.14662273476112025,0.13426688632619441,0.24519494783086215,0.557660626029654,0.24519494783086215
2017-08-27,3007,-1.679259850927632,2.0170516887985213,3.7700624816654082,3007,444,447,871,1741,871,1.0,0.14765547056867309,0.14865314266711008,0.28965746591286995,0.57898237445959433,0.28965746591286995
2017-08-28,2895,-1.4913394557805164,1.9766424936257032,3.2410071530829772,2895,430,363,822,2006,822,1.0,0.14853195164075994,0.12538860103626942,0.28393782383419691,0.69291882556131257,0.28393782383419691
2017-08-30,4016,-2.0129944903948744,2.1023767110534823,3.3152534163780989,4016,925,455,1078,2519,1078,1.0,0.23032868525896413,0.11329681274900398,0.26842629482071712,0.62724103585657376,0.26842629482071712
2017-08-31,7269,-1.3572851998194762,2.2949225782322626,3.08630713908521,7269,1233,792,1922,4903,1922,1.0,0.16962443252166737,0.10895583986793232,0.26441051038657309,0.67450818544504054,0.26441051038657309
2017-09-01,7208,-1.4518939478905251,2.1420884073151059,3.4883055022375475,7208,1120,925,2121,4833,2121,1.0,0.15538290788013318,0.12832963374028858,0.29425638179800223,0.6705049944506104,0.29425638179800223
2017-09-02,4290,-1.3863881810497367,2.2163662790786023,3.2632901579410349,4290,601,509,1311,2768,1311,1.0,0.14009324009324009,0.11864801864801865,0.30559440559440559,0.6452214452214452,0.30559440559440559
2017-09-03,3571,-1.2095122031608012,1.9896862247762543,3.0153209661723954,3571,499,490,1193,2276,1193,1.0,0.13973676841220947,0.13721646597591711,0.33408008961075331,0.63735648277793333,0.33408008961075331
2017-09-04,5078,-0.90428952190414258,2.06417819199088,2.70596476008294,5078,769,702,1466,3429,1466,1.0,0.15143757384797163,0.13824340291453327,0.28869633714060655,0.67526585269791262,0.28869633714060655
2017-09-05,6397,-1.0384985426964022,2.0387177073736669,2.938320685472763,6397,841,941,1791,4555,1791,1.0,0.13146787556667189,0.14710020322025949,0.27997498827575423,0.71205252462091606,0.27997498827575423
2017-09-06,6892,-1.5997943321357722,1.9942067501783676,3.3556038080721078,6892,709,1062,1981,4461,1981,1.0,0.10287289611143355,0.15409170052234475,0.28743470690655831,0.64727219965177019,0.28743470690655831
2017-09-07,8070,-1.7708911613358775,1.9422872203207127,3.5636456904898606,8070,949,1337,2263,5539,2263,1.0,0.11759603469640645,0.16567534076827758,0.28042131350681537,0.68636926889714989,0.28042131350681537
2017-09-08,8236,-2.1444969002025518,1.9074184482584415,3.7687923509188885,8236,773,1266,2120,5490,2120,1.0,0.093856240893637685,0.15371539582321514,0.25740650801359882,0.66658572122389514,0.25740650801359882
2017-09-09,4810,-2.0219931444928982,2.1720774848065481,3.7732439497881773,4810,414,881,1021,2982,1021,1.0,0.086070686070686075,0.18316008316008317,0.21226611226611228,0.61995841995841994,0.21226611226611228
2017-09-10,4844,-2.0530309357676537,1.8307594307039179,3.4750312114006423,4844,535,824,1232,2833,1232,1.0,0.11044591246903386,0.17010734929810073,0.25433526011560692,0.58484723369116431,0.25433526011560692
2017-09-11,9741,-1.8022274245766265,1.9189700029605481,3.4852331195014532,9741,983,1483,2231,6584,2231,1.0,0.10091366389487733,0.15224309619135612,0.22903192690688842,0.67590596448003282,0.22903192690688842
2017-09-12,8696,-1.8471902284524178,1.9234212321565818,3.3769315230038282,8696,1450,1459,2345,5962,2345,1.0,0.16674333026678934,0.16777828886844526,0.26966421343146274,0.68560257589696416,0.26966421343146274
2017-09-13,9707,-1.6425850427670603,1.8010613304514402,3.0601258755906815,9707,1805,1433,2311,6900,2311,1.0,0.18594828474296898,0.14762542495106623,0.23807561553518081,0.71082723807561554,0.23807561553518081
2017-09-14,8798,-1.588817740720659,1.8677281805415944,3.2586616028035609,8798,1586,1164,2080,6241,2080,1.0,0.18026824278245054,0.13230279609002046,0.2364173675835417,0.70936576494657877,0.2364173675835417
2017-09-15,7667,-1.7501035139682743,2.0227928340914145,3.248070722342455,7667,850,1334,1675,4850,1675,1.0,0.11086474501108648,0.17399243511151688,0.21846876222772924,0.63258119212208164,0.21846876222772924
2017-09-16,5143,-1.5534544141661877,2.0005514887896618,3.2363705453078455,5143,593,766,1261,3483,1261,1.0,0.11530235271242466,0.14894030721368851,0.24518763367684232,0.67723118802255489,0.24518763367684232
2017-09-17,6330,-1.167367427540456,1.8772390998643353,2.9436171054168048,6330,471,797,1384,4717,1384,1.0,0.074407582938388631,0.12590837282780409,0.21864139020537124,0.74518167456556084,0.21864139020537124
2017-09-18,9051,-1.2387261227972939,1.9599594495597354,2.826467730398682,9051,876,1156,2001,6834,2001,1.0,0.0967848856479947,0.12772069384598386,0.22108054358634405,0.75505469008949289,0.22108054358634405
2017-09-19,10383,-1.370207424241451,1.9300314912045078,3.0291776554742351,10383,1108,1214,2671,7414,2671,1.0,0.10671289608013099,0.11692189155350091,0.25724742367331216,0.71405181546759122,0.25724742367331216
2017-09-20,10297,-1.2541588634341985,1.9550164678661712,2.918460070258678,10297,1352,1486,2367,7249,2367,1.0,0.13130037875109254,0.14431387782849373,0.22987277847916868,0.70399145382150141,0.22987277847916868
2017-09-21,8763,-0.99227513105442555,1.9564482892000985,2.7542332135677881,8763,1036,1134,2145,5984,2145,1.0,0.11822435239073377,0.1294077370763437,0.24477918521054434,0.68287116284377491,0.24477918521054434
2017-09-22,6834,-1.0359856682124338,2.13835302951387,2.75327689520702,6834,750,832,1840,4688,1840,1.0,0.10974539069359086,0.12174422007609013,0.26924202516827628,0.68598185542873868,0.26924202516827628
2017-09-23,4936,-1.3607401233514713,2.0750644039335775,2.8776493211863956,4936,396,630,1338,3424,1338,1.0,0.080226904376012972,0.12763371150729336,0.27106969205834686,0.69367909238249592,0.27106969205834686
2017-09-24,3731,-1.2356868657068818,1.8660268211192335,2.8026075068515182,3731,405,631,1060,2721,1060,1.0,0.10854998659876709,0.16912355936746182,0.28410613776467436,0.72929509514875368,0.28410613776467436
2017-09-25,6503,-0.84174189795541143,1.9601580401214418,2.5854640667991688,6503,784,778,1781,4526,1781,1.0,0.12055974165769645,0.11963709057358142,0.27387359680147622,0.69598646778409967,0.27387359680147622
2017-09-26,6746,-0.73118107190863724,1.9979036716860759,2.4665280284888595,6746,717,906,1749,4738,1749,1.0,0.10628520604802846,0.13430180847909873,0.259264749481174,0.70234212866884083,0.259264749481174
2017-09-27,6211,-0.936343630584061,1.9435484280125412,2.6120979635943979,6211,738,710,1460,4281,1460,1.0,0.11882144582192884,0.1143133150861375,0.23506681693769119,0.68926098856866846,0.23506681693769119
2017-09-28,6392,-0.81966588801072626,2.0481455341693171,2.6954248439490818,6392,764,702,1682,4367,1682,1.0,0.1195244055068836,0.10982478097622028,0.26314142678347935,0.68319774718398,0.26314142678347935
2017-09-29,5699,-0.54201060252892785,2.1153511019509907,2.3577012326749522,5699,723,753,1586,3928,1586,1.0,0.12686436216880154,0.13212844358659415,0.27829443762063522,0.68924372696964376,0.27829443762063522
2017-09-30,3474,-0.77810651575289,1.9164915216434091,2.4722499924551866,3474,676,336,801,2241,801,1.0,0.19458837075417387,0.096718480138169263,0.23056994818652848,0.64507772020725385,0.23056994818652848
2017-10-01,2915,-1.3408516113948046,1.9134537503472648,3.1244882359211035,2915,390,406,783,1988,783,1.0,0.13379073756432247,0.13927958833619211,0.26861063464837048,0.68198970840480277,0.26861063464837048
2017-10-02,4622,-0.82865787635096511,2.123025725780753,2.7522001240746397,4622,564,710,1285,3226,1285,1.0,0.12202509736045002,0.1536131544785807,0.27801817395067069,0.69796624837732579,0.27801817395067069
2017-10-03,6490,-0.97285133444178185,2.0854129361640252,2.7952445259859489,6490,684,908,1987,4389,1987,1.0,0.10539291217257318,0.13990755007704161,0.30616332819722653,0.676271186440678,0.30616332819722653
2017-10-04,6120,-1.0277827376348587,1.8841149024150055,2.7856169027856374,6120,621,813,1744,4093,1744,1.0,0.10147058823529412,0.13284313725490196,0.2849673202614379,0.66879084967320257,0.2849673202614379
2017-10-05,6646,-1.1513730791364023,2.0362524882549917,2.8176500261070774,6646,532,787,1784,4695,1784,1.0,0.080048149262714419,0.11841709298826361,0.26843213963286189,0.706439963888053,0.26843213963286189
2017-10-06,6162,-0.95742494130137146,2.0755301751548454,2.6265568841465612,6162,521,916,1939,4171,1939,1.0,0.084550470626419988,0.14865303472898408,0.31467056150600453,0.67689061992859456,0.31467056150600453
2017-10-07,3894,-1.4132899410921427,1.8081744155071902,2.9190747579656882,3894,367,439,1272,2738,1272,1.0,0.094247560349255258,0.11273754494093477,0.32665639445300459,0.70313302516692344,0.32665639445300459
2017-10-08,3564,-1.7088586958935212,1.8123334550995851,3.4360553022338074,3564,497,473,1165,2298,1165,1.0,0.13945005611672279,0.13271604938271606,0.32687991021324353,0.64478114478114479,0.32687991021324353
2017-10-09,8015,-1.2010921197636293,1.8088513520946108,2.6950129812058,8015,992,1393,2932,6187,2932,1.0,0.12376793512164691,0.17379912663755459,0.36581409856519026,0.77192763568309419,0.36581409856519026
2017-10-10,7648,-1.1154482693775802,1.9242748207460212,2.7134283241185497,7648,1015,1186,2608,5729,2608,1.0,0.13271443514644352,0.15507322175732219,0.34100418410041838,0.74908472803347281,0.34100418410041838
2017-10-11,7504,-0.795107237614523,1.9942263616183058,2.5386170706366893,7504,1121,1240,2498,5370,2498,1.0,0.14938699360341151,0.1652452025586354,0.33288912579957358,0.71561833688699361,0.33288912579957358
2017-10-12,8338,-1.2007500328340248,2.0134260664849952,2.8408963104300189,8338,1163,1601,2541,6003,2541,1.0,0.13948189014152074,0.19201247301511154,0.30474934036939316,0.71995682417846008,0.30474934036939316
2017-10-13,8717,-1.2331732707316603,2.091638130589311,2.8056591823754666,8717,1032,1010,2064,5753,2064,1.0,0.11838935413559711,0.11586555007456693,0.23677870827119421,0.65997476195938964,0.23677870827119421
2017-10-14,4392,-1.0823667756682553,1.962435756776771,2.7287158592687559,4392,447,587,983,2957,983,1.0,0.10177595628415301,0.13365209471766848,0.223816029143898,0.67326958105646628,0.223816029143898
2017-10-15,4483,-1.7788399704823492,1.6753226883968451,2.9922029463658957,4483,359,637,1030,3054,1030,1.0,0.080080303368280176,0.14209234887352221,0.22975685924604058,0.68124024091010482,0.22975685924604058
2017-10-16,8573,-1.5850628696721567,1.874299582990131,3.16890456628653,8573,756,1306,2150,5936,2150,1.0,0.088183832963956613,0.15233873789805202,0.25078735565146387,0.69240639216143707,0.25078735565146387
2017-10-17,8534,-1.2072108052077382,1.9376488684969913,3.0303445277542496,8534,930,1604,2702,6079,2702,1.0,0.108975861260839,0.18795406608858684,0.31661588938364188,0.71232716194047341,0.31661588938364188
2017-10-18,7476,-0.93248408576459418,1.9963629305723685,2.9425106646796997,7476,1021,1274,2113,5298,2113,1.0,0.13657035848047083,0.17041198501872659,0.28263777421080793,0.7086677367576244,0.28263777421080793
2017-10-19,8274,-0.90580496404965982,1.9675036787516491,2.7001936194313352,8274,1107,961,2017,5316,2017,1.0,0.13379260333575055,0.1161469664007735,0.24377568286197729,0.64249456127628712,0.24377568286197729
2017-10-20,9087,-1.4410637823888826,1.9876333092304705,3.4788780567744473,9087,957,1076,2070,6196,2070,1.0,0.1053152855727963,0.1184109166941785,0.22779795311984152,0.68185319687465606,0.22779795311984152
2017-10-21,4654,-1.1860364606188818,1.7470258982426521,2.7026948363420353,4654,383,473,1384,3423,1384,1.0,0.082294800171895138,0.10163300386764074,0.2973785990545767,0.73549634722819079,0.2973785990545767
2017-10-22,3940,-1.0363030557801922,1.883699245209504,2.5620121007327339,3940,422,553,1132,2821,1132,1.0,0.10710659898477157,0.14035532994923858,0.28730964467005077,0.715989847715736,0.28730964467005077
2017-10-23,8216,-0.73839054961122441,1.8794087999553408,2.7144921788532796,8216,812,1000,1928,5738,1928,1.0,0.0988315481986368,0.12171372930866602,0.23466407010710807,0.69839337877312557,0.23466407010710807
2017-10-24,8974,-1.1908139858953268,2.0007230988686406,2.9095630101456145,8974,912,1079,2141,6325,2141,1.0,0.10162692221974594,0.1202362380209494,0.23857811455315356,0.704813906841988,0.23857811455315356
2017-10-25,6873,-0.82197439040764264,2.037352467283883,2.7875685714114122,6873,879,793,1870,4759,1870,1.0,0.12789175032736796,0.11537901935108395,0.27207915029826857,0.692419612978321,0.27207915029826857
2017-10-26,7975,-0.99397322446239633,2.0404791418513017,2.6061203539853093,7975,942,1043,2136,5579,2136,1.0,0.11811912225705329,0.13078369905956114,0.26783699059561128,0.69956112852664576,0.26783699059561128
2017-10-27,7273,-0.939995900873165,2.0736114576563569,2.5742545902774827,7273,1150,983,2224,4983,2224,1.0,0.15811907053485494,0.13515743159631513,0.30578853293001512,0.6851368073697236,0.30578853293001512
2017-10-28,3636,-0.95520701607177594,1.9282715622976578,2.5866997831430774,3636,398,474,945,2363,945,1.0,0.10946094609460946,0.13036303630363036,0.25990099009900991,0.64988998899889994,0.25990099009900991
2017-10-29,3759,-1.2499584645504791,1.9693652955861374,2.6911374537706663,3759,392,602,767,2552,767,1.0,0.1042830540037244,0.16014897579143389,0.20404362862463421,0.67890396382016494,0.20404362862463421
2017-10-30,8450,-1.4155510758650778,1.9675873105670842,2.9540528299659106,8450,1797,1006,1989,5013,1989,1.0,0.21266272189349111,0.11905325443786982,0.23538461538461539,0.59325443786982246,0.23538461538461539
2017-10-31,9219,-1.2306803808933446,1.9420044687746241,2.8706103133009182,9219,1535,1586,2572,5954,2572,1.0,0.16650395921466538,0.17203601258270962,0.27898904436489858,0.6458401128105,0.27898904436489858
2017-11-01,8064,-0.92164412662578032,1.9045200877157469,2.6458060722568635,8064,1082,922,2448,5793,2448,1.0,0.1341765873015873,0.11433531746031746,0.30357142857142855,0.71837797619047616,0.30357142857142855
2017-11-02,7760,-1.0469700576408454,2.0702020309606466,2.8307373756239746,7760,814,907,2107,5328,2107,1.0,0.10489690721649485,0.11688144329896907,0.271520618556701,0.6865979381443299,0.271520618556701
2017-11-03,8629,-0.86810645808922982,2.019319472801671,2.59738542743156,8629,711,816,2418,5960,2418,1.0,0.082396569706802647,0.094564839494727077,0.28021786997334569,0.69069417081933016,0.28021786997334569
2017-11-04,6780,-1.1697370938917224,1.7613631891889736,2.4368294808939224,6780,724,811,1591,4917,1591,1.0,0.10678466076696165,0.1196165191740413,0.23466076696165192,0.72522123893805313,0.23466076696165192
2017-11-05,4973,-1.4137345671798636,1.7468578196161155,2.91746917616206,4973,365,515,1180,3448,1180,1.0,0.073396340237281324,0.10355921978684898,0.23728131912326564,0.69334405791272868,0.23728131912326564
2017-11-06,10769,-0.90918892317854794,1.8242391232138744,2.4797982921558517,10769,830,1104,2741,7432,2741,1.0,0.077073080137431513,0.10251648249605348,0.25452688271891538,0.690129074194447,0.25452688271891538
2017-11-07,10362,-0.75156445583816212,1.9439870371270607,2.5423753264332176,10362,1189,1351,2661,7496,2661,1.0,0.11474618799459564,0.13038023547577687,0.25680370584829182,0.72341246863539854,0.25680370584829182
2017-11-08,9649,-0.586360907366743,2.0312143373687945,2.5124121770295567,9649,892,1014,2252,7208,2252,1.0,0.0924448129339828,0.10508861021867551,0.23339206135350812,0.74702041662348428,0.23339206135350812
2017-11-09,9231,-0.83192169293470475,2.0006473800643931,2.644979787901347,9231,891,1017,2253,6380,2253,1.0,0.096522586935326615,0.11017224569385765,0.24406889827754305,0.69114938793196834,0.24406889827754305
2017-11-10,7643,-0.87924413532950141,1.9668152720077776,2.7359010457650421,7643,821,1140,2081,5192,2081,1.0,0.1074185529242444,0.14915609054036374,0.27227528457412009,0.679314405338218,0.27227528457412009
2017-11-11,5456,-0.54195925952232415,1.9015885152454792,2.6278894027568969,5456,444,1007,1590,3979,1590,1.0,0.0813782991202346,0.18456744868035191,0.29142228739002934,0.7292888563049853,0.29142228739002934
2017-11-12,5121,-0.9493935844332,1.8676840615489332,2.5341288545126219,5121,565,594,1257,3322,1257,1.0,0.11033001366920524,0.11599297012302284,0.24545987111892209,0.6487014255028315,0.24545987111892209
2017-11-13,10101,-0.91735788397049689,1.9425585118023065,2.4189566753098113,10101,869,1756,2977,6985,2977,1.0,0.086031086031086029,0.17384417384417383,0.29472329472329473,0.69151569151569148,0.29472329472329473
2017-11-14,10835,-1.1237205140233189,1.8628028605121805,2.7791981421785583,10835,997,2026,3603,7443,3603,1.0,0.092016612828795571,0.18698661744347023,0.33253345639132442,0.68694047069681585,0.33253345639132442
2017-11-15,10666,-0.77005219134302683,1.924378613039559,2.5977751672617018,10666,974,1626,3029,7335,3029,1.0,0.091318207387961745,0.15244702793924619,0.28398649915619728,0.68769923120195009,0.28398649915619728
2017-11-16,9137,-0.86292303594103081,2.007371111287787,2.7452456053109096,9137,917,1289,2746,6304,2746,1.0,0.10036116887380979,0.1410747510123673,0.30053628105505087,0.68994199408996393,0.30053628105505087
2017-11-17,9491,-0.845965586451444,1.8149555760374534,2.5870072944237954,9491,906,1555,2728,6290,2728,1.0,0.0954588557580866,0.16383942682541355,0.2874301970287641,0.662733115583184,0.2874301970287641
2017-11-18,5699,-0.65597154560508864,1.7529830757073979,2.4847022139212847,5699,431,644,1517,3567,1517,1.0,0.075627303035620277,0.11300228110194771,0.26618705035971224,0.62589928057553956,0.26618705035971224
2017-11-19,4472,-1.0863348903192978,1.7437184669702055,2.6876857083463559,4472,420,563,1168,2956,1168,1.0,0.093917710196779969,0.12589445438282648,0.26118067978533094,0.66100178890876571,0.26118067978533094
2017-11-20,7655,-0.981934849851043,1.9744458150964279,2.7483291312454212,7655,918,863,2100,5282,2100,1.0,0.11992161985630306,0.11273677335075115,0.27433050293925537,0.69000653167864145,0.27433050293925537
2017-11-21,6297,-0.71110383021819623,2.0271128207807831,2.9178019097641532,6297,968,908,1904,4202,1904,1.0,0.15372399555343816,0.14419564872161347,0.30236620612990311,0.66730188978878835,0.30236620612990311
2017-11-22,5623,-0.73558813985126514,2.0278190419282596,2.9234842518492017,5623,852,851,1793,3533,1793,1.0,0.15152054063667081,0.15134269962653388,0.31886893117552906,0.62831228881380041,0.31886893117552906
2017-11-23,5645,-0.8025174967419596,2.0935394911735075,2.6527533237019383,5645,899,734,1634,3760,1634,1.0,0.15925597874224978,0.1300265721877768,0.2894596988485385,0.66607617360496019,0.2894596988485385
2017-11-24,4891,-0.59493386295392625,1.8641858101505917,2.5556050259000833,4891,757,681,1562,2984,1562,1.0,0.15477407483132283,0.13923533019832346,0.31936209364138213,0.61010018401144961,0.31936209364138213
2017-11-25,3140,-0.79673294229994451,1.7287394497193238,2.6528494547989188,3140,479,328,767,2041,767,1.0,0.15254777070063694,0.10445859872611465,0.24426751592356688,0.65,0.24426751592356688
2017-11-26,3946,-1.2174566992482212,1.7473497244094705,2.5924135922385068,3946,442,370,749,2442,749,1.0,0.11201216421692854,0.0937658388241257,0.18981246832235174,0.61885453623922959,0.18981246832235174
2017-11-27,5677,-0.93924625994346078,2.0072311778067773,2.7577879762353463,5677,776,650,1341,3959,1341,1.0,0.13669191474370265,0.11449709353531795,0.23621631143209443,0.69737537431742114,0.23621631143209443
2017-11-28,7242,-0.77965405011786548,1.9683500939712726,2.6594166295594697,7242,943,1000,2107,5059,2107,1.0,0.13021264843965755,0.13808340237503453,0.29094172880419772,0.69856393261529959,0.29094172880419772
2017-11-29,7678,-0.89055593444765258,2.0040477018759111,2.7378175057917122,7678,864,736,1764,5467,1764,1.0,0.11252930450638186,0.09585829643136233,0.229747330033863,0.71203438395415475,0.229747330033863
2017-11-30,7110,-1.0198218146645275,2.1887518537949084,2.9259550772107161,7110,859,847,1613,4498,1613,1.0,0.12081575246132208,0.11912798874824192,0.22686357243319269,0.63263009845288332,0.22686357243319269
2017-12-01,7399,-0.99926799496476026,2.1457800892639254,2.8246606844946687,7399,932,1069,2000,4869,2000,1.0,0.12596296796864442,0.14447898364643871,0.27030679821597514,0.65806190025679145,0.27030679821597514
2017-12-02,3884,-0.98665492172857949,1.9501619089138087,2.9381618746435452,3884,528,576,934,2536,934,1.0,0.13594232749742532,0.14830072090628219,0.24047373841400618,0.6529351184346035,0.24047373841400618
2017-12-03,3621,-1.2374850480000097,1.8041288576323897,2.7121531439079831,3621,345,349,719,2371,719,1.0,0.095277547638773816,0.0963822148577741,0.19856393261529964,0.65479149406241366,0.19856393261529964
2017-12-04,6334,-0.592910558057074,2.4225207467599885,2.9053566995925437,6334,673,701,1503,4037,1503,1.0,0.10625197347647616,0.11067256078307547,0.237290811493527,0.63735396274076417,0.237290811493527
2017-12-05,7158,-0.80196304567631094,2.0380940680656625,2.7465333470198829,7158,948,747,1697,4885,1697,1.0,0.13243922883487008,0.10435875943000839,0.23707739592064822,0.68245319921765857,0.23707739592064822
2017-12-06,7957,-1.4814539721902089,2.1495715904813664,3.2025777019499859,7957,925,1014,2179,5697,2179,1.0,0.1162498429056177,0.12743496292572579,0.2738469272338821,0.71597335679276108,0.2738469272338821
2017-12-07,7360,-0.85626925767375917,1.97669050347844,2.6746349626912993,7360,1045,916,1937,5129,1937,1.0,0.14198369565217392,0.12445652173913044,0.26317934782608693,0.696875,0.26317934782608693
2017-12-08,6648,-0.92284672825892566,2.0463080987160311,2.7843170889899875,6648,940,940,1800,4353,1800,1.0,0.14139590854392298,0.14139590854392298,0.27075812274368233,0.654783393501805,0.27075812274368233
2017-12-09,4193,-1.7995567048259626,1.8874164208399247,3.4199133372792074,4193,441,546,926,2395,926,1.0,0.10517529215358931,0.1302170283806344,0.22084426424994039,0.57119007870259952,0.22084426424994039
2017-12-10,5760,-2.0433594602260117,2.142268124429882,3.6502067108693765,5760,596,867,1140,3636,1140,1.0,0.10347222222222222,0.15052083333333333,0.19791666666666666,0.63125,0.19791666666666666
2017-12-11,8118,-1.2821437360488797,1.803030680819784,3.1753571138790075,8118,910,1232,2061,5268,2061,1.0,0.11209657551120966,0.15176151761517614,0.25388026607538805,0.64892830746489283,0.25388026607538805
2017-12-12,13307,-0.8131650130823036,1.8472155387969156,2.4263769610264458,13307,1147,2102,3872,9402,3872,1.0,0.086195235590290825,0.15796197490042835,0.2909746749830916,0.706545427218757,0.2909746749830916
2017-12-13,8096,-0.87851341934260729,1.9771252803294563,2.6841777087312817,8096,913,1158,2463,5631,2463,1.0,0.11277173913043478,0.14303359683794467,0.30422430830039526,0.69552865612648218,0.30422430830039526
2017-12-14,6622,-1.0071243907009131,1.9852258052137219,2.8332773318400424,6622,993,994,1955,4599,1955,1.0,0.14995469646632437,0.15010570824524314,0.2952280277861673,0.69450317124735728,0.2952280277861673
2017-12-15,6189,-0.828457029934292,1.9850170109459302,2.6581693854230521,6189,961,764,1619,4258,1619,1.0,0.15527548877039909,0.12344482145742447,0.26159314913556309,0.687994829536274,0.26159314913556309
2017-12-16,3475,-1.0953503575165049,1.8959542086886891,2.7620679762106319,3475,458,386,764,2262,764,1.0,0.13179856115107913,0.11107913669064748,0.21985611510791367,0.65093525179856115,0.21985611510791367
2017-12-17,3071,-1.2449305896953964,1.9131222792944493,2.6303368454855685,3071,442,315,614,2084,614,1.0,0.14392705958971019,0.10257245197004233,0.19993487463366982,0.678606317160534,0.19993487463366982
2017-12-18,7409,-1.0704491920291423,1.905110805694797,2.56859216590198,7409,1071,716,1554,5384,1554,1.0,0.144553920907005,0.096639222567148061,0.20974490484545821,0.72668376299095694,0.20974490484545821
2017-12-19,7956,-0.98759475394130436,1.8228778873833009,2.8276832566864067,7956,1262,1120,2437,5627,2437,1.0,0.15862242332830567,0.14077425842131724,0.30630970336852692,0.70726495726495731,0.30630970336852692
2017-12-20,6269,-1.0612311850919993,1.7788329585978753,2.828834817105605,6269,890,809,1710,4412,1710,1.0,0.14196841601531346,0.12904769500717816,0.27277077683841122,0.70378050725793584,0.27277077683841122
2017-12-21,6501,-1.1095875733707614,1.875550138949643,2.8398816478492717,6501,1030,799,1734,4458,1734,1.0,0.15843716351330564,0.12290416858944778,0.26672819566220579,0.68574065528380246,0.26672819566220579
2017-12-22,5928,-1.4659293973198713,1.8520613178188325,3.2081192160771552,5928,1076,766,1426,4048,1426,1.0,0.18151147098515519,0.12921727395411606,0.24055330634278002,0.68286099865047234,0.24055330634278002
2017-12-23,3583,-1.6419849566544271,1.8781866287841227,3.3581914700328741,3583,680,350,706,2163,706,1.0,0.18978509628802678,0.09768350544236673,0.19704158526374546,0.60368406363382643,0.19704158526374546
2017-12-24,3066,-1.7255980541781437,1.9119579839292584,3.6058826706823695,3066,731,303,623,1778,623,1.0,0.23842139595564252,0.098825831702544026,0.20319634703196346,0.57990867579908678,0.20319634703196346
2017-12-25,3378,-1.4325274336717013,1.9364776070335548,3.4790243244077015,3378,885,309,668,2151,668,1.0,0.2619893428063943,0.091474245115452935,0.19775014801657786,0.63676731793960928,0.19775014801657786
2017-12-26,3903,-1.4248928539444503,2.0880190245968513,3.5149574688477951,3903,1104,384,914,2473,914,1.0,0.28285933897002308,0.0983858570330515,0.23417883679221113,0.6336151678196259,0.23417883679221113
2017-12-27,5297,-1.5506520831043114,2.0296508115848844,3.3265434897858834,5297,1086,594,1243,3407,1243,1.0,0.20502171040211439,0.11213894657353218,0.23466112894090996,0.64319426090239762,0.23466112894090996
2017-12-28,5520,-1.4247019734497111,1.9599920100527013,3.1236199805262133,5520,1212,698,1349,3543,1349,1.0,0.21956521739130436,0.12644927536231884,0.24438405797101448,0.64184782608695656,0.24438405797101448
2017-12-29,8431,-1.2132364642622997,1.6493164838790035,2.5216228992505414,8431,1334,549,1726,5290,1726,1.0,0.15822559601470762,0.065116830743684018,0.20472067370418692,0.62744632902384057,0.20472067370418692
2017-12-30,4115,-1.7088149265131998,1.6841862410295698,3.3241437643074878,4115,810,340,831,2431,831,1.0,0.1968408262454435,0.082624544349939252,0.20194410692588091,0.59076549210206564,0.20194410692588091
2017-12-31,4536,-1.7465198463277587,1.716749328292783,3.4683001627252485,4536,857,387,742,2806,742,1.0,0.18893298059964728,0.08531746031746032,0.16358024691358025,0.61860670194003531,0.16358024691358025
2018-01-01,4325,-1.7249921792034024,1.6826886729420083,3.4568819991782935,4325,764,407,861,2707,861,1.0,0.17664739884393063,0.094104046242774561,0.19907514450867053,0.6258959537572254,0.19907514450867053
2018-01-02,5984,-1.4724072790702591,1.7571448843634527,2.9343534717797803,5984,1565,712,1553,3774,1553,1.0,0.26153074866310161,0.11898395721925134,0.25952540106951871,0.63068181818181823,0.25952540106951871
2018-01-03,7149,-1.3661459930302542,1.7740226474465504,2.8139355746077275,7149,1407,1273,2015,4655,2015,1.0,0.19681074276122534,0.17806686249825152,0.28185760246188279,0.65114001958315848,0.28185760246188279
2018-01-04,7314,-1.6413672924589486,1.8567592219102491,2.961472259894995,7314,1348,824,1769,4269,1769,1.0,0.18430407437790539,0.11266065080667213,0.24186491659830461,0.58367514356029537,0.24186491659830461
2018-01-05,7408,-1.8602344316801525,1.9382470898231394,3.1202887021972594,7408,1178,1144,1900,4464,1900,1.0,0.15901727861771059,0.15442764578833693,0.25647948164146867,0.60259179265658747,0.25647948164146867
2018-01-06,4569,-1.8737539781027863,1.8249334204317216,3.180896027844978,4569,741,570,873,2572,873,1.0,0.16217990807616547,0.12475377544320421,0.19107025607353906,0.56292405340337059,0.19107025607353906
2018-01-07,3995,-1.7317091888965954,1.7447261079319021,3.1268631677300958,3995,752,450,819,2239,819,1.0,0.18823529411764706,0.11264080100125157,0.20500625782227785,0.560450563204005,0.20500625782227785
2018-01-08,9417,-1.160964318738259,1.9455885324640179,2.9062194091729925,9417,1284,835,2347,6191,2347,1.0,0.13634915578209622,0.088669427630880329,0.2492301157481151,0.657428055644048,0.2492301157481151
2018-01-09,8294,-1.3655043029033793,1.7223658232630354,2.957062928303182,8294,1321,968,2042,5349,2042,1.0,0.1592717627200386,0.11671087533156499,0.24620207378828068,0.64492404147576565,0.24620207378828068
2018-01-10,9431,-0.93592248434337622,1.90572309385993,2.6569086105972257,9431,1319,1058,3071,6625,3071,1.0,0.13985791538543102,0.1121832255328173,0.32562824726964268,0.70247057576078886,0.32562824726964268
2018-01-11,9814,-1.1542215202043371,1.9426116413108623,2.9608654458759922,9814,1307,1283,2956,6552,2956,1.0,0.13317709394742205,0.13073160790707153,0.301202363969839,0.66761768901569185,0.301202363969839
2018-01-12,7045,-1.2718822344239731,1.8887170711338215,2.9340850620529912,7045,1316,866,1741,4495,1741,1.0,0.18679914833215047,0.12292405961674947,0.24712562100780697,0.638041163946061,0.24712562100780697
2018-01-13,4453,-1.5135952269843651,1.72123615351671,3.2335073792670772,4453,923,513,1100,2850,1100,1.0,0.2072759937121042,0.11520323377498316,0.24702447788008083,0.64001796541657308,0.24702447788008083
2018-01-14,3552,-1.5459928587105363,1.9042566111335593,3.4819875769995376,3552,844,463,859,2244,859,1.0,0.2376126126126126,0.13034909909909909,0.24183558558558557,0.6317567567567568,0.24183558558558557
2018-01-15,5821,-1.2290176465953975,1.988054592983014,3.0858190095562832,5821,1149,669,1405,3814,1405,1.0,0.19738876481704173,0.1149287064078337,0.24136746263528602,0.65521388077649889,0.24136746263528602
2018-01-16,7461,-1.4371942073020791,1.927206876968157,3.2571671001116522,7461,1633,751,1743,5175,1743,1.0,0.21887146495107895,0.10065674842514408,0.23361479694410936,0.69360675512665859,0.23361479694410936
2018-01-17,7826,-1.5050134263985389,1.9424889106534022,3.2878842919808489,7826,1498,1120,2041,5276,2041,1.0,0.19141323792486584,0.14311270125223613,0.260797342192691,0.67416304625606949,0.260797342192691
2018-01-18,7971,-1.4282425331334745,1.7065614671846989,3.1474792077714229,7971,1289,983,1748,4965,1748,1.0,0.16171120311127837,0.12332204240371346,0.21929494417262577,0.622882950696274,0.21929494417262577
2018-01-19,8024,-1.3507764961805935,1.8837694178475906,2.8180566295593126,8024,1013,956,2076,5376,2076,1.0,0.12624626121635094,0.11914257228315055,0.25872382851445663,0.66999002991026924,0.25872382851445663
2018-01-20,3969,-1.5105255399777708,1.8595438074644726,2.8200926112867943,3969,492,364,908,2636,908,1.0,0.12396069538926682,0.091710758377425039,0.22877299067775259,0.66414714033761657,0.22877299067775259
2018-01-21,3979,-1.3331276056003112,1.7092025784768989,2.883045652469642,3979,650,356,859,2721,859,1.0,0.1633576275446092,0.0894697160090475,0.21588338778587585,0.68384016084443322,0.21588338778587585
2018-01-22,6490,-1.430746857017551,1.9397687113995077,3.2307394852939972,6490,1120,679,1436,4421,1436,1.0,0.17257318952234207,0.10462249614791988,0.22126348228043144,0.68120184899845915,0.22126348228043144
2018-01-23,8639,-1.4504440607135498,1.8180862970746106,2.9457992795926566,8639,1202,1324,2114,6184,2114,1.0,0.13913647412895011,0.15325847899062392,0.24470424817687234,0.71582359069336732,0.24470424817687234
2018-01-24,6824,-1.0583907855783734,1.8366234585276842,2.646044161451127,6824,814,972,1500,4777,1500,1.0,0.11928487690504103,0.14243845252051582,0.2198124267291911,0.70002930832356391,0.2198124267291911
2018-01-25,8673,-1.4876889866233287,1.75457300128476,2.9725251683090614,8673,964,914,1609,5892,1609,1.0,0.11114954456358815,0.10538452669203274,0.18551827510665284,0.6793497059840885,0.18551827510665284
2018-01-26,8197,-1.3766177482280746,1.8330225414200225,3.02840632942441,8197,1223,706,1811,5683,1811,1.0,0.14920092716847627,0.0861290716115652,0.22093448822740028,0.69330242771745765,0.22093448822740028
2018-01-27,4572,-1.6525865136086582,1.7502906389107569,3.4658637292641794,4572,914,394,836,2823,836,1.0,0.199912510936133,0.086176727909011375,0.18285214348206474,0.61745406824146987,0.18285214348206474
2018-01-28,4962,-1.1460406635613698,1.5511183399789208,2.9143744708549888,4962,683,391,764,3157,764,1.0,0.13764611043933897,0.078798871422813388,0.1539701733172108,0.63623538895606613,0.1539701733172108
2018-01-29,7227,-1.3520132308285893,1.8225712398523275,2.9654433784372705,7227,1322,665,1612,4786,1612,1.0,0.18292514182925143,0.0920160509201605,0.22305244223052442,0.66223882662238831,0.22305244223052442
2018-01-30,6882,-1.2141158109172483,1.7856144434323398,2.9065812843810921,6882,1427,749,1587,4589,1587,1.0,0.2073525138041267,0.1088346410927056,0.23060156931124673,0.66681197326358621,0.23060156931124673
2018-01-31,7415,-1.0645195181474587,1.7244131905392572,2.6448352554334549,7415,1293,869,1849,4968,1849,1.0,0.17437626432906272,0.11719487525286582,0.24935940660822656,0.66999325691166556,0.24935940660822656
2018-02-01,7472,-1.3097557217432796,1.8778439432547915,3.0089168668995954,7472,1751,853,2132,4772,2132,1.0,0.23434154175588864,0.11415952890792291,0.28533190578158457,0.63865096359743045,0.28533190578158457
2018-02-02,7508,-1.2834297888653814,1.7982193954279377,2.8295062508659563,7508,1366,666,1851,4657,1851,1.0,0.18193926478423014,0.08870538092701119,0.24653702717101758,0.62027171017581251,0.24653702717101758
2018-02-03,4325,-1.8180825595849559,1.6713653779667976,3.1663541076920407,4325,1094,384,961,2690,961,1.0,0.2529479768786127,0.088786127167630055,0.22219653179190751,0.62196531791907517,0.22219653179190751
2018-02-04,4318,-1.8633167806162261,1.6676610933179292,3.31851981694488,4318,1064,531,837,2825,837,1.0,0.24641037517369152,0.12297359888837425,0.1938397406206577,0.65423807318202876,0.1938397406206577
2018-02-05,6678,-1.5472869802116607,1.8639498560270373,3.2010162167468588,6678,1651,621,1528,4566,1528,1.0,0.24722970949386044,0.092991913746630725,0.22881102126385144,0.683737646001797,0.22881102126385144
2018-02-06,7265,-1.4526413323249827,1.8692792059196117,3.0347602867913075,7265,1220,895,2052,4871,2052,1.0,0.16792842395044735,0.1231933929800413,0.28245010323468683,0.670474879559532,0.28245010323468683
2018-02-07,6696,-1.2454590062962032,1.9083253976678658,3.0459088532044576,6696,1300,750,1675,4556,1675,1.0,0.19414575866188769,0.11200716845878136,0.25014934289127838,0.68040621266427714,0.25014934289127838
2018-02-08,6342,-1.1606795852598519,1.8496275048540878,2.8717531563672876,6342,1271,716,1576,4423,1576,1.0,0.20040996531062757,0.11289813938820562,0.24850204982655313,0.69741406496373382,0.24850204982655313
2018-02-09,6219,-1.0946085805982828,1.9802968273545538,2.846287380299517,6219,1267,635,1483,4121,1483,1.0,0.2037305032963499,0.10210644798199067,0.23846277536581445,0.66264672776973788,0.23846277536581445
2018-02-10,4326,-1.8930156430230469,2.0346290178415858,3.4630063469540064,4326,1045,622,1000,2858,1000,1.0,0.24156264447526585,0.14378178455848359,0.23116042533518261,0.66065649560795192,0.23116042533518261
2018-02-11,4071,-1.1330400415435009,1.9356068632920551,2.8817730975665876,4071,650,508,1066,2837,1066,1.0,0.1596659297469909,0.12478506509457137,0.26185212478506509,0.69688037337263575,0.26185212478506509
2018-02-12,6484,-1.1109911996099255,1.8202838631173013,2.9290885109680507,6484,1157,851,1785,4208,1785,1.0,0.1784392350400987,0.13124614435533621,0.27529302899444785,0.64898210980876,0.27529302899444785
2018-02-13,6661,-1.1598378943165908,1.7533137138731016,2.8796398808843393,6661,1152,693,1888,4347,1888,1.0,0.17294700495421109,0.10403843266776761,0.28344092478606814,0.65260471400690589,0.28344092478606814
2018-02-14,5782,-0.76029820192276454,2.09980169702192,2.7844700377307645,5782,963,641,1407,3957,1407,1.0,0.16655136630923556,0.11086129367001038,0.24334140435835352,0.68436527153234172,0.24334140435835352
2018-02-15,5586,-1.1930403832305914,1.876944950334819,3.1172375564416335,5586,896,617,1507,3791,1507,1.0,0.16040100250626566,0.11045470819906911,0.269781596849266,0.67866093805943428,0.269781596849266
2018-02-16,5261,-1.2850959414618519,1.8317051493950078,3.1962421527887694,5261,863,477,1344,3544,1344,1.0,0.16403725527466262,0.090667173541151877,0.25546474054362289,0.67363619083824366,0.25546474054362289
2018-02-17,3111,-1.1636682672178598,1.83973322391343,2.9750769670929764,3111,482,264,737,1972,737,1.0,0.15493410478945677,0.084860173577627776,0.23690131790421087,0.63387978142076506,0.23690131790421087
2018-02-18,3131,-1.5739585698574308,1.863511079338197,3.6194795849535906,3131,704,262,636,1981,636,1.0,0.22484829128074096,0.083679335675503036,0.20312999041839669,0.63270520600447144,0.20312999041839669
2018-02-19,5802,-1.1110778600655009,1.7353066188090587,2.8906442326465145,5802,930,915,1845,3957,1845,1.0,0.16028955532574973,0.15770423991726989,0.31799379524301963,0.68200620475698037,0.31799379524301963
2018-02-20,7076,-1.4751392124278171,1.8428965002560391,3.2169682964313813,7076,1037,724,1770,4845,1770,1.0,0.14655172413793102,0.10231769361221028,0.25014132278123236,0.68470887507066136,0.25014132278123236
2018-02-21,6434,-1.141540599336982,1.8620782915861123,3.0966343685297031,6434,1232,647,1715,4170,1715,1.0,0.19148274790177183,0.10055952751010258,0.26655268884053468,0.64811936586882191,0.26655268884053468
2018-02-22,6141,-0.96088522345777216,1.9421260715233977,2.86208159059602,6141,1063,612,1629,4123,1629,1.0,0.17309884383650873,0.099658036150464091,0.265266243282853,0.67138902458882921,0.265266243282853
2018-02-23,6310,-1.5017983000407793,1.9734522408228563,3.2627138850154593,6310,1412,596,1664,4218,1664,1.0,0.22377179080824089,0.094453248811410456,0.26370839936608559,0.66846275752773376,0.26370839936608559
2018-02-24,4140,-1.4578893535379354,1.9410488087901063,3.056354386566698,4140,984,444,1007,2638,1007,1.0,0.23768115942028986,0.1072463768115942,0.2432367149758454,0.63719806763285025,0.2432367149758454
2018-02-25,3504,-1.3716040230509221,1.8812656509034538,2.8074706143567938,3504,656,406,727,2151,727,1.0,0.18721461187214611,0.1158675799086758,0.2074771689497717,0.61386986301369861,0.2074771689497717
2018-02-26,7563,-1.1560985878965448,2.0078059497411509,2.7979521698169165,7563,1101,1049,1626,4772,1626,1.0,0.14557715192383974,0.13870157344968928,0.21499404998016661,0.63096654766627,0.21499404998016661
2018-02-27,7364,-1.1530689578444575,2.1374188263691418,2.9014609953233053,7364,1072,1015,1511,4594,1511,1.0,0.14557305812058663,0.13783269961977188,0.20518739815317763,0.62384573601303639,0.20518739815317763
2018-02-28,7583,-1.3276635027900954,2.0133803487309629,2.8581573375645313,7583,791,1470,1979,4839,1979,1.0,0.10431227746274561,0.19385467493076619,0.26097850454965055,0.63813794012923641,0.26097850454965055
2018-03-01,8916,-1.5262968370503609,2.0122675253696594,3.1578034160484871,8916,1192,1409,1906,5554,1906,1.0,0.13369223867205024,0.15803050695379095,0.21377299237326156,0.6229250785105428,0.21377299237326156
2018-03-02,8383,-1.7263049821021217,1.9218814809883902,3.1784829223458297,8383,1051,1170,1881,5280,1881,1.0,0.12537277824167958,0.13956817368483837,0.2243826792317786,0.62984611714183469,0.2243826792317786
2018-03-03,4947,-1.6073312962046853,1.8911138257453408,2.9502063824083309,4947,658,707,1065,2881,1065,1.0,0.133009904992925,0.14291489791793005,0.21528198908429352,0.58237315544774615,0.21528198908429352
2018-03-04,3417,-1.4693929166162445,1.9158819573572052,3.08288242411237,3417,713,410,850,2159,850,1.0,0.20866256950541412,0.11998829382499268,0.24875621890547264,0.63184079601990051,0.24875621890547264
2018-03-05,7590,-1.0754482508866361,2.0988959552818427,3.080184001131347,7590,1318,743,1741,4747,1741,1.0,0.17364953886693016,0.097891963109354413,0.22938076416337286,0.6254281949934124,0.22938076416337286
2018-03-06,7987,-1.0437729117311061,1.9216798454915778,3.0432878248401964,7987,1582,1125,2260,5171,2260,1.0,0.19807186678352323,0.14085388756729686,0.28295980969074747,0.647427068987104,0.28295980969074747
2018-03-07,7807,-1.01586406877138,2.1794444296534592,2.9436343082938259,7807,1617,910,2066,5504,2066,1.0,0.20712181375688485,0.11656205969002177,0.2646343025489945,0.70500832586140638,0.2646343025489945
2018-03-08,7311,-1.6808821177350315,1.9348924037133697,3.464280201708926,7311,1762,819,1798,5175,1798,1.0,0.24100670222951717,0.11202297907263029,0.24593078922172071,0.70783750512925725,0.24593078922172071
2018-03-09,7214,-0.88908552169738519,1.8224101667202672,2.8440713439932148,7214,1456,941,1807,4968,1807,1.0,0.20182977543665095,0.13044080953701137,0.25048516772941504,0.68866093706681453,0.25048516772941504
2018-03-10,4557,-1.1947317185600639,2.0874320174164729,3.26725431112238,4557,1107,822,1295,3027,1295,1.0,0.24292297564186965,0.1803818301514154,0.28417818740399386,0.6642527978933509,0.28417818740399386
2018-03-11,4567,-0.8232118370221585,1.9386863216884167,3.1090845459667977,4567,920,967,1383,3066,1383,1.0,0.20144514998905189,0.21173636960805781,0.30282461134223781,0.67133785855047079,0.30282461134223781
2018-03-12,6837,-1.2438132998058049,1.9119951473835197,3.1371151274049649,6837,1585,1113,1968,4830,1968,1.0,0.23182682463068596,0.16279069767441862,0.28784554629223341,0.70645019745502413,0.28784554629223341
2018-03-13,6231,-1.0794321970080647,1.9048078834923834,2.8532398147353573,6231,1063,819,1847,4437,1847,1.0,0.17059861980420479,0.13143957631198844,0.29642112020542449,0.71208473760231106,0.29642112020542449
2018-03-14,8141,-1.2351985054659473,1.7470067823718978,2.8848895850131977,8141,1217,967,2089,5246,2089,1.0,0.14949023461491218,0.11878147647709127,0.25660238299963151,0.64439258076403394,0.25660238299963151
2018-03-15,5970,-0.98987093373947022,1.9334023715779187,2.7242430649433897,5970,1184,834,1683,4169,1683,1.0,0.19832495812395309,0.13969849246231156,0.28190954773869348,0.69832495812395312,0.28190954773869348
2018-03-16,6491,-0.89633485915968147,1.8415930857085554,2.7999707113787817,6491,845,901,1609,4391,1609,1.0,0.13018024957633648,0.13880757972577415,0.24788168232937913,0.67647511939608684,0.24788168232937913
2018-03-17,3669,-0.94906966467294929,1.8279434090610331,2.6373251444512325,3669,417,565,983,2374,983,1.0,0.11365494685200327,0.1539929136004361,0.26792041428182067,0.64704279095121287,0.26792041428182067
2018-03-18,3479,-1.2981421162279356,2.1126144059483289,3.1460607359838466,3479,551,476,813,2252,813,1.0,0.15837884449554471,0.13682092555331993,0.23368784133371659,0.64731244610520267,0.23368784133371659
2018-03-19,7526,-1.0838988781121361,1.9055018372556405,2.7447852882471535,7526,959,1204,1886,4886,1886,1.0,0.12742492692001062,0.15997874036672868,0.250597927185756,0.64921605102311986,0.250597927185756
2018-03-20,7052,-1.0678907150880605,1.9473447305994411,2.89320939700354,7052,900,928,1862,4545,1862,1.0,0.12762336925694839,0.13159387407827566,0.2640385706182643,0.64449801474758939,0.2640385706182643
2018-03-21,7426,-1.010273452352149,1.9046260261483414,2.6259026639887026,7426,1066,830,2060,5034,2060,1.0,0.14354969027740372,0.1117694586587665,0.27740371667115538,0.67788849986533806,0.27740371667115538
2018-03-22,8767,-1.1285238372587854,2.0535437476250031,2.9235634116979776,8767,1072,958,2514,5844,2514,1.0,0.1222767195163682,0.10927341165735144,0.28675715752252767,0.666590623930649,0.28675715752252767
2018-03-23,7734,-1.2327736037402375,1.9855679569646587,3.0298719824037854,7734,1162,766,1789,4936,1789,1.0,0.15024566847685544,0.099043185932247216,0.2313162658391518,0.6382208430307732,0.2313162658391518
2018-03-24,5534,-1.202078856153576,1.8413920554091299,3.0388207690262425,5534,793,493,902,3138,902,1.0,0.14329598843512831,0.089085652331044457,0.16299241055294542,0.567040115648717,0.16299241055294542
2018-03-25,4506,-0.83255685799218437,1.7639798566631122,2.6905418539148829,4506,584,404,818,2507,818,1.0,0.12960497114957834,0.089658233466489129,0.18153573013759433,0.55636928539724806,0.18153573013759433
2018-03-26,7173,-1.0024934305023265,1.9639576962311984,2.7888852440989904,7173,1085,706,2072,4865,2072,1.0,0.15126167572842605,0.098424647985501185,0.28886100655234909,0.67823783633068446,0.28886100655234909
2018-03-27,7497,-1.5859056349232616,1.9632179232279314,3.1855970166442846,7497,1454,826,2160,4801,2160,1.0,0.19394424436441243,0.11017740429505135,0.28811524609843936,0.640389489128985,0.28811524609843936
2018-03-28,6875,-1.1541558709311515,2.0359415341569691,2.8827162741247934,6875,1373,742,2067,4639,2067,1.0,0.19970909090909092,0.10792727272727273,0.30065454545454545,0.67476363636363634,0.30065454545454545
2018-03-29,7101,-1.0782862598868272,2.2243812822313886,2.995909823521413,7101,1534,915,1975,4822,1975,1.0,0.21602591184340234,0.12885509083227714,0.27812984086748344,0.67905928742430643,0.27812984086748344
2018-03-30,6259,-1.25935717545347,2.0139771021891426,2.7484447145775266,6259,1232,623,1720,4119,1720,1.0,0.19683655536028119,0.0995366671992331,0.27480428183415884,0.65809234702029074,0.27480428183415884
2018-03-31,3507,-1.2914965402923022,2.1612499086029775,2.9576876692134046,3507,691,317,766,2227,766,1.0,0.19703450242372397,0.090390647276874819,0.21842030225263759,0.63501568291987454,0.21842030225263759
2018-04-01,2785,-1.3290791885796442,2.2905555933557253,3.1095665607620129,2785,501,309,640,1576,640,1.0,0.17989228007181329,0.11095152603231598,0.22980251346499103,0.56588868940754045,0.22980251346499103
2018-04-02,6144,-1.3990766160736623,1.9366609089406512,2.9959655221823511,6144,1221,692,1694,3800,1694,1.0,0.19873046875,0.11263020833333333,0.27571614583333331,0.61848958333333337,0.27571614583333331
2018-04-03,6928,-1.1933979668919603,1.935040164295452,2.793931995340849,6928,1169,675,1919,4855,1919,1.0,0.16873556581986143,0.097430715935334866,0.27699191685912239,0.70077944572748263,0.27699191685912239
2018-04-04,6161,-0.88517563129356347,2.1231622884405628,2.5922401140802078,6161,1140,630,1654,4114,1654,1.0,0.18503489693231617,0.10225612725206946,0.26846291186495697,0.66774874208732349,0.26846291186495697
2018-04-05,6510,-1.064540682541965,1.9467903733593936,2.6753852038099644,6510,1046,855,1934,4468,1934,1.0,0.16067588325652843,0.1313364055299539,0.29708141321044546,0.68632872503840248,0.29708141321044546
2018-04-06,4999,-1.01730875058719,2.04487230984389,2.8521943965999808,4999,842,564,1351,3283,1351,1.0,0.16843368673734746,0.11282256451290258,0.270254050810162,0.65673134626925389,0.270254050810162
2018-04-07,2712,-1.1057412714256032,2.0432835829963838,3.0254744934546958,2712,535,312,633,1673,633,1.0,0.19727138643067846,0.11504424778761062,0.2334070796460177,0.61688790560471973,0.2334070796460177
2018-04-08,3197,-1.5302683513845727,2.0727873721237771,3.2960138031651525,3197,862,330,806,2041,806,1.0,0.26962777604003751,0.10322177040975915,0.25211135439474508,0.63841101032217706,0.25211135439474508
2018-04-09,5526,-0.88569413802864194,1.9884894042311012,2.8912944457476542,5526,1143,698,1855,3669,1855,1.0,0.20684039087947884,0.12631197973217517,0.33568584871516466,0.66395222584147662,0.33568584871516466
2018-04-10,6183,-0.92568065758642482,1.9857636316874576,2.8969112362425298,6183,1490,992,1977,3849,1977,1.0,0.24098334142002265,0.16043991589843118,0.3197476952935468,0.6225133430373605,0.3197476952935468
2018-04-11,6183,-0.94532662397230072,1.9412585420528274,2.6866224812711157,6183,1259,862,1845,3911,1845,1.0,0.20362283681060975,0.13941452369399968,0.29839883551673946,0.63254083778101244,0.29839883551673946
2018-04-12,6803,-1.143490732185005,1.9474771153850767,2.8921657239986929,6803,1915,727,2064,4596,2064,1.0,0.28149345876819049,0.10686461855063942,0.30339556078200791,0.67558430104365719,0.30339556078200791
2018-04-13,5985,-0.77743318985348564,2.1746685391598164,2.7862633732705668,5985,1182,652,1923,3933,1923,1.0,0.19749373433583961,0.1089390142021721,0.32130325814536342,0.65714285714285714,0.32130325814536342
2018-04-14,3758,-1.5563022826320625,2.1766899463938021,3.2529276656103052,3758,723,582,873,2363,873,1.0,0.1923895689196381,0.15486961149547632,0.23230441724321449,0.6287919105907398,0.23230441724321449
2018-04-15,3148,-2.0747217850087436,2.0476702512944533,3.975512170706359,3148,966,329,682,1827,682,1.0,0.306861499364676,0.10451080050825921,0.21664548919949175,0.58036848792884366,0.21664548919949175
2018-04-16,5178,-0.64790775770128284,2.0653420330490748,2.6071773311872586,5178,905,797,1458,3295,1458,1.0,0.17477790652761685,0.15392043259945926,0.28157589803012745,0.63634607956740052,0.28157589803012745
2018-04-17,6835,-0.70226069391648349,2.1651052819633194,2.5026342009059164,6835,1305,936,1884,4895,1884,1.0,0.19092904169714703,0.13694220921726408,0.27564008778346744,0.71616678858814919,0.27564008778346744
2018-04-18,7293,-0.96765708332360345,2.0785331481237743,3.2424719124953447,7293,1746,1018,2295,5045,2295,1.0,0.23940765117235704,0.13958590429178663,0.31468531468531469,0.69175922117098587,0.31468531468531469
2018-04-19,7208,-1.0859095537565768,2.0666793509081258,3.1538058400858278,7208,1449,993,2090,4592,2090,1.0,0.2010266370699223,0.13776359600443952,0.28995560488346284,0.63706992230854609,0.28995560488346284
2018-04-20,5633,-0.63212811370682376,2.1597579289742184,3.0569113052779655,5633,1294,781,1647,3396,1647,1.0,0.22971773477720575,0.13864725723415586,0.29238416474347595,0.60287590981714889,0.29238416474347595
2018-04-21,3994,-1.0595382847558561,2.1565224296582164,3.2989516897778808,3994,856,395,1087,2611,1087,1.0,0.214321482223335,0.098898347521281918,0.27215823735603406,0.65373059589384075,0.27215823735603406
2018-04-22,4148,-0.66274859501079886,2.0853707979485128,2.6139716736950009,4148,800,460,1009,2815,1009,1.0,0.19286403085824494,0.11089681774349083,0.24324975891996142,0.67864030858244939,0.24324975891996142
2018-04-23,6620,-0.897184393049518,2.1382008051326755,2.6088846430826296,6620,1225,840,2055,4688,2055,1.0,0.18504531722054382,0.12688821752265861,0.31042296072507553,0.70815709969788521,0.31042296072507553
2018-04-24,6326,-0.66748776578058755,1.9410876314015362,2.6105976341512269,6326,1096,951,2057,4315,2057,1.0,0.17325324059437244,0.15033196332595636,0.32516598166297817,0.682105595953209,0.32516598166297817
2018-04-25,6282,-1.1056519606101158,1.8495763530728622,2.9540033768389788,6282,1134,625,1416,4421,1416,1.0,0.18051575931232092,0.099490608086596627,0.22540592168099333,0.7037567653613499,0.22540592168099333
2018-04-26,6077,-1.0299824154382813,1.9894580678529181,2.831271214722543,6077,976,637,1618,4285,1618,1.0,0.16060556195491196,0.10482145795622841,0.26624979430640117,0.70511765673852234,0.26624979430640117
2018-04-27,5187,-0.86940639660819674,2.0188198551815697,2.9128298020643091,5187,932,636,1393,3380,1393,1.0,0.17967996915365336,0.12261422787738577,0.26855600539811064,0.65162907268170422,0.26855600539811064
2018-04-28,3648,-1.1067662107604868,2.06152204710679,3.0720961324009926,3648,899,329,933,2132,933,1.0,0.24643640350877194,0.090186403508771926,0.25575657894736842,0.58442982456140347,0.25575657894736842
2018-04-29,3310,-1.0960620518085222,1.9885095668416335,2.8546745749166971,3310,653,319,767,2005,767,1.0,0.19728096676737161,0.096374622356495465,0.23172205438066465,0.60574018126888218,0.23172205438066465
2018-04-30,5827,-0.90342230881349161,1.8603809202207409,2.5859073554545877,5827,1058,630,1350,3575,1350,1.0,0.1815685601510211,0.10811738458898232,0.23168010983353354,0.61352325381843142,0.23168010983353354
2018-05-01,5376,-0.81846156934702929,1.9336876256005571,2.8497106476902005,5376,1144,625,1569,3456,1569,1.0,0.21279761904761904,0.11625744047619048,0.29185267857142855,0.6428571428571429,0.29185267857142855
2018-05-02,6257,-1.0772127829115294,2.0403379651536322,3.1096948018077284,6257,1487,755,1821,4241,1821,1.0,0.23765382771296148,0.12066485536199456,0.29103404187310211,0.67780086303340259,0.29103404187310211
2018-05-03,6519,-0.95082253435465869,2.4835426290897775,2.9585384715305145,6519,1469,757,1972,4468,1972,1.0,0.22534131001687374,0.11612210461727258,0.302500383494401,0.68538119343457582,0.302500383494401
2018-05-04,6268,-1.3653394355443864,2.0059226946534485,3.216635094834416,6268,1165,912,1890,4137,1890,1.0,0.1858647096362476,0.14550095724313974,0.301531589023612,0.66001914486279512,0.301531589023612
2018-05-05,4282,-1.6267092488928414,1.9185239101772693,3.3744623363334378,4282,728,362,1455,2417,1455,1.0,0.170014012143858,0.084539934609995329,0.33979448855674921,0.56445586174684725,0.33979448855674921
2018-05-06,4855,-2.7718710188501192,1.8180602333258291,3.9998693033105113,4855,717,299,1694,3080,1694,1.0,0.14768280123583935,0.0615859938208033,0.348918640576725,0.63439752832131824,0.348918640576725
2018-05-07,6349,-1.108248420253767,1.5989951814680117,2.7935915352897345,6349,1204,718,1510,4068,1510,1.0,0.18963616317530319,0.11308867538194992,0.23783272956371082,0.64073082375177193,0.23783272956371082
2018-05-08,5944,-1.0063180948726362,1.863241497910038,2.9768014718736224,5944,1160,705,1645,4113,1645,1.0,0.19515477792732167,0.11860699865410498,0.27674966352624497,0.6919582772543742,0.27674966352624497
2018-05-09,6172,-0.52250832226412114,1.8631505423261321,2.7274617353346389,6172,1042,1125,2129,4058,2129,1.0,0.16882696046662346,0.1822747893713545,0.34494491250810111,0.65748541801685034,0.34494491250810111
2018-05-10,6247,-0.72658967116431783,2.0363699892995051,2.8583671210728787,6247,1224,1051,1857,4222,1857,1.0,0.19593404834320474,0.16824075556267007,0.29726268608932288,0.675844405314551,0.29726268608932288
2018-05-11,6011,-0.83713383072657321,2.0486231595621072,2.7028993485637955,6011,1014,601,1598,3878,1598,1.0,0.1686907336549659,0.099983363832972877,0.26584594909332887,0.64515055731159543,0.26584594909332887
2018-05-12,2905,-1.0343038387745771,1.8955923846258802,2.9597296531034476,2905,417,287,559,1926,559,1.0,0.14354561101549054,0.098795180722891562,0.19242685025817555,0.66299483648881241,0.19242685025817555
2018-05-13,3060,-1.1074914608818696,2.1338353062261559,3.311674535243498,3060,517,321,697,1865,697,1.0,0.16895424836601308,0.10490196078431373,0.22777777777777777,0.60947712418300659,0.22777777777777777
2018-05-14,5456,-1.1307633879074697,1.9495706502938508,3.3165883298831416,5456,1266,633,1451,3766,1451,1.0,0.23203812316715541,0.11601906158357771,0.2659457478005865,0.69024926686217014,0.2659457478005865
2018-05-15,5693,-0.74497396259997528,1.971912659170068,2.6765507759990128,5693,1039,763,1702,3754,1702,1.0,0.18250483049358862,0.13402424029509924,0.29896363955735111,0.65940628842438087,0.29896363955735111
2018-05-16,6770,-0.86140217735049629,2.0945069038501853,2.5213588817459947,6770,1579,800,2005,4823,2005,1.0,0.23323485967503693,0.11816838995568685,0.29615952732644019,0.71240768094534712,0.29615952732644019
2018-05-17,7131,-0.79954401450054369,1.8975781796160502,2.5641708314423219,7131,1198,880,2152,4701,2152,1.0,0.16799887813770858,0.12340485205441032,0.30178095638760344,0.659234328986117,0.30178095638760344
2018-05-18,5357,-0.60834277995201558,2.160458145993355,2.5593639344541916,5357,985,895,1657,3323,1657,1.0,0.1838715699085309,0.16707112189658391,0.30931491506440173,0.62030987492999812,0.30931491506440173
2018-05-19,2747,-0.73809097835421189,2.1044020033141368,2.8814718786891635,2747,534,393,786,1658,786,1.0,0.19439388423734982,0.14306516199490354,0.28613032398980709,0.60356752821259552,0.28613032398980709
2018-05-20,3039,-0.87704082371779357,2.0707808059612653,2.9857719571433536,3039,671,264,825,2062,825,1.0,0.22079631457716353,0.086870681145113524,0.27147087857847979,0.67851266864100035,0.27147087857847979
2018-05-21,5328,-0.6792649709682278,2.1203323162532488,2.8216652563186022,5328,1131,777,1584,3350,1584,1.0,0.21227477477477477,0.14583333333333334,0.29729729729729731,0.62875375375375375,0.29729729729729731
2018-05-22,6407,-1.518960630779868,2.0980610540252562,3.4787460961371708,6407,959,626,2245,4217,2245,1.0,0.14968003745902919,0.097705634462306845,0.35039800218511,0.65818635867020447,0.35039800218511
2018-05-23,7406,-1.1609853788973399,2.0140186505651516,2.893846817897348,7406,1113,1647,2950,5347,2950,1.0,0.15028355387523629,0.22238725357817984,0.39832568187955714,0.72198217661355657,0.39832568187955714
2018-05-24,7984,-2.0292429426047041,2.1257789824189097,3.8027939323113209,7984,1217,1106,3101,5477,3101,1.0,0.15242985971943887,0.13852705410821645,0.38840180360721444,0.685996993987976,0.38840180360721444
2018-05-25,5483,-1.2182402817237434,2.1032458405015229,3.0752992014479972,5483,978,599,1689,3504,1689,1.0,0.1783695057450301,0.10924676272113806,0.30804304213022066,0.63906620463250041,0.30804304213022066
2018-05-26,3440,-1.4009158690188999,1.9503806323227906,2.7029175763126645,3440,688,239,653,2269,653,1.0,0.2,0.069476744186046518,0.18982558139534883,0.65959302325581393,0.18982558139534883
2018-05-27,3278,-1.4156497167494324,2.2214091553814974,3.0081062630021926,3278,679,471,991,2049,991,1.0,0.2071384990848078,0.14368517388651617,0.30231848688224527,0.6250762660158633,0.30231848688224527
2018-05-28,5038,-1.633647130551338,2.3319190520878132,3.7449355783525693,5038,1172,919,1231,3457,1231,1.0,0.23263199682413657,0.18241365621278285,0.24434299325129019,0.686184994045256,0.24434299325129019
2018-05-29,5855,-0.82139422159332942,2.2118910624560915,2.9346204801856715,5855,1264,603,1617,3866,1617,1.0,0.21588385994876175,0.10298889837745516,0.27617421007685738,0.66029035012809567,0.27617421007685738
2018-05-30,6330,-0.913641395071035,2.374236575440011,2.7492318049256932,6330,1247,791,2129,4358,2129,1.0,0.19699842022116903,0.12496050552922591,0.33633491311216429,0.68846761453396521,0.33633491311216429
2018-05-31,5960,-0.82263617171623171,2.089634167036174,2.633791116089363,5960,1179,937,1593,3700,1593,1.0,0.19781879194630872,0.15721476510067114,0.26728187919463087,0.62080536912751683,0.26728187919463087
2018-06-01,6482,-1.0237027173541469,1.9549985172400353,2.8450335321417874,6482,1196,940,1797,4223,1797,1.0,0.18451095340944154,0.14501697007096576,0.27722925023141004,0.65149645171243442,0.27722925023141004
2018-06-02,4078,-1.0885578151537931,1.9855071442216639,2.6783941012447716,4078,904,428,1062,2826,1062,1.0,0.22167729279058362,0.1049534085335949,0.26042177538008826,0.69298675821481115,0.26042177538008826
2018-06-03,3488,-1.255059527576065,1.9318984274560482,3.0529479691047721,3488,962,303,827,2099,827,1.0,0.275802752293578,0.086869266055045871,0.237098623853211,0.6017775229357798,0.237098623853211
2018-06-04,5718,-0.85067656615672549,1.8302639086148271,2.6513766806119321,5718,1221,719,1735,3910,1735,1.0,0.21353620146904512,0.12574326687653026,0.30342777194823367,0.68380552640783487,0.30342777194823367
2018-06-05,7087,-0.58057746496612717,1.9262403041222995,2.4197257689730236,7087,1238,930,1987,4967,1987,1.0,0.17468604487089037,0.13122618879638775,0.28037251305206717,0.70086073091576129,0.28037251305206717
2018-06-06,7656,-0.79744944719627664,1.85132595177043,2.6450852231980573,7656,1018,984,1889,5159,1889,1.0,0.13296760710553815,0.12852664576802508,0.24673458725182862,0.67385057471264365,0.24673458725182862
2018-06-07,9149,-0.65344789222471922,1.6357452999612483,2.3247984926464551,9149,1001,1273,2245,5854,2245,1.0,0.10941086457536343,0.13914088971472291,0.24538200896272816,0.63985134987430325,0.24538200896272816
2018-06-08,8466,-0.958820296764474,1.7082505234315541,2.3023278372792935,8466,1039,907,1703,5536,1703,1.0,0.12272619891330026,0.10713442003307347,0.20115757146231986,0.65390975667375384,0.20115757146231986
2018-06-09,6147,-1.5817004945469475,1.6569961044746158,2.6783426963998083,6147,503,496,1352,4339,1352,1.0,0.081828534244346843,0.080689767366194889,0.21994468846591833,0.7058727834716122,0.21994468846591833
2018-06-10,4571,-1.3382812957236137,2.0465130384241963,2.546972212800338,4571,450,370,1042,3438,1042,1.0,0.098446729380879464,0.080945088602056445,0.22795887114416977,0.752133012469919,0.22795887114416977
2018-06-11,6320,-0.90456394518848582,2.1434002035542949,2.6516342251149427,6320,1175,794,1935,4002,1935,1.0,0.18591772151898733,0.12563291139240507,0.30617088607594939,0.63322784810126587,0.30617088607594939
2018-06-12,5670,-0.82621706944123274,2.0605649919452,2.6784764010802329,5670,1070,602,1481,3534,1481,1.0,0.18871252204585537,0.10617283950617284,0.26119929453262786,0.62328042328042332,0.26119929453262786
2018-06-13,6277,-0.91333401892373578,1.9313847120323222,2.4224374320446049,6277,990,853,1867,3742,1867,1.0,0.15771865540863469,0.13589294248844991,0.29743508045244543,0.59614465509001113,0.29743508045244543
2018-06-14,6580,-0.81445921849372283,2.1824004006111126,2.5783074648634261,6580,1190,1276,2064,4045,2064,1.0,0.18085106382978725,0.19392097264437691,0.31367781155015195,0.61474164133738607,0.31367781155015195
2018-06-15,5113,-0.82744644779806042,2.1871382306500116,2.6531639313126059,5113,1317,816,1547,3440,1547,1.0,0.25757872090749073,0.15959319381967535,0.30256209661646782,0.67279483669078821,0.30256209661646782
2018-06-16,2924,-0.83231522307781658,2.1910995588116706,2.695047701281799,2924,659,415,706,1735,706,1.0,0.22537619699042408,0.14192886456908343,0.24145006839945279,0.59336525307797539,0.24145006839945279
2018-06-17,3093,-1.2542106401290334,1.7099763292403536,2.8277023597318895,3093,389,588,867,1971,867,1.0,0.12576786291626252,0.19010669253152279,0.28031037827352084,0.63724539282250248,0.28031037827352084
2018-06-18,6006,-1.1397110752034976,1.9979747757365827,2.5491850372940932,6006,639,782,1636,4321,1636,1.0,0.1063936063936064,0.13020313020313021,0.27239427239427239,0.71944721944721945,0.27239427239427239
2018-06-19,6034,-1.0254522862460358,2.0636566843962241,2.7415514378094463,6034,1006,691,1792,4242,1792,1.0,0.16672190918130594,0.11451773284719921,0.29698375870069604,0.703016241299304,0.29698375870069604
2018-06-20,7170,-1.0257875939652277,2.077942919034748,2.9247028390536811,7170,1410,932,1970,4961,1970,1.0,0.19665271966527198,0.1299860529986053,0.27475592747559274,0.69191073919107393,0.27475592747559274
2018-06-21,6193,-0.77954431998059459,2.0668544562094429,2.8420165228362704,6193,1168,788,1765,4215,1765,1.0,0.18860003229452607,0.12724043274664945,0.28499919263684803,0.68060713709026321,0.28499919263684803
2018-06-22,5699,-0.67042569083583392,2.1637576211852094,2.6941513436546862,5699,1092,611,1746,3780,1746,1.0,0.19161256360765047,0.10721179154237585,0.30636953851552906,0.663274258641867,0.30636953851552906
2018-06-23,2980,-0.76434075973969806,2.129756680276599,2.579961107335901,2980,556,335,860,1906,860,1.0,0.18657718120805369,0.11241610738255034,0.28859060402684567,0.63959731543624165,0.28859060402684567
2018-06-24,3781,-1.0528126815440662,1.7046360081375198,2.7088618287980415,3781,1028,557,1123,2586,1123,1.0,0.27188574451203384,0.147315524993388,0.29701137265273736,0.68394604601957154,0.29701137265273736
2018-06-25,5892,-1.1028309957531657,2.0123388108379667,3.1615118840728682,5892,1510,584,1668,4188,1668,1.0,0.25627970128988459,0.099117447386286486,0.28309572301425662,0.71079429735234212,0.28309572301425662
2018-06-26,7281,-0.81915500182243173,2.4696531312301206,2.6162755309917305,7281,1364,857,2393,5066,2393,1.0,0.1873369042713913,0.11770361214118939,0.32866364510369456,0.69578354621617911,0.32866364510369456
2018-06-27,5802,-1.1068692296822347,2.2851579943480327,3.076117062906393,5802,1344,843,1653,3746,1653,1.0,0.23164426059979318,0.1452947259565667,0.28490175801447776,0.64563943467769735,0.28490175801447776
2018-06-28,6810,-0.64399486883281487,2.0087538960658797,2.6101872893650877,6810,1202,933,1888,4467,1888,1.0,0.17650513950073421,0.13700440528634361,0.27723935389133625,0.6559471365638766,0.27723935389133625
2018-06-29,5806,-0.80800178964773217,2.0236336794493432,2.5295334593660712,5806,1186,706,1453,3656,1453,1.0,0.20427144333448158,0.12159834653806408,0.25025835342748881,0.62969342059937994,0.25025835342748881
2018-06-30,3401,-1.0390955323574613,1.8405223418966021,2.5614603223949279,3401,617,340,734,2279,734,1.0,0.181417230226404,0.099970596883269633,0.21581887680094089,0.67009703028521028,0.21581887680094089
2018-07-01,2852,-0.77401546524830123,2.1242533382744893,2.5832119395089461,2852,493,233,687,1895,687,1.0,0.17286115007012623,0.081697054698457228,0.24088359046283309,0.66444600280504906,0.24088359046283309
2018-07-02,5132,-1.1596530837747647,2.0231749469469658,2.9904340823450193,5132,1032,550,1431,3162,1431,1.0,0.20109119251753702,0.10717069368667187,0.27883865939204988,0.61613406079501165,0.27883865939204988
2018-07-03,6256,-1.3538632042612972,1.8329674131799931,2.9563217136867119,6256,1310,819,1702,4000,1702,1.0,0.2093989769820972,0.1309143222506394,0.27205882352941174,0.639386189258312,0.27205882352941174
2018-07-04,5759,-1.1491452133090641,1.8463639719744434,2.7284947759769755,5759,1139,647,1652,3944,1652,1.0,0.19777739190831742,0.11234589338426811,0.28685535683278346,0.68484111824969618,0.28685535683278346
2018-07-05,6914,-1.2237404866819417,1.9369758460676467,2.8399657584648166,6914,1224,829,2145,4827,2145,1.0,0.177032108764825,0.11990164882846399,0.31024009256580848,0.69814868382991035,0.31024009256580848
2018-07-06,7752,-1.1575949408833701,1.9313747841168778,2.6644321701649458,7752,1025,851,2641,5619,2641,1.0,0.13222394220846234,0.1097781217750258,0.34068627450980393,0.72484520123839014,0.34068627450980393
2018-07-07,4568,-1.7308788583550521,2.2862023920484469,3.3112767092674362,4568,678,652,1491,3101,1491,1.0,0.14842381786339756,0.14273204903677758,0.32640105078809106,0.67885288966725044,0.32640105078809106
2018-07-08,2908,-1.1208811328705537,2.4933992434667762,3.022326236822952,2908,428,450,783,1870,783,1.0,0.14718019257221457,0.15474552957359008,0.26925722145804676,0.64305364511691887,0.26925722145804676
2018-07-09,5455,-1.086686099446821,2.0047481594199485,2.9207791518619577,5455,1075,704,1394,3562,1394,1.0,0.19706691109074242,0.12905591200733271,0.25554537121906507,0.65297891842346467,0.25554537121906507
2018-07-10,6131,-1.1457278665534456,1.9952756269699636,2.9490502701030059,6131,1308,873,1653,4365,1653,1.0,0.21334203229489479,0.14239112705920731,0.26961343989561248,0.71195563529603656,0.26961343989561248
2018-07-11,5872,-1.0497723758933928,1.8926476569102586,2.7117903257199569,5872,1215,649,1500,4138,1500,1.0,0.2069141689373297,0.11052452316076294,0.255449591280654,0.704700272479564,0.255449591280654
2018-07-12,6824,-0.963141081358842,2.0691517181220633,2.7141679485960766,6824,1225,977,1743,4497,1743,1.0,0.17951348182883939,0.14317116060961313,0.25542203985932005,0.65899765533411492,0.25542203985932005
2018-07-13,6573,-1.085448713359493,1.9940022190424158,2.506745762276994,6573,936,789,1826,4749,1826,1.0,0.14240073026015518,0.12003651300775901,0.277803134033166,0.72250114103149243,0.277803134033166
2018-07-14,3327,-1.0912264840271197,2.3187667452310845,2.9128906371877576,3327,613,270,655,2179,655,1.0,0.18425007514277125,0.0811541929666366,0.19687406071535918,0.65494439434926355,0.19687406071535918
2018-07-15,2205,-0.99417262773499693,2.7662746950967216,3.102679168386639,2205,545,187,458,1428,458,1.0,0.2471655328798186,0.08480725623582766,0.20770975056689342,0.64761904761904765,0.20770975056689342
2018-07-16,4900,-0.8801584010282566,1.9391985986729161,2.806481286956835,4900,895,534,1291,3026,1291,1.0,0.18265306122448979,0.1089795918367347,0.26346938775510204,0.61755102040816323,0.26346938775510204
2018-07-17,5825,-0.98873565721097567,2.0764623413300756,2.9451737719927493,5825,1069,559,1354,3809,1354,1.0,0.18351931330472104,0.0959656652360515,0.23244635193133048,0.65390557939914162,0.23244635193133048
2018-07-18,5203,-1.1207996571481689,2.189026889023054,2.9584196327587513,5203,937,546,1263,3420,1263,1.0,0.18008841053238517,0.10493945800499711,0.2427445704401307,0.65731308860272919,0.2427445704401307
2018-07-19,5411,-1.1310619522826701,2.1241728690454793,2.9129592314235735,5411,1227,567,1508,3472,1508,1.0,0.22676030308630568,0.10478654592496765,0.27869155424136022,0.64165588615782665,0.27869155424136022
2018-07-20,5380,-1.2237880407048762,1.9187160286019018,2.8889610234753582,5380,1291,767,1597,3577,1597,1.0,0.23996282527881041,0.14256505576208178,0.29684014869888475,0.66486988847583639,0.29684014869888475
2018-07-21,3698,-0.99217049900787335,2.0068957272728465,2.8137582488488064,3698,703,321,905,2493,905,1.0,0.19010275824770145,0.086803677663601947,0.24472687939426718,0.67414818820984312,0.24472687939426718
2018-07-22,2837,-1.139073356463576,2.0540888638120256,2.8073243593742694,2837,515,307,666,1733,666,1.0,0.18152978498413819,0.10821290095170956,0.23475502291152625,0.61085653859710964,0.23475502291152625
2018-07-23,5431,-1.2110452435831622,1.9972141302229076,3.0784529881931904,5431,1202,616,1450,3441,1450,1.0,0.22132204013993739,0.11342294236788805,0.266985822132204,0.63358497514269929,0.266985822132204
2018-07-24,6212,-1.605992725618193,2.2558379322879,3.2347281901804452,6212,1253,858,1745,3938,1745,1.0,0.20170637475853187,0.13811976819059885,0.28090792015453958,0.63393432066967159,0.28090792015453958
2018-07-25,5791,-1.4962547081760487,2.2379731463939914,3.2431363205068693,5791,1103,821,1360,3548,1360,1.0,0.19046796753583145,0.14177171472975306,0.23484717665342772,0.61267484026938357,0.23484717665342772
2018-07-26,6505,-1.4094494805846851,2.1602535785559076,2.8533055705788182,6505,1202,879,1844,4464,1844,1.0,0.18478093774019985,0.13512682551883168,0.28347425057647962,0.68624135280553422,0.28347425057647962
2018-07-27,6625,-1.7993607799601945,2.0040585745628134,3.2158781417194211,6625,1188,739,1520,4239,1520,1.0,0.17932075471698114,0.11154716981132075,0.22943396226415094,0.63984905660377356,0.22943396226415094
2018-07-28,4972,-2.1117228965954102,1.9590635331797837,3.3232886364613021,4972,696,447,1349,2595,1349,1.0,0.13998390989541432,0.089903459372485922,0.27131938857602572,0.52192276749798872,0.27131938857602572
2018-07-29,4034,-2.127256822083087,2.1768219955043606,3.6591024033665391,4034,575,377,901,2448,901,1.0,0.14253842340109074,0.093455627169062971,0.22335151214675261,0.60684184432325239,0.22335151214675261
2018-07-30,6541,-1.5236979549223351,1.9290487446999356,2.9965875069014642,6541,1453,776,1459,4133,1459,1.0,0.2221372878764715,0.1186362941446262,0.22305457881057941,0.63186057177801558,0.22305457881057941
2018-07-31,6647,-1.5090091524060329,2.015087748574631,2.9440612569148872,6647,1132,694,1550,4286,1550,1.0,0.17030239205656686,0.10440800361065142,0.23318790431773734,0.644802166390853,0.23318790431773734
2018-08-01,7433,-1.4408266577790638,1.9947429128424246,2.787655999578218,7433,1417,783,1849,4607,1849,1.0,0.19063635140589263,0.10534104668370779,0.24875554957621418,0.61980357863581326,0.24875554957621418
2018-08-02,8118,-1.4306895333719651,1.8223481964274091,2.7556873569818765,8118,1426,806,1975,5307,1975,1.0,0.17565902931756591,0.099285538309928548,0.24328652377432866,0.6537324464153732,0.24328652377432866
2018-08-03,7258,-1.3740328749379316,1.8879469165935203,2.7633560588932484,7258,1239,804,1911,4973,1911,1.0,0.17070818407274732,0.11077431799393772,0.26329567373932211,0.68517497933314964,0.26329567373932211
2018-08-04,4201,-1.8174829626697695,1.90722322155108,2.982172751144248,4201,686,396,944,2807,944,1.0,0.16329445370149964,0.094263270649845271,0.22470840276124732,0.66817424422756488,0.22470840276124732
2018-08-05,5679,-2.5886474466710987,1.8369497914694666,3.797241991180857,5679,617,393,2314,3657,2314,1.0,0.10864588836062687,0.069202324352879027,0.40746610318718085,0.64395139989434758,0.40746610318718085
2018-08-06,8352,-2.0933981204726817,1.9866819770312734,3.441585933824546,8352,1456,795,2614,5593,2614,1.0,0.17432950191570881,0.0951867816091954,0.31297892720306514,0.66965996168582376,0.31297892720306514
2018-08-07,9884,-2.38462947037866,1.8944880739423116,3.5489137110969273,9884,1698,1173,1994,5409,1994,1.0,0.17179279643868878,0.11867664912990691,0.20174018615944961,0.54724807770133554,0.20174018615944961
2018-08-08,7980,-2.2936249098942851,2.0935884828160711,3.6894830908211529,7980,1240,1266,1800,4882,1800,1.0,0.15538847117794485,0.1586466165413534,0.22556390977443608,0.61177944862155387,0.22556390977443608
2018-08-09,6715,-1.7307897671324304,1.8981056645805572,3.4167922229146281,6715,1210,1007,1649,4180,1649,1.0,0.18019359642591215,0.14996276991809382,0.24556962025316456,0.62248696947133286,0.24556962025316456
2018-08-10,6304,-1.6449802299666378,1.821281516572423,3.229178130475677,6304,1310,1231,1628,3861,1628,1.0,0.20780456852791879,0.19527284263959391,0.258248730964467,0.61246827411167515,0.258248730964467
2018-08-11,4289,-1.7735405536512057,2.0697228975079609,3.2709513159786296,4289,821,468,1058,2647,1058,1.0,0.19141991140125902,0.10911634413616228,0.24667754721380275,0.617160177197482,0.24667754721380275
2018-08-12,3862,-1.5121133101651507,1.7571054891511382,3.082807165808132,3862,644,620,898,2556,898,1.0,0.16675297773174522,0.16053858104609012,0.23252200932159503,0.6618332470222682,0.23252200932159503
2018-08-13,5572,-1.4998760353408107,2.1446162509495634,3.2703956249728949,5572,1148,630,1541,3851,1541,1.0,0.20603015075376885,0.11306532663316583,0.2765613783201723,0.69113424264178036,0.2765613783201723
2018-08-14,5986,-1.3388503310843787,2.1222680366766986,3.0508654730457829,5986,1530,738,1509,3891,1509,1.0,0.25559639158035413,0.12328767123287671,0.252088205813565,0.65001670564650849,0.252088205813565
2018-08-15,6230,-1.4416789375536276,2.0322229642768472,2.9053687990315415,6230,1429,591,1395,3636,1395,1.0,0.22937399678972711,0.094863563402889248,0.22391653290529695,0.58362760834670946,0.22391653290529695
2018-08-16,5494,-1.32405099599688,2.1411548116811412,3.0193200371743627,5494,1411,623,1378,3453,1378,1.0,0.25682562795777214,0.11339643247178741,0.25081907535493264,0.62850382235165636,0.25081907535493264
2018-08-17,5474,-1.4626454667425979,2.29162421138694,3.2238247699233606,5474,1593,486,1155,3346,1155,1.0,0.29101205699671173,0.088783339422725607,0.21099744245524296,0.61125319693094626,0.21099744245524296
2018-08-18,3364,-1.2834321610832995,2.3737242087562334,3.0578885996393952,3364,805,269,759,2281,759,1.0,0.23929845422116527,0.079964328180737218,0.22562425683709869,0.67806183115338881,0.22562425683709869
2018-08-19,5201,-1.7835219436781955,1.7036388682111034,3.0117645949281444,5201,884,800,1404,3564,1404,1.0,0.16996731397808112,0.15381657373582003,0.26994808690636418,0.68525283599307829,0.26994808690636418
2018-08-20,6752,-1.3928733539349669,1.7886819629691613,2.8114708620305251,6752,1224,1174,2172,4775,2172,1.0,0.18127962085308058,0.1738744075829384,0.32168246445497628,0.70719786729857825,0.32168246445497628
2018-08-21,7144,-1.1397181936865606,1.7878722761324348,2.6670307832228985,7144,1332,1440,2803,5486,2803,1.0,0.1864501679731243,0.20156774916013437,0.39235722284434488,0.76791713325867861,0.39235722284434488
2018-08-22,6582,-1.2464020348580807,1.8248517734372147,2.6829495179147145,6582,1347,986,2346,4764,2346,1.0,0.20464904284412033,0.14980249164387724,0.35642661804922515,0.723792160437557,0.35642661804922515
2018-08-23,6116,-1.4375632602682769,1.7494050748422796,3.10961378727188,6116,1056,585,1506,3949,1506,1.0,0.17266187050359713,0.095650752125572266,0.24623937213865271,0.64568345323741,0.24623937213865271
2018-08-24,6062,-1.2907248984176547,1.9610901060994315,2.9529936871611784,6062,1384,723,1380,3900,1380,1.0,0.22830748927746619,0.11926756845925438,0.22764764104256022,0.64335202903332234,0.22764764104256022
2018-08-25,4028,-1.1145322488080018,1.8726490107282454,2.9365148573142825,4028,795,494,766,2686,766,1.0,0.19736842105263158,0.12264150943396226,0.19016881827209534,0.66683217477656409,0.19016881827209534
2018-08-26,4869,-1.8944036119492815,1.7715485980871766,3.0486705357242809,4869,649,265,1965,3801,1965,1.0,0.13329225713698911,0.054425960156089546,0.403573629081947,0.78065311152187311,0.403573629081947
2018-08-27,5243,-1.3270307336140177,2.0621603484273967,2.841933726928179,5243,1302,596,1592,3618,1592,1.0,0.24833110814419226,0.11367537669273317,0.303642952508106,0.69006294106427613,0.303642952508106
2018-08-28,6683,-1.2094097161365718,2.08009418849286,2.7190259406000212,6683,1291,743,2003,4706,2003,1.0,0.19317671704324405,0.1111776148436331,0.29971569654346852,0.70417477180906773,0.29971569654346852
2018-08-29,6317,-0.91271238016757827,2.0608073142154191,2.5705413228685279,6317,1359,839,1862,4180,1862,1.0,0.21513376602817794,0.13281621022637327,0.29476017096723128,0.66170650625296823,0.29476017096723128
2018-08-30,6164,-0.91646610786173144,2.0412221510083186,2.6134886155046444,6164,1192,904,2170,4278,2170,1.0,0.19338092147955874,0.14665801427644387,0.35204412719013628,0.69402985074626866,0.35204412719013628
2018-08-31,5983,-1.1276149816760934,1.9952975683735958,2.8553139071504421,5983,1328,610,1716,3911,1716,1.0,0.2219622263078723,0.10195554069864617,0.2868126358014374,0.65368544208591006,0.2868126358014374
2018-09-01,3163,-1.0975031823371204,1.8807187784690909,2.692709514392273,3163,499,341,801,2086,801,1.0,0.15776161871640848,0.10780904204868795,0.25324059437243124,0.65950047423332281,0.25324059437243124
2018-09-02,3375,-1.0848604493538325,2.0495139298574792,3.1369742217305765,3375,456,354,710,2224,710,1.0,0.1351111111111111,0.10488888888888889,0.21037037037037037,0.658962962962963,0.21037037037037037
2018-09-03,5093,-0.95650105378228933,2.18536441505799,3.0603425420133963,5093,626,550,1284,3570,1284,1.0,0.12291380325937562,0.10799136069114471,0.25211074023169056,0.70096210484979382,0.25211074023169056
2018-09-04,5989,-0.88622451417361159,2.1114677762386216,2.7183047644342819,5989,899,768,1506,4089,1506,1.0,0.1501085323092336,0.12823509767907831,0.25146101185506764,0.6827517114710302,0.25146101185506764
2018-09-05,5622,-0.90058505064555328,2.2145519592103433,2.8474658491490592,5622,983,669,1479,3634,1479,1.0,0.17484880825329063,0.11899679829242263,0.26307363927427962,0.64638918534329415,0.26307363927427962
2018-09-06,5319,-0.880217519549183,2.0712533768992838,2.8214490419380263,5319,1002,729,1549,3347,1549,1.0,0.18838127467569091,0.13705583756345177,0.29122015416431662,0.62925361910133482,0.29122015416431662
2018-09-07,5691,-0.73558232645804589,2.4001144621577994,2.7770046287366554,5691,929,733,1489,3477,1489,1.0,0.16324020383060975,0.12879985942716571,0.26164118784044982,0.61096468107538215,0.26164118784044982
2018-09-08,3951,-0.95367256818186863,1.822488431267405,2.4816958953314012,3951,529,558,1187,2683,1187,1.0,0.13389015439129334,0.14123006833712984,0.30043027081751456,0.6790685902303214,0.30043027081751456
2018-09-09,4356,-0.65981354695418193,1.5085686697405498,2.1159034728611279,4356,596,667,1289,3199,1289,1.0,0.13682277318640956,0.15312213039485767,0.29591368227731862,0.73438934802571165,0.29591368227731862
2018-09-10,6853,-1.316464840013494,1.7897161636048227,2.9202054475373074,6853,1098,1999,2214,4203,2214,1.0,0.16022180067123887,0.29169706697796588,0.32307018823872757,0.61330804027433239,0.32307018823872757
2018-09-11,9129,-1.942418613634795,1.7649411747913566,3.6457017331007391,9129,1258,1798,3300,6075,3300,1.0,0.13780260707635009,0.19695475955745426,0.36148537627341437,0.66546171541242194,0.36148537627341437
2018-09-12,7758,-1.8035643264272816,1.9544828138883563,3.6492989638171505,7758,1278,1346,2177,4742,2177,1.0,0.16473317865429235,0.17349832431038928,0.28061356019592676,0.61124001031193609,0.28061356019592676
2018-09-13,8287,-1.5442559825834998,1.8717346677492008,3.4010992977675469,8287,1194,1718,2609,5598,2609,1.0,0.14408109086521056,0.20731265838059612,0.31483045734282611,0.675515868227344,0.31483045734282611
2018-09-14,8385,-1.9336552974491517,1.9900131265594772,3.7835924123693765,8385,1209,1769,2598,5953,2598,1.0,0.14418604651162792,0.21097197376267143,0.30983899821109123,0.70995825879546814,0.30983899821109123
2018-09-15,5159,-2.124558799313407,1.7424287904494076,4.0525326746634116,5159,411,834,1259,2892,1259,1.0,0.07966660205466175,0.16165923628610196,0.24403954254700524,0.56057375460360537,0.24403954254700524
2018-09-16,5060,-2.5216668296938662,1.8911582626030783,4.3020900511905493,5060,1546,1181,1302,3591,1302,1.0,0.30553359683794468,0.23339920948616602,0.25731225296442689,0.70968379446640317,0.25731225296442689
2018-09-17,6517,-2.2249738714241607,1.8392449947707283,4.34783437378655,6517,2124,1028,1604,4612,1604,1.0,0.325916832898573,0.157741292005524,0.24612551787632347,0.70768758631272055,0.24612551787632347
2018-09-18,6383,-1.2357318100445789,1.9763046174904115,3.0742578789596045,6383,1156,866,1892,4041,1892,1.0,0.18110606297979007,0.13567288109039635,0.29641234529218236,0.63308788970703433,0.29641234529218236
2018-09-19,6404,-1.1353538543007711,2.1123202386059563,2.928064889689765,6404,1074,954,2130,4381,2130,1.0,0.16770768269831354,0.14896939412866958,0.33260462211118053,0.684103685196752,0.33260462211118053
2018-09-20,6137,-1.0886906916399455,2.1768675385482155,2.9283028990127669,6137,1470,894,1922,3980,1922,1.0,0.2395307153332247,0.14567378197816522,0.31318233664656997,0.64852533811308455,0.31318233664656997
2018-09-21,5947,-1.1321641803488014,2.1942504445013387,3.0936743959074873,5947,1184,730,1642,3642,1642,1.0,0.19909197914915083,0.12275096687405415,0.27610559946191354,0.61240961829493867,0.27610559946191354
2018-09-22,3309,-0.98952976650250724,1.6883014623468291,2.7659689056545314,3309,535,348,918,2058,918,1.0,0.16168026594137203,0.10516772438803264,0.27742520398912057,0.62194016319129641,0.27742520398912057
2018-09-23,3424,-1.10694457845056,1.8181420937811632,2.9836662961765135,3424,285,338,820,2265,820,1.0,0.083235981308411214,0.098714953271028041,0.23948598130841123,0.66150700934579443,0.23948598130841123
2018-09-24,5722,-0.74290902443722662,1.8785730863589813,2.4839367021951904,5722,542,981,1430,3843,1430,1.0,0.094722125131073046,0.17144355120587207,0.24991261796574624,0.67161831527437954,0.24991261796574624
2018-09-25,8426,-1.1586315674806849,1.9052687252084035,2.5486688265509816,8426,1052,1067,2135,6074,2135,1.0,0.12485164965582721,0.12663185378590078,0.25338238784713979,0.72086399240446242,0.25338238784713979
2018-09-26,7165,-1.0292232128879362,1.9973281681204413,2.6469097609725796,7165,1116,1201,2434,4786,2434,1.0,0.15575715282623867,0.16762037683182135,0.33970690858339148,0.66796929518492676,0.33970690858339148
2018-09-27,6610,-0.72027388739039178,2.0907329613598193,2.7215663268336736,6610,1056,929,1781,4279,1781,1.0,0.15975794251134645,0.14054462934947051,0.26944024205748868,0.64735249621785174,0.26944024205748868
2018-09-28,7320,-1.2247614339984312,2.1095576381717445,2.8877086845696072,7320,1481,714,1789,4641,1789,1.0,0.20232240437158469,0.097540983606557372,0.24439890710382514,0.634016393442623,0.24439890710382514
2018-09-29,4538,-1.6934094142837017,2.1868617952036664,3.3538138394668766,4538,606,611,1109,2780,1109,1.0,0.13353900396650506,0.13464081092992508,0.24438078448655795,0.61260467166152488,0.24438078448655795
2018-09-30,3919,-1.6961186263613126,2.0664670564268013,3.1093701045571551,3919,482,446,992,2558,992,1.0,0.1229905588160245,0.11380454197499362,0.25312579739729524,0.65271752998213828,0.25312579739729524
2018-10-01,5518,-1.1706896919660832,2.0682460329689571,2.9934265383522209,5518,696,674,1398,3444,1398,1.0,0.12613265675969554,0.12214570496556723,0.25335266400869882,0.62413918086263143,0.25335266400869882
2018-10-02,6404,-1.2576383691061757,1.9173087434495175,3.0948714096867942,6404,702,758,2028,4420,2028,1.0,0.10961898813241724,0.11836352279825109,0.31667707682698315,0.6901936289818863,0.31667707682698315
2018-10-03,5429,-0.66125444493745467,2.4470548310839337,2.83205924821297,5429,857,908,1817,3711,1817,1.0,0.15785595874009947,0.16724995395100387,0.3346841038865353,0.683551298581691,0.3346841038865353
2018-10-04,5592,-1.1226139200172851,2.1118706071761482,2.9445980341609936,5592,1173,976,1552,3359,1552,1.0,0.20976394849785407,0.17453505007153075,0.27753934191702434,0.60067954220314734,0.27753934191702434
2018-10-05,5768,-0.73915027645333164,2.3033669785641795,2.6333370937081297,5768,981,1047,1981,3681,1981,1.0,0.17007628294036062,0.18151872399445215,0.34344660194174759,0.6381761442441054,0.34344660194174759
2018-10-06,3840,-1.1293065726282032,1.9493082816664777,2.582072102788906,3840,661,537,1328,2516,1328,1.0,0.17213541666666668,0.13984375,0.34583333333333333,0.65520833333333328,0.34583333333333333
2018-10-07,3445,-1.20341828368943,1.9817551041402375,2.7596484529451573,3445,699,391,868,2121,868,1.0,0.20290275761973875,0.1134978229317852,0.25195936139332364,0.61567489114658924,0.25195936139332364
2018-10-08,12962,-0.23726876800852165,3.178819422302301,2.2622272219341877,12962,2790,2440,3854,8801,3854,1.0,0.21524456102453324,0.18824255516124055,0.29733065884894305,0.67898472457954018,0.29733065884894305
2018-10-09,10606,-1.151207804635173,2.1038433883605832,2.7922673463280097,10606,2044,1895,3396,8012,3396,1.0,0.19272110126343578,0.1786724495568546,0.32019611540637377,0.75542145955119744,0.32019611540637377
2018-10-10,9392,-1.2070200760198888,2.5006855815968194,3.2625641484454153,9392,1238,1564,2458,6711,2458,1.0,0.13181431005110733,0.16652470187393525,0.26171209540034074,0.71454429301533218,0.26171209540034074
2018-10-11,9232,-2.189779704048568,1.9855581971672016,3.8149091587847739,9232,1327,1895,2221,6277,2221,1.0,0.14373916811091855,0.20526429809358751,0.24057625649913345,0.67991767764298094,0.24057625649913345
2018-10-12,6380,-1.2791971134703501,1.9992386407961835,3.1559662110676148,6380,1164,893,1628,4100,1628,1.0,0.18244514106583073,0.13996865203761755,0.25517241379310346,0.64263322884012541,0.25517241379310346
2018-10-13,4264,-1.4204030599434516,1.9399694782948269,3.0291041788038626,4264,558,519,814,2643,814,1.0,0.13086303939962476,0.12171669793621014,0.19090056285178236,0.61984052532833023,0.19090056285178236
2018-10-14,4106,-1.7046508556896571,1.9389771723471281,3.2792997347834261,4106,665,764,929,2692,929,1.0,0.16195811008280564,0.18606916707257673,0.22625426205552848,0.65562591329761322,0.22625426205552848
2018-10-15,8836,-1.5282188410516051,1.8681395493931381,2.8301335204985492,8836,1100,1130,2079,5980,2079,1.0,0.12449071978270711,0.12788592123132639,0.23528746038931644,0.67677682209144407,0.23528746038931644
2018-10-16,9497,-1.4475614534956762,1.9533398132061335,2.9233889519255389,9497,1457,1345,2395,5869,2395,1.0,0.15341686848478467,0.14162367063283143,0.25218490049489312,0.61798462672422871,0.25218490049489312
2018-10-17,8230,-1.0592503240574238,2.1246254255857226,2.5770661827755021,8230,1055,915,2061,5312,2061,1.0,0.12818955042527339,0.11117861482381532,0.25042527339003645,0.64544349939246659,0.25042527339003645
2018-10-18,8185,-1.2802256404348222,1.913185778602704,2.6978763437219313,8185,967,1094,1992,5641,1992,1.0,0.11814294441050703,0.13365913255956016,0.24337202199144778,0.68918753817959677,0.24337202199144778
2018-10-19,7197,-0.79767871591118933,1.9768400856800927,2.5279856410421244,7197,1295,892,1679,5013,1679,1.0,0.17993608447964429,0.12394053077671252,0.23329164929831875,0.6965402250937891,0.23329164929831875
2018-10-20,4416,-0.92925722580161463,1.6618535799779337,2.5331829876340639,4416,576,426,1043,3098,1043,1.0,0.13043478260869565,0.096467391304347824,0.23618659420289856,0.70153985507246375,0.23618659420289856
2018-10-21,4058,-0.855677275265472,1.6065988408580618,2.637558461450503,4058,742,708,1364,2594,1364,1.0,0.18284869393790043,0.1744701823558403,0.33612617052735339,0.63923114834894035,0.33612617052735339
2018-10-22,6412,-0.8477949681923993,2.1073180823883737,2.69880513510986,6412,1297,1016,2089,4302,2089,1.0,0.20227698066126013,0.1584529008109794,0.32579538365564564,0.67092950717404864,0.32579538365564564
2018-10-23,7406,-1.2276125274925347,1.9553650778880498,3.0032787631885371,7406,1745,945,2072,4811,2072,1.0,0.23561976775587362,0.1275992438563327,0.27977315689981097,0.64960842560086418,0.27977315689981097
2018-10-24,8013,-1.2860777695906134,1.9234573478041601,2.9882830135780987,8013,1628,1186,2374,5466,2374,1.0,0.20316984899538251,0.14800948458754523,0.29626856358417569,0.68214152002995132,0.29626856358417569
2018-10-25,7326,-0.77631121787097068,2.2350042772287337,2.8508496656421483,7326,1213,908,2154,4971,2154,1.0,0.16557466557466557,0.12394212394212394,0.294021294021294,0.67854217854217858,0.294021294021294
2018-10-26,6094,-0.83071879766389345,2.2505950833436774,2.7254028994772908,6094,1161,758,1974,4227,1974,1.0,0.19051526091237284,0.124384640630128,0.32392517230062357,0.69363308171972426,0.32392517230062357
2018-10-27,4288,-0.78267730442163586,2.6547765441607649,2.8232928298259496,4288,850,452,1349,2726,1349,1.0,0.1982276119402985,0.10541044776119403,0.31459888059701491,0.63572761194029848,0.31459888059701491
2018-10-28,3830,-0.74934028485473569,1.9360013018037636,2.5055785274341171,3830,551,398,986,2755,986,1.0,0.14386422976501306,0.10391644908616188,0.25744125326370759,0.71932114882506526,0.25744125326370759
2018-10-29,7100,-0.79953039758549749,1.8726681408448955,2.6894086283740211,7100,1194,1017,1850,4525,1850,1.0,0.16816901408450705,0.1432394366197183,0.26056338028169013,0.63732394366197187,0.26056338028169013
2018-10-30,7901,-1.2719923979558581,1.966464913343452,2.8761399107252528,7901,1288,927,2081,5133,2081,1.0,0.16301733957726869,0.11732692064295659,0.26338438172383244,0.6496645994177952,0.26338438172383244
2018-10-31,7211,-0.93131854128737213,2.0157344640898343,2.7816568133781692,7211,1438,1082,1919,4860,1919,1.0,0.19941755651088613,0.15004853695742615,0.26612120371654419,0.67397032311745941,0.26612120371654419
2018-11-01,6839,-1.1104623178134818,1.929660589958097,2.8569140837103024,6839,1437,803,1947,4884,1947,1.0,0.21011843836818248,0.11741482672905396,0.28469074426085683,0.71413949407808164,0.28469074426085683
2018-11-02,5899,-1.0987100982854494,1.9800279048102418,3.034775913198295,5899,1309,608,1499,4070,1499,1.0,0.22190201729106629,0.10306831666384132,0.2541108662485167,0.689947448720122,0.2541108662485167
2018-11-03,3798,-1.1572020392542828,1.96129658381917,2.8726001784518167,3798,729,394,963,2560,963,1.0,0.19194312796208532,0.10373880989994734,0.25355450236966826,0.67403896787783046,0.25355450236966826
2018-11-04,3517,-1.2320013255000204,1.75497532204148,3.1448946914046578,3517,640,497,815,2386,815,1.0,0.18197327267557578,0.14131361956212682,0.23173158942280353,0.678419107193631,0.23173158942280353
2018-11-05,6649,-0.92721245939490693,1.9472256266524615,2.8657495283995034,6649,1186,722,1909,4033,1909,1.0,0.17837268762219882,0.10858775755752745,0.28711084373590012,0.60655737704918034,0.28711084373590012
2018-11-06,6128,-0.85033627806464773,1.9677411161231753,2.6883467170010582,6128,1124,664,1760,3929,1760,1.0,0.18342036553524804,0.10835509138381201,0.28720626631853785,0.64115535248041777,0.28720626631853785
2018-11-07,7900,-0.51358238772258646,1.9433368852599633,2.2724830019303162,7900,1556,992,2395,5639,2395,1.0,0.19696202531645571,0.12556962025316457,0.30316455696202532,0.71379746835443036,0.30316455696202532
2018-11-08,6118,-0.71592414870288124,1.8626035868337756,2.572006948059927,6118,1205,650,1507,4192,1507,1.0,0.19695979078130108,0.10624387054593004,0.24632232755802549,0.68519123896698264,0.24632232755802549
2018-11-09,5633,-0.598188444341466,2.0990280052259971,2.5191708167411857,5633,948,641,1945,3900,1945,1.0,0.16829398189241968,0.11379371560447364,0.3452867033552281,0.69234865968400494,0.3452867033552281
2018-11-10,4586,-1.2619452527077548,1.8952629594662964,2.8375385017519403,4586,580,1094,1573,2778,1573,1.0,0.12647187091146969,0.23855211513301353,0.34300043610989972,0.6057566506759704,0.34300043610989972
2018-11-11,5638,-2.1156903867876129,1.9122478456074192,3.3663200200379988,5638,463,630,1121,4529,1121,1.0,0.082121319616885416,0.11174175239446613,0.19882937211777227,0.80329904221355086,0.19882937211777227
2018-11-12,9644,-2.5297976421278867,2.1771190521580626,3.9791663958475265,9644,1095,2054,2356,6820,2356,1.0,0.11354209871422646,0.21298216507673165,0.24429697221070096,0.70717544587308168,0.24429697221070096
2018-11-13,8518,-1.2159797896338729,1.9657298557222374,3.0657411921088706,8518,1094,1407,2459,6045,2459,1.0,0.12843390467245833,0.16517961962902089,0.28868278938718012,0.70967363230805358,0.28868278938718012
2018-11-14,8468,-0.99866560295498374,2.006815116711719,3.0206561259090559,8468,1217,1464,2551,5521,2551,1.0,0.14371752479924421,0.17288615965989607,0.3012517713745867,0.65198393953708078,0.3012517713745867
2018-11-15,7163,-1.2062100833349905,2.1398799703268576,3.3574117387288411,7163,1211,1279,2181,4844,2181,1.0,0.16906324165852296,0.17855647075247802,0.30448136255758762,0.67625296663409185,0.30448136255758762
2018-11-16,7480,-1.1295981833990991,2.3408365530950541,2.9103182028545413,7480,1251,862,1793,4923,1793,1.0,0.16724598930481283,0.11524064171122994,0.23970588235294119,0.65815508021390379,0.23970588235294119
2018-11-17,7447,-2.6341105166901655,2.0145252951461563,3.8717200989097385,7447,1087,454,1786,5942,1786,1.0,0.14596481804753592,0.060964146636229351,0.239828118705519,0.79790519672351279,0.239828118705519
2018-11-18,5548,-2.6052581000824246,2.0314761776331176,3.9231001879373886,5548,644,646,1027,4052,1027,1.0,0.11607786589762076,0.11643835616438356,0.18511175198269647,0.73035328046142756,0.18511175198269647
2018-11-19,6081,-1.189974338532326,2.1520509798218064,2.8181783114590577,6081,1018,1155,1484,4234,1484,1.0,0.16740667653346489,0.18993586581154415,0.24403880940634765,0.69626706133859562,0.24403880940634765
2018-11-20,6016,-1.1370019647963905,2.0640626264971527,2.9833708528238891,6016,1208,732,1651,3716,1651,1.0,0.20079787234042554,0.12167553191489362,0.2744348404255319,0.617686170212766,0.2744348404255319
2018-11-21,6325,-0.81903374523773653,2.223312147766463,2.6764973679118995,6325,1353,799,1865,4247,1865,1.0,0.21391304347826087,0.12632411067193675,0.2948616600790514,0.67146245059288534,0.2948616600790514
2018-11-22,7420,-0.99599228138024065,2.0519480574204283,2.7880793359435474,7420,1308,817,1709,4525,1709,1.0,0.17628032345013478,0.1101078167115903,0.2303234501347709,0.60983827493261455,0.2303234501347709
2018-11-23,7051,-1.5361134362592204,2.1095123330700627,3.2360896995994208,7051,1206,859,1938,5211,1938,1.0,0.17103956885548149,0.12182669124946816,0.27485463054885834,0.73904410721883418,0.27485463054885834
2018-11-24,5880,-2.55767308333263,1.9252715934995697,3.77122157502608,5880,669,467,1366,4645,1366,1.0,0.11377551020408164,0.079421768707482993,0.23231292517006802,0.78996598639455784,0.23231292517006802
2018-11-25,4162,-1.8673274611282613,1.7889761056896412,3.3658118376734327,4162,634,436,1144,3019,1144,1.0,0.15233061028351755,0.10475732820759251,0.27486785199423353,0.72537241710716,0.27486785199423353
2018-11-26,7669,-1.6303704283288936,2.1071592301087723,3.158267825718164,7669,1071,954,2187,5318,2187,1.0,0.13965314904159604,0.1243969226757074,0.2851740774546877,0.69344112661363932,0.2851740774546877
2018-11-27,8828,-1.4332232055757042,1.8849802797753135,2.9693386152725205,8828,1248,1709,3019,6441,3019,1.0,0.14136837335749886,0.19358858178522881,0.34198006343452653,0.72961033076574533,0.34198006343452653
2018-11-28,9699,-1.118327302210576,1.988652548458592,2.8840985539934025,9699,1537,1322,2776,6789,2776,1.0,0.15846994535519127,0.1363027116197546,0.28621507371894012,0.69996906897618316,0.28621507371894012
2018-11-29,9696,-1.2891230181534823,2.1296501071042271,2.89686933039841,9696,1517,1248,2944,6820,2944,1.0,0.15645627062706272,0.12871287128712872,0.30363036303630364,0.70338283828382842,0.30363036303630364
2018-11-30,9895,-1.2979787410297443,2.15442631582937,2.8090138964655318,9895,1450,1283,2779,7351,2779,1.0,0.14653865588681153,0.12966144517433048,0.28084891359272357,0.742900454775139,0.28084891359272357
2018-12-01,8135,-1.174415888837935,1.9862107397048943,2.6941822394276564,8135,867,676,2042,6294,2042,1.0,0.10657652120467118,0.083097725875845116,0.2510141364474493,0.77369391518131525,0.2510141364474493
2018-12-02,7778,-1.134065035482112,2.0460001957744751,2.7421515316081604,7778,797,670,2242,6146,2242,1.0,0.10246850089997428,0.086140395988686044,0.28824890717408075,0.79017742350218567,0.28824890717408075
2018-12-03,11776,-0.91156911938600527,1.8913287887054337,2.5030317727135052,11776,1748,1739,4185,8117,4185,1.0,0.1484375,0.14767323369565216,0.35538383152173914,0.68928328804347827,0.35538383152173914
2018-12-04,6647,-1.3342051233842604,1.9497355688493472,2.9252911267968855,6647,1225,898,2386,4447,2386,1.0,0.1842936663156311,0.1350985406950504,0.35895892884007824,0.66902361967805024,0.35895892884007824
2018-12-05,9484,-1.0436637110871068,1.9132500208492265,2.9672406050502285,9484,1871,1549,3283,6484,3283,1.0,0.1972796288485871,0.16332770982707717,0.34616195698017715,0.68367777309152256,0.34616195698017715
2018-12-06,10107,-1.163933502582474,2.0730383557111702,3.1104732506323489,10107,2259,1862,3608,7271,3608,1.0,0.22350845948352627,0.18422875234985653,0.35698031067576924,0.71940239438013254,0.35698031067576924
2018-12-07,8242,-1.3053124778877656,1.9600034889199081,2.8002970378185874,8242,2085,1575,3219,6057,3219,1.0,0.25297257947100216,0.19109439456442612,0.390560543557389,0.73489444309633589,0.390560543557389
2018-12-08,5819,-2.0021076876064141,1.769893344780384,3.4028620590319276,5819,879,563,2361,4315,2361,1.0,0.15105688262588074,0.096752019247293347,0.40573981783811652,0.7415363464512803,0.40573981783811652
2018-12-09,4977,-2.0402894461983911,1.8005348847539775,3.3846704896082933,4977,689,545,1824,3473,1824,1.0,0.13843680932288527,0.10950371709865381,0.3664858348402652,0.69780992565802691,0.3664858348402652
2018-12-10,7995,-1.3780677614319279,1.8230015006984888,2.9150399720750797,7995,1785,1176,2798,5888,2798,1.0,0.22326454033771106,0.14709193245778612,0.34996873045653532,0.73646028767979987,0.34996873045653532
2018-12-11,8582,-1.2470481890212601,2.0598651501056713,2.8170911975603619,8582,1473,1202,2556,5939,2556,1.0,0.17163831274761127,0.14006059193661152,0.29783267303658822,0.69202982987648565,0.29783267303658822
2018-12-12,7830,-0.92559460132643223,2.0770326097343612,2.7955805732423058,7830,1367,991,2247,5356,2247,1.0,0.17458492975734355,0.12656449553001278,0.28697318007662836,0.68403575989782883,0.28697318007662836
2018-12-13,7243,-1.1172127190809662,2.0219842938321606,2.70214338935041,7243,1440,1104,2255,4603,2255,1.0,0.1988126466933591,0.15242302913157532,0.31133508214828109,0.63551014772884162,0.31133508214828109
2018-12-14,7369,-1.0251192277289785,1.8995005801708369,2.6365073512910442,7369,1319,1038,2034,4953,2034,1.0,0.17899307911521237,0.14086036097163795,0.27602116976523272,0.672140046139232,0.27602116976523272
2018-12-15,5360,-0.95226462448635341,1.7534934365360364,2.4021046764150173,5360,974,511,1492,3473,1492,1.0,0.18171641791044776,0.0953358208955224,0.2783582089552239,0.64794776119402986,0.2783582089552239
2018-12-16,5825,-0.72338565116351239,1.7546726075085415,2.5061352373773733,5825,829,486,1434,3906,1434,1.0,0.1423175965665236,0.083433476394849784,0.24618025751072961,0.67055793991416313,0.24618025751072961
2018-12-17,6264,-0.64862093156608081,1.9091539740132912,2.5394249132251363,6264,1184,838,1948,4201,1948,1.0,0.18901660280970625,0.13378033205619413,0.31098339719029372,0.67065772669220947,0.31098339719029372
2018-12-18,6940,-0.95146415227939785,2.3045861170835193,2.9758910273829291,6940,1428,881,1907,4890,1907,1.0,0.20576368876080692,0.12694524495677234,0.27478386167146973,0.70461095100864557,0.27478386167146973
2018-12-19,7696,-1.2289560969155198,2.1482133627979847,2.9326137529268892,7696,1532,813,1839,5239,1839,1.0,0.19906444906444906,0.10563929313929314,0.23895530145530144,0.6807432432432432,0.23895530145530144
2018-12-20,6286,-0.91400550040298834,2.1992511731500461,2.7679159616143214,6286,1350,784,1857,4020,1857,1.0,0.21476296531975819,0.12472160356347439,0.29541839007317849,0.6395163856188355,0.29541839007317849
2018-12-21,7014,-2.0077610381927462,2.0568363284891507,3.8465225671318679,7014,1509,711,2344,4235,2344,1.0,0.21514114627887082,0.10136869118905047,0.33418876532648989,0.60379241516966065,0.33418876532648989
2018-12-22,3565,-1.1783544453816044,1.9581052101944894,3.0564135922242124,3565,702,316,917,2207,917,1.0,0.19691444600280505,0.088639551192145866,0.25722300140252452,0.61907433380084154,0.25722300140252452
2018-12-23,4579,-2.2653274158040513,1.7403653342428389,3.6009504456651831,4579,656,311,809,2764,809,1.0,0.14326272111814806,0.067918759554487881,0.17667613015942346,0.60362524568683118,0.17667613015942346
2018-12-24,4864,-1.8194365297233486,2.0945608867498753,3.374362554137984,4864,942,357,1104,3259,1104,1.0,0.19366776315789475,0.073396381578947373,0.22697368421052633,0.67002467105263153,0.22697368421052633
2018-12-25,4143,-2.1141731960777657,1.9836818265447942,3.6638246147316877,4143,1047,272,804,2628,804,1.0,0.25271542360608257,0.065652908520395847,0.1940622737146995,0.63432295438088337,0.1940622737146995
2018-12-26,5120,-1.9257391526222076,1.7047089535246771,3.4975792438600308,5120,996,444,1122,3332,1122,1.0,0.19453125,0.08671875,0.219140625,0.65078125,0.219140625
2018-12-27,5320,-1.5448975585085609,1.9557543866109106,3.0367784880731068,5320,1044,463,1221,3408,1221,1.0,0.19624060150375941,0.08703007518796993,0.22951127819548872,0.64060150375939851,0.22951127819548872
2018-12-28,4852,-1.2785093645333561,1.9093035842780637,2.7525497331992614,4852,898,579,1431,3130,1431,1.0,0.18507831821929102,0.11933223413025557,0.29492992580379224,0.64509480626545757,0.29492992580379224
2018-12-29,3517,-1.3748194848773057,2.0650334790263547,2.9946394637275091,3517,714,375,910,2105,910,1.0,0.20301393232868922,0.10662496445834518,0.25874324708558433,0.59852146715951093,0.25874324708558433
2018-12-30,2938,-1.2388151891299097,1.7742599878296255,2.9413464635635944,2938,532,288,761,1765,761,1.0,0.18107556160653507,0.098025867937372363,0.25901974132062627,0.60074880871341052,0.25901974132062627
2018-12-31,4558,-1.4258012933519018,1.8344281758092906,2.796442976370932,4558,862,430,1261,2958,1261,1.0,0.18911803422553752,0.094339622641509441,0.2766564282580079,0.6489688459850812,0.2766564282580079
2019-01-01,3346,-1.1431091888213538,1.8444587582620484,2.6484770959290316,3346,593,331,884,2113,884,1.0,0.17722653915122535,0.09892408846383742,0.26419605499103405,0.63150029886431558,0.26419605499103405
2019-01-02,6060,-1.263897778576103,1.9893476910162105,2.6486836762912316,6060,1236,827,1951,4187,1951,1.0,0.20396039603960395,0.13646864686468646,0.321947194719472,0.69092409240924091,0.321947194719472
2019-01-03,5757,-0.81576363570205157,1.8978067258377065,2.373961089249065,5757,986,1114,1867,3838,1867,1.0,0.17126975855480284,0.19350356088240403,0.32430085113774537,0.66666666666666663,0.32430085113774537
2019-01-04,5531,-1.1285777913988606,1.9171153999099395,2.4995137057529417,5531,1005,528,1505,3814,1505,1.0,0.18170312782498643,0.095461941782679444,0.27210269390706926,0.68956789007412767,0.27210269390706926
2019-01-05,3142,-1.3092384281694158,1.873468688227466,2.7486378342734068,3142,677,295,923,1954,923,1.0,0.21546785486950987,0.093889242520687463,0.29376193507320181,0.62189688096753659,0.29376193507320181
2019-01-06,2692,-1.4655363339792709,1.9316474043468093,3.1483686156676476,2692,699,336,654,1546,654,1.0,0.25965824665676079,0.12481426448736999,0.24294205052005943,0.5742942050520059,0.24294205052005943
2019-01-07,5298,-1.1695771008429834,1.9289675936268016,2.5579169320963828,5298,1138,678,1380,3410,1380,1.0,0.21479803699509248,0.12797281993204984,0.26047565118912797,0.64363910909777278,0.26047565118912797
2019-01-08,6362,-1.2928304733939038,1.8360155177870643,2.6965097082077909,6362,1143,704,1560,3887,1560,1.0,0.17966048412448915,0.11065702609242377,0.2452059100911663,0.61097139264382272,0.2452059100911663
2019-01-09,6143,-1.2183465861497742,1.8494761919399219,2.8956724694613971,6143,1148,791,1722,4170,1722,1.0,0.18687937489825818,0.12876444733843398,0.28031906234738729,0.67882142275761026,0.28031906234738729
2019-01-10,5366,-1.1691124098895218,1.9326338967867323,2.8132368193545134,5366,1317,666,1655,3375,1655,1.0,0.24543421543048827,0.1241147968691763,0.30842340663436452,0.62896011926947448,0.30842340663436452
2019-01-11,5700,-1.377519443649194,1.8100885901994361,2.8321544689278904,5700,1298,782,1666,3489,1666,1.0,0.22771929824561404,0.13719298245614034,0.292280701754386,0.61210526315789471,0.292280701754386
2019-01-12,3523,-1.2503720217662977,1.670825874300691,2.7164293168627864,3523,614,423,920,2363,920,1.0,0.17428328129435142,0.12006812375816066,0.26114107294919103,0.67073516889015039,0.26114107294919103
2019-01-13,2681,-1.400452794361706,1.7817155693601356,3.0180463109380806,2681,608,398,759,1778,759,1.0,0.226781051846326,0.14845207012308839,0.28310331965684449,0.66318537859007831,0.28310331965684449
2019-01-14,5360,-1.3246241267194816,1.8784436996707092,3.0131248437365965,5360,1075,757,1448,3564,1448,1.0,0.20055970149253732,0.14123134328358208,0.2701492537313433,0.66492537313432831,0.2701492537313433
2019-01-15,6403,-1.1414820141565252,1.9296655126843907,2.8447628493276347,6403,1229,911,1769,4015,1769,1.0,0.19194127752615961,0.14227705762923629,0.27627674527565205,0.62704982039668911,0.27627674527565205
2019-01-16,7382,-1.3527836081456985,1.9815449521926747,3.1083389295312887,7382,983,854,1937,4822,1937,1.0,0.13316174478461121,0.1156868057437009,0.26239501490111083,0.65321051205635328,0.26239501490111083
2019-01-17,7939,-1.1044414232875142,1.7836035450831333,2.856882373890643,7939,1176,861,1972,5131,1972,1.0,0.14812948734097495,0.10845194608892808,0.24839400428265523,0.64630306083889655,0.24839400428265523
2019-01-18,6563,-1.207718157353266,2.0032583854721624,3.087269007700264,6563,1111,709,1524,4088,1524,1.0,0.16928234039311291,0.10802986439128448,0.23221087917111077,0.62288587536187723,0.23221087917111077
2019-01-19,3652,-1.04810543516527,1.9260504818753406,2.7857868601049725,3652,752,356,841,2309,841,1.0,0.20591456736035049,0.097480832420591454,0.23028477546549836,0.63225629791894855,0.23028477546549836
2019-01-20,4288,-1.7073215867752771,1.9387881443541446,3.0445555017988739,4288,588,520,1000,3035,1000,1.0,0.13712686567164178,0.12126865671641791,0.2332089552238806,0.70778917910447758,0.2332089552238806
2019-01-21,5984,-1.274268514666854,1.9894313575528237,3.1211582680221257,5984,1185,551,1427,4036,1427,1.0,0.19802807486631016,0.092078877005347587,0.23846925133689839,0.67446524064171121,0.23846925133689839
2019-01-22,8218,-0.949848936446197,1.9774826887861106,2.4579214418643449,8218,1463,713,1716,5311,1716,1.0,0.17802385008517888,0.0867607690435629,0.20880992942321733,0.64626429788269657,0.20880992942321733
2019-01-23,7246,-0.87701909515140741,2.00295312529261,2.5349829501992218,7246,1652,760,1718,4771,1718,1.0,0.22798785536847915,0.10488545404361027,0.23709632900910849,0.65843223847640076,0.23709632900910849
2019-01-24,7904,-1.2791366302495082,2.156047585848555,3.0567480845399269,7904,1456,713,1936,5396,1936,1.0,0.18421052631578946,0.0902074898785425,0.24493927125506074,0.68269230769230771,0.24493927125506074
2019-01-25,7206,-1.4381683742896392,2.0731313961631339,2.9442119880187811,7206,1332,802,1865,4612,1865,1.0,0.18484596169858453,0.11129614210380238,0.25881210102692204,0.640022203719123,0.25881210102692204
2019-01-26,3895,-1.1081973951438941,1.8756743708393464,2.6457709442961934,3895,656,465,980,2658,980,1.0,0.16842105263157894,0.11938382541720154,0.251604621309371,0.682413350449294,0.251604621309371
2019-01-27,3631,-1.1050595208621981,2.2263189493931455,2.58235524503101,3631,596,600,1135,2494,1135,1.0,0.16414210961167722,0.16524373450839988,0.31258606444505643,0.68686312310658226,0.31258606444505643
2019-01-28,6178,-1.1063843678608107,2.0089155142175565,2.6556221722454536,6178,1042,790,1664,4154,1664,1.0,0.16866299773389445,0.12787309808999675,0.26934282939462612,0.67238588539980582,0.26934282939462612
2019-01-29,7319,-1.399349044127985,1.9311466087954698,2.890099651421965,7319,1079,954,1940,4563,1940,1.0,0.14742451154529307,0.13034567563874846,0.26506353326957233,0.62344582593250442,0.26506353326957233
2019-01-30,7926,-1.4904850182972278,1.9724414682345974,2.9293698571467313,7926,1337,848,1877,4975,1877,1.0,0.16868533938935151,0.10698965430229625,0.23681554377996467,0.62768104970981575,0.23681554377996467
2019-01-31,8803,-1.3949366552268088,2.0057625693125507,2.7485730450255668,8803,1005,806,2314,5171,2314,1.0,0.11416562535499261,0.091559695558332391,0.26286493240940589,0.58741338180165847,0.26286493240940589
2019-02-01,7345,-1.3258134595888409,2.0891051581824516,2.9618657764683651,7345,1030,890,1806,4540,1806,1.0,0.14023144996596323,0.1211708645336964,0.24588155207624235,0.61810755616065349,0.24588155207624235
2019-02-02,4519,-1.3624594791345113,1.9909876374454072,2.8751936225695403,4519,836,433,1006,2628,1006,1.0,0.18499668068156672,0.095817658774065062,0.22261562292542597,0.58154458951095378,0.22261562292542597
2019-02-03,3155,-1.7439269953069743,1.7466893355571305,3.1692508693654742,3155,564,413,756,1847,756,1.0,0.17876386687797147,0.13090332805071314,0.23961965134706814,0.58541996830427889,0.23961965134706814
2019-02-04,5338,-1.1983736495560131,1.953658323137061,2.9998445333189889,5338,877,838,1320,3261,1320,1.0,0.16429374297489696,0.15698763581865868,0.2472836268265268,0.6109029599100787,0.2472836268265268
2019-02-05,5976,-1.082370625984846,2.0791661072822949,2.5880911531886892,5976,872,991,1675,3589,1675,1.0,0.1459170013386881,0.16582998661311915,0.28028781793842034,0.60056894243641235,0.28028781793842034
2019-02-06,6884,-1.4251080353303864,1.814303859625827,2.7008060460814418,6884,927,733,1455,4175,1455,1.0,0.13466008134805346,0.10647879140034863,0.21135967460778618,0.60647879140034866,0.21135967460778618
2019-02-07,7550,-0.93129125810967972,1.7128182875086149,2.4656397526615157,7550,781,1324,1969,4658,1969,1.0,0.10344370860927152,0.17536423841059604,0.260794701986755,0.616953642384106,0.260794701986755
2019-02-08,5852,-0.8125853464471503,1.9140697422375352,2.5040659027685148,5852,785,1159,1867,3678,1867,1.0,0.13414217361585781,0.19805194805194806,0.31903622693096378,0.6285030758714969,0.31903622693096378
2019-02-09,4641,-1.3571515261553959,1.8345298473605909,2.4845278802582955,4641,577,1127,1770,3063,1770,1.0,0.12432665373841845,0.24283559577677225,0.38138332255979313,0.65998707175177762,0.38138332255979313
2019-02-10,4517,-1.1244239386239396,1.5001780045260569,2.9667837143708553,4517,456,992,1476,3136,1476,1.0,0.10095195926499889,0.21961478857648881,0.32676555235775956,0.69426610582244852,0.32676555235775956
2019-02-11,7180,-1.2798009578539413,1.7812262043756966,3.1646722856353384,7180,1147,1060,2100,4659,2100,1.0,0.15974930362116993,0.14763231197771587,0.29247910863509752,0.64888579387186629,0.29247910863509752
2019-02-12,8607,-1.2460416681741084,1.8233780067504646,2.7470868009485283,8607,1235,1234,2268,5912,2268,1.0,0.14348785871964681,0.14337167421865923,0.26350644823980479,0.68688276983850349,0.26350644823980479
2019-02-13,7896,-0.88097480052517929,1.9832214810120896,2.5695798651700406,7896,1270,1228,2130,5230,2130,1.0,0.16084093211752787,0.15552178318135765,0.26975683890577506,0.66236068895643363,0.26975683890577506
2019-02-14,7131,-1.0278926260729275,2.0228418944883977,2.69054673868211,7131,1554,919,1851,5002,1851,1.0,0.21792175010517459,0.1288739307250035,0.25957088767353809,0.7014443977001823,0.25957088767353809
2019-02-15,7563,-1.552020869082668,2.0449998551845221,2.984921482456945,7563,1188,694,1778,5453,1778,1.0,0.15708052360174535,0.091762528097315874,0.23509189475076028,0.72101018114504822,0.23509189475076028
2019-02-16,4663,-1.7679820006866815,1.8468808321033197,3.0689056584100705,4663,625,422,1111,3551,1111,1.0,0.134033883765816,0.090499678318678958,0.23825863178211451,0.76152691400386019,0.23825863178211451
2019-02-17,3658,-1.1927190614354823,2.0081158491142626,2.8979154018315905,3658,667,503,1007,2429,1007,1.0,0.18234007654455986,0.13750683433570257,0.27528704209950794,0.6640240568616731,0.27528704209950794
2019-02-18,5821,-0.81676299311518,2.0697744716018422,2.7118106082827436,5821,851,735,1572,3682,1572,1.0,0.14619481188799174,0.12626696443909982,0.2700566912901563,0.63253736471396671,0.2700566912901563
2019-02-19,7911,-0.89584226297236724,1.9496931898627816,2.7803243111202289,7911,1223,1030,2409,5486,2409,1.0,0.1545948679054481,0.13019845784350903,0.30451270383011,0.69346479585387433,0.30451270383011
2019-02-20,6976,-0.98583205543284025,1.9886684589939989,2.7028789960325241,6976,1239,951,2219,5019,2219,1.0,0.17760894495412843,0.13632454128440366,0.31809059633027525,0.71946674311926606,0.31809059633027525
2019-02-21,7756,-1.5125381132126032,1.8691279436646295,2.9783200533758896,7756,1136,857,1767,5639,1767,1.0,0.14646725116039194,0.11049510056730273,0.22782362042289839,0.72705002578648792,0.22782362042289839
2019-02-22,6324,-0.97232026362193247,2.08111953006389,2.704944543618566,6324,948,783,1744,4294,1744,1.0,0.14990512333965844,0.12381404174573055,0.275774826059456,0.6790006325110689,0.275774826059456
2019-02-23,4671,-0.73938056860230739,2.0252106565262342,2.3602533682805356,4671,647,575,1200,3219,1200,1.0,0.13851423678013272,0.12309997859130807,0.25690430314707774,0.689145793192036,0.25690430314707774
2019-02-24,3199,-0.99759673589943876,1.7564873847298452,2.5318637551321586,3199,446,404,765,2108,765,1.0,0.13941856830259455,0.12628946545795561,0.23913723038449516,0.65895592372616441,0.23913723038449516
2019-02-25,6663,-1.0103547495225356,2.0626698001150876,2.5267956796030604,6663,1171,1069,1809,4604,1809,1.0,0.17574666066336486,0.1604382410325679,0.2714993246285457,0.69098003902146177,0.2714993246285457
2019-02-26,6865,-0.85077108039424065,1.99029153518924,2.4871594332155023,6865,1166,975,1759,4181,1759,1.0,0.16984705025491625,0.14202476329206118,0.25622723962126731,0.60903131828113621,0.25622723962126731
2019-02-27,6357,-0.640774937095,2.1125152131074194,2.4624297539056559,6357,970,880,1611,3761,1611,1.0,0.15258769859996854,0.13843007708038382,0.25342142520056632,0.59163127261286774,0.25342142520056632
2019-02-28,6414,-0.68883235157427558,2.0771098787740532,2.5111998243105016,6414,1015,1188,1918,4058,1918,1.0,0.15824758341128781,0.18521983161833488,0.29903336451512319,0.63267851574680389,0.29903336451512319
2019-03-01,7157,-0.95705625820756957,2.007917190055291,2.5532006628303514,7157,1236,1089,1700,4818,1700,1.0,0.172698057845466,0.15215872572306832,0.23752969121140141,0.67318708956266593,0.23752969121140141
2019-03-02,5657,-1.0667978757498366,1.476120082186509,2.51655598676583,5657,737,1005,1512,4198,1512,1.0,0.13028106770372988,0.17765600141417712,0.26727947675446351,0.74208944670319954,0.26727947675446351
2019-03-03,4162,-0.94999198866270707,1.6205333686293324,2.615205547364309,4162,555,537,1178,2992,1178,1.0,0.13334935127342623,0.12902450744834215,0.28303700144161459,0.7188851513695339,0.28303700144161459
2019-03-04,6750,-0.92972080120886347,1.9179148654958253,2.5854473503529314,6750,1194,869,2091,4627,2091,1.0,0.1768888888888889,0.12874074074074074,0.30977777777777776,0.68548148148148147,0.30977777777777776
2019-03-05,9495,-1.1594664769928609,1.8171045361735449,2.6980551108466861,9495,2864,918,2141,5797,2141,1.0,0.30163243812532914,0.0966824644549763,0.22548709847288045,0.61053185887309114,0.22548709847288045
2019-03-06,8054,-0.81684923014115174,1.8700174096257942,2.4776852133511955,8054,1830,803,1953,5202,1953,1.0,0.22721629004221505,0.099702011422895462,0.24248820461882295,0.64589024087409985,0.24248820461882295
2019-03-07,6574,-0.470864382216337,2.1341039920493938,2.5646468278035846,6574,1620,860,1652,4095,1652,1.0,0.24642531183449953,0.13081837541831456,0.251292972315181,0.62290842713720718,0.251292972315181
2019-03-08,5700,-0.88714903850018234,2.0428221638078603,2.7474899436066726,5700,1130,837,1710,3903,1710,1.0,0.19824561403508772,0.14684210526315788,0.3,0.6847368421052632,0.3
2019-03-09,3618,-1.1004059950229512,2.0288097082292986,2.8067729205471452,3618,633,437,983,2429,983,1.0,0.17495854063018243,0.12078496406854616,0.27169707020453288,0.67136539524599226,0.27169707020453288
2019-03-10,3505,-0.855734592005578,1.973727418909933,2.6136658199900222,3505,565,395,774,2468,774,1.0,0.16119828815977175,0.11269614835948645,0.22082738944365193,0.70413694721825959,0.22082738944365193
2019-03-11,7058,-0.695342066233049,1.6672585415105232,2.5009257970849395,7058,1175,839,2290,4870,2290,1.0,0.16647775573816945,0.11887220175687163,0.32445451969396427,0.68999716633607255,0.32445451969396427
2019-03-12,7048,-0.7692854329798372,1.9535982593620025,2.7831590452629791,7048,1269,1101,1904,4636,1904,1.0,0.18005107832009082,0.1562145289443814,0.27014755959137343,0.65777525539160042,0.27014755959137343
2019-03-13,7081,-1.7004135343456215,2.2091843874817769,3.6113171364834407,7081,1016,1392,1738,4349,1738,1.0,0.14348255896059878,0.19658240361530857,0.24544555853692981,0.61417878830673633,0.24544555853692981
2019-03-14,9021,-0.96503161572850338,2.2324665819616047,2.7360253777915129,9021,1183,1330,2070,6042,2070,1.0,0.13113845471677196,0.14743376565790933,0.22946458264050548,0.66977053541735954,0.22946458264050548
2019-03-15,12107,-1.516473636998878,1.9019720230986528,2.8085211678580579,12107,1118,1666,2979,8597,2979,1.0,0.092343272486991,0.13760634343768069,0.24605600066077477,0.7100850747501446,0.24605600066077477
2019-03-16,5820,-1.8353754845374355,2.0448641886900116,3.1828743602572849,5820,561,706,1308,4125,1308,1.0,0.096391752577319592,0.12130584192439862,0.22474226804123712,0.70876288659793818,0.22474226804123712
2019-03-17,3950,-1.7004547520264739,1.9203964362153858,3.2113750248551507,3950,394,379,941,2585,941,1.0,0.099746835443037973,0.0959493670886076,0.23822784810126582,0.65443037974683549,0.23822784810126582
2019-03-18,5995,-0.93968636284635543,1.8995345869786828,3.0668064179319767,5995,825,832,1633,3963,1633,1.0,0.13761467889908258,0.13878231859883236,0.27239366138448706,0.66105087572977483,0.27239366138448706
2019-03-19,6434,-0.85437892807948879,2.1200049839670378,2.6862225361980543,6434,809,956,1706,4070,1706,1.0,0.12573826546471867,0.14858563879390738,0.26515387006527819,0.63257693503263912,0.26515387006527819
2019-03-20,7343,-0.82359226048922651,1.9713858346628104,2.7562309877180744,7343,1235,930,1884,5272,1884,1.0,0.16818738935040176,0.12665123246629442,0.25657088383494486,0.71796268555086473,0.25657088383494486
2019-03-21,7948,-1.0605924463855994,1.984926829217635,2.9768857065980145,7948,1289,872,1897,5582,1897,1.0,0.16217916456970308,0.10971313537996981,0.23867639657775541,0.70231504781077,0.23867639657775541
2019-03-22,7825,-1.2149113006243792,2.1496362060501779,2.9507352563517921,7825,1032,731,1942,5278,1942,1.0,0.13188498402555909,0.0934185303514377,0.24817891373801917,0.67450479233226834,0.24817891373801917
2019-03-23,4650,-0.93024591314145522,2.3677097506189462,2.8600310322294988,4650,708,623,1116,3429,1116,1.0,0.15225806451612903,0.13397849462365591,0.24,0.73741935483870968,0.24
2019-03-24,3933,-1.0162603325891786,1.9889640405545024,2.5683746149730378,3933,577,465,877,2845,877,1.0,0.1467073480803458,0.11823035850495804,0.22298499872870584,0.72336638698194766,0.22298499872870584
2019-03-25,6334,-0.67034746860833794,2.2100774361647861,2.7757375745135353,6334,877,1108,1952,4455,1952,1.0,0.13845910956741395,0.17492895484685822,0.30817808651720874,0.70334701610356809,0.30817808651720874
2019-03-26,7901,-0.9132928608292763,1.8901076616661034,2.6756303048220342,7901,1230,1287,2232,4990,2232,1.0,0.15567649664599417,0.16289077331983293,0.28249588659663333,0.6315656246044804,0.28249588659663333
2019-03-27,8150,-0.859854487199246,2.1636099771625763,2.7604125131797694,8150,1276,1383,2344,5625,2344,1.0,0.15656441717791411,0.16969325153374232,0.2876073619631902,0.69018404907975461,0.2876073619631902
2019-03-28,7727,-0.8653436425406269,1.9636135951588651,2.7330695127856015,7727,1171,1261,2232,5035,2232,1.0,0.15154652517147665,0.16319399508217938,0.2888572537854277,0.65161123333764726,0.2888572537854277
2019-03-29,8371,-0.91676078990538534,1.9992134541851161,2.5726192129420182,8371,1239,1023,2041,5793,2041,1.0,0.14801099032373671,0.12220762155059132,0.24381794289810058,0.69203201529088521,0.24381794289810058
2019-03-30,6219,-0.52441287848767459,1.6360625209972979,2.3435731323731797,6219,708,573,1221,3890,1221,1.0,0.11384466956102267,0.092136999517607329,0.19633381572600098,0.62550249236211608,0.19633381572600098
2019-03-31,5040,-0.98172631890409345,1.7773269243385832,2.7954582397757064,5040,950,553,1388,3542,1388,1.0,0.18849206349206349,0.10972222222222222,0.27539682539682542,0.70277777777777772,0.27539682539682542
2019-04-01,7943,-1.3923629293116329,2.2337360558163488,3.2623077306155661,7943,1909,820,2169,5476,2169,1.0,0.24033740400352513,0.10323555331738637,0.27307062822611106,0.68941206093415586,0.27307062822611106
2019-04-02,8519,-1.2324104578006227,1.9836321733336515,2.9759172222992816,8519,1698,1153,2374,5894,2374,1.0,0.1993191689165395,0.13534452400516492,0.27867120554055641,0.69186524239934266,0.27867120554055641
2019-04-03,7766,-1.0377336551058951,1.8927955899068307,2.9873980963305948,7766,1604,981,2279,5655,2279,1.0,0.20654133402008756,0.12631985578161214,0.29345866597991244,0.72817409219675511,0.29345866597991244
2019-04-04,7412,-0.86096353650493085,2.0401959256593716,2.8039642163404812,7412,1211,791,1631,4997,1631,1.0,0.16338370210469508,0.10671883432271992,0.22004856988667026,0.67417701025364274,0.22004856988667026
2019-04-05,6807,-1.2731818908287842,1.9440148966943636,2.9251780644805874,6807,1207,799,1711,4752,1711,1.0,0.17731746731306008,0.11737916850301161,0.2513588952548847,0.69810489202291759,0.2513588952548847
2019-04-06,4513,-0.74002765410691729,1.9617535229344172,2.6109371086439204,4513,721,401,986,2855,986,1.0,0.15976069133614004,0.088854420562818517,0.21847994682029692,0.63261688455572784,0.21847994682029692
2019-04-07,3904,-0.5890085217124541,2.0201042256377924,2.7596054137170678,3904,685,477,971,2676,971,1.0,0.1754610655737705,0.12218237704918032,0.24871926229508196,0.68545081967213117,0.24871926229508196
2019-04-08,6736,-1.0008618751619409,2.1195679006967567,2.8920710540840062,6736,1382,905,1923,4306,1923,1.0,0.20516627078384797,0.13435273159144892,0.28548099762470308,0.63925178147268413,0.28548099762470308
2019-04-09,7987,-0.99286855814077823,2.2274275405603547,2.8018647648538257,7987,1694,1285,2326,5384,2326,1.0,0.21209465381244522,0.16088644046575684,0.29122323776136222,0.67409540503317888,0.29122323776136222
2019-04-10,7553,-0.94644508100918168,2.2060243660833638,2.8220926961896637,7553,1487,1265,2177,5272,2177,1.0,0.19687541374288361,0.1674831192903482,0.28822984244670991,0.69800079438633655,0.28822984244670991
2019-04-11,7527,-0.84355636448405757,2.0653273678435831,2.637897575498751,7527,1454,1257,2443,5176,2443,1.0,0.19317125016606881,0.16699880430450378,0.32456489969443336,0.68765776537797263,0.32456489969443336
2019-04-12,8043,-0.89421671937708147,1.9080970406348758,2.7535214843630218,8043,1292,1005,2087,5695,2087,1.0,0.16063657839114759,0.12495337560611712,0.25948029342285217,0.70806912843466363,0.25948029342285217
2019-04-13,4468,-1.1917406413566503,1.7886280717336238,2.9578480270676737,4468,979,578,1411,2892,1411,1.0,0.21911369740376008,0.12936436884512087,0.31580125335720682,0.64726947179946281,0.31580125335720682
2019-04-14,5521,-0.66963597861910029,1.8695480931228778,2.7651062012856515,5521,894,385,1318,3969,1318,1.0,0.16192718710378554,0.069733743886976993,0.23872486868320955,0.71889150516210831,0.23872486868320955
2019-04-15,7943,-1.3344177073113876,1.971817641431487,3.5681740048951851,7943,1379,936,2402,5623,2402,1.0,0.17361198539594611,0.11783960720130933,0.30240463301019765,0.707918922321541,0.30240463301019765
2019-04-16,7643,-1.7330753007862736,2.0204884983259839,3.7321641923063988,7643,1371,1106,2411,5276,2411,1.0,0.17937982467617428,0.14470757555933533,0.315452047625278,0.69030485411487641,0.315452047625278
2019-04-17,8834,-1.6087888303296789,2.1088629631376565,3.6249872677511843,8834,1816,1149,2506,6331,2506,1.0,0.20556939098935931,0.13006565542223228,0.28367670364500791,0.71666289336653832,0.28367670364500791
2019-04-18,7781,-1.0965370036475663,2.0394260485207369,3.2053425410099452,7781,1345,989,2056,5378,2056,1.0,0.17285695925973527,0.12710448528466778,0.26423338902454696,0.69117080066829462,0.26423338902454696
2019-04-19,6804,-1.5579379182380981,2.0602236524151709,3.4985219578269064,6804,1067,942,1639,4647,1639,1.0,0.15681951793062904,0.13844797178130511,0.24088771310993534,0.68298059964726632,0.24088771310993534
2019-04-20,4488,-2.1326481959037755,1.9312453237617115,4.1926431058256322,4488,639,605,1247,3106,1247,1.0,0.142379679144385,0.13480392156862744,0.27785204991087342,0.6920677361853832,0.27785204991087342
2019-04-21,3320,-1.7871369683032183,1.9089047596619564,3.4594921776060574,3320,542,396,824,2370,824,1.0,0.16325301204819276,0.11927710843373494,0.24819277108433735,0.713855421686747,0.24819277108433735
2019-04-22,7103,-1.1279163608139677,1.9996905765236959,3.1279052137793024,7103,996,1089,2249,4628,2249,1.0,0.14022244122201888,0.15331550049274953,0.31662677741799239,0.6515556806982965,0.31662677741799239
2019-04-23,8163,-1.2840639414307851,1.9947971852674451,3.1724141764730249,8163,1341,1139,2453,5712,2453,1.0,0.16427783902976847,0.13953203479113072,0.30050226632365551,0.69974274163910322,0.30050226632365551
2019-04-24,7761,-0.9882808611967433,2.2331207703125404,2.9189192209616097,7761,1374,1020,2128,5281,2128,1.0,0.17703904136064941,0.13142636258214146,0.27419147017136969,0.6804535498002835,0.27419147017136969
2019-04-25,8461,-1.3569534262111724,2.1405039764470595,3.4063543292626188,8461,1475,1103,2085,5878,2085,1.0,0.17432927549934996,0.13036284127171729,0.2464247724855218,0.6947169365323248,0.2464247724855218
2019-04-26,8777,-1.1625442568590261,2.2256676132446773,3.1628162032436142,8777,1493,1008,2303,5981,2303,1.0,0.17010368007291785,0.11484561923208386,0.26239033838441383,0.68144012760624362,0.26239033838441383
2019-04-27,5807,-1.4170599858577295,1.7733901763123023,3.5200167728455516,5807,727,586,1191,4179,1191,1.0,0.12519373170311693,0.10091269157912863,0.20509729636645427,0.71964869984501467,0.20509729636645427
2019-04-28,4747,-1.0333843824641658,2.4058684779074997,3.3791824075050565,4747,755,523,1263,3409,1263,1.0,0.15904781967558457,0.11017484727196124,0.266062776490415,0.71813777122393085,0.266062776490415
2019-04-29,8243,-0.80183866727602626,2.274807459045125,2.5775203752122238,8243,996,1017,2110,5871,2110,1.0,0.12082979497755672,0.12337741113672207,0.25597476646851874,0.71224068906951354,0.25597476646851874
2019-04-30,7393,-0.9663390763850791,2.1785463948406187,2.8399492417841454,7393,1195,1011,2365,5417,2365,1.0,0.16163938861084809,0.13675098065737859,0.31989720005410521,0.73272014067361013,0.31989720005410521
2019-05-01,6659,-0.75397687973920469,2.3060250736380268,2.6246393614857229,6659,1031,1026,1778,4963,1778,1.0,0.1548280522600991,0.15407718876708215,0.26700705811683434,0.7453071031686439,0.26700705811683434
2019-05-02,7963,-0.8194191288052,1.9999676523015026,2.63328506302326,7963,1429,1159,2357,5771,2357,1.0,0.17945497927916615,0.14554816024111517,0.29599397212105988,0.72472686173552681,0.29599397212105988
2019-05-03,6846,-1.0855797972383752,1.9769089071050057,2.8461429598824828,6846,1004,975,1868,4771,1868,1.0,0.14665498101080923,0.14241893076248904,0.27286006427110721,0.69690330119777977,0.27286006427110721
2019-05-04,4341,-1.0244640639414238,2.184185452811886,2.8975631793851062,4341,834,466,1093,2895,1093,1.0,0.19212163096060816,0.10734853720340935,0.2517853029255932,0.66689702833448516,0.2517853029255932
2019-05-05,4561,-1.0861720182767285,1.9311625006430566,2.85668163150758,4561,965,464,1245,3265,1245,1.0,0.21157640868230651,0.10173207629905723,0.27296645472484105,0.71585178688884021,0.27296645472484105
2019-05-06,8661,-1.7286308386738947,1.9130468243398127,3.0135175344949947,8661,1267,782,2098,6497,2098,1.0,0.14628795751068005,0.090289804872416585,0.24223530770118923,0.75014432513566565,0.24223530770118923
2019-05-07,8358,-1.0995308325929385,1.9184102524837254,2.6190273421780472,8358,1341,885,2271,5693,2271,1.0,0.16044508255563533,0.10588657573582197,0.27171572146446521,0.68114381430964344,0.27171572146446521
2019-05-08,7716,-0.83568701012097768,2.0022281535441744,2.6001215490821763,7716,1027,1488,2450,5435,2450,1.0,0.13310005184033177,0.19284603421461896,0.31752203214100572,0.70438050803525143,0.31752203214100572
2019-05-09,8445,-0.71352296351299083,1.8600244971101365,2.5237355054975956,8445,1070,1279,2492,6105,2492,1.0,0.12670219064535229,0.15145056246299585,0.29508584961515688,0.72291296625222023,0.29508584961515688
2019-05-10,7262,-0.90475354632491278,1.954934116775858,2.6491943583249813,7262,1190,1036,2174,5320,2174,1.0,0.16386670338749657,0.14266042412558524,0.29936656568438447,0.73258055632057284,0.29936656568438447
2019-05-11,4684,-0.86838800252249693,1.6409280127630963,2.6240262040433007,4684,718,479,1027,2902,1027,1.0,0.15328778821520067,0.10226302305721606,0.21925704526046114,0.61955593509820661,0.21925704526046114
2019-05-12,4365,-1.1682743754975762,1.6286990674835935,2.907658735972158,4365,578,404,801,3149,801,1.0,0.13241695303550974,0.09255441008018328,0.18350515463917524,0.72142038946162657,0.18350515463917524
2019-05-13,7997,-0.8823508130327653,1.8028072285841066,2.5474473360367891,7997,1589,1288,1987,5365,1987,1.0,0.19869951231711891,0.16106039764911842,0.2484681755658372,0.67087657871701889,0.2484681755658372
2019-05-14,8222,-1.0529873001730354,1.9021079582279947,2.6437335026264268,8222,1253,1222,2602,5579,2602,1.0,0.15239601070299197,0.1486256385307711,0.31646801264899049,0.67854536609097538,0.31646801264899049
2019-05-15,9332,-0.83278538114956269,1.838589655869129,2.4134845696936229,9332,1415,1251,3228,6609,3228,1.0,0.15162880411487356,0.13405486498071154,0.3459065580797257,0.708208315473639,0.3459065580797257
2019-05-16,8189,-1.0498765689462919,2.0797316361225224,2.8232480085593803,8189,1538,1124,2480,5805,2480,1.0,0.18781291977042375,0.13725729637318354,0.30284528025399926,0.70887776285260717,0.30284528025399926
2019-05-17,6805,-1.1086578685892046,2.0684022977144636,2.7730903033686767,6805,1207,862,1957,4807,1957,1.0,0.17736958119030125,0.12667156502571639,0.28758265980896397,0.70639235855988247,0.28758265980896397
2019-05-18,5632,-1.222652258553262,1.8051545658017474,2.6217608683152474,5632,759,544,1635,4348,1635,1.0,0.134765625,0.096590909090909088,0.29030539772727271,0.77201704545454541,0.29030539772727271
2019-05-19,4544,-0.94686179895174116,1.6487609189430867,2.3565965960772148,4544,697,677,972,3324,972,1.0,0.15338908450704225,0.14898767605633803,0.21390845070422534,0.73151408450704225,0.21390845070422534
2019-05-20,7423,-0.7713599365093462,2.0842196160991073,2.5802278010500914,7423,1135,1230,1922,4913,1922,1.0,0.15290313889263102,0.16570119897615521,0.25892496295298395,0.66186178095109793,0.25892496295298395
2019-05-21,7892,-1.0904704282401374,1.7951053464534397,2.7797263664602605,7892,1222,1116,2186,5051,2186,1.0,0.154840344652813,0.141409021794222,0.27698935631018751,0.64001520527116063,0.27698935631018751
2019-05-22,8781,-0.91197362348586508,1.9523727584985531,2.6841680815055766,8781,1520,1068,2261,5915,2261,1.0,0.17310101355198723,0.12162623846942262,0.257487757658581,0.67361348365789775,0.257487757658581
2019-05-23,9123,-1.0077194466914825,1.9498192341043139,2.8247475278183121,9123,1676,1181,2118,6396,2118,1.0,0.18371149841061055,0.12945303080127152,0.2321604735284446,0.70108516935218679,0.2321604735284446
2019-05-24,8805,-0.89079717002004211,1.8731557230703351,2.7385912040673328,8805,1159,934,2160,6071,2160,1.0,0.1316297558205565,0.10607609312890404,0.24531516183986371,0.68949460533787621,0.24531516183986371
2019-05-25,4086,-1.089256923875255,1.8332516869565876,2.6640542914839038,4086,605,481,1017,2874,1017,1.0,0.14806656877141458,0.11771904062652962,0.24889867841409691,0.70337738619676948,0.24889867841409691
2019-05-26,4802,-0.52126464137949291,1.5066407021594,2.3795048363667206,4802,553,353,1026,3382,1026,1.0,0.11516034985422741,0.073511037067888377,0.2136609745939192,0.70428987921699293,0.2136609745939192
2019-05-27,8213,-0.62326684246283426,1.5230447539500394,2.3045842507655014,8213,891,694,2013,6083,2013,1.0,0.10848654572019968,0.084500182637282359,0.2450992329234141,0.74065505905272133,0.2450992329234141
2019-05-28,8599,-0.89385172289310288,2.0867340479574725,2.7550820322343297,8599,1135,1039,2106,6014,2106,1.0,0.131992092103733,0.12082800325619258,0.24491219909291778,0.69938364926154206,0.24491219909291778
2019-05-29,10138,-1.5093706794699133,2.0442014463872722,3.1812133471118407,10138,1728,1133,3069,6037,3069,1.0,0.17044782008285658,0.11175774314460446,0.30272243045965674,0.59548234365752617,0.30272243045965674
2019-05-30,8117,-0.9198897913448,2.3169919276513951,2.7386683284386524,8117,1450,1124,2295,5446,2295,1.0,0.17863742762104226,0.13847480596279413,0.28273992854502894,0.6709375384994456,0.28273992854502894
2019-05-31,7927,-1.306716285196478,1.8604256402315806,3.0948529061260817,7927,1308,1002,2149,5696,2149,1.0,0.16500567680080735,0.12640343131071022,0.27109877633404816,0.71855683108363821,0.27109877633404816
2019-06-01,4708,-1.3742478042763635,1.71438402207704,2.8417522956864287,4708,806,610,1116,3081,1116,1.0,0.17119796091758707,0.12956669498725573,0.23704333050127444,0.65441801189464743,0.23704333050127444
2019-06-02,3905,-1.1155934911467003,1.6278119735807011,2.4559506924893379,3905,585,422,759,2696,759,1.0,0.14980793854033292,0.10806658130601793,0.19436619718309858,0.69039692701664535,0.19436619718309858
2019-06-03,8429,-0.86737097502315674,1.6796068870882708,2.2624599224402773,8429,1062,704,2278,5932,2278,1.0,0.12599359354609088,0.083521176889310711,0.27025744453671846,0.70376082572072607,0.27025744453671846
2019-06-04,10205,-0.9861710402359104,1.8005396756373366,2.5066538793632951,10205,1362,1350,2869,7463,2869,1.0,0.13346398824105832,0.13228809407153355,0.28113669769720723,0.73130818226359628,0.28113669769720723
2019-06-05,12094,-1.0088447156602678,1.7953480936992847,2.8849603991070123,12094,1540,1527,2861,8400,2861,1.0,0.12733586902596328,0.126260955845874,0.23656358524888374,0.69455928559616342,0.23656358524888374
2019-06-06,9370,-0.78841934525432789,1.8182303432818618,2.5328134883653757,9370,1220,1273,2606,6399,2606,1.0,0.13020277481323372,0.13585912486659552,0.27812166488794021,0.68292422625400218,0.27812166488794021
2019-06-07,8318,-0.80665863734175891,1.8269379850352834,2.5291455659629944,8318,859,1054,2319,5635,2319,1.0,0.10327001683096898,0.12671315220004808,0.27879297908150996,0.67744650156287567,0.27879297908150996
2019-06-08,4720,-0.94463833417543086,2.1164960713541459,2.7969018152607403,4720,548,550,1276,3067,1276,1.0,0.11610169491525424,0.11652542372881355,0.27033898305084747,0.64978813559322035,0.27033898305084747
2019-06-09,4358,-1.3582991432307336,1.7737874453882021,2.84002872071687,4358,692,465,1121,2811,1121,1.0,0.15878843506195503,0.10670032124827902,0.25722808627810922,0.64502065167508027,0.25722808627810922
2019-06-10,6985,-0.92788330231906513,1.8325289291570188,2.7219668610033514,6985,1206,854,2019,4961,2019,1.0,0.172655690765927,0.12226198997852541,0.28904795991410165,0.710236220472441,0.28904795991410165
2019-06-11,8376,-1.20201709121953,1.93367082189816,2.7284026647365516,8376,1246,1107,2510,5570,2510,1.0,0.14875835721107927,0.13216332378223497,0.29966571155682903,0.66499522445081183,0.29966571155682903
2019-06-12,8630,-0.87230626808414313,1.8938521335194047,2.7155436430740738,8630,1397,1227,2360,5640,2360,1.0,0.16187717265353418,0.1421784472769409,0.27346465816917731,0.65353418308227118,0.27346465816917731
2019-06-13,7603,-1.0333375851966984,2.0534219907346434,2.7145770348263425,7603,1557,942,2249,5207,2249,1.0,0.20478758384848086,0.12389846113376299,0.29580428778113904,0.68486123898461138,0.29580428778113904
2019-06-14,8098,-1.0136930237784685,2.3245207504219003,3.0089647962923332,8098,1584,882,2100,5075,2100,1.0,0.19560385280316128,0.10891578167448752,0.25932328970116075,0.6266979501111386,0.25932328970116075
2019-06-15,4102,-1.2296227224467176,1.8958083003452488,2.8295172790574878,4102,773,440,1308,2541,1308,1.0,0.18844466114090688,0.10726474890297416,0.31886884446611408,0.61945392491467577,0.31886884446611408
2019-06-16,3830,-1.6050308417647774,1.6459837881795016,3.3144846721003849,3830,614,386,1148,2727,1148,1.0,0.16031331592689296,0.10078328981723238,0.29973890339425585,0.71201044386422974,0.29973890339425585
2019-06-17,6705,-1.1570759560046011,1.89610730719925,2.8557541830064812,6705,958,864,1936,4600,1936,1.0,0.14287844891871737,0.12885906040268458,0.28873974645786726,0.686055182699478,0.28873974645786726
2019-06-18,8298,-0.95871546009618813,1.9279777523476085,2.6723523618691996,8298,1269,1103,2679,5495,2679,1.0,0.15292841648590022,0.1329235960472403,0.32284887924801159,0.66220776090624245,0.32284887924801159
2019-06-19,10003,-0.98322015223275649,1.7822078073523979,2.4710572503923212,10003,1442,1875,3624,7118,3624,1.0,0.14415675297410777,0.18744376686993902,0.36229131260621811,0.71158652404278722,0.36229131260621811
2019-06-20,9670,-0.84118152787709632,1.7857308497650775,2.5543599211036261,9670,1412,2254,3186,6936,3186,1.0,0.14601861427094107,0.23309203722854188,0.32947259565667009,0.71726990692864534,0.32947259565667009
2019-06-21,9708,-1.2830532872100786,1.7960820394422474,2.8191463271938328,9708,1021,1140,2404,6829,2404,1.0,0.10517099299546766,0.11742892459826947,0.24763081994231562,0.70344046147507211,0.24763081994231562
2019-06-22,5329,-1.7910861075371614,1.5649302170668526,3.0717511332819316,5329,650,493,1123,3334,1123,1.0,0.12197410395946706,0.092512666541565022,0.21073372114843311,0.625633327078251,0.21073372114843311
2019-06-23,4779,-1.764373242537677,1.859846552076438,3.199508600887301,4779,693,638,1324,3086,1324,1.0,0.14500941619585686,0.13350073237078885,0.27704540698890984,0.64574178698472484,0.27704540698890984
2019-06-24,8875,-1.2271487990017478,1.8557149430335975,2.7182914939084779,8875,1343,1060,2234,5985,2234,1.0,0.15132394366197183,0.11943661971830986,0.25171830985915494,0.67436619718309854,0.25171830985915494
2019-06-25,9968,-1.0325059904547711,1.830064697680132,2.5733399933811083,9968,1306,1645,2674,6845,2674,1.0,0.13101926163723918,0.16502808988764045,0.26825842696629215,0.6866974317817014,0.26825842696629215
2019-06-26,10725,-1.1682237453586,1.8822582593633637,2.5584667715740079,10725,1284,1304,2660,7845,2660,1.0,0.11972027972027972,0.12158508158508159,0.248018648018648,0.73146853146853141,0.248018648018648
2019-06-27,12271,-1.1515835361017903,2.0310847930730875,2.6169028862995694,12271,1694,1577,3271,8890,3271,1.0,0.13804905875641757,0.12851438350582675,0.26656344226224432,0.72447233314318316,0.26656344226224432
2019-06-28,12661,-0.97872254119385338,1.9634867378138621,2.6400735714107548,12661,1158,1513,2507,9136,2507,1.0,0.091461969828607534,0.11950082931837927,0.19800963588974016,0.72158597267198488,0.19800963588974016
2019-06-29,8348,-0.7984471275934113,1.7817008976421607,2.4275549129411171,8348,890,759,1525,6162,1525,1.0,0.10661236224245328,0.090919980833732636,0.18267848586487781,0.73814087206516532,0.18267848586487781
2019-06-30,5200,-0.96221792197107892,1.8859490777565047,2.6323180668086992,5200,520,581,1152,3577,1152,1.0,0.1,0.11173076923076923,0.22153846153846155,0.68788461538461543,0.22153846153846155
2019-07-01,8268,-1.1415006503435572,1.9019128808734238,2.7565580647498233,8268,934,1016,2204,5849,2204,1.0,0.11296565070149976,0.12288340590227383,0.26656990807934206,0.707426221577165,0.26656990807934206
2019-07-02,7934,-1.0148790576965947,2.0273108105255249,2.5915458584657323,7934,922,908,1846,4459,1846,1.0,0.11620872195613814,0.11444416435593648,0.23266952356944795,0.56201159566422987,0.23266952356944795
2019-07-03,7784,-0.672442962605251,2.1565368307118242,2.5108207603667556,7784,1016,1125,2162,4905,2162,1.0,0.13052415210688592,0.14452723535457349,0.2777492291880781,0.63013874614594034,0.2777492291880781
2019-07-04,6854,-1.000653900087227,2.0118292783600431,2.6735089568796884,6854,1053,993,1786,4426,1786,1.0,0.15363291508608112,0.14487890283046395,0.26057776480887074,0.64575430405602563,0.26057776480887074
2019-07-05,6967,-0.69715325415762408,1.9758129528570949,2.4581615213947168,6967,992,753,1903,4329,1903,1.0,0.14238553179273719,0.10808095306444668,0.27314482560643033,0.62135782976891063,0.27314482560643033
2019-07-06,4049,-0.86498760219161441,1.7413201187129748,2.5755155959774068,4049,525,401,919,2389,919,1.0,0.12966164485058038,0.0990367992096814,0.22696962212892072,0.5900222277105458,0.22696962212892072
2019-07-07,3905,-1.1090846702670176,1.7013736418629228,2.58786956937102,3905,387,377,796,2421,796,1.0,0.099103713188220227,0.096542893725992313,0.20384122919334188,0.61997439180537772,0.20384122919334188
2019-07-08,7300,-1.0633061146843894,1.9875285480714124,2.7721708286676496,7300,1148,828,1940,4875,1940,1.0,0.15726027397260273,0.11342465753424658,0.26575342465753427,0.6678082191780822,0.26575342465753427
2019-07-09,8101,-1.0723937092162306,2.0034914824209391,2.5211142110477422,8101,1199,920,2482,5885,2482,1.0,0.14800641896062214,0.11356622639180348,0.30638192815701765,0.72645352425626464,0.30638192815701765
2019-07-10,8487,-1.2210922307017276,1.9388388020659395,2.9167843277544865,8487,1167,908,2158,5696,2158,1.0,0.1375044185224461,0.10698715682809001,0.25427123836455756,0.67114410274537528,0.25427123836455756
2019-07-11,9000,-1.535037622102952,1.8402915488380778,3.1593880901205571,9000,1395,1175,2559,5682,2559,1.0,0.155,0.13055555555555556,0.28433333333333333,0.6313333333333333,0.28433333333333333
2019-07-12,8330,-1.465643530884204,1.8306724987998739,3.166708300362735,8330,1198,1137,2427,5470,2427,1.0,0.14381752701080433,0.13649459783913565,0.2913565426170468,0.65666266506602644,0.2913565426170468
2019-07-13,5168,-2.3199450376612676,1.774041571463246,3.5360046241332461,5168,518,510,1364,3373,1364,1.0,0.10023219814241487,0.098684210526315791,0.26393188854489164,0.65267027863777094,0.26393188854489164
2019-07-14,3977,-1.6730366117382847,1.6318408810817668,3.1736026542257951,3977,654,453,977,2481,977,1.0,0.164445561981393,0.11390495348252451,0.24566255971838069,0.62383706311289921,0.24566255971838069
2019-07-15,6842,-1.3462463866836754,1.8547916687963151,3.4150208465986842,6842,1065,994,1786,4412,1786,1.0,0.15565624086524407,0.14527915814089448,0.26103478515054079,0.644840689856767,0.26103478515054079
2019-07-16,8652,-0.94146218720610186,1.89938038058305,2.7705449165438694,8652,1139,843,1834,5863,1834,1.0,0.13164586222838651,0.097434119278779471,0.21197411003236247,0.67764678687008784,0.21197411003236247
2019-07-17,8133,-0.92693972846769379,1.8896469865026915,2.619072344676189,8133,1367,1039,1939,5355,1939,1.0,0.16808065904340341,0.12775113734169433,0.23841141030370097,0.65842862412393954,0.23841141030370097
2019-07-18,7847,-1.5058280969092619,1.9117962471608152,3.1434040454270775,7847,919,1075,2357,5486,2357,1.0,0.11711482095068179,0.13699502994775073,0.30036956798776604,0.69912068306359121,0.30036956798776604
2019-07-19,6926,-1.0546744916961253,1.9834926324943387,2.82217687821586,6926,1169,941,1750,4471,1750,1.0,0.16878429107710077,0.13586485706035228,0.25267109442679758,0.64553855038983543,0.25267109442679758
2019-07-20,4325,-1.7066500197508871,1.7555332321172923,3.0780873623864924,4325,679,588,884,2704,884,1.0,0.1569942196531792,0.13595375722543351,0.20439306358381504,0.62520231213872834,0.20439306358381504
2019-07-21,3822,-1.2822178748090003,1.6295462106195102,2.7883687949785512,3822,629,469,804,2400,804,1.0,0.16457352171637885,0.1227106227106227,0.21036106750392464,0.62794348508634223,0.21036106750392464
2019-07-22,6286,-1.0868938376920974,1.957130102789373,2.7316012814577957,6286,921,768,1482,4180,1482,1.0,0.14651606745147946,0.12217626471524022,0.2357620108176901,0.66496977410117719,0.2357620108176901
2019-07-23,7213,-1.1180837537492936,2.0706063539766633,2.760302047406467,7213,957,804,1674,4578,1674,1.0,0.13267711077221683,0.11146540967697213,0.23208096492444197,0.63468737002634135,0.23208096492444197
2019-07-24,7310,-1.156551667279035,2.0712557761522579,2.8671768284173358,7310,990,812,1590,4596,1590,1.0,0.13543091655266759,0.11108071135430916,0.21751025991792067,0.62872777017783854,0.21751025991792067
2019-07-25,9369,-1.3152959687460879,1.8098640636921375,2.7452359901591694,9369,1021,885,1895,5850,1895,1.0,0.10897641157007151,0.094460454691002241,0.20226278151350197,0.62439961575408265,0.20226278151350197
2019-07-26,8091,-1.1580702689851632,1.8500846224179301,2.7586233541307079,8091,1080,869,1819,4703,1819,1.0,0.13348164627363737,0.10740328760351008,0.22481769867754295,0.58126313187492273,0.22481769867754295
2019-07-27,3901,-1.3163173379566431,1.9454928415702915,2.76968197919925,3901,498,404,962,2342,962,1.0,0.1276595744680851,0.10356318892591643,0.2466034350166624,0.600358882337862,0.2466034350166624
2019-07-28,4217,-1.2821179103216163,1.9046339229133393,2.8050149810583132,4217,592,538,916,2308,916,1.0,0.14038415935499171,0.12757884752193502,0.21721603035333176,0.54730851316101492,0.21721603035333176
2019-07-29,8398,-0.7916518145486221,2.0856584001679686,2.5838922474096742,8398,954,1352,1705,5028,1705,1.0,0.113598475827578,0.1609907120743034,0.20302452964991666,0.59871397951893313,0.20302452964991666
2019-07-30,8250,-0.95882665803140088,1.9616380583245041,2.9220306254266166,8250,1173,1140,1843,4895,1843,1.0,0.14218181818181819,0.13818181818181818,0.22339393939393939,0.59333333333333338,0.22339393939393939
2019-07-31,8849,-1.2543141597906102,1.8072143379835,2.7641864988941172,8849,1263,1115,2396,6188,2396,1.0,0.14272799186348739,0.12600293818510566,0.27076505819866653,0.69928805514747427,0.27076505819866653
2019-08-01,8534,-1.2509413980738102,1.9985335130720556,2.74616372666856,8534,1016,1121,1865,6060,1865,1.0,0.11905319896883056,0.13135692524021561,0.21853761424888682,0.71010077337707989,0.21853761424888682
2019-08-02,8502,-1.2744345869490461,2.0348642184192389,2.7945082779907144,8502,911,971,1755,4727,1755,1.0,0.10715125852740531,0.11420842154787109,0.20642201834862386,0.55598682662902843,0.20642201834862386
2019-08-03,5053,-1.7914242071916864,1.8195309002192013,3.1525151037461154,5053,644,534,932,2828,932,1.0,0.12744904017415395,0.10567979418167425,0.18444488422719177,0.55966752424302391,0.18444488422719177
2019-08-04,3671,-1.267800654753426,1.9785888280818871,2.7557609439173829,3671,529,463,833,2145,833,1.0,0.14410242440751839,0.12612367202397168,0.22691364750749116,0.58430945246526833,0.22691364750749116
2019-08-05,6765,-1.0731419586051969,1.8035249864753451,2.6583111212542541,6765,1010,820,1563,3786,1563,1.0,0.14929785661492978,0.12121212121212122,0.23104212860310422,0.55964523281596457,0.23104212860310422
2019-08-06,7947,-1.4512312580184834,1.9273517212833517,3.2467974155070918,7947,1084,873,1693,4565,1693,1.0,0.13640367434251918,0.10985277463193659,0.21303636592424816,0.57443060274317348,0.21303636592424816
2019-08-07,6643,-1.4175963641078417,1.916445364714638,3.3022334509888536,6643,1312,845,1764,3993,1764,1.0,0.19750112900797831,0.12720156555772993,0.26554267650158059,0.6010838476591901,0.26554267650158059
2019-08-08,10255,-1.7065782538827747,1.9614455905510084,3.0176948636471765,10255,2011,1610,3214,6536,3214,1.0,0.1960994636762555,0.15699658703071673,0.31340809361287175,0.63734763529985372,0.31340809361287175
2019-08-09,7264,-1.2000729227947793,1.8683935927584219,2.911354171575018,7264,1210,895,1918,4450,1918,1.0,0.16657488986784141,0.1232103524229075,0.26404185022026433,0.61261013215859028,0.26404185022026433
2019-08-10,4104,-1.5269052269194907,1.8647676245814089,2.935809046005029,4104,557,605,1188,2521,1188,1.0,0.13572124756335283,0.14741715399610136,0.28947368421052633,0.6142787524366472,0.28947368421052633
2019-08-11,3258,-1.5379440753518163,1.8073112289147535,2.85908107205335,3258,481,422,740,2135,740,1.0,0.14763658686310621,0.12952731737262124,0.22713321055862493,0.65531000613873547,0.22713321055862493
2019-08-12,7467,-1.5701383062137457,1.7693284383525887,2.9013246411590456,7467,863,841,1726,5103,1726,1.0,0.11557519753582429,0.11262890049551359,0.23115039507164858,0.68340699075934108,0.23115039507164858
2019-08-13,8828,-1.3413411542049094,1.7761986902802422,2.54709018373295,8828,1151,1398,3082,6161,3082,1.0,0.13038060715903943,0.1583597643860444,0.34911644766651562,0.69789306751246039,0.34911644766651562
2019-08-14,8871,-1.2128189836957284,1.8933750333541155,2.6100530366919568,8871,1445,2148,2298,5837,2298,1.0,0.1628903167624845,0.24213730131890429,0.2590463307406155,0.65798669823018829,0.2590463307406155
2019-08-15,7616,-1.029272269132937,1.8334860132050537,2.5866482763357754,7616,1210,1095,2195,4157,2195,1.0,0.15887605042016806,0.14377626050420167,0.28820903361344535,0.54582457983193278,0.28820903361344535
2019-08-16,7648,-0.93127512575864968,1.6928627919344064,2.4392538310704825,7648,1205,939,2182,4940,2182,1.0,0.15755753138075315,0.12277719665271966,0.28530334728033474,0.64592050209205021,0.28530334728033474
2019-08-17,4096,-1.1785760782756398,2.049013172721323,2.7624646496910228,4096,770,618,1065,2467,1065,1.0,0.18798828125,0.15087890625,0.260009765625,0.602294921875,0.260009765625
2019-08-18,3870,-1.7808981321484407,1.7550956669658806,3.0863074815354263,3870,440,528,926,2524,926,1.0,0.11369509043927649,0.13643410852713178,0.2392764857881137,0.65219638242894051,0.2392764857881137
2019-08-19,6607,-1.3175899181520463,2.1846067059689052,3.1108403855615423,6607,800,655,1460,4110,1460,1.0,0.12108369910700773,0.09913727864386257,0.22097775087028909,0.62206750416225221,0.22097775087028909
2019-08-20,5729,-0.81911664134811746,2.2827554358502304,2.5377017097971524,5729,710,563,1336,3609,1336,1.0,0.12393087798917787,0.098271949729446681,0.23319951125850935,0.62995287135625766,0.23319951125850935
2019-08-21,6492,-1.2029761064315616,1.8663109054190852,2.8142806511707117,6492,747,758,2019,4323,2019,1.0,0.11506469500924214,0.11675908810844116,0.31099815157116451,0.66589648798521262,0.31099815157116451
2019-08-22,11679,-1.3549248673639411,1.6944404955925323,2.8385580976666662,11679,1330,1426,3872,8242,3872,1.0,0.1138796129805634,0.12209949481976197,0.33153523418100866,0.70571110540285986,0.33153523418100866
2019-08-23,12032,-2.2524068392484811,1.9061276116271793,3.575484065503113,12032,1303,1275,2714,8685,2714,1.0,0.10829454787234043,0.10596742021276596,0.22556515957446807,0.72182513297872342,0.22556515957446807
2019-08-24,9901,-2.5090716832524724,1.6889541250945561,3.3627328222331174,9901,680,778,2208,7736,2208,1.0,0.06867993132006868,0.078577921422078575,0.22300777699222302,0.78133521866478128,0.22300777699222302
2019-08-25,7724,-1.951564755181348,1.6101543559975346,2.9955648997528539,7724,579,885,2134,6044,2134,1.0,0.074961160020714651,0.11457793889176593,0.27628171931641637,0.78249611600207147,0.27628171931641637
2019-08-26,11777,-1.5542360281964644,1.8107651502152842,2.7472020748650174,11777,1112,1083,2402,8540,2402,1.0,0.094421329710452584,0.091958902946420992,0.20395686507599559,0.72514222637343972,0.20395686507599559
2019-08-27,10589,-1.3773819239601972,1.6643270387809239,2.7169072302476343,10589,1479,963,2324,7559,2324,1.0,0.13967324582113513,0.09094343186325432,0.21947303805836246,0.71385399943337424,0.21947303805836246
2019-08-28,10309,-1.5043333157407672,1.84600493743591,2.9511866916204923,10309,1302,1234,2020,6522,2020,1.0,0.12629741003007081,0.11970123193326219,0.19594529052284412,0.63265108157920269,0.19594529052284412
2019-08-29,10207,-1.2914678867185791,1.8821619710476418,2.7539850279769813,10207,1110,1381,2947,6795,2947,1.0,0.10874889781522484,0.13529930439894192,0.28872342510042126,0.66571960419320075,0.28872342510042126
2019-08-30,9468,-1.6369503099777958,1.8763319346323486,3.0838489872683126,9468,1189,1029,2558,6580,2558,1.0,0.12558090409801437,0.10868187579214195,0.2701732150401352,0.69497253907900292,0.2701732150401352
2019-08-31,5118,-1.8139821994780891,1.7333918621748385,3.0727019270891662,5118,742,872,1419,3588,1419,1.0,0.14497850722938649,0.170379054318093,0.27725674091441971,0.70105509964830015,0.27725674091441971
2019-09-01,4756,-1.6738601006460583,1.9095609954814992,3.1474707452678126,4756,521,552,1195,3438,1195,1.0,0.10954583683767873,0.11606391925988226,0.25126156433978131,0.72287636669470146,0.25126156433978131
2019-09-02,6715,-1.1795508419660312,1.8393934145707396,2.9222630100972107,6715,1043,1066,1677,4552,1677,1.0,0.15532390171258376,0.15874906924795235,0.24973938942665674,0.677885331347729,0.24973938942665674
2019-09-03,9473,-1.521407237619657,2.0491952721236375,3.5123695130494474,9473,1221,2058,2283,6567,2283,1.0,0.12889264224638447,0.21724902354058903,0.24100073894225693,0.69323340019001367,0.24100073894225693
2019-09-04,9774,-0.98724491420374882,1.7877481061752241,2.6938583024906531,9774,1359,1863,2835,7014,2835,1.0,0.13904235727440148,0.19060773480662985,0.29005524861878451,0.71761817065684474,0.29005524861878451
2019-09-05,9670,-1.2360428940586774,1.9904574287374091,2.9459665295957311,9670,1268,1615,2864,6875,2864,1.0,0.1311271975180972,0.16701137538779731,0.29617373319544982,0.71096173733195445,0.29617373319544982
2019-09-06,8654,-0.97297215259739811,1.826188444572596,2.7286678392871155,8654,1288,1186,2232,6166,2232,1.0,0.148832909637162,0.137046452507511,0.25791541483706959,0.71250288883753177,0.25791541483706959
2019-09-07,5693,-1.63983882559925,1.85838006191088,3.02774961809763,5693,727,690,1506,4021,1506,1.0,0.12770068505181803,0.12120147549622343,0.26453539434393114,0.70630598981204984,0.26453539434393114
2019-09-08,4298,-1.2488872313903356,1.77426646456616,2.8501565104198061,4298,612,504,1027,2891,1027,1.0,0.14239181014425314,0.11726384364820847,0.23894834806886925,0.67263843648208466,0.23894834806886925
2019-09-09,7886,-1.1399724135346965,1.8487153397817557,2.8458258159538876,7886,1224,986,2093,5446,2093,1.0,0.15521176768957645,0.12503170174993661,0.26540705046918589,0.6905909206188181,0.26540705046918589
2019-09-10,10348,-1.1013213069090484,1.707408277898397,2.6552256445332656,10348,1649,1035,2356,7422,2356,1.0,0.15935446463084654,0.10001932740626208,0.22767684576729802,0.717240046385775,0.22767684576729802
2019-09-11,9112,-1.0632267237559276,1.8816146140404468,2.7631806779590535,9112,1404,1260,2657,6559,2657,1.0,0.15408252853380158,0.13827919227392449,0.29159350307287096,0.7198200175592625,0.29159350307287096
2019-09-12,9428,-1.0937873948534154,1.8651273365218981,2.9218366527846857,9428,1446,1337,2409,6665,2409,1.0,0.15337293169282987,0.14181162494696647,0.25551548578701738,0.706936784047518,0.25551548578701738
2019-09-13,10706,-1.8164150148405789,1.8684625758644626,3.1695069900321262,10706,1125,1188,2182,7444,2182,1.0,0.10508126284326545,0.11096581356248833,0.2038109471324491,0.69531104053801607,0.2038109471324491
2019-09-14,5936,-1.6607781191589208,1.8538361094072775,3.2028394118976542,5936,729,687,1522,4244,1522,1.0,0.1228099730458221,0.11573450134770889,0.25640161725067384,0.71495956873315369,0.25640161725067384
2019-09-15,5083,-1.4608520605734341,1.7590485473352859,2.7684989873248709,5083,744,958,1333,3383,1333,1.0,0.14637025378713359,0.18847137517214244,0.26224670470194766,0.66555183946488294,0.26224670470194766
2019-09-16,7796,-0.97479301804781482,2.1189362017452065,2.750623580584906,7796,1368,1076,2180,5240,2180,1.0,0.17547460236018472,0.13801949717804002,0.2796305797845049,0.672139558748076,0.2796305797845049
2019-09-17,10676,-0.98480041276829133,1.9882920383118383,2.7458842845564533,10676,1943,1322,2796,6691,2796,1.0,0.18199700262270513,0.12382914949419258,0.26189584113900338,0.626732858748595,0.26189584113900338
2019-09-18,11614,-0.89447343945243374,1.8237617139094369,2.5307110018925019,11614,1562,1753,3834,8356,3834,1.0,0.13449285345272946,0.15093852247287756,0.33011882211124505,0.71947649388668844,0.33011882211124505
2019-09-19,13392,-1.1217279096143531,1.8636312839664435,2.7310730250496094,13392,1555,2213,4071,9348,4071,1.0,0.11611409796893668,0.16524790919952209,0.30398745519713261,0.69802867383512546,0.30398745519713261
2019-09-20,20837,-1.5368848664498089,1.81854964880422,2.7482285203472903,20837,1535,3941,7642,15180,7642,1.0,0.07366703460191007,0.18913471229063686,0.366751451744493,0.728511781926381,0.366751451744493
2019-09-21,11578,-1.7630726774828274,1.7781319576113956,3.0160600564162423,11578,541,1642,3495,8220,3495,1.0,0.046726550354119885,0.14182069442045259,0.30186560718604249,0.70996717913283813,0.30186560718604249
2019-09-22,8694,-1.2952397828303861,1.7196672061795437,2.5388607730216042,8694,602,1384,2715,5623,2715,1.0,0.069243156199677941,0.15919024614676788,0.31228433402346445,0.64676788589832068,0.31228433402346445
2019-09-23,18124,-1.2637752640530209,1.8499748638420832,2.6702583407655966,18124,1341,2748,5460,12561,5460,1.0,0.073990289119399685,0.15162215846391525,0.30125800044140366,0.69305892738909736,0.30125800044140366
2019-09-24,18612,-1.3976720352069734,1.9340542468739403,2.7888943092889167,18612,1388,2535,5243,12733,5243,1.0,0.074575542660649044,0.13620245003223727,0.28169997850848916,0.68412851923490225,0.28169997850848916
2019-09-25,17497,-1.2963294090449693,2.18210208668673,2.8113247234525005,17497,1157,2046,4035,12063,4035,1.0,0.0661256215351203,0.1169343315997028,0.23061096187917929,0.68943247413842368,0.23061096187917929
2019-09-26,13233,-0.99306454290963286,1.9893983867131981,2.737225187919889,13233,1076,1540,3165,9035,3165,1.0,0.081311871835562613,0.11637572734829593,0.23917479029698482,0.68276278999471018,0.23917479029698482
2019-09-27,14840,-1.2090175323664774,1.7757129420955344,2.6726866883476168,14840,971,1505,3520,10019,3520,1.0,0.065431266846361191,0.10141509433962265,0.23719676549865229,0.67513477088948792,0.23719676549865229
2019-09-28,7782,-1.1888573641052829,1.7927344230168341,2.7337531410657583,7782,559,949,2125,5469,2125,1.0,0.071832433821639688,0.12194808532510923,0.27306604985864819,0.7027756360832691,0.27306604985864819
2019-09-29,6718,-0.96315376802573471,1.7597460330284482,2.6541276419613493,6718,814,835,1569,4439,1569,1.0,0.1211670139922596,0.12429294432866925,0.23355165227746352,0.66076213158678176,0.23355165227746352
2019-09-30,8811,-0.93932423086670647,1.9431611299247642,2.6446943635641453,8811,990,1084,2117,5789,2117,1.0,0.11235955056179775,0.12302803314039269,0.24026784700942005,0.65701963454772438,0.24026784700942005
2019-10-01,9608,-1.0671332535728855,1.9723304229405108,2.4758851296011866,9608,829,1093,2147,6058,2147,1.0,0.08628226477935054,0.11375936719400499,0.22345961698584513,0.63051623646960864,0.22345961698584513
2019-10-02,8663,-0.944668411314146,1.9629445834113262,2.60596132373825,8663,942,1198,2226,5675,2226,1.0,0.10873831236292278,0.1382892762322521,0.25695486552002772,0.65508484358767172,0.25695486552002772
2019-10-03,9457,-1.1657280364569633,1.8294512808186065,2.9778595201435554,9457,1168,1297,2551,6307,2551,1.0,0.1235063973776039,0.1371470868140002,0.26974727714920166,0.66691339748334566,0.26974727714920166
2019-10-04,8463,-0.97431315446142319,1.9810044069705837,2.8407740970989295,8463,858,1054,2205,5488,2205,1.0,0.10138248847926268,0.12454212454212454,0.26054590570719605,0.64846980976013235,0.26054590570719605
2019-10-05,4905,-1.1375736567344434,1.8741951000436561,2.8427571919141412,4905,699,426,1090,3229,1090,1.0,0.14250764525993884,0.086850152905198777,0.22222222222222221,0.65830784913353724,0.22222222222222221
2019-10-06,4923,-1.4551574486973831,2.1667169165794418,2.9301401172217649,4923,398,440,1186,3140,1186,1.0,0.0808450132033313,0.089376396506195416,0.24091001421897218,0.63782246597603087,0.24091001421897218
2019-10-07,10385,-2.3776171322212791,2.129647115508924,4.17650046116894,10385,821,926,2373,7342,2373,1.0,0.079056331246990852,0.089167067886374574,0.22850264805007223,0.70698122291766974,0.22850264805007223
2019-10-08,9978,-1.7325064452936867,1.9556782374258752,3.7400802943309452,9978,1457,1027,2337,6681,2337,1.0,0.14602124674283423,0.10292643816396072,0.23421527360192423,0.669573060733614,0.23421527360192423
2019-10-09,10698,-1.1377885687880607,2.4357672441627845,3.1454427592932643,10698,1121,1630,3042,6836,3042,1.0,0.10478594129743878,0.1523649280239297,0.28435221536735839,0.63899794354084871,0.28435221536735839
2019-10-10,10351,-1.5142384202258559,2.1946561587077551,3.3298492139350642,10351,1086,1299,2602,6914,2602,1.0,0.10491739928509322,0.12549512124432421,0.25137667858177953,0.66795478697710364,0.25137667858177953
2019-10-11,10392,-1.269077463311745,2.5807226900422635,3.2260156634718151,10392,1178,1232,2728,6672,2728,1.0,0.11335642802155504,0.11855273287143957,0.26250962278675904,0.64203233256351044,0.26250962278675904
2019-10-12,5848,-2.0038224166816172,2.0507661773923425,3.6597496580010214,5848,674,544,1265,3863,1265,1.0,0.11525307797537619,0.093023255813953487,0.21631326949384405,0.66056771545827631,0.21631326949384405
2019-10-13,4458,-1.1754579740705289,1.9062058240336381,2.7991777637549018,4458,448,428,1049,3041,1049,1.0,0.10049349484073576,0.096007178106774338,0.23530731269627636,0.6821444593988335,0.23530731269627636
2019-10-14,7417,-0.98412467907182222,2.1913832240494764,3.1133976859733847,7417,1017,1102,1929,5140,1929,1.0,0.13711743292436296,0.14857759201833626,0.26007819873264121,0.693002561682621,0.26007819873264121
2019-10-15,8434,-1.5492020455371309,2.0040708098502855,3.3794526893648387,8434,868,890,2001,5832,2001,1.0,0.10291676547308513,0.10552525492055964,0.23725397201802229,0.69148683898506047,0.23725397201802229
2019-10-16,9530,-0.91649882967519791,2.0768323313992538,2.9675450289395156,9530,1029,945,2286,6471,2286,1.0,0.10797481636935992,0.099160545645330542,0.23987408184679959,0.67901364113326335,0.23987408184679959
2019-10-17,9503,-0.74861736948228086,2.081105512246475,2.9696635909482119,9503,1196,932,2280,6580,2280,1.0,0.12585499316005472,0.0980742923287383,0.23992423445227823,0.69241292223508366,0.23992423445227823
2019-10-18,8334,-1.1255801667212952,2.3895668254903932,3.0989919438542954,8334,1207,861,2272,5538,2272,1.0,0.14482841372690186,0.10331173506119511,0.27261819054475644,0.66450683945284372,0.27261819054475644
2019-10-19,5010,-1.2336951330944128,1.9509941095003471,2.5885108376498831,5010,593,479,1487,3669,1487,1.0,0.11836327345309382,0.095608782435129741,0.29680638722554892,0.7323353293413174,0.29680638722554892
2019-10-20,4878,-0.96249311345394217,1.708067513358754,2.5940774002301081,4878,405,412,1194,3491,1194,1.0,0.083025830258302583,0.084460844608446078,0.24477244772447723,0.71566215662156618,0.24477244772447723
2019-10-21,8190,-1.1163019428349927,1.8380988783626355,2.6891774265670962,8190,1595,952,2577,5654,2577,1.0,0.19474969474969475,0.11623931623931624,0.31465201465201464,0.69035409035409034,0.31465201465201464
2019-10-22,10829,-1.0195782591982414,2.0480417584150916,2.5598375325683733,10829,2379,1300,3780,7698,3780,1.0,0.21968787515006002,0.12004801920768307,0.34906270200387846,0.71086896296980329,0.34906270200387846
2019-10-23,8607,-1.0092788573600271,2.0389521153133843,2.6984186273758453,8607,1229,1159,2783,5726,2783,1.0,0.14279075171372138,0.13465783664459161,0.32334146624840249,0.66527245265481583,0.32334146624840249
2019-10-24,8679,-0.80015193253494821,1.9952508403734097,2.5498820300213931,8679,1082,978,2495,6002,2495,1.0,0.12466874063832238,0.11268579329415832,0.28747551561239776,0.69155432653531512,0.28747551561239776
2019-10-25,8132,-0.98957509756057194,2.0663965424702324,2.8169673674621341,8132,904,986,2275,4921,2275,1.0,0.11116576487948844,0.12124938514510576,0.27975897688145596,0.60514018691588789,0.27975897688145596
2019-10-26,4768,-1.4946662747480832,2.14366943307813,3.2067190175318223,4768,369,559,1417,2886,1417,1.0,0.077390939597315439,0.11723993288590603,0.29718959731543626,0.60528523489932884,0.29718959731543626
2019-10-27,3831,-1.3582956245234652,2.0526258556980412,2.9781238397416394,3831,477,402,872,2394,872,1.0,0.1245105716523101,0.10493343774471417,0.22761681023231531,0.624902114330462,0.22761681023231531
2019-10-28,6473,-1.0858377134090076,1.964298006450623,3.0661802177252913,6473,943,1061,1579,3976,1579,1.0,0.14568206395797931,0.16391163293681446,0.24393635099644678,0.61424378186312378,0.24393635099644678
2019-10-29,8362,-0.96844355495615264,2.063748775404842,2.7323840201808323,8362,1183,1392,2504,5424,2504,1.0,0.14147333173881846,0.16646735230806028,0.29944989237024633,0.64864864864864868,0.29944989237024633
2019-10-30,10236,-1.0796157103571955,2.3030420555066224,2.9265645163952665,10236,1300,1187,2676,6926,2676,1.0,0.12700273544353263,0.11596326690113326,0.26143024618991795,0.67663149667839,0.26143024618991795
2019-10-31,9207,-1.1437421769669134,1.9605352632807844,2.7389337577648578,9207,1186,949,2355,6336,2355,1.0,0.1288150320408385,0.10307374823503855,0.25578364288041705,0.68817204301075274,0.25578364288041705
2019-11-01,8303,-0.98568566173118644,1.9371278613885452,2.8524081140901441,8303,932,1031,2589,5497,2589,1.0,0.11224858484884981,0.12417198602914609,0.31181500662411177,0.66204986149584488,0.31181500662411177
2019-11-02,7324,-1.5468247932951105,1.5771458683816495,3.0782145509383958,7324,502,1217,2138,4705,2138,1.0,0.0685417804478427,0.16616602949208084,0.29191698525395959,0.642408519934462,0.29191698525395959
2019-11-03,5306,-1.5607498026964128,1.8193720981302026,3.0649318423524852,5306,448,770,1460,3553,1460,1.0,0.084432717678100261,0.14511873350923482,0.27516019600452318,0.66961929890689786,0.27516019600452318
2019-11-04,8060,-1.1187216169002452,1.9819383315687991,2.9975329205477061,8060,946,991,2176,5751,2176,1.0,0.1173697270471464,0.12295285359801489,0.26997518610421839,0.71352357320099258,0.26997518610421839
2019-11-05,10961,-0.76239964223423329,1.9474350287641438,2.4065810974403177,10961,1122,1528,3170,7708,3170,1.0,0.10236292309095886,0.13940333911139494,0.28920718912507981,0.70322050907763889,0.28920718912507981
2019-11-06,9782,-1.0250984825714469,2.20947779079437,2.9062570480760468,9782,1247,1413,2619,6514,2619,1.0,0.12747904314046207,0.14444898793702718,0.26773665916990391,0.66591699039051322,0.26773665916990391
2019-11-07,9043,-0.79365302220495593,2.1902959528050654,2.70523563286461,9043,986,1340,2677,6199,2677,1.0,0.10903461240738693,0.14818091341369014,0.29603007851376756,0.68550259869512331,0.29603007851376756
2019-11-08,8712,-0.8956050305283797,1.743562165007726,2.7773978821311105,8712,1039,1058,2155,5775,2155,1.0,0.11926078971533517,0.12144168962350781,0.24735996326905418,0.66287878787878785,0.24735996326905418
2019-11-09,5024,-1.48635067014594,1.7720964021049816,3.3037911681214847,5024,571,632,1106,3524,1106,1.0,0.11365445859872611,0.12579617834394904,0.22014331210191082,0.70143312101910826,0.22014331210191082
2019-11-10,4366,-1.6866456573068676,1.7763473121216491,3.4610593843453512,4366,480,545,941,2838,941,1.0,0.10994044892349977,0.12482821804855704,0.21552908841044435,0.65002290426019238,0.21552908841044435
2019-11-11,7184,-1.4166084931282941,2.0711761078967994,3.2607505822960228,7184,893,942,2082,4661,2082,1.0,0.12430400890868597,0.13112472160356348,0.2898106904231626,0.64880289532293989,0.2898106904231626
2019-11-12,8674,-1.0691347103199251,2.1127384284852044,3.0706905647570175,8674,1138,1316,2515,5890,2515,1.0,0.13119667973253402,0.15171777726539082,0.289946967950196,0.6790408116209361,0.289946967950196
2019-11-13,11642,-1.5602140985910402,1.9440276113272859,3.3485044795877172,11642,1474,2176,3212,7368,3212,1.0,0.12661054801580485,0.18690946572753822,0.27589761209414188,0.63288094829067165,0.27589761209414188
2019-11-14,10758,-1.8205250596447606,2.1121348444423944,3.5701565005411835,10758,1086,1742,3273,7002,3273,1.0,0.10094813162297825,0.16192600855177541,0.3042387060791969,0.65086447295036254,0.3042387060791969
2019-11-15,9877,-1.4976241482766504,2.0172956954666623,3.1847746041275262,9877,1182,1468,3343,7160,3343,1.0,0.11967196517161081,0.14862812594917485,0.33846309608180619,0.72491647261314163,0.33846309608180619
2019-11-16,5064,-1.3148514464870016,1.8811383951857186,2.8026222922745445,5064,550,676,1185,3527,1185,1.0,0.10860979462875198,0.13349131121642971,0.23400473933649288,0.69648499210110582,0.23400473933649288
2019-11-17,4344,-1.3029758104762841,1.8689773213247043,3.0195851890347676,4344,491,582,1310,2963,1310,1.0,0.11302946593001842,0.13397790055248618,0.30156537753222834,0.68209023941068136,0.30156537753222834
2019-11-18,7738,-1.1623139455300167,1.9530425909063123,2.8998233726868854,7738,946,1230,2444,5216,2444,1.0,0.12225381235461359,0.15895580253295424,0.31584388730938229,0.67407598862755236,0.31584388730938229
2019-11-19,9118,-0.99799280133293522,1.9572687800210042,2.9635215939687489,9118,1042,1266,2120,6386,2120,1.0,0.11427944724720333,0.13884623821013381,0.23250712875630622,0.70037288879140158,0.23250712875630622
2019-11-20,9076,-0.66300667793773449,1.9619690199624562,2.48328452648702,9076,1062,1101,2579,6128,2579,1.0,0.11701189951520494,0.12130894667254297,0.2841560158660203,0.67518730718378139,0.2841560158660203
2019-11-21,11102,-0.945627901438234,1.999389881580218,2.79763992339843,11102,1075,1630,3081,7894,3081,1.0,0.096829400108088631,0.14682039272203207,0.27751756440281028,0.71104305530535039,0.27751756440281028
2019-11-22,8303,-0.72066867446386162,1.8422408837117443,2.5507292095572756,8303,966,1319,2300,5379,2300,1.0,0.11634349030470914,0.15885824400818982,0.2770083102493075,0.64783813079609776,0.2770083102493075
2019-11-23,4601,-1.0344402701220767,1.9051422431833265,2.5661449587590228,4601,508,426,1103,2752,1103,1.0,0.11041078026515974,0.092588567702673333,0.2397304933710063,0.59813084112149528,0.2397304933710063
2019-11-24,5293,-0.86550079183756934,1.5506347179106468,2.3399033479887961,5293,453,407,1231,3969,1231,1.0,0.085584734555072733,0.07689401095786888,0.23257132061212923,0.74985830341961079,0.23257132061212923
2019-11-25,8882,-0.93066971628548945,1.963014934057181,2.511381858675835,8882,939,1054,1967,5349,1967,1.0,0.10571943256023418,0.118666966899347,0.22145913082639046,0.60222922765142983,0.22145913082639046
2019-11-26,9646,-0.68773981081290181,2.0543559671334046,2.444086778817907,9646,989,1348,3075,6016,3075,1.0,0.10252954592577235,0.13974704540742278,0.31878498859630933,0.62367820858386891,0.31878498859630933
2019-11-27,9892,-0.82985100274954327,2.04618425510918,2.6558472354483156,9892,1391,1063,2273,6801,2273,1.0,0.14061868176304085,0.10746057420137485,0.22978164173069146,0.68752527294783661,0.22978164173069146
2019-11-28,9346,-0.81042437951861124,1.9008421885095808,2.4707471841719251,9346,1067,1257,2297,6438,2297,1.0,0.11416648833725658,0.13449604108709609,0.24577359298095441,0.68885084528140383,0.24577359298095441
2019-11-29,10301,-1.5052541101099384,1.7913325090842607,2.9242187542996176,10301,1019,1056,2099,7097,2099,1.0,0.09892243471507621,0.10251431899815552,0.20376662459955344,0.68896223667605083,0.20376662459955344
2019-11-30,5824,-1.309200036310145,1.8982535134031151,2.7227656280530845,5824,545,609,1361,4201,1361,1.0,0.0935782967032967,0.1045673076923077,0.23368818681318682,0.7213255494505495,0.23368818681318682
2019-12-01,6477,-1.1989009972332536,1.6760825075717181,2.6579795118885814,6477,562,559,1292,4682,1292,1.0,0.086768565693994132,0.0863053882970511,0.1994750656167979,0.72286552416242089,0.1994750656167979
2019-12-02,12138,-1.1405630272235907,1.7610943327289352,2.6327396960284717,12138,1086,1310,2596,8429,2596,1.0,0.089471082550667325,0.10792552315043664,0.21387378480804087,0.69443071346185536,0.21387378480804087
2019-12-03,12815,-0.96746421477588174,1.9156200262141789,2.5221343099405718,12815,1325,1813,3036,8011,3036,1.0,0.10339445961763559,0.14147483417869683,0.2369098712446352,0.62512680452594616,0.2369098712446352
2019-12-04,11747,-0.981263257396338,1.900123988522735,2.60088715058203,11747,1672,1651,3311,7024,3311,1.0,0.14233421299055077,0.14054652251638716,0.28185919809313015,0.597939899548821,0.28185919809313015
2019-12-05,10813,-1.0796473439384964,2.0352596589243372,2.8868702330648168,10813,1417,1255,2573,6948,2573,1.0,0.13104596319245354,0.11606399704059928,0.2379543142513641,0.64255988162397115,0.2379543142513641
2019-12-06,10706,-1.18401128639016,1.8747293514469976,2.7605145551225956,10706,1191,1049,2444,6936,2444,1.0,0.1112460302634037,0.0979824397534093,0.22828320567905847,0.647861012516346,0.22828320567905847
2019-12-07,6573,-1.0030221581705834,2.3899364678176718,2.8022157077676231,6573,641,946,1628,3933,1628,1.0,0.097520158223033629,0.14392210558344742,0.24767990263197931,0.5983569146508444,0.24767990263197931
2019-12-08,5713,-1.1886359351336824,1.6924812849783848,2.8225086735713729,5713,567,851,1246,3747,1246,1.0,0.099247330649396115,0.14895851566602486,0.21809907229126554,0.65587257132854893,0.21809907229126554
2019-12-09,10293,-0.9600564349294215,2.0259100068130591,2.714423294014392,10293,1091,1273,2726,7104,2726,1.0,0.10599436510249684,0.12367628485378412,0.26484018264840181,0.69017779073156516,0.26484018264840181
2019-12-10,12232,-1.1294707024528186,2.0522970906822513,2.8404320448441243,12232,1588,1668,3496,8106,3496,1.0,0.12982341399607586,0.13636363636363635,0.2858077174623937,0.66268803139306731,0.2858077174623937
2019-12-11,15216,-0.76066478135822779,2.0048283396854609,2.4409326929688571,15216,1401,1613,3718,9745,3718,1.0,0.092074132492113561,0.10600683491062039,0.24434805467928497,0.64044426919032593,0.24434805467928497
2019-12-12,12972,-0.790207828063051,1.9713925194586648,2.5513085821018029,12972,1563,1307,3344,8587,3344,1.0,0.12049028677150786,0.10075547332716621,0.25778600061671292,0.66196423065063215,0.25778600061671292
2019-12-13,10809,-0.5677242813315786,2.0837006768164326,2.4629642278701187,10809,1459,1012,2781,7325,2781,1.0,0.13498010916828568,0.093625682301785543,0.257285595337219,0.67767601073179762,0.257285595337219
2019-12-14,6320,-1.3268921865193379,1.9013366922085098,2.7977334777886567,6320,622,460,1146,3617,1146,1.0,0.098417721518987339,0.072784810126582278,0.18132911392405063,0.57231012658227853,0.18132911392405063
2019-12-15,7696,-1.3086072370002122,1.7893696590545636,2.4792382221629095,7696,936,637,1367,4372,1367,1.0,0.12162162162162163,0.082770270270270271,0.17762474012474014,0.568087318087318,0.17762474012474014
2019-12-16,9170,-0.8410490218949902,1.9263762234846351,2.5206224295660689,9170,1486,906,2219,6158,2219,1.0,0.16205016357688112,0.098800436205016356,0.24198473282442748,0.67153762268266082,0.24198473282442748
2019-12-17,8216,-0.76988688997884835,2.0674066347960314,2.5984476424804717,8216,1588,979,2313,5493,2313,1.0,0.19328140214216163,0.11915774099318403,0.28152385589094447,0.6685735150925024,0.28152385589094447
2019-12-18,8372,-0.759273533307557,2.24268480480601,2.7376355702601414,8372,1253,967,2090,5680,2090,1.0,0.14966555183946489,0.11550406115623507,0.24964166268514096,0.67845198279980889,0.24964166268514096
2019-12-19,9057,-1.2632133777583836,2.1354096881982483,3.1997854839468984,9057,1076,995,2647,6350,2647,1.0,0.11880313569614663,0.10985977696809097,0.29226013028596665,0.70111515954510328,0.29226013028596665
2019-12-20,8486,-1.208240691693069,1.9465412774701758,2.8892444936982145,8486,922,894,2169,6017,2169,1.0,0.1086495404195145,0.10534998821588498,0.25559745463115718,0.70905020032995525,0.25559745463115718
2019-12-21,4764,-1.5705079972214377,2.0064827631213977,3.3344593641686835,4764,600,616,1326,3036,1326,1.0,0.12594458438287154,0.12930310663308145,0.27833753148614609,0.63727959697732994,0.27833753148614609
2019-12-22,4463,-1.8439988831827272,1.8694905878399517,3.0670642708748144,4463,522,570,912,3046,912,1.0,0.11696168496527,0.12771678243334081,0.20434685189334528,0.68250056016132643,0.20434685189334528
2019-12-23,6432,-1.2813937781633664,2.0013327836171975,2.9190512104959376,6432,968,983,1816,4156,1816,1.0,0.15049751243781095,0.15282960199004975,0.28233830845771146,0.64614427860696522,0.28233830845771146
2019-12-24,5703,-0.71166602680942659,2.3482313243857065,2.6680757124250816,5703,1202,685,1835,3681,1835,1.0,0.21076626337015605,0.12011222163773452,0.32176047694196036,0.64544976328248294,0.32176047694196036
2019-12-25,5001,-0.74551674004732738,2.1238778490310581,2.7722928628393988,5001,1029,364,1126,2754,1126,1.0,0.20575884823035392,0.072785442911417711,0.22515496900619877,0.55068986202759451,0.22515496900619877
2019-12-26,5608,-1.0313171629214373,2.05445982422922,2.6781638305883315,5608,929,726,1252,3468,1252,1.0,0.1656562054208274,0.12945791726105563,0.22325249643366618,0.61840228245363771,0.22325249643366618
2019-12-27,6183,-1.3478231997647396,1.7860456547487695,3.0745249738092659,6183,951,705,1266,3935,1266,1.0,0.15380883066472587,0.11402231926249394,0.20475497331392528,0.63642244864952291,0.20475497331392528
2019-12-28,4318,-1.2443360000698596,1.8016420202319863,2.6985443468935615,4318,441,354,869,2803,869,1.0,0.10213061602593794,0.081982399258916164,0.20125057897174617,0.64914312181565537,0.20125057897174617
2019-12-29,4027,-1.2440676185225283,1.768805892375694,2.6475231516856192,4027,494,485,944,2685,944,1.0,0.12267196424137075,0.12043704991308667,0.23441768065557486,0.66674944127141789,0.23441768065557486
2019-12-30,7934,-1.3275814292423502,1.7368381801018471,2.8466102484510447,7934,1131,1031,1796,4756,1796,1.0,0.14255104613057726,0.12994706327199396,0.22636753214015629,0.59944542475422236,0.22636753214015629
2019-12-31,8682,-1.4381983602891191,2.2692015193025745,3.0794651294983253,8682,1518,1392,2120,5915,2120,1.0,0.17484450587422254,0.16033172080165861,0.24418336788758352,0.68129463257313982,0.24418336788758352
2020-01-01,6587,-1.3728081586400134,2.0321563589058509,3.1640213871206404,6587,869,966,2245,4581,2245,1.0,0.13192652193714893,0.14665249734325186,0.34082283285258841,0.69546075603461366,0.34082283285258841
2020-01-02,8800,-1.3646392806653607,2.0620130432814983,3.2634926626970113,8800,1157,1329,2342,6090,2342,1.0,0.13147727272727272,0.15102272727272728,0.26613636363636362,0.69204545454545452,0.26613636363636362
2020-01-03,7729,-1.7899393443034033,2.1776968659931368,3.5690064289342871,7729,1151,1098,2060,5117,2060,1.0,0.14891965325397852,0.14206236253072843,0.2665286582999094,0.6620520119032216,0.2665286582999094
2020-01-04,5698,-1.9130664311976853,2.1358995126952736,3.9041214379048021,5698,583,814,1181,3762,1181,1.0,0.10231660231660232,0.14285714285714285,0.20726570726570726,0.66023166023166024,0.20726570726570726
2020-01-05,5512,-2.226991253285953,1.6764212311187627,3.6198692352134088,5512,657,690,1206,3866,1206,1.0,0.1191944847605225,0.12518142235123367,0.21879535558780841,0.701378809869376,0.21879535558780841
2020-01-06,10024,-0.9980923438372783,2.6978358717210327,3.47806633212372,10024,1359,2274,3505,6437,3505,1.0,0.13557462090981645,0.22685554668794891,0.3496608140462889,0.64215881883479653,0.3496608140462889
2020-01-07,9820,-1.48319019142787,2.1024388494836592,3.3553295027127072,9820,1237,1456,2641,6298,2641,1.0,0.12596741344195519,0.14826883910386965,0.26894093686354381,0.64134419551934829,0.26894093686354381
2020-01-08,10769,-1.84263575351831,2.2056005129764253,3.5762042824429523,10769,1344,1042,2563,7105,2563,1.0,0.12480267434302164,0.096759216268920048,0.2379979570990807,0.659764137802953,0.2379979570990807
2020-01-09,10789,-1.7311660610546011,2.0628745246932789,3.3975661025105972,10789,1728,1123,2804,7282,2804,1.0,0.16016312911298544,0.10408749652423765,0.25989433682454349,0.6749467049772917,0.25989433682454349
2020-01-10,9937,-1.7600841189041019,1.9914130061124051,3.5774260185601632,9937,1252,1171,2345,6618,2345,1.0,0.12599376069236187,0.11784240716514038,0.23598671631277046,0.66599577337224514,0.23598671631277046
2020-01-11,5800,-1.7555970269897425,2.0871708145948751,3.5028703713185423,5800,611,850,1473,3629,1473,1.0,0.10534482758620689,0.14655172413793102,0.25396551724137933,0.62568965517241382,0.25396551724137933
2020-01-12,6175,-1.731913673999282,2.2260288614025088,3.6610860442658173,6175,695,585,1524,4133,1524,1.0,0.11255060728744939,0.094736842105263161,0.24680161943319839,0.66931174089068823,0.24680161943319839
2020-01-13,8718,-1.4925862750783025,2.1672674148282685,3.3144146741336376,8718,1082,1186,2350,5572,2350,1.0,0.1241110346409727,0.136040376233081,0.26955723789860059,0.63913741683872449,0.26955723789860059
2020-01-14,10014,-1.3164858589460102,1.9204218460839835,2.948840042835454,10014,1093,991,2313,6399,2313,1.0,0.1091471939285001,0.098961453964449775,0.23097663271420013,0.6390053924505692,0.23097663271420013
2020-01-15,11014,-1.2008759318341926,1.9579277858484709,2.8019286476265641,11014,1145,1083,2537,7695,2537,1.0,0.10395859814781187,0.098329398946794988,0.23034319956419103,0.698656255674596,0.23034319956419103
2020-01-16,11031,-1.1013155318739751,1.9182649540696188,2.870246545494048,11031,1125,1434,3083,7037,3083,1.0,0.10198531411476747,0.12999728039162362,0.27948508748073608,0.6379294714894389,0.27948508748073608
2020-01-17,9152,-1.1390057494070756,2.0438452098145445,2.8245564918250072,9152,1012,1225,2273,6141,2273,1.0,0.11057692307692307,0.13385052447552448,0.24836101398601398,0.67100087412587417,0.24836101398601398
2020-01-18,5310,-1.6403253410543581,1.8162721932547574,2.9027920760088719,5310,598,461,1118,3538,1118,1.0,0.11261770244821093,0.086817325800376655,0.21054613935969868,0.6662900188323917,0.21054613935969868
2020-01-19,5333,-1.3562867935887462,1.8394842070184738,2.7861521767531938,5333,596,559,1213,3741,1213,1.0,0.11175698481155072,0.10481905119069942,0.22745171573223327,0.70148134258391148,0.22745171573223327
2020-01-20,9397,-1.29019174155591,1.9052419892912071,2.9388406052161429,9397,1169,1359,2577,6631,2577,1.0,0.12440140470362882,0.14462062360327765,0.27423645844418432,0.70565073959774394,0.27423645844418432
2020-01-21,12738,-1.1710840968264071,1.8226913225691019,2.6663255931387071,12738,1217,1325,3364,9268,3364,1.0,0.0955409012403831,0.1040194693044434,0.26409169414350764,0.72758674831213688,0.26409169414350764
2020-01-22,11167,-1.03183621696447,1.887777046562227,2.7650821889083845,11167,1080,1336,2870,7779,2870,1.0,0.096713530939374945,0.11963821975463419,0.25700725351482046,0.69660607146055342,0.25700725351482046
2020-01-23,11284,-1.6307583163340051,1.8281861607827214,3.2311813545916164,11284,1191,1355,2420,8024,2420,1.0,0.10554767812832329,0.12008153137185396,0.21446295639844026,0.71109535625664655,0.21446295639844026
2020-01-24,8830,-1.4664126019743076,1.8865326360713568,3.0334373868745153,8830,908,857,1743,6134,1743,1.0,0.1028312570781427,0.0970554926387316,0.19739524348810872,0.69467723669309178,0.19739524348810872
2020-01-25,4204,-1.289722327199462,1.738408904321137,2.6801124872026416,4204,435,387,864,2865,864,1.0,0.10347288296860133,0.092055185537583253,0.2055185537583254,0.68149381541389153,0.2055185537583254
2020-01-26,3874,-1.0934067645758603,1.8759188792094126,2.857279712871541,3874,537,328,850,2445,850,1.0,0.13861641713990708,0.08466701084150749,0.21941146102219927,0.63113061435209084,0.21941146102219927
2020-01-27,6530,-0.724225990461326,1.886955119774494,2.7013168374468979,6530,716,784,1689,3893,1689,1.0,0.10964777947932619,0.12006125574272589,0.25865237366003063,0.59617151607963248,0.25865237366003063
2020-01-28,8171,-1.5122278208386206,1.8625057371091807,3.323774567764648,8171,1388,922,1932,5274,1932,1.0,0.16986904907600048,0.11283808591359687,0.23644596744584506,0.64545343287235346,0.23644596744584506
2020-01-29,7900,-0.96744062730268576,1.7528377832996989,2.9226564197655489,7900,1207,927,1936,5600,1936,1.0,0.15278481012658227,0.11734177215189874,0.2450632911392405,0.70886075949367089,0.2450632911392405
2020-01-30,7745,-1.1195565757355932,1.9693831839173548,3.0361538511047557,7745,1225,943,1922,5187,1922,1.0,0.15816655907036797,0.12175597159457714,0.24816010329244673,0.66972240154938667,0.24816010329244673
2020-01-31,7575,-1.2497163310075736,1.9253001438110555,3.3566776606992788,7575,1399,755,1735,4866,1735,1.0,0.18468646864686469,0.099669966996699666,0.22904290429042903,0.64237623762376239,0.22904290429042903
2020-02-01,4841,-1.1550125253379402,1.778624513315723,2.5283224301322709,4841,855,515,1160,3141,1160,1.0,0.17661640156992356,0.10638297872340426,0.23961991324106591,0.64883288576740339,0.23961991324106591
2020-02-02,5297,-1.1205151903630042,1.6219339731473661,2.7755184952235852,5297,1169,352,1158,3348,1158,1.0,0.22069095714555409,0.066452709080611669,0.21861430998678497,0.63205588068718144,0.21861430998678497
2020-02-03,8083,-0.93851517329083589,2.2292784043631797,2.9335071250605975,8083,2052,778,2138,5742,2138,1.0,0.25386613880984782,0.09625139180997154,0.26450575281454908,0.71037980947667945,0.26450575281454908
2020-02-04,10752,-0.9939331088651987,1.7641595351844783,2.4971333544925116,10752,2965,974,2576,7164,2576,1.0,0.27576264880952384,0.090587797619047616,0.23958333333333334,0.6662946428571429,0.23958333333333334
2020-02-05,9582,-1.0157320159963816,1.8053051023623805,2.4001983975172494,9582,2003,1012,2277,6579,2277,1.0,0.20903777916927571,0.10561469421832603,0.23763306199123357,0.68659987476518469,0.23763306199123357
2020-02-06,7803,-0.94719213101076172,1.8856786961953913,2.4364731123577443,7803,1786,1048,2149,5318,2149,1.0,0.22888632577213891,0.13430731769832116,0.27540689478405739,0.68153274381648088,0.27540689478405739
2020-02-07,7940,-1.1121673152820111,1.8379882252766118,2.5841940121708795,7940,1969,857,2143,5286,2143,1.0,0.24798488664987406,0.10793450881612091,0.26989924433249368,0.665743073047859,0.26989924433249368
2020-02-08,4974,-1.1317913825195216,1.709540934614399,2.5438509791213906,4974,1140,502,1231,2906,1231,1.0,0.22919179734620024,0.10092480900683555,0.24748693204664254,0.584238037796542,0.24748693204664254
2020-02-09,4116,-1.2297595694682784,1.6755988988712962,2.6463229707953411,4116,968,484,976,2484,976,1.0,0.23517978620019436,0.11758989310009718,0.23712342079689019,0.60349854227405253,0.23712342079689019
2020-02-10,8634,-0.875415259205221,2.0285252943820926,2.7110480796448431,8634,1785,1101,2263,5627,2263,1.0,0.20674079221681724,0.1275191104933982,0.26210331248552238,0.6517257354644429,0.26210331248552238
2020-02-11,9402,-0.80352890025042545,1.808096512557833,2.4797554770515329,9402,1773,1257,2393,6056,2393,1.0,0.1885768985322272,0.13369495851946395,0.25452031482663262,0.64411827270793454,0.25452031482663262
2020-02-12,9923,-0.815455760720296,1.6215760051744883,2.4095639442072221,9923,2153,1173,2986,7126,2986,1.0,0.21697067419127281,0.11821021868386576,0.30091706137256879,0.71812959790385977,0.30091706137256879
2020-02-13,9208,-1.0151241204837016,1.7705174875898824,2.595642448898507,9208,2193,1211,2613,6000,2613,1.0,0.23816246741963509,0.13151607298001738,0.28377497827975673,0.65160729800173767,0.28377497827975673
2020-02-14,8427,-0.886794109153355,1.8362648888653013,2.4077083800662273,8427,1791,904,2032,5191,2032,1.0,0.2125311498754005,0.10727423756971639,0.24112970214785809,0.615996202681856,0.24112970214785809
2020-02-15,4467,-1.179141799508582,1.7949031251816085,2.9572067691050017,4467,1017,428,1046,2772,1046,1.0,0.22766957689724648,0.095813745242892323,0.23416162972912469,0.62055070517125588,0.23416162972912469
2020-02-16,4367,-0.95855246385635207,1.6018390813264773,2.4544807131185129,4367,961,450,1066,2733,1066,1.0,0.2200595374398901,0.10304556904053126,0.24410350354934737,0.6258300893061598,0.24410350354934737
2020-02-17,8399,-1.2497560082138892,1.7759456812275491,2.7637440593331082,8399,1744,1268,2280,5871,2280,1.0,0.20764376711513274,0.15097035361352543,0.2714608882009763,0.699011787117514,0.2714608882009763
2020-02-18,9444,-1.0745390962019619,1.75714931766785,2.5673126705892622,9444,1652,1346,2813,6320,2813,1.0,0.17492587886488775,0.14252435408725117,0.2978610758153325,0.66920796272765781,0.2978610758153325
2020-02-19,9389,-0.93600260427886506,1.7431100166078983,2.5258683764476677,9389,1713,873,2404,6735,2404,1.0,0.18244754499946747,0.09298114815209288,0.2560443071679625,0.71732878900841412,0.2560443071679625
2020-02-20,9483,-0.82322871374379114,1.9581790956822496,2.5558658646687538,9483,1762,1203,2969,6895,2969,1.0,0.1858061794790678,0.1268585890540968,0.313086575978066,0.7270905831487926,0.313086575978066
2020-02-21,9297,-0.83109183345753024,1.812717741244906,2.2986964756721515,9297,2136,943,2375,6565,2375,1.0,0.22975153275250082,0.10143056900075294,0.25545875013445196,0.70614176616112723,0.25545875013445196
2020-02-22,4648,-1.2062372344415533,1.7105134865040488,2.7585478307334896,4648,1022,701,1270,3093,1270,1.0,0.21987951807228914,0.15081755593803786,0.27323580034423406,0.665447504302926,0.27323580034423406
2020-02-23,4988,-1.5332713707131187,1.6343217374284216,2.963610914890745,4988,878,674,1113,3425,1113,1.0,0.17602245388933441,0.13512429831595829,0.22313552526062549,0.68664795509222132,0.22313552526062549
2020-02-24,8053,-1.2727474622219206,1.8813810617398603,2.8548904274491589,8053,1850,922,2171,5717,2171,1.0,0.2297280516577673,0.1144914938532224,0.26958897305352042,0.70992176828511111,0.26958897305352042
2020-02-25,8385,-1.0055396232903486,1.9143602379623372,2.6193633317391,8385,2007,1058,2168,5913,2168,1.0,0.23935599284436493,0.12617769827072153,0.25855694692903997,0.70518783542039354,0.25855694692903997
2020-02-26,7705,-0.6759240807711967,1.891793106060321,2.689754461719799,7705,1675,834,1967,5120,1967,1.0,0.21739130434782608,0.10824140168721609,0.2552887735236859,0.66450356911096686,0.2552887735236859
2020-02-27,8784,-0.85621692153740125,1.776635535901786,2.7032941431618664,8784,1741,1053,2214,6220,2214,1.0,0.19820127504553733,0.11987704918032786,0.25204918032786883,0.70810564663023678,0.25204918032786883
2020-02-28,7579,-0.8861927557215612,1.7273248274390833,2.7414967819820624,7579,1630,967,2122,5094,2122,1.0,0.21506795091700753,0.12758939174033512,0.27998416677661958,0.672120332497691,0.27998416677661958
2020-02-29,4490,-1.3338367263651034,1.8002356985735901,3.06829280648911,4490,829,735,962,2712,962,1.0,0.18463251670378619,0.16369710467706014,0.21425389755011137,0.60400890868596879,0.21425389755011137
2020-03-01,4631,-1.1551756619046525,1.5529289925829908,2.6884252830409725,4631,876,597,976,3223,976,1.0,0.18916000863744331,0.12891384150291513,0.2107536169293889,0.69596199524940616,0.2107536169293889
2020-03-02,7800,-0.78499524339431381,1.6834914272451031,2.6288368378573006,7800,2012,820,2094,5147,2094,1.0,0.25794871794871793,0.10512820512820513,0.26846153846153847,0.65987179487179493,0.26846153846153847
2020-03-03,7597,-1.091602167569562,1.8159917159681034,2.8441667797864514,7597,1771,984,2287,5391,2287,1.0,0.23311833618533631,0.12952481242595762,0.30103988416480187,0.70962221929709091,0.30103988416480187
2020-03-04,9341,-0.54062618546940555,1.8703046914989097,2.569977023065086,9341,1998,847,2057,6952,2057,1.0,0.21389572850872499,0.090675516539985013,0.2202119687399636,0.74424579809442248,0.2202119687399636
2020-03-05,7318,-0.68776967055217009,1.9032440166511302,2.5298031259202238,7318,1673,746,1927,5084,1927,1.0,0.2286143755124351,0.10194042088002186,0.26332331238043183,0.69472533479092646,0.26332331238043183
2020-03-06,6799,-1.0257754616759756,1.9695110519967065,2.837722996020001,6799,1673,815,1874,4770,1874,1.0,0.24606559788204146,0.11987056920135314,0.27562876893660831,0.70157376084718337,0.27562876893660831
2020-03-07,3900,-1.0624054617629142,1.7001474483412709,2.8123097250534692,3900,825,328,1025,2691,1025,1.0,0.21153846153846154,0.0841025641025641,0.26282051282051283,0.69,0.26282051282051283
2020-03-08,3725,-1.0264788188994698,1.9065749584797353,2.7164573475966294,3725,751,320,945,2728,945,1.0,0.20161073825503356,0.085906040268456371,0.25369127516778522,0.7323489932885906,0.25369127516778522
2020-03-09,6121,-0.86573380634836827,1.9068191194381536,2.6610849271927548,6121,1729,830,1940,4203,1940,1.0,0.28247018461035778,0.1355987583728149,0.31694167619669988,0.68665250776017,0.31694167619669988
2020-03-10,7331,-1.1006586877726683,1.9412475136078469,2.8605797443829575,7331,2122,730,2097,4938,2097,1.0,0.28945573591597329,0.099577138180330108,0.28604555995089348,0.6735779566225617,0.28604555995089348
2020-03-11,7254,-0.765656964617138,1.8899989147343219,2.5161568128225351,7254,1637,731,1923,4664,1923,1.0,0.22566859663633856,0.10077198786876206,0.26509511993382961,0.64295561069754614,0.26509511993382961
2020-03-12,6124,-0.98718943537202952,2.055832415917902,2.8083127533745924,6124,1559,928,1798,4118,1798,1.0,0.2545721750489876,0.15153494448073154,0.29359895493141736,0.67243631613324628,0.29359895493141736
2020-03-13,5034,-0.970140613652037,2.01069130470363,2.8332747728745571,5034,1603,483,1315,3343,1315,1.0,0.31843464441795788,0.095947556615017873,0.26122367898291615,0.6640842272546682,0.26122367898291615
2020-03-14,3577,-0.95712705045154234,2.0606891676655992,2.6857714027158495,3577,880,231,963,2121,963,1.0,0.2460162147050601,0.064579256360078274,0.26922001677383284,0.59295499021526421,0.26922001677383284
2020-03-15,2740,-1.2958344371285861,1.9049052015129975,2.8393598341756792,2740,785,252,721,1869,721,1.0,0.28649635036496351,0.091970802919708022,0.26313868613138686,0.68211678832116784,0.26313868613138686
2020-03-16,4946,-1.3259019790396747,1.8637177302302603,2.7105606181704895,4946,1617,424,1652,3768,1652,1.0,0.326930853214719,0.085725839061868175,0.33400727860897694,0.76182773958754546,0.33400727860897694
2020-03-17,4635,-1.3405931384836398,2.2290851397045177,2.8413758175044723,4635,1697,396,1357,3384,1357,1.0,0.36612729234088459,0.0854368932038835,0.29277238403451994,0.73009708737864076,0.29277238403451994
2020-03-18,5756,-1.0683243092400383,1.6549663758229376,2.4872413803634639,5756,1648,480,1449,4350,1449,1.0,0.28630993745656708,0.083391243919388458,0.25173731758165391,0.755733148019458,0.25173731758165391
2020-03-19,4765,-1.1670933617400787,2.0184566441389795,2.7988310931029892,4765,1747,367,1583,3462,1583,1.0,0.36663168940188878,0.0770199370409234,0.3322140608604407,0.72654774396642186,0.3322140608604407
2020-03-20,4504,-1.1034174249384288,2.1035046458036271,2.8378318656876123,4504,1625,312,1251,2977,1251,1.0,0.36079040852575489,0.069271758436944941,0.277753108348135,0.6609680284191829,0.277753108348135
2020-03-21,2516,-1.283781961626838,1.9031103913499718,2.958961598181205,2516,840,183,576,1622,576,1.0,0.33386327503974561,0.072734499205087441,0.2289348171701113,0.64467408585055641,0.2289348171701113
2020-03-22,2854,-1.3916121326337731,1.8461446934324799,2.7166937185813871,2854,947,239,799,2017,799,1.0,0.33181499649614576,0.083742116327960761,0.279957953749124,0.70672740014015412,0.279957953749124
2020-03-23,4067,-1.1706945978209622,1.8022416925700466,2.6804547551127862,4067,1533,411,1181,2895,1181,1.0,0.37693631669535282,0.10105729038603393,0.29038603393164497,0.71182689943447264,0.29038603393164497
2020-03-24,5036,-1.2870214918715339,1.8804944498215477,2.72226659573877,5036,1907,624,1667,3773,1667,1.0,0.37867355043685463,0.12390786338363781,0.33101667990468625,0.74920571882446385,0.33101667990468625
2020-03-25,5091,-1.5976028508009061,1.9193103872762602,2.9782459586242123,5091,2060,383,1469,3601,1469,1.0,0.40463563150658022,0.075230799450009822,0.28854841877823612,0.70732665488116286,0.28854841877823612
2020-03-26,5555,-1.4105815543833697,2.1600166032411185,2.7946062674501153,5555,1654,449,1405,3440,1405,1.0,0.29774977497749777,0.080828082808280827,0.25292529252925294,0.61926192619261922,0.25292529252925294
2020-03-27,4720,-1.3512432849917841,1.9558615253514124,2.9549889513430445,4720,1664,382,1456,3265,1456,1.0,0.35254237288135593,0.080932203389830509,0.30847457627118646,0.69173728813559321,0.30847457627118646
2020-03-28,2849,-1.2890632796227535,1.8639767167405046,2.8406168223346118,2849,836,189,673,1812,673,1.0,0.29343629343629346,0.066339066339066333,0.23622323622323621,0.636012636012636,0.23622323622323621
2020-03-29,2652,-1.7158433736848859,1.7324000719474455,2.8430826335648738,2652,849,223,846,1877,846,1.0,0.32013574660633481,0.084087481146304682,0.3190045248868778,0.70776772247360487,0.3190045248868778
2020-03-30,4862,-1.3666514088299797,1.9366144460119041,2.7799632069952307,4862,1828,374,1461,3559,1461,1.0,0.37597696421225835,0.076923076923076927,0.30049362402303581,0.73200329082682025,0.30049362402303581
2020-03-31,5309,-1.4034548827483877,2.0734846874291581,2.8412732614243406,5309,1732,558,1590,3910,1590,1.0,0.32623846298737991,0.10510453946129214,0.29949142964776793,0.73648521378790732,0.29949142964776793
2020-04-01,5561,-1.5102803593893548,1.9602782526885705,3.0357752482247937,5561,1882,453,1521,3941,1521,1.0,0.338428340226578,0.081460169034346344,0.27351195828088476,0.70868548822154287,0.27351195828088476
2020-04-02,5156,-1.3832065899989987,1.9880700258203032,2.8628574343443192,5156,1637,367,1284,3500,1284,1.0,0.31749418153607445,0.071179208688906134,0.24903025601241272,0.67882079131109385,0.24903025601241272
2020-04-03,4625,-1.0560317451650152,2.07839502138861,2.7666853130618843,4625,1363,352,1245,3071,1245,1.0,0.29470270270270271,0.076108108108108113,0.26918918918918922,0.664,0.26918918918918922
2020-04-04,2439,-1.2249890024041405,2.1979635748210766,2.9338268918716039,2439,622,137,510,1488,510,1.0,0.25502255022550224,0.056170561705617059,0.20910209102091021,0.61008610086100856,0.20910209102091021
2020-04-05,2315,-1.9298093700198062,1.7609935323203549,3.282202930151199,2315,640,176,599,1447,599,1.0,0.27645788336933047,0.076025917926565878,0.25874730021598275,0.62505399568034559,0.25874730021598275
2020-04-06,3925,-1.5787023047807693,1.8760343189009434,3.0459100347228247,3925,1035,346,1030,2603,1030,1.0,0.26369426751592356,0.088152866242038219,0.26242038216560509,0.66318471337579621,0.26242038216560509
2020-04-07,4661,-1.558691469755342,1.9487104743317356,3.047772123752309,4661,1629,384,1370,3295,1370,1.0,0.34949581634842308,0.082385754130015018,0.29392834155760567,0.70692984338124865,0.29392834155760567
2020-04-08,4763,-1.2728743671860334,1.7518602045826146,2.85260952573057,4763,1577,360,1147,3410,1147,1.0,0.33109384841486456,0.07558261599832039,0.240814612639093,0.71593533487297922,0.240814612639093
2020-04-09,4867,-1.2814003134317331,1.8698564805510507,2.9433085302405861,4867,1589,324,1209,3504,1209,1.0,0.32648448736387919,0.06657078282309431,0.24840764331210191,0.71995068830902,0.24840764331210191
2020-04-10,4169,-1.5232508634252406,1.9199945098650422,3.2394852813793555,4169,1450,272,1000,3039,1000,1.0,0.34780522907171985,0.0652434636603502,0.23986567522187574,0.72895178699928043,0.23986567522187574
2020-04-11,2759,-1.6344137815782533,1.822776334063168,2.9034850081661761,2759,720,161,641,1865,641,1.0,0.26096411743385284,0.058354476259514315,0.23233055454874954,0.67596955418629934,0.23233055454874954
2020-04-12,2370,-1.4842650998670761,1.6566982722089023,2.8275454206286761,2370,896,150,474,1585,474,1.0,0.37805907172995779,0.063291139240506333,0.2,0.66877637130801693,0.2
2020-04-13,3815,-1.1646340851365047,1.9151024468048117,2.896790711186541,3815,1232,276,992,2550,992,1.0,0.32293577981651378,0.072346002621231975,0.26002621231979028,0.66841415465268672,0.26002621231979028
2020-04-14,4503,-1.3139320717806848,1.8284690998449704,3.0422197438114873,4503,1358,396,1122,3069,1122,1.0,0.30157672662669333,0.087941372418387745,0.24916722185209861,0.681545636242505,0.24916722185209861
2020-04-15,4589,-1.1681762810868914,1.9419816335863895,2.9766999563953296,4589,1458,380,1333,3206,1333,1.0,0.31771627805622138,0.082806711701895838,0.29047722815428195,0.69862715188494229,0.29047722815428195
2020-04-16,4829,-1.324549331919038,2.0304899258970379,2.9320764910125749,4829,1276,550,1466,3338,1466,1.0,0.26423690205011391,0.11389521640091116,0.30358252226133775,0.69124042244771178,0.30358252226133775
2020-04-17,4721,-1.3116645264021458,2.0505142172215227,3.0315708544685904,4721,1399,551,1477,3128,1477,1.0,0.29633552213514086,0.11671256089811481,0.31285744545647109,0.66257148909129426,0.31285744545647109
2020-04-18,2378,-1.5927780088837427,1.5693635425063708,2.8828225383210242,2378,696,159,615,1575,615,1.0,0.29268292682926828,0.066862910008410423,0.25862068965517243,0.66232127838519761,0.25862068965517243
2020-04-19,2425,-1.602534901988774,1.64004118866381,2.9306141879644492,2425,664,322,810,1697,810,1.0,0.27381443298969071,0.13278350515463919,0.334020618556701,0.69979381443298971,0.334020618556701
2020-04-20,4661,-0.92449926318331155,1.7602064086863169,2.6163562176576067,4661,1494,478,1444,3354,1444,1.0,0.32053207466208966,0.10255310019309161,0.30980476292641063,0.71958807122935,0.30980476292641063
2020-04-21,6099,-1.3892126652937087,2.0658519586729067,3.1789460839571571,6099,1590,548,1882,4142,1882,1.0,0.26069847515986228,0.089850795212329887,0.30857517625840303,0.67912772585669778,0.30857517625840303
2020-04-22,8883,-1.3877570899192873,1.9879524063789764,3.0814894333904332,8883,1699,928,3069,6200,3069,1.0,0.19126421254080828,0.10446921085218958,0.34549138804457952,0.69796240009005961,0.34549138804457952
2020-04-23,5857,-1.1145930956921641,2.1129783581680157,3.0294961749860878,5857,1268,548,1606,3746,1606,1.0,0.21649308519719992,0.093563257640430261,0.274201809800239,0.63957657503841558,0.274201809800239
2020-04-24,4647,-1.1101193866566763,2.2051450263249204,2.8066441257805317,4647,1043,458,1308,3194,1308,1.0,0.22444587906176028,0.098558209597589846,0.2814719173660426,0.68732515601463307,0.2814719173660426
2020-04-25,3243,-1.8910609323358436,1.7306696171122065,3.1932269282784729,3243,515,492,594,2190,594,1.0,0.1588035769349368,0.1517113783533765,0.18316373728029603,0.67530064754856611,0.18316373728029603
2020-04-26,2957,-1.4182465582445232,1.8942853490956006,2.8973233480858172,2957,1044,260,760,2037,760,1.0,0.35306053432532974,0.087926952992898211,0.25701724721001012,0.688873858640514,0.25701724721001012
2020-04-27,4526,-1.3803836153245839,2.0376546352261138,3.0350923806193837,4526,1248,410,1390,3214,1390,1.0,0.275740167918692,0.0905877154220062,0.30711444984533803,0.71011931064958023,0.30711444984533803
2020-04-28,4960,-1.096999022742255,2.2015187249941857,3.0292724474415258,4960,1120,591,1437,3332,1437,1.0,0.22580645161290322,0.11915322580645162,0.28971774193548389,0.67177419354838708,0.28971774193548389
2020-04-29,4924,-1.0601013143211433,1.9882866345414525,2.7780232904115594,4924,1281,599,1344,3406,1344,1.0,0.26015434606011373,0.12164906580016246,0.272948822095857,0.6917140536149472,0.272948822095857
2020-04-30,5224,-1.1254791353957012,2.0913207555047526,2.6647740449537496,5224,1306,876,1863,3547,1863,1.0,0.25,0.16768759571209801,0.35662327718223585,0.67898162327718226,0.35662327718223585
2020-05-01,3287,-1.0803248323840418,1.9713768077375113,2.5960604496909228,3287,623,339,861,2041,861,1.0,0.18953452996653483,0.10313355643443869,0.26194097961667173,0.62093094006693028,0.26194097961667173
2020-05-02,2323,-1.1106206163606038,2.1350292869011054,2.9633691232388162,2323,441,336,611,1477,611,1.0,0.18984072320275505,0.1446405510116229,0.26302195436935,0.63581575548859237,0.26302195436935
2020-05-03,2381,-1.3913529710387154,1.6754574796814659,2.7402398481180774,2381,406,187,661,1492,661,1.0,0.17051658966820663,0.078538429231415366,0.27761444771104576,0.626627467450651,0.27761444771104576
2020-05-04,3581,-1.1860626646903754,1.7600311939673108,2.7414533321640722,3581,539,440,906,2253,906,1.0,0.15051661547053896,0.12287070650656241,0.25300195476123988,0.62915386763473891,0.25300195476123988
2020-05-05,4522,-0.90243435414131457,1.9240882649771034,2.618909114103523,4522,801,556,1441,3056,1441,1.0,0.17713401149933658,0.12295444493586909,0.3186643078283945,0.67580716497125171,0.3186643078283945
2020-05-06,4901,-1.0176640753289867,1.9232385470240958,2.7864271368694831,4901,1454,490,1577,3287,1577,1.0,0.29667414813303405,0.099979596000816157,0.32177106712915732,0.67067945317282185,0.32177106712915732
2020-05-07,4752,-0.98307041488280056,1.8373137138111508,2.8059830061341997,4752,1238,574,1434,3260,1434,1.0,0.26052188552188554,0.1207912457912458,0.30176767676767674,0.686026936026936,0.30176767676767674
2020-05-08,4496,-1.3604040835917794,1.877663677200093,3.0484070900739373,4496,1245,439,1381,3145,1381,1.0,0.27691281138790036,0.0976423487544484,0.30716192170818507,0.69951067615658358,0.30716192170818507
2020-05-09,2928,-1.2510384594858992,1.8815375045280172,2.7234754157231444,2928,971,225,657,1904,657,1.0,0.33162568306010931,0.076844262295081969,0.22438524590163936,0.65027322404371579,0.22438524590163936
2020-05-10,2442,-1.4577855332530305,1.8034249822148878,2.7411777743067511,2442,685,177,598,1619,598,1.0,0.28050778050778052,0.072481572481572484,0.24488124488124488,0.66298116298116294,0.24488124488124488
2020-05-11,3954,-0.89545495316178969,1.911029855531607,2.6951794450055928,3954,1243,409,1103,2723,1103,1.0,0.31436519979767324,0.10343955488113303,0.27895801719777441,0.68866970156803242,0.27895801719777441
2020-05-12,4406,-1.1063915432104414,1.8985394129818642,2.7861512406820124,4406,1320,493,1345,3009,1345,1.0,0.29959146618247845,0.11189287335451657,0.305265546981389,0.682932364956877,0.305265546981389
2020-05-13,4946,-0.866600648703432,2.0590548432264635,2.6892829007134536,4946,1276,557,1606,3530,1606,1.0,0.25798625151637689,0.11261625556004852,0.324706833805095,0.71370804690659118,0.324706833805095
2020-05-14,4795,-0.97126482623836252,2.1139778849821576,2.8745273243752054,4795,1251,521,1374,3280,1374,1.0,0.26089676746611051,0.1086548488008342,0.28654848800834204,0.68404588112617315,0.28654848800834204
2020-05-15,4367,-1.0969884438262323,2.0036299237776229,2.8024153423486795,4367,1127,456,1110,2958,1110,1.0,0.25807190290817494,0.10441950996107167,0.25417907029997711,0.67735287382642551,0.25417907029997711
2020-05-16,2646,-1.5926498285490682,1.8445882846184345,3.2459746123988333,2646,557,208,607,1752,607,1.0,0.21050642479213907,0.078609221466364329,0.22940287226001513,0.66213151927437641,0.22940287226001513
2020-05-17,2691,-1.80400313282209,2.0348882017515355,3.4834442700513448,2691,568,499,546,1532,546,1.0,0.211073950204385,0.18543292456335936,0.20289855072463769,0.56930509104422145,0.20289855072463769
2020-05-18,4877,-1.6063745126415467,2.1812123394267333,3.4152235690844726,4877,1198,929,1341,2994,1341,1.0,0.24564281320483905,0.19048595448021324,0.2749641172852163,0.61390198892761949,0.2749641172852163
2020-05-19,6147,-1.4528546002300002,2.083323119021478,2.9929267429510977,6147,1142,769,1757,3990,1757,1.0,0.18578168212136,0.12510167561412072,0.28583048641613795,0.64909712054660806,0.28583048641613795
2020-05-20,6103,-1.2583920130821491,2.0477726831746703,3.0220128148782921,6103,1137,805,1537,4101,1537,1.0,0.18630181877765034,0.13190234310994592,0.25184335572669181,0.6719646075700475,0.25184335572669181
2020-05-21,5383,-1.3571665331131546,1.9761975225556896,3.3210878083912543,5383,1241,821,1472,3385,1472,1.0,0.23054059074865316,0.15251718372654655,0.27345346461081182,0.62883150659483555,0.27345346461081182
2020-05-22,5232,-1.1310473165386612,1.9624678309071628,2.9818550346664838,5232,1254,723,1281,3604,1281,1.0,0.23967889908256881,0.1381880733944954,0.24483944954128439,0.6888379204892966,0.24483944954128439
2020-05-23,2495,-0.94580218105124669,2.0519395487228054,2.7706214451100122,2495,596,233,559,1613,559,1.0,0.23887775551102206,0.093386773547094182,0.22404809619238478,0.64649298597194393,0.22404809619238478
2020-05-24,2531,-1.3105180220530104,1.9220481400356098,2.911236882494781,2531,683,249,548,1643,548,1.0,0.26985381272224418,0.098380086922165155,0.21651521137890162,0.64915053338601347,0.21651521137890162
2020-05-25,3849,-0.95040878222390079,2.1579337116474684,2.6832790061227585,3849,1103,341,1009,2682,1009,1.0,0.28656793972460382,0.0885944401143154,0.26214601195115617,0.69680436477007013,0.26214601195115617
2020-05-26,4772,-0.97762361430135,1.9809277350381793,2.7519003210040909,4772,1150,653,1417,3063,1417,1.0,0.240989103101425,0.13683989941324393,0.29694048616932106,0.64186923721709976,0.29694048616932106
2020-05-27,5301,-1.2766483195079681,2.0421978215146779,3.184628630008703,5301,1353,562,1346,3353,1346,1.0,0.2552348613469157,0.10601773250330127,0.25391435578192795,0.63252216562912655,0.25391435578192795
2020-05-28,5422,-0.83666378370772088,2.0586155003914257,2.7128244520321374,5422,1088,656,1485,3771,1485,1.0,0.20066396163777203,0.12098856510512726,0.27388417558096645,0.69549981556621177,0.27388417558096645
2020-05-29,4840,-1.041457782339231,2.0109332396855937,2.7747330835998105,4840,1120,629,1342,3324,1342,1.0,0.23140495867768596,0.1299586776859504,0.27727272727272728,0.68677685950413225,0.27727272727272728
2020-05-30,2522,-1.3776151205325378,1.8503667326045001,2.8232987428300174,2522,377,252,605,1599,605,1.0,0.14948453608247422,0.0999206978588422,0.23988897700237907,0.634020618556701,0.23988897700237907
2020-05-31,2119,-1.2637576932083017,1.7622472041127646,2.8655723999113376,2119,473,232,522,1400,522,1.0,0.22321849929211893,0.10948560641812176,0.24634261444077396,0.66068900424728649,0.24634261444077396
2020-06-01,4509,-0.88012146266580171,2.4910070426956219,2.9719159226813483,4509,1127,469,1228,3165,1228,1.0,0.24994455533377688,0.10401419383455311,0.27234420048791308,0.70192947438456421,0.27234420048791308
2020-06-02,5014,-1.1242044847963357,2.1994129836090131,3.1171014063871065,5014,1208,554,1279,3425,1279,1.0,0.24092540885520541,0.11049062624650978,0.25508575987235738,0.68308735540486643,0.25508575987235738
2020-06-03,5052,-1.0821524889364578,2.08154448408684,3.1312684603989762,5052,1180,672,1375,3544,1375,1.0,0.23357086302454474,0.1330166270783848,0.27216943784639747,0.70150435471100558,0.27216943784639747
2020-06-04,5810,-1.0334061598864608,2.0314816245178218,2.9081877239591023,5810,1321,641,1703,3921,1703,1.0,0.22736660929432015,0.11032702237521515,0.29311531841652322,0.67487091222030982,0.29311531841652322
2020-06-05,6759,-0.72831168466227414,2.0762470426970885,2.7599434418003046,6759,1141,934,1938,4541,1938,1.0,0.16881195443112887,0.13818612220742713,0.28672880603639589,0.6718449474774375,0.28672880603639589
2020-06-06,3597,-0.94904663294781866,2.0953588124813853,2.347133259189762,3597,401,279,747,2607,747,1.0,0.11148179038087296,0.077564637197664724,0.20767306088407006,0.72477064220183485,0.20767306088407006
2020-06-07,2677,-1.1427324040572391,1.9247640262621353,2.5763673550647064,2677,628,297,617,1756,617,1.0,0.23459096002988419,0.11094508778483377,0.23048188270452,0.65595816212177815,0.23048188270452
2020-06-08,4618,-0.91472932163379883,2.0433783406813095,2.8534487955288532,4618,1179,609,1600,3070,1600,1.0,0.2553053269813772,0.13187527067994803,0.34647033347769596,0.66478995236032912,0.34647033347769596
2020-06-09,4305,-0.9055425704697645,1.9952936321471522,2.784810317477509,4305,939,533,1354,2982,1354,1.0,0.2181184668989547,0.12380952380952381,0.31451800232288035,0.69268292682926824,0.31451800232288035
2020-06-10,4670,-0.93215508655198209,1.9663743920993002,2.7494169230317493,4670,1027,682,1597,3266,1597,1.0,0.21991434689507494,0.14603854389721627,0.3419700214132762,0.699357601713062,0.3419700214132762
2020-06-11,4440,-0.8337405249462494,2.1910585192823331,2.8351713683393491,4440,1085,515,1323,2968,1323,1.0,0.24436936936936937,0.11599099099099099,0.297972972972973,0.66846846846846841,0.297972972972973
2020-06-12,4268,-0.760707965099851,2.1638942182700536,2.8188652168804671,4268,1002,496,1163,2954,1163,1.0,0.23477038425492033,0.1162136832239925,0.2724929709465792,0.69212746016869731,0.2724929709465792
2020-06-13,2200,-1.0902368823774242,1.8470797599599091,2.7218295397107735,2200,436,195,466,1399,466,1.0,0.19818181818181818,0.088636363636363638,0.21181818181818182,0.63590909090909087,0.21181818181818182
2020-06-14,2150,-1.1172141577618875,2.03452247347699,2.8097307489822647,2150,520,217,496,1400,496,1.0,0.24186046511627907,0.10093023255813953,0.23069767441860464,0.65116279069767447,0.23069767441860464
2020-06-15,4435,-0.75932062153504565,1.9588453712166565,2.6491035717467222,4435,1014,564,1530,3151,1530,1.0,0.2286358511837655,0.12717023675310035,0.34498308906426156,0.71048478015783545,0.34498308906426156
2020-06-16,4845,-0.63288917072911088,2.3445022010343415,2.7012536760397938,4845,944,658,1328,3492,1328,1.0,0.19484004127966975,0.13581011351909184,0.2740970072239422,0.72074303405572759,0.2740970072239422
2020-06-17,5256,-0.56547401341309134,2.0398265946525207,2.588579971459394,5256,1366,743,1409,3577,1409,1.0,0.25989345509893458,0.14136225266362254,0.26807458143074581,0.68055555555555558,0.26807458143074581
2020-06-18,5692,-0.74972589978671245,2.1957666066166022,2.8046132987947736,5692,1530,774,1727,4147,1727,1.0,0.26879831342234717,0.1359803232607168,0.30340829234012651,0.72856640899508085,0.30340829234012651
2020-06-19,4394,-0.87863693033615087,2.0583690963302055,2.7960381428871335,4394,1000,491,1092,3004,1092,1.0,0.22758306781975421,0.11174328629949931,0.24852071005917159,0.68365953573054161,0.24852071005917159
2020-06-20,2768,-1.2976560988556514,1.8098864302422393,2.9144982233105434,2768,485,308,537,1635,537,1.0,0.17521676300578035,0.11127167630057803,0.19400289017341041,0.590679190751445,0.19400289017341041
2020-06-21,2490,-0.97259036434727164,1.8443729704688636,2.7133203826313381,2490,481,342,563,1506,563,1.0,0.19317269076305221,0.13734939759036144,0.22610441767068273,0.60481927710843375,0.22610441767068273
2020-06-22,5053,-0.54630581596736527,2.1652885094293204,2.5913062262798361,5053,1156,678,1381,3476,1381,1.0,0.22877498515733227,0.13417771620819316,0.27330298832376804,0.687908173362359,0.27330298832376804
2020-06-23,5644,-0.48167441753171963,2.1339105208635614,2.6177476542933946,5644,1065,925,1593,3637,1593,1.0,0.18869596031183558,0.16389085754783841,0.28224663359319629,0.64440113394755494,0.28224663359319629
2020-06-24,5184,-0.61588937248703346,1.9857373911635035,2.6789405608963612,5184,964,685,1579,3654,1579,1.0,0.18595679012345678,0.13213734567901234,0.30459104938271603,0.70486111111111116,0.30459104938271603
2020-06-25,4863,-0.70107077301162812,2.0059824860828033,2.5196291495911662,4863,780,696,1405,3428,1405,1.0,0.16039481801357186,0.14312152991980259,0.28891630680649805,0.70491466173144146,0.28891630680649805
2020-06-26,4414,-1.1674209846119461,1.8715262941061741,2.9396555396103676,4414,515,482,1067,2926,1067,1.0,0.11667421839601269,0.10919800634345266,0.24173085636610783,0.66289080199365658,0.24173085636610783
2020-06-27,3634,-1.4200540084174116,1.5521762825700915,3.1315389573459771,3634,440,331,758,2724,758,1.0,0.12107870115575124,0.0910842047330765,0.20858558062740781,0.74958723170060537,0.20858558062740781
2020-06-28,3023,-0.89270789772438452,2.0153202596406636,2.6990290885656347,3023,896,268,1014,1970,1014,1.0,0.29639431028779356,0.0886536553092954,0.33542838240158784,0.6516705259675819,0.33542838240158784
2020-06-29,5095,-0.651820480520091,1.8993034821555572,2.6543291029766394,5095,960,608,1647,3403,1647,1.0,0.18842001962708538,0.11933267909715407,0.32325809617271833,0.66790971540726207,0.32325809617271833
2020-06-30,5508,-0.63676143010835262,2.1175950253009446,2.6935430686955169,5508,1085,766,1814,3679,1814,1.0,0.19698620188816268,0.13907044299201163,0.32933914306463324,0.66793754538852579,0.32933914306463324
2020-07-01,5119,-0.509116998171332,2.1697645094993057,2.5043752740087935,5119,1002,739,1663,3653,1663,1.0,0.19574135573354171,0.14436413361984762,0.32486813830826333,0.71361594061340106,0.32486813830826333
2020-07-02,4760,-0.59082591215452462,2.0959905679675561,2.6126800847824696,4760,973,592,1573,3299,1573,1.0,0.20441176470588235,0.12436974789915967,0.33046218487394957,0.69306722689075628,0.33046218487394957
2020-07-03,4346,-1.0037029668962849,2.1516681278488252,2.7124330491912123,4346,899,660,1421,2943,1421,1.0,0.20685687988955362,0.15186378278877127,0.32696732627703634,0.67717441325356653,0.32696732627703634
2020-07-04,2117,-1.1538339799425454,1.6987356622536514,2.8433614309716995,2117,371,237,522,1289,522,1.0,0.1752479924421351,0.11195087387812942,0.24657534246575341,0.60888049126121868,0.24657534246575341
2020-07-05,2450,-1.2532910226070091,2.0019393773960434,3.0830575129729016,2450,483,282,576,1538,576,1.0,0.19714285714285715,0.11510204081632654,0.23510204081632652,0.6277551020408163,0.23510204081632652
2020-07-06,4328,-1.0472014970566648,1.9474097123908802,3.1759606613198939,4328,905,622,1173,2870,1173,1.0,0.20910351201478744,0.14371534195933455,0.27102587800369687,0.66312384473197783,0.27102587800369687
2020-07-07,5592,-1.1055748778449672,2.1089565683407665,2.9021498795529879,5592,1103,763,1687,3637,1687,1.0,0.19724606580829757,0.13644492131616595,0.30168097281831185,0.65039341917024318,0.30168097281831185
2020-07-08,5996,-0.73262490927955992,2.1155017765371791,2.795856562503519,5996,1029,749,1607,4159,1607,1.0,0.17161440960640426,0.12491661107404936,0.26801200800533687,0.69362908605737161,0.26801200800533687
2020-07-09,5985,-0.96604467135565641,1.8824273586362457,2.8999785371686477,5985,865,706,1496,3923,1496,1.0,0.14452798663324978,0.11796157059314955,0.24995822890559732,0.65547201336675021,0.24995822890559732
2020-07-10,4870,-0.865187470544778,2.0739854383376093,2.6509633592146589,4870,930,531,1120,3284,1120,1.0,0.19096509240246407,0.10903490759753594,0.2299794661190965,0.6743326488706366,0.2299794661190965
2020-07-11,2359,-1.2550071013554347,1.8038163592466645,2.798582070658425,2359,386,243,547,1392,547,1.0,0.16362865621025857,0.1030097498940229,0.23187791437049599,0.59008054260279774,0.23187791437049599
2020-07-12,2463,-1.3741802484431407,1.859553569166345,2.9124814089606503,2463,481,231,586,1531,586,1.0,0.19529029638652051,0.093788063337393424,0.23792123426715386,0.6215996751928542,0.23792123426715386
2020-07-13,4359,-0.75365326779025643,2.0108940079294393,2.4433610621370354,4359,837,424,1016,2704,1016,1.0,0.19201651754989676,0.097270016058729064,0.23308098187657719,0.6203257627896307,0.23308098187657719
2020-07-14,5690,-0.98472145140483469,1.9507769380099769,2.7644808038415323,5690,1149,644,1409,4025,1409,1.0,0.20193321616871704,0.11318101933216168,0.24762741652021089,0.70738137082601049,0.24762741652021089
2020-07-15,6573,-0.69395732186153336,2.2072232228329551,2.3303053031578886,6573,916,898,2301,4658,2301,1.0,0.13935797961357066,0.13661950403164461,0.35006846188954815,0.70865662558953291,0.35006846188954815
2020-07-16,5869,-0.83792335515290417,2.0306671468716107,2.6003051289323231,5869,1022,938,2029,3985,2029,1.0,0.17413528710172091,0.15982279775089453,0.3457147725336514,0.67899131027432269,0.3457147725336514
2020-07-17,4856,-0.81075893300470614,1.8671159815315712,2.742858019426635,4856,882,551,1279,3142,1279,1.0,0.18163097199341022,0.1134678747940692,0.26338550247116971,0.64703459637561778,0.26338550247116971
2020-07-18,2997,-0.84659588909498107,2.1050001443527782,2.958235874564914,2997,434,313,551,2087,551,1.0,0.14481147814481149,0.10443777110443778,0.18385051718385051,0.696363029696363,0.18385051718385051
2020-07-19,2778,-1.433992696522062,1.610711842246396,3.1548932313404396,2778,403,224,642,1899,642,1.0,0.14506839452843773,0.080633549316054709,0.23110151187904968,0.683585313174946,0.23110151187904968
2020-07-20,5156,-1.0171922149523431,1.8783836047366085,2.9840045418779182,5156,811,450,1301,3161,1301,1.0,0.15729247478665631,0.08727695888285493,0.25232738557020945,0.61307214895267648,0.25232738557020945
2020-07-21,5953,-0.53111138803087,2.0830129253270893,2.800247431862962,5953,1187,795,1555,3741,1555,1.0,0.19939526289265916,0.13354611120443474,0.261212833865278,0.62842264404501935,0.261212833865278
2020-07-22,5465,-0.65247603059519577,2.0835517669398067,2.8605458035134572,5465,942,828,1475,3666,1475,1.0,0.17236962488563587,0.1515096065873742,0.26989935956084171,0.67081427264409876,0.26989935956084171
2020-07-23,5199,-0.69494112120273321,2.1589580478519665,2.8047151588576522,5199,924,647,1438,3595,1438,1.0,0.1777264858626659,0.12444700904020004,0.27659165224081556,0.69147913060203881,0.27659165224081556
2020-07-24,4312,-0.96585327375432117,1.9992459705998915,2.628609667171804,4312,824,421,969,2569,969,1.0,0.19109461966604824,0.097634508348794058,0.224721706864564,0.59577922077922074,0.224721706864564
2020-07-25,2543,-1.0779279060561315,1.9052117586696478,2.6660922543497039,2543,366,275,641,1526,641,1.0,0.14392449862367282,0.1081399921352733,0.2520644907589461,0.60007864726700744,0.2520644907589461
2020-07-26,2235,-1.0734394689567111,1.8546417958820089,2.8160462799343104,2235,368,280,627,1407,627,1.0,0.16465324384787472,0.12527964205816555,0.28053691275167786,0.62953020134228188,0.28053691275167786
2020-07-27,4238,-0.55903366886851136,1.9859895363798312,2.6411437502853259,4238,984,528,1120,2822,1120,1.0,0.23218499292118924,0.12458706937234544,0.26427560169891456,0.66588013213780084,0.26427560169891456
2020-07-28,5091,-1.0022633004218886,2.0658023366995124,3.107810059044227,5091,862,594,1245,3333,1245,1.0,0.16931840502848164,0.11667648791985857,0.24454920447849146,0.65468473777253977,0.24454920447849146
2020-07-29,5194,-0.67360684027000128,2.1145183965810395,2.7484479783451063,5194,878,554,1582,3582,1582,1.0,0.16904120138621487,0.10666153253754332,0.30458221024258758,0.68964189449364655,0.30458221024258758
2020-07-30,4558,-0.47998176307681051,2.191608939395234,2.642828853405931,4558,847,533,1294,3174,1294,1.0,0.18582711715664765,0.11693725318121984,0.28389644580956558,0.6963580517770952,0.28389644580956558
2020-07-31,4262,-0.53986436791132464,2.1875645059652298,2.5767005942143983,4262,923,501,1048,2794,1048,1.0,0.21656499296105114,0.11755044580009386,0.24589394650398874,0.65556076959174092,0.24589394650398874
2020-08-01,2795,-1.5429886609567682,2.023197308442588,2.9920641035457303,2795,451,243,638,1700,638,1.0,0.16135957066189624,0.08694096601073345,0.22826475849731664,0.60822898032200357,0.22826475849731664
2020-08-02,2486,-1.3373806138870399,1.8511658334488836,2.8809892911611565,2486,540,233,528,1584,528,1.0,0.2172164119066774,0.093724859211584882,0.21238938053097345,0.63716814159292035,0.21238938053097345
2020-08-03,4010,-0.707747156097994,2.0130206958629211,2.5967830665197473,4010,892,546,1063,2563,1063,1.0,0.22244389027431422,0.13615960099750624,0.26508728179551122,0.63915211970074814,0.26508728179551122
2020-08-04,4324,-0.56649617143998754,2.2729450061935075,2.849868504401651,4324,998,604,1141,2889,1141,1.0,0.23080481036077705,0.13968547641073081,0.26387604070305271,0.6681313598519889,0.26387604070305271
2020-08-05,4318,-0.73565027604730349,2.0266337876182279,2.59674278652307,4318,830,531,1242,2677,1242,1.0,0.19221861973135712,0.12297359888837425,0.2876331635016211,0.61996294580824451,0.2876331635016211
2020-08-06,4826,-1.0695911161861487,2.1647843019366375,3.0891676015231568,4826,911,555,1171,2773,1171,1.0,0.18876916701201824,0.11500207210940738,0.24264401160381269,0.57459593866556158,0.24264401160381269
2020-08-07,4443,-1.0740417874977435,2.0113336830397222,3.0427678727206993,4443,846,515,1133,2719,1133,1.0,0.19041188386225524,0.11591267161827594,0.25500787756020704,0.61197389151474224,0.25500787756020704
2020-08-08,2345,-1.3913723168974284,1.9642672200091338,3.0759773443154117,2345,443,194,514,1352,514,1.0,0.18891257995735608,0.08272921108742004,0.21918976545842217,0.57654584221748406,0.21918976545842217
2020-08-09,2327,-1.1546787769653795,1.8181353404979606,3.1674828397353663,2327,406,288,609,1468,609,1.0,0.17447357112161582,0.12376450365277181,0.26171035668242371,0.63085517834121185,0.26171035668242371
2020-08-10,4126,-0.89560190375372528,2.1034090036174979,2.9151161420502576,4126,925,484,1038,2601,1038,1.0,0.224188075618032,0.11730489578284052,0.25157537566650506,0.6303926320891905,0.25157537566650506
2020-08-11,4517,-0.9212136639341636,2.2123839523799838,2.7821302181353289,4517,945,687,1265,2782,1265,1.0,0.20920965242417533,0.15209209652424174,0.28005313261013948,0.6158955058667257,0.28005313261013948
2020-08-12,5164,-1.1254211799957088,1.9749608172980202,2.6309693096288478,5164,820,463,1397,3439,1397,1.0,0.15879163439194424,0.089659178931061193,0.27052672347017814,0.66595662277304413,0.27052672347017814
2020-08-13,5248,-1.1110348725722141,2.011726490734608,2.5933056030541519,5248,794,522,1325,3679,1325,1.0,0.15129573170731708,0.099466463414634151,0.25247713414634149,0.70102896341463417,0.25247713414634149
2020-08-14,3948,-0.98976486295657284,2.1310379932891159,2.8575862213986443,3948,847,453,1104,2463,1104,1.0,0.21453900709219859,0.11474164133738601,0.2796352583586626,0.62386018237082064,0.2796352583586626
2020-08-15,2453,-1.5796980490002903,1.7561428088698694,3.0868051522388891,2453,434,289,605,1381,605,1.0,0.17692621280065227,0.11781492050550346,0.24663677130044842,0.56298410110069308,0.24663677130044842
2020-08-16,2235,-1.3751596132894481,1.7891694408423806,2.9339291212827536,2235,469,194,506,1381,506,1.0,0.2098434004474273,0.086800894854586128,0.22639821029082774,0.6178970917225951,0.22639821029082774
2020-08-17,4638,-1.0504804333940267,1.905968322020261,3.0125400392024329,4638,1074,439,1183,2846,1183,1.0,0.23156532988357051,0.094652867615351438,0.2550668391548081,0.61362656317378184,0.2550668391548081
2020-08-18,5003,-0.9753758459335744,2.0119408753252177,2.6800735603108157,5003,837,506,1320,3163,1320,1.0,0.16729962022786329,0.1011393164101539,0.26384169498301019,0.63222066759944029,0.26384169498301019
2020-08-19,5508,-0.812782745748614,1.8877520014743143,2.6222056835957579,5508,897,743,1469,3659,1469,1.0,0.16285403050108932,0.13489469862018882,0.26670297748729122,0.66430646332607113,0.26670297748729122
2020-08-20,7708,-1.2266372332045117,1.9845269036607096,2.6246956307948319,7708,950,919,1600,5344,1600,1.0,0.12324857291126103,0.11922677737415673,0.20757654385054489,0.69330565646081987,0.20757654385054489
2020-08-21,7185,-1.6125117947148868,1.8692140145843803,3.0446317261856231,7185,1013,702,1611,5230,1611,1.0,0.14098816979819068,0.0977035490605428,0.22421711899791233,0.72790535838552539,0.22421711899791233
2020-08-22,3039,-1.6080697634991452,2.1659519931446813,3.330214856325858,3039,584,316,755,1835,755,1.0,0.19216847647252386,0.10398157288581771,0.24843698585060875,0.60381704508061862,0.24843698585060875
2020-08-23,2753,-1.5853523056481003,1.9814581643285467,3.2858458161441435,2753,613,459,702,1681,702,1.0,0.22266618234653104,0.16672720668361787,0.25499455139847438,0.610606610969851,0.25499455139847438
2020-08-24,4324,-0.90156368828076749,2.1270040161500856,2.9412852321928922,4324,1000,745,1162,2724,1162,1.0,0.23126734505087881,0.1722941720629047,0.26873265494912119,0.62997224791859385,0.26873265494912119
2020-08-25,4723,-0.83926603439357761,1.9938664979588783,2.7541399442623784,4723,850,835,1416,3197,1416,1.0,0.17997035782341733,0.17679441033241583,0.29980944315053992,0.6769002752487826,0.29980944315053992
2020-08-26,5178,-1.3079143868240815,2.1546636171745779,3.5043606179628335,5178,1095,891,1526,3538,1526,1.0,0.21147161066048667,0.17207415990730013,0.294708381614523,0.68327539590575515,0.294708381614523
2020-08-27,5281,-0.97644557821265188,2.1420713345168418,3.2076420666138459,5281,1021,755,1369,3472,1369,1.0,0.19333459572050748,0.14296534747206968,0.25923120621094492,0.65745124029539859,0.25923120621094492
2020-08-28,5624,-2.1848967458015185,2.3202631682995869,4.1266411851435851,5624,1865,851,1193,3966,1193,1.0,0.33161450924608821,0.15131578947368421,0.212126600284495,0.70519203413940257,0.212126600284495
2020-08-29,4067,-3.0465299017250338,2.0634539091093824,4.603650763943655,4067,1800,552,572,2378,572,1.0,0.44258667322350626,0.13572657978854191,0.14064420949102532,0.58470617162527661,0.14064420949102532
2020-08-30,3070,-2.0282633767607687,1.9768484155033847,3.5231448613675775,3070,989,247,754,2119,754,1.0,0.3221498371335505,0.080456026058631919,0.24560260586319219,0.69022801302931591,0.24560260586319219
2020-08-31,4749,-1.2632504720117141,2.0348139738582014,3.1799709012652118,4749,1160,536,1281,3008,1281,1.0,0.24426194988418615,0.11286586649821015,0.26974099810486418,0.63339650452726892,0.26974099810486418
2020-09-01,5945,-1.2602190303474978,2.1215039057852425,3.1532792445328921,5945,1134,695,1443,3792,1443,1.0,0.19074852817493693,0.11690496215306981,0.24272497897392767,0.63784693019343985,0.24272497897392767
2020-09-02,5848,-1.1633059609739822,1.9151561026962451,3.1613566008818559,5848,1050,679,1264,4009,1264,1.0,0.1795485636114911,0.11610807113543091,0.2161422708618331,0.68553351573187415,0.2161422708618331
2020-09-03,5405,-1.0374244650607,2.0665946975239762,3.2323741058567634,5405,1067,750,1443,3546,1443,1.0,0.19740980573543015,0.13876040703052728,0.26697502312673449,0.656059204440333,0.26697502312673449
2020-09-04,5275,-1.1434586625293064,1.9822983897963489,2.9629652267810132,5275,1062,630,1576,3553,1576,1.0,0.20132701421800947,0.11943127962085308,0.29876777251184833,0.6735545023696683,0.29876777251184833
2020-09-05,3481,-2.3523949410845328,2.1037177933960955,4.1365530066230525,3481,549,254,654,2404,654,1.0,0.15771330077563919,0.072967538063774776,0.18787704682562481,0.69060614765871875,0.18787704682562481
2020-09-06,2919,-1.4689866998935259,1.8623116388877914,3.0625428470938596,2919,533,278,764,1897,764,1.0,0.18259677971908186,0.095238095238095233,0.26173347036656391,0.64988009592326135,0.26173347036656391
2020-09-07,4652,-0.91350841808490868,2.1043332636009611,2.8962356110914707,4652,935,556,1254,2988,1254,1.0,0.20098882201203783,0.11951848667239896,0.2695614789337919,0.64230438521066213,0.2695614789337919
2020-09-08,5375,-1.0055558153742936,1.8191245350419065,2.92012886847725,5375,971,698,1438,3231,1438,1.0,0.18065116279069768,0.12986046511627908,0.26753488372093021,0.60111627906976739,0.26753488372093021
2020-09-09,5878,-1.4484230855248914,2.1452034504795625,3.2204577958680543,5878,702,1090,1555,3596,1555,1.0,0.11942837699897925,0.18543722354542361,0.2645457638652603,0.611772711806737,0.2645457638652603
2020-09-10,6672,-1.9214216163414573,2.0687186640010204,3.6934632838839407,6672,934,1109,1702,4238,1702,1.0,0.13998800959232613,0.16621702637889688,0.25509592326139091,0.63519184652278182,0.25509592326139091
2020-09-11,5933,-1.6959667504884437,2.1049048214696375,3.5444414901281203,5933,784,1070,1531,4053,1531,1.0,0.13214225518287545,0.18034721051744479,0.25804820495533459,0.68312826563290074,0.25804820495533459
2020-09-12,4087,-2.6912663458659076,1.9710175451831122,4.0109836601579731,4087,412,496,659,2826,659,1.0,0.10080743821874236,0.12136041105945682,0.161242965500367,0.6914607291411794,0.161242965500367
2020-09-13,3987,-2.5880405624534712,2.0244500043846725,4.0139264441909539,3987,454,645,940,2896,940,1.0,0.11387007775269627,0.16177577125658391,0.23576624028091298,0.7263606721846,0.23576624028091298
2020-09-14,7510,-2.1224856167867663,2.0535533836475577,3.6136542213434821,7510,569,1472,1772,5063,1772,1.0,0.075765645805592544,0.19600532623169109,0.2359520639147803,0.674167776298269,0.2359520639147803
2020-09-15,9132,-1.8589501720140387,2.188380117639134,3.4364778360621679,9132,868,1801,2116,6176,2116,1.0,0.095050372317126583,0.19721857205431451,0.231712658782304,0.67630310994305742,0.231712658782304
2020-09-16,8596,-1.2759296482464861,1.9393481216870463,2.9510062592359962,8596,924,1130,1902,6028,1902,1.0,0.10749185667752444,0.1314564913913448,0.22126570497906003,0.70125639832480224,0.22126570497906003
2020-09-17,6847,-1.1914246502045618,1.9771033158856908,3.3051938964859064,6847,808,1442,1692,4687,1692,1.0,0.11800788666569301,0.21060318387615015,0.24711552504746603,0.68453337227983058,0.24711552504746603
2020-09-18,6549,-1.5772791297153932,2.032053857365169,3.1532741368560595,6549,668,925,1410,4458,1410,1.0,0.1020003053901359,0.14124293785310735,0.21530004580852038,0.68071461291800273,0.21530004580852038
2020-09-19,3680,-1.4548104480999078,1.772545050688265,3.0605217890992162,3680,449,305,798,2381,798,1.0,0.12201086956521739,0.082880434782608689,0.21684782608695652,0.64701086956521736,0.21684782608695652
2020-09-20,3073,-1.1487250290284228,1.9982643208448299,2.8578545220229414,3073,421,312,628,2060,628,1.0,0.136999674585096,0.10152945004881224,0.20436055971363487,0.67035470224536287,0.20436055971363487
2020-09-21,7345,-0.906897423447839,1.9762053959511308,2.6702981112532678,7345,1010,1010,1807,5098,1807,1.0,0.13750850918992513,0.13750850918992513,0.24601769911504426,0.69407760381211714,0.24601769911504426
2020-09-22,8585,-1.0593351917908149,2.0869412747557412,3.0113891287727719,8585,1026,1041,1864,5823,1864,1.0,0.11951077460687246,0.12125800815375655,0.21712288875946417,0.67827606290040765,0.21712288875946417
2020-09-23,8064,-0.74550349343038824,2.0049744046008562,2.6622450306355865,8064,905,1120,2025,5688,2025,1.0,0.11222718253968254,0.1388888888888889,0.25111607142857145,0.7053571428571429,0.25111607142857145
2020-09-24,7015,-0.89127620462009294,2.0255178588660026,2.83925816796271,7015,743,894,1785,4798,1785,1.0,0.10591589451176052,0.12744119743406984,0.25445473984319317,0.68396293656450469,0.25445473984319317
2020-09-25,6128,-0.97533502369814884,2.146796179869785,2.7821122722172267,6128,711,808,1445,4304,1445,1.0,0.1160248041775457,0.13185378590078328,0.23580287206266318,0.70234986945169708,0.23580287206266318
2020-09-26,2965,-1.3318553710287451,2.2828480832839544,3.1104365464670365,2965,363,430,718,1979,718,1.0,0.1224283305227656,0.14502529510961215,0.24215851602023608,0.66745362563237776,0.24215851602023608
2020-09-27,3109,-1.2791172729816169,2.0604738587569522,2.891484670576979,3109,472,548,866,2040,866,1.0,0.1518173045995497,0.17626246381473143,0.27854615632036023,0.65615953682856221,0.27854615632036023
2020-09-28,4642,-1.1447421880033828,2.1188495454371981,3.2336860800912985,4642,417,882,1143,3021,1143,1.0,0.089831968978888413,0.19000430848772082,0.24623007324429125,0.65079707022834987,0.24623007324429125
2020-09-29,5284,-0.96941038903603916,2.1666983939690758,3.0538009795218191,5284,504,877,1213,3393,1213,1.0,0.095382286146858439,0.16597274791824376,0.22956093868281605,0.64212717638152916,0.22956093868281605
2020-09-30,6485,-1.0757243005903667,2.0744079575185688,2.9066089917927158,6485,823,1126,1759,4262,1759,1.0,0.12690824980724749,0.17363145720894371,0.27124132613723978,0.65720894371626826,0.27124132613723978
2020-10-01,5443,-1.0738173677688247,2.1606569003049012,2.9363561715421893,5443,685,867,1518,3468,1518,1.0,0.12584971523057137,0.15928715781738012,0.2788903178394268,0.63714863126952048,0.2788903178394268
2020-10-02,4696,-0.76595448415317113,2.104126212536618,2.7513715231545866,4696,474,852,1118,2827,1118,1.0,0.10093696763202725,0.18143100511073254,0.23807495741056217,0.60200170357751281,0.23807495741056217
2020-10-03,2558,-0.9596561966495234,2.3722862255525894,3.4876132258177486,2558,294,284,510,1427,510,1.0,0.11493354182955434,0.11102423768569195,0.19937451133698203,0.55785770132916346,0.19937451133698203
2020-10-04,2371,-1.5512631104301169,1.9547637376885134,3.1908365225334885,2371,260,450,393,1486,393,1.0,0.10965837199493884,0.18979333614508645,0.16575284690004219,0.6267397722479966,0.16575284690004219
2020-10-05,3691,-0.91008560866808752,2.2449315806228327,2.8844835503801507,3691,365,677,919,2387,919,1.0,0.0988891899214305,0.18341912760769438,0.24898401517204011,0.6467082091574099,0.24898401517204011
2020-10-06,4375,-0.64565785321279245,2.0918891117596212,2.8323410454255225,4375,455,689,1023,2828,1023,1.0,0.104,0.15748571428571428,0.23382857142857144,0.6464,0.23382857142857144
2020-10-07,4511,-0.69695151078769479,2.0644869282149076,2.76658719331081,4511,493,646,1157,2897,1157,1.0,0.1092884061183773,0.14320549767235646,0.25648414985590778,0.642207936156063,0.25648414985590778
2020-10-08,6182,-1.0238029037209471,2.3084981002916827,3.1419373873298198,6182,354,685,2067,4462,2067,1.0,0.05726302167583306,0.11080556454221935,0.33435781300549983,0.72177288903267556,0.33435781300549983
2020-10-09,2358,-1.2476260136606008,2.1641131186785039,3.3222352762475564,2358,232,454,679,1455,679,1.0,0.098388464800678546,0.19253604749787956,0.28795589482612383,0.61704834605597969,0.28795589482612383
2020-10-10,4024,-1.5143656809198134,2.1295241187936953,3.6007080396183091,4024,917,628,1037,2599,1037,1.0,0.227882703777336,0.15606361829025844,0.2577037773359841,0.64587475149105367,0.2577037773359841
2020-10-11,3494,-1.5551392701758644,2.0250815322822193,3.4909310623202359,3494,837,496,682,2081,682,1.0,0.23955352032054952,0.14195764167143674,0.19519175729822552,0.59559244419004009,0.19519175729822552
2020-10-12,4131,-1.2441806067477057,2.19934992494654,3.1271211658215092,4131,418,581,1055,2402,1055,1.0,0.10118615347373518,0.14064391188574196,0.2553861050593077,0.58145727426773175,0.2553861050593077
2020-10-13,5082,-1.1336372292020913,2.1076632975786103,3.1721978943555285,5082,613,708,1452,3074,1452,1.0,0.12062180243998426,0.13931523022432113,0.2857142857142857,0.60487996851633219,0.2857142857142857
2020-10-14,4799,-0.90754441214509429,2.0505038466902206,2.8834196005484696,4799,493,679,1210,2977,1210,1.0,0.10272973536153365,0.14148780996040841,0.25213586163784124,0.62033757032715153,0.25213586163784124
2020-10-15,4623,-0.92119790345812791,2.0900807154597003,2.6101364203004085,4623,441,584,1072,3292,1072,1.0,0.0953926022063595,0.12632489725286611,0.2318840579710145,0.71209171533636162,0.2318840579710145
2020-10-16,1882,-0.50929865966028143,2.8101742363580451,2.8312820958128961,1882,231,217,499,1292,499,1.0,0.12274176408076515,0.11530286928799149,0.26514346439957492,0.68650371944739641,0.26514346439957492
2020-10-17,2359,-1.1410990027854002,1.8688014190950344,2.9153000077492659,2359,264,211,426,1663,426,1.0,0.11191182704535821,0.089444679949130981,0.18058499364137345,0.70495972869860113,0.18058499364137345
2020-10-18,2380,-0.92097726509827127,1.982400520028919,2.5800478929278134,2380,247,249,512,1688,512,1.0,0.10378151260504202,0.1046218487394958,0.21512605042016808,0.70924369747899163,0.21512605042016808
2020-10-19,3023,-0.64801733821932539,2.0042574349017861,2.5817445339851286,3023,368,455,791,1961,791,1.0,0.1217333774396295,0.15051273569302018,0.26166060205094277,0.64869335097585179,0.26166060205094277
2020-10-20,3742,-1.0969829770312258,1.9510833254233173,3.0164248834296048,3742,437,462,868,2604,868,1.0,0.11678246926777125,0.12346338856226617,0.23196151790486372,0.69588455371459113,0.23196151790486372
2020-10-21,3702,-0.67355845448443641,2.0812295832091072,2.6654254134664872,3702,425,402,823,2584,823,1.0,0.11480280929227445,0.10858995137763371,0.222312263641275,0.69800108049702858,0.222312263641275
2020-10-22,3966,-1.4169496776621049,2.1899050819218586,3.3614598564564164,3966,323,512,896,2790,896,1.0,0.081442259203227438,0.12909732728189613,0.22592032274331819,0.70347957639939485,0.22592032274331819
2020-10-23,3102,-2.4147538044516397,2.0135619457965697,3.6425591516535314,3102,217,689,1166,2442,1166,1.0,0.06995486782720825,0.22211476466795615,0.375886524822695,0.78723404255319152,0.375886524822695
2020-10-24,1756,-1.3377229180063983,2.6767457902244276,3.0487397545691231,1756,125,506,424,1096,424,1.0,0.071184510250569474,0.28815489749430523,0.24145785876993167,0.62414578587699321,0.24145785876993167
2020-10-25,1951,-1.4079505669988537,2.0004597490257243,2.8627044062253404,1951,201,369,477,1344,477,1.0,0.10302409021014865,0.18913377754997437,0.24449000512557661,0.68887749871860582,0.24449000512557661
2020-10-26,3443,-0.81915387160421338,1.8063361556694213,2.7098430976225911,3443,371,877,1071,2321,1071,1.0,0.10775486494336335,0.25471972117339531,0.31106593087423756,0.67412140575079871,0.31106593087423756
2020-10-27,3272,-0.90203740004416244,2.0633940840630012,2.9300129015623941,3272,339,602,959,2252,959,1.0,0.10360635696821516,0.18398533007334963,0.29309290953545231,0.68826405867970664,0.29309290953545231
2020-10-28,3753,-1.0910600425397794,2.0528027185953284,3.1783248050168886,3753,497,891,1036,2454,1036,1.0,0.13242739142019719,0.23741007194244604,0.27604583000266453,0.653876898481215,0.27604583000266453
2020-10-29,2718,-1.5438755659004106,2.0830622934513854,3.5515956098068897,2718,342,743,700,1763,700,1.0,0.12582781456953643,0.27336276674025017,0.257542310522443,0.64863870493009568,0.257542310522443
2020-10-30,1654,-1.3950613350309315,2.2036226115434658,3.3326332278662503,1654,176,336,551,1184,551,1.0,0.10640870616686819,0.20314389359129384,0.33313180169286577,0.7158403869407497,0.33313180169286577
2020-10-31,837,-0.98993807516411,2.2533779082774505,2.9259124646677139,837,95,150,238,571,238,1.0,0.11350059737156511,0.17921146953405018,0.28434886499402628,0.68219832735961772,0.28434886499402628
2020-11-01,1249,-1.2692370220310227,2.0098735084119541,2.8723700909534813,1249,151,165,320,875,320,1.0,0.12089671737389912,0.1321056845476381,0.25620496397117692,0.70056044835868692,0.25620496397117692
2020-11-02,2971,-0.824038255185597,2.3026130542821925,2.7688115707986767,2971,319,469,882,2162,882,1.0,0.10737125546953888,0.15785930663076406,0.29686974082800405,0.72770111073712551,0.29686974082800405
2020-11-03,2025,-0.75526386412461233,2.0095466006066753,2.6847679666857323,2025,233,236,511,1510,511,1.0,0.11506172839506174,0.11654320987654321,0.25234567901234567,0.745679012345679,0.25234567901234567
2020-11-04,4040,-0.73647260307755213,1.8596660124980393,2.2141232731952223,4040,281,409,847,3193,847,1.0,0.069554455445544561,0.10123762376237624,0.20965346534653465,0.79034653465346538,0.20965346534653465
2020-11-05,2479,-0.554438851629772,2.1536069682100245,2.422368306833532,2479,289,343,726,1708,726,1.0,0.11657926583299717,0.13836224283985479,0.29286002420330781,0.68898749495764422,0.29286002420330781
2020-11-06,1016,-0.973615164665037,2.2350713770785484,2.7493757407903647,1016,120,85,235,649,235,1.0,0.11811023622047244,0.08366141732283465,0.2312992125984252,0.63877952755905509,0.2312992125984252
2020-11-07,685,-0.87515563791865458,2.3044477263001784,2.6974629495385822,685,48,52,158,502,158,1.0,0.070072992700729933,0.075912408759124084,0.23065693430656933,0.73284671532846712,0.23065693430656933
2020-11-08,2031,0.47848684847525813,2.4492310413933227,1.8808215112154125,2031,106,152,329,1755,329,1.0,0.052191038897095025,0.074839980305268339,0.16198916789758738,0.86410635155096016,0.16198916789758738
2020-11-09,3848,-0.12075527623224527,1.950372411642596,2.2429228651425719,3848,313,467,835,2987,835,1.0,0.081340956340956339,0.12136174636174636,0.216995841995842,0.77624740124740121,0.216995841995842
2020-11-10,2541,-0.60867740475110621,1.8720315504838678,2.6568010359955005,2541,246,336,597,1870,597,1.0,0.096812278630460449,0.13223140495867769,0.23494687131050768,0.73593073593073588,0.23494687131050768
2020-11-11,2744,-0.65639787338539313,2.1430764259446,2.6045676034254446,2744,226,304,583,2003,583,1.0,0.082361516034985427,0.11078717201166181,0.21246355685131196,0.72995626822157433,0.21246355685131196
2020-11-12,2124,-0.29832282219689665,1.9858107732183388,2.4189612779892165,2124,269,317,526,1542,526,1.0,0.12664783427495291,0.1492467043314501,0.24764595103578155,0.72598870056497178,0.24764595103578155
2020-11-13,606,-0.87109772372633687,2.2226312022426269,2.8938198659690837,606,89,67,115,380,115,1.0,0.14686468646864687,0.11056105610561057,0.18976897689768976,0.6270627062706271,0.18976897689768976
2020-11-14,376,-1.2483663415191009,1.6607622114783767,2.8494525680780618,376,28,79,52,262,52,1.0,0.074468085106382975,0.21010638297872342,0.13829787234042554,0.69680851063829785,0.13829787234042554
2020-11-15,943,-1.3325367656341227,2.0324421203116243,4.089742819455795,943,122,235,152,557,152,1.0,0.12937433722163308,0.24920466595970309,0.16118769883351008,0.59066808059384945,0.16118769883351008
2020-11-16,2443,-1.355049935034341,2.0241129735883119,3.4010502078053508,2443,220,472,537,1647,537,1.0,0.090053213262382317,0.1932050757265657,0.21981170691772411,0.67417110110519851,0.21981170691772411
2020-11-17,2292,-1.1583872108269839,2.266671430357972,2.9867123900399042,2292,201,366,451,1610,451,1.0,0.087696335078534027,0.15968586387434555,0.19677137870855149,0.70244328097731235,0.19677137870855149
2020-11-18,6644,-0.44776559898118512,2.28241474117875,2.7347446676208564,6644,1039,1387,2113,4856,2113,1.0,0.15638169777242625,0.20875978326309452,0.31803130644190247,0.73088500903070441,0.31803130644190247
2020-11-19,6950,-0.64286370187706154,2.0283860639087243,2.6715749601681456,6950,838,1114,2075,4998,2075,1.0,0.12057553956834532,0.16028776978417267,0.29856115107913667,0.719136690647482,0.29856115107913667
2020-11-20,6176,-0.41056761353837451,2.0136962525430873,2.4088239797079614,6176,882,706,1384,4261,1384,1.0,0.14281088082901555,0.11431347150259068,0.22409326424870465,0.689928756476684,0.22409326424870465
2020-11-21,4338,-0.61970698171565963,1.7894988589061442,2.3231289766705934,4338,388,500,721,3029,721,1.0,0.089442139234670356,0.11526048870447211,0.16620562471184877,0.698248040571692,0.16620562471184877
2020-11-22,4611,-0.70304676930586374,2.3101894332859012,2.4992745552286588,4611,407,469,732,3291,732,1.0,0.0882671871611364,0.10171329429624811,0.15875081327260898,0.71372804163955761,0.15875081327260898
2020-11-23,8271,-0.45516383964716217,2.0324800329963533,2.2292237097188217,8271,1027,859,1673,5840,1673,1.0,0.124168782493048,0.10385684923225728,0.20227300205537421,0.70608148954177241,0.20227300205537421
2020-11-24,8304,-0.25480173513056736,1.9138608680819951,1.9920569350660042,8304,925,774,1654,6371,1654,1.0,0.11139210019267823,0.093208092485549135,0.1991811175337187,0.76722061657032758,0.1991811175337187
2020-11-25,6522,-0.47383712854263443,2.0421457141092056,2.515347800266404,6522,727,619,1224,4744,1224,1.0,0.1114688745783502,0.094909536951855264,0.18767249310027598,0.72738423796381479,0.18767249310027598
2020-11-26,4951,-0.079060779624298166,2.7633459576213379,2.3837794516618036,4951,754,678,1546,3456,1546,1.0,0.15229246616845082,0.1369420319127449,0.31226014946475461,0.69804079983841649,0.31226014946475461
2020-11-27,4313,-0.33385053095994721,2.4010526577423494,2.4699244060946053,4313,717,558,1271,2963,1271,1.0,0.16624159517737075,0.12937630419661489,0.29469047067006726,0.68699281242754462,0.29469047067006726
2020-11-28,2548,-0.77347163388983631,2.1432615361458254,2.7358367170444962,2548,357,372,761,1717,761,1.0,0.14010989010989011,0.14599686028257458,0.29866562009419151,0.673861852433281,0.29866562009419151
2020-11-29,2791,-0.46610547269300806,2.7246004782626483,2.684397051727601,2791,338,276,676,1888,676,1.0,0.12110354711572913,0.09888928699390899,0.24220709423145825,0.67646005016123256,0.24220709423145825
2020-11-30,5885,-0.57028930909356967,1.9839069332323847,2.6700824612594114,5885,822,792,1621,3940,1621,1.0,0.13967714528462191,0.13457943925233645,0.27544604927782496,0.66949872557349188,0.27544604927782496
2020-12-01,6581,-0.99160730242299744,1.9244194016580003,3.0688646889184859,6581,837,962,1783,4671,1783,1.0,0.12718431849263029,0.14617839234158941,0.27093146938155294,0.70977055158790459,0.27093146938155294
2020-12-02,6709,-0.853860107023947,1.9554044571550708,2.6825814165845618,6709,887,954,2057,4411,2057,1.0,0.13221046355641675,0.14219704874049785,0.30660307050231034,0.65747503353703984,0.30660307050231034
2020-12-03,6795,-0.75863992760982613,1.9955883772149656,2.7155778563919473,6795,840,947,1899,4278,1899,1.0,0.12362030905077263,0.13936718175128771,0.27947019867549666,0.62958057395143485,0.27947019867549666
2020-12-04,6548,-0.91576416103238667,2.1179873650438417,2.8165232382911349,6548,792,770,1584,4231,1584,1.0,0.12095296273671351,0.11759315821624923,0.241905925473427,0.64615149664019544,0.241905925473427
2020-12-05,3548,-1.0168550586643412,2.0786901017424655,2.5374041385836033,3548,422,415,672,2363,672,1.0,0.11894024802705749,0.11696730552423901,0.18940248027057496,0.66600901916572719,0.18940248027057496
2020-12-06,2849,-1.0618909055071346,1.7364984661300964,2.7507505406518544,2849,357,306,583,1870,583,1.0,0.12530712530712532,0.10740610740610741,0.20463320463320464,0.65637065637065639,0.20463320463320464
2020-12-07,5387,-0.25318153842039259,2.1026844321601192,2.3148886000599425,5387,721,865,1475,3379,1475,1.0,0.13384072767774272,0.16057174679784667,0.27380731390384261,0.62725078893632824,0.27380731390384261
2020-12-08,5805,-0.31486447876290463,2.11767256841449,2.4151298812828883,5805,715,820,1522,3888,1522,1.0,0.1231696813092162,0.14125753660637383,0.26218776916451336,0.66976744186046511,0.26218776916451336
2020-12-09,6122,-0.21341924147118183,2.1329768482648968,2.3104724362921907,6122,795,944,1757,4275,1757,1.0,0.129859523031689,0.15419797451813133,0.28699771316563216,0.69830120875530877,0.28699771316563216
2020-12-10,7097,-0.25889427514404051,2.3392960253876502,2.573121301713706,7097,875,904,1989,5033,1989,1.0,0.1232915316330844,0.12737776525292377,0.28025926447794841,0.70917288995350147,0.28025926447794841
2020-12-11,7276,-0.22615765753691827,2.0841284008489915,2.3196722846876625,7276,1009,1008,2134,4989,2134,1.0,0.13867509620670698,0.13853765805387575,0.29329301814183617,0.68567894447498623,0.29329301814183617
2020-12-12,5572,-0.17105754864089817,2.0530586919926712,2.0738739883567172,5572,523,898,1599,3867,1599,1.0,0.093862167982771,0.1611629576453697,0.28697056712132091,0.69400574300071782,0.28697056712132091
2020-12-13,4168,-0.46132758269675306,2.2610474835401182,2.50744796990316,4168,460,799,1328,2860,1328,1.0,0.11036468330134357,0.19169865642994241,0.31861804222648754,0.68618042226487519,0.31861804222648754
2020-12-14,5005,-0.25844495716511684,2.2431498781675487,2.59173237857375,5005,809,961,1682,3434,1682,1.0,0.16163836163836165,0.192007992007992,0.33606393606393609,0.68611388611388613,0.33606393606393609
2020-12-15,6518,-0.51129535997684006,2.2177644311678439,2.5715343199559983,6518,993,936,1718,4608,1718,1.0,0.15234734581159864,0.14360233200368211,0.263577784596502,0.70696532678735813,0.263577784596502
2020-12-16,6465,-0.2514417389011514,2.1465385224967788,2.5039373232070194,6465,898,1003,1842,4680,1842,1.0,0.13890177880897139,0.15514307811291569,0.28491879350348026,0.72389791183294661,0.28491879350348026
2020-12-17,6044,-0.4343113556014172,2.0169497129398066,2.5186096531962785,6044,789,1210,2089,4107,2089,1.0,0.13054268696227664,0.200198544010589,0.34563203176704171,0.67951687624090007,0.34563203176704171
2020-12-18,5693,-0.44134526750252445,2.169179014986613,2.6071042747931505,5693,816,1143,1987,4300,1987,1.0,0.14333391884770771,0.20077287897417881,0.3490251185666608,0.75531354294747932,0.3490251185666608
2020-12-19,3041,-0.24868896105300273,2.0781818426961944,2.2064710989414613,3041,464,353,930,2050,930,1.0,0.152581387701414,0.1160802367642223,0.30582045379809275,0.67412035514633339,0.30582045379809275
2020-12-20,2453,-0.5749679115561207,1.8543546505021957,2.6221735424342962,2453,352,274,756,1678,756,1.0,0.14349775784753363,0.11169995923359152,0.308194048104362,0.68406033428454949,0.308194048104362
2020-12-21,4683,-0.13536413121800814,2.1592310983674854,2.3367463595399545,4683,739,743,1453,3083,1453,1.0,0.15780482596626094,0.15865897928678196,0.31027119367926542,0.65833867179158656,0.31027119367926542
2020-12-22,4687,-0.1063885802575565,2.2230726928378028,2.5440872087720643,4687,1197,892,1503,3433,1503,1.0,0.25538724130573925,0.19031363345423513,0.32067420524855983,0.73245146148922546,0.32067420524855983
2020-12-23,4240,-0.15493767507706105,2.2750361709606617,2.5526703949069502,4240,929,675,1315,2925,1315,1.0,0.21910377358490565,0.15919811320754718,0.31014150943396224,0.68985849056603776,0.31014150943396224
2020-12-24,4032,-0.051629404085798664,2.31775740308722,2.5873801900474493,4032,657,509,910,2719,910,1.0,0.16294642857142858,0.12624007936507936,0.22569444444444445,0.67435515873015872,0.22569444444444445
2020-12-25,2803,-0.23458521435730184,1.8946639319123564,2.4941850480560461,2803,650,342,748,1862,748,1.0,0.23189439885836605,0.12201212986086336,0.26685693899393509,0.66428826257581164,0.26685693899393509
2020-12-26,2173,-0.71546176038571163,2.0846216578158625,2.5587351109329686,2173,361,327,528,1188,528,1.0,0.16612977450529223,0.150483202945237,0.24298205246203405,0.54670961803957663,0.24298205246203405
2020-12-27,3055,-1.1074711952639533,1.6790572313249659,2.7849660767891735,3055,411,329,626,1712,626,1.0,0.13453355155482816,0.1076923076923077,0.20490998363338789,0.560392798690671,0.20490998363338789
2020-12-28,4339,-1.0190653475866185,2.0702660534212458,3.148054622011335,4339,756,657,1001,2849,1001,1.0,0.17423369439963124,0.15141737727587,0.23069831758469694,0.65660290389490661,0.23069831758469694
2020-12-29,4439,-1.1793772040656445,1.8909658053289291,3.1991096131126984,4439,820,485,1184,2959,1184,1.0,0.1847262897048885,0.1092588420815499,0.26672674025681459,0.66659157467898178,0.26672674025681459
2020-12-30,4785,-0.64352095466239834,2.1275221840241172,2.7225079441846125,4785,667,483,1030,3074,1030,1.0,0.1393939393939394,0.10094043887147336,0.21525600835945663,0.64242424242424245,0.21525600835945663
2020-12-31,4074,-0.57372069605207932,2.0944712396176475,2.6451639951701793,4074,574,430,919,2479,919,1.0,0.140893470790378,0.1055473735886107,0.22557682866961218,0.60849288168875793,0.22557682866961218
2021-01-01,3492,-1.2160232926206058,1.8337781422772443,3.03623429286127,3492,401,299,882,2309,882,1.0,0.11483390607101947,0.085624284077892326,0.25257731958762886,0.661225658648339,0.25257731958762886
2021-01-02,2592,-1.0887095398775395,1.9362490272761153,2.8252369003118534,2592,319,223,527,1411,527,1.0,0.12307098765432099,0.086033950617283944,0.20331790123456789,0.54436728395061729,0.20331790123456789
2021-01-03,2682,-1.0165434668416375,1.9265339755550563,2.8027510786739502,2682,342,367,574,1540,574,1.0,0.12751677852348994,0.13683818046234153,0.2140193885160328,0.57419835943325881,0.2140193885160328
2021-01-04,3771,-0.74711213629298823,2.0227051158924758,2.7018397353992829,3771,550,505,1038,2386,1038,1.0,0.14584990718642271,0.133916732962079,0.27525855210819411,0.63272341553964462,0.27525855210819411
2021-01-05,4872,-0.73960977681270113,2.0387382102071019,2.4961746544396459,4872,692,596,1445,3302,1445,1.0,0.14203612479474548,0.12233169129720854,0.29659277504105092,0.67775041050903118,0.29659277504105092
2021-01-06,5021,-0.78627355885219807,2.0512732565286091,2.3692562435017681,5021,807,542,1131,3531,1131,1.0,0.16072495518820951,0.10794662417845051,0.22525393347938658,0.70324636526588324,0.22525393347938658
2021-01-07,4687,-0.5373591202429876,2.2600701138780459,2.7673623703848507,4687,744,606,1302,2878,1302,1.0,0.15873693193940688,0.12929379133774269,0.277789630893962,0.61403883080861954,0.277789630893962
2021-01-08,4718,-0.7105427792468566,1.9776637403003872,2.4300589798487136,4718,855,487,1137,2786,1137,1.0,0.18122085629504028,0.10322170411191182,0.24099194573972021,0.59050445103857563,0.24099194573972021
2021-01-09,2627,-1.1639147035868636,2.0146152293663375,2.6434216964122483,2627,405,266,501,1546,501,1.0,0.15416825275980206,0.10125618576322802,0.19071183859916255,0.58850399695470113,0.19071183859916255
2021-01-10,2631,-0.89795254245451683,2.1436351846824517,2.5701733261067923,2631,394,254,528,1643,528,1.0,0.14975294564804256,0.096541239072595972,0.20068415051311289,0.6244773850247054,0.20068415051311289
2021-01-11,4705,-0.335911673740108,2.2782386075380621,2.4847642126060934,4705,629,567,1287,3044,1287,1.0,0.1336875664187035,0.12051009564293305,0.273538788522848,0.646971307120085,0.273538788522848
2021-01-12,5243,-0.72149995956758006,2.2455330072786559,2.8510139863696771,5243,732,622,1325,3293,1325,1.0,0.13961472439443068,0.11863436963570474,0.252717909593744,0.62807552927713139,0.252717909593744
2021-01-13,5582,-0.64430736628950047,2.1459558552547242,2.7250355168114266,5582,794,698,1502,3534,1502,1.0,0.14224292368326766,0.12504478681476172,0.26907918308849876,0.63310641347187391,0.26907918308849876
2021-01-14,5601,-0.63019164532708971,2.0523538240867225,2.4442559186590063,5601,850,733,1619,3545,1619,1.0,0.15175861453311909,0.13086948759150152,0.28905552579896449,0.63292269237636134,0.28905552579896449
2021-01-15,5539,-1.1699998238675324,1.9517214356480417,2.9808601767098062,5539,849,603,1399,3495,1399,1.0,0.15327676475898178,0.10886441595955949,0.252572666546308,0.63098032135764581,0.252572666546308
2021-01-16,3251,-1.1444958191496553,2.01826625924123,2.9983642858446191,3251,457,298,687,2086,687,1.0,0.14057213165179944,0.091664103352814524,0.21131959397108582,0.64164872346970159,0.21131959397108582
2021-01-17,4737,-1.6506809824232802,1.6096676264733232,2.8487803004019585,4737,413,286,724,3740,724,1.0,0.08718598268946591,0.06037576525226937,0.15283934979945113,0.78952923791429175,0.15283934979945113
2021-01-18,5032,-0.79325638402667531,1.9063542239945179,2.6383221608809717,5032,829,641,1353,3396,1353,1.0,0.1647456279809221,0.12738473767885533,0.268879173290938,0.67488076311605727,0.268879173290938
2021-01-19,6605,-1.0278148289187605,2.0231195639188018,2.9481188615839193,6605,939,917,1940,4810,1940,1.0,0.14216502649507948,0.13883421650264952,0.29371688115064343,0.72823618470855411,0.29371688115064343
2021-01-20,8473,-0.50791676179323342,2.0164303380628485,2.305923553750572,8473,813,822,2394,6629,2394,1.0,0.0959518470435501,0.097014044612297887,0.28254455328691136,0.78236752035878676,0.28254455328691136
2021-01-21,9751,-0.46159432730742905,1.9814115373517605,2.2836319622759773,9751,913,1006,2839,7431,2839,1.0,0.093631422418213511,0.10316890575325607,0.29114962567941749,0.76207568454517483,0.29114962567941749
2021-01-22,6384,-0.62373619512464062,2.0522809212757811,2.8424710545476812,6384,1002,982,1716,4318,1716,1.0,0.15695488721804512,0.15382205513784461,0.26879699248120303,0.67637844611528819,0.26879699248120303
2021-01-23,3099,-0.59450832118506713,1.9813346691658722,2.6294673578467846,3099,493,379,790,2027,790,1.0,0.15908357534688608,0.122297515327525,0.25492094223943207,0.654081961923201,0.25492094223943207
2021-01-24,3545,-0.25685806259605815,2.031326151988571,2.6158119353365303,3545,419,316,769,2440,769,1.0,0.11819464033850494,0.089139633286318756,0.21692524682651623,0.688293370944993,0.21692524682651623
2021-01-25,6405,-0.74703124928032594,2.1628537954195077,2.8023824308318632,6405,802,1023,1600,4303,1600,1.0,0.12521467603434816,0.15971896955503512,0.24980483996877439,0.67181889149102259,0.24980483996877439
2021-01-26,7240,-0.42060394068496543,2.3820874544371864,2.5921194394549727,7240,823,1020,1914,5325,1914,1.0,0.11367403314917127,0.14088397790055249,0.26436464088397787,0.73549723756906082,0.26436464088397787
2021-01-27,7745,-0.62866252912431608,2.1560625216660463,2.7331631950969353,7745,807,1223,2532,5403,2532,1.0,0.10419625564880568,0.15790832795351839,0.32692059393156875,0.69761136216914144,0.32692059393156875
2021-01-28,7349,-0.47146100522205037,2.0036628809030312,2.7050877817637944,7349,894,1494,2723,5080,2723,1.0,0.12164920397332971,0.20329296502925567,0.37052660225881073,0.69125051027350659,0.37052660225881073
2021-01-29,5566,-0.497398509242753,1.9275894342802458,2.5434821177400542,5566,742,1066,1769,3812,1769,1.0,0.13330937836866691,0.1915199425080848,0.31782249371182175,0.68487243981315127,0.31782249371182175
2021-01-30,3159,-0.64710788701196353,1.8418344517596204,2.5041767251402938,3159,386,445,927,2118,927,1.0,0.12219056663501109,0.14086736308958531,0.29344729344729342,0.67046533713200385,0.29344729344729342
2021-01-31,3016,-0.46261949708079375,2.2137258439106384,2.5529077392481625,3016,471,458,803,1963,803,1.0,0.15616710875331566,0.15185676392572944,0.2662466843501326,0.65086206896551724,0.2662466843501326
2021-02-01,5237,-0.46180445239021378,1.948202973293959,2.6015287837620225,5237,834,853,1617,3537,1617,1.0,0.15925147985487875,0.16287951117051747,0.30876455986251672,0.67538667175864042,0.30876455986251672
2021-02-02,6094,-0.42289590014134903,2.0391350945722748,2.57414739255342,6094,984,1125,1927,4217,1927,1.0,0.16147029865441417,0.18460781096160159,0.31621266819822774,0.69199212340006566,0.31621266819822774
2021-02-03,6282,-0.48003985622509282,2.0034597212675562,2.5398027996537844,6282,815,913,1724,4268,1724,1.0,0.129735752944922,0.14533588029290034,0.27443489334606813,0.679401464501751,0.27443489334606813
2021-02-04,6144,-0.65072743613044359,2.0738677529860148,2.5693991880782705,6144,827,854,1866,4369,1866,1.0,0.13460286458333334,0.13899739583333334,0.3037109375,0.71110026041666663,0.3037109375
2021-02-05,5221,-0.57544715383652922,2.0789518227087882,2.4143523187292386,5221,634,667,1499,3634,1499,1.0,0.12143267573261828,0.1277533039647577,0.28710974909021258,0.69603524229074887,0.28710974909021258
2021-02-06,3287,-0.7273617216939352,1.9599099626988319,2.5316321596284492,3287,499,500,803,2046,803,1.0,0.15181016124125343,0.152114390021296,0.24429571037420139,0.62245208396714324,0.24429571037420139
2021-02-07,3985,-1.1926615124966917,1.8476111259489172,2.7371814835903683,3985,584,648,1058,2778,1058,1.0,0.14654956085319951,0.16260978670012546,0.265495608531995,0.69711417816813048,0.265495608531995
2021-02-08,7088,-1.3310745227995164,2.0507056498618295,3.2219993692104754,7088,960,1478,2176,4645,2176,1.0,0.13544018058690746,0.2085214446952596,0.30699774266365687,0.65533295711060946,0.30699774266365687
2021-02-09,6202,-0.8615669192928338,1.9832997650079662,2.9793661597082712,6202,832,1150,2022,4082,2022,1.0,0.13415027410512737,0.18542405675588519,0.32602386326991295,0.65817478232828119,0.32602386326991295
2021-02-10,6839,-0.4604190258049134,2.1026782096163656,2.6258606896256116,6839,844,1056,1857,4755,1857,1.0,0.12340985524199444,0.15440853926012574,0.27153092557391434,0.69527708729346394,0.27153092557391434
2021-02-11,6428,-0.51710972800756871,1.9657899494549,2.406456191227007,6428,654,1258,1738,4558,1738,1.0,0.10174237710018669,0.19570628500311138,0.27037958929682637,0.709085252022402,0.27037958929682637
2021-02-12,4469,-0.53994003101961441,2.077491235193822,2.6155995741932312,4469,575,735,1266,2978,1266,1.0,0.12866413067800403,0.16446632356231819,0.28328485119713581,0.66636831505929739,0.28328485119713581
2021-02-13,2774,-0.820045028188168,1.9706262324472699,2.5962303544117407,2774,329,558,762,1748,762,1.0,0.11860129776496034,0.20115356885364094,0.27469358327325161,0.63013698630136983,0.27469358327325161
2021-02-14,2701,-0.74948701766011694,2.2165187029495459,2.6854250905805488,2701,347,326,601,1713,601,1.0,0.12847093669011478,0.12069603850425768,0.222510181414291,0.63420955201777118,0.222510181414291
2021-02-15,5393,-0.91978876119131936,1.9707766715978208,2.6475652098101694,5393,532,1021,1593,3435,1593,1.0,0.09864639347302058,0.18931948822547748,0.29538290376413867,0.63693676988689041,0.29538290376413867
2021-02-16,6850,-1.4513820014365515,2.0054590925348186,3.4097718980363121,6850,1576,1279,2179,4556,2179,1.0,0.23007299270072992,0.18671532846715327,0.31810218978102189,0.6651094890510949,0.31810218978102189
2021-02-17,8855,-1.8664649225105969,2.022359838847394,3.5164063406253825,8855,2296,1854,3263,5940,3263,1.0,0.25928853754940712,0.209373235460192,0.36849237718802935,0.67080745341614911,0.36849237718802935
2021-02-18,9065,-1.7746230293112271,2.0117491895009914,3.3853723947901226,9065,2086,1974,3618,5928,3618,1.0,0.23011583011583012,0.21776061776061775,0.39911748483177056,0.65394373965802532,0.39911748483177056
2021-02-19,9376,-1.0864591574544415,1.978146229394272,2.9428918970829274,9376,1063,1429,2455,6707,2455,1.0,0.11337457337883959,0.152410409556314,0.26183873720136519,0.7153370307167235,0.26183873720136519
2021-02-20,6079,-1.4628685725189294,2.0322421186972242,3.2380864565688605,6079,953,617,1484,4254,1484,1.0,0.15676920546142459,0.10149695673630531,0.24411909853594341,0.69978614903767067,0.24411909853594341
2021-02-21,4354,-1.9737268779649868,1.8200281950061492,3.2622880801433758,4354,1097,915,1497,2997,1497,1.0,0.2519522278364722,0.21015158474965548,0.34382177308222323,0.68833256775378959,0.34382177308222323
2021-02-22,6604,-1.13885557042229,1.9704421240693704,2.89694001204412,6604,1038,869,1912,4424,1912,1.0,0.15717746820109024,0.1315869170199879,0.28952150211992733,0.66989703210175655,0.28952150211992733
2021-02-23,7510,-0.74474779347682629,2.0274017030683766,2.6258302757391023,7510,931,1186,2630,5238,2630,1.0,0.12396804260985353,0.15792276964047935,0.35019973368841545,0.69747003994673773,0.35019973368841545
2021-02-24,6853,-0.57320758482118939,2.0976364720278289,2.5405184623459238,6853,915,951,2246,4618,2246,1.0,0.13351816722603241,0.13877134101853203,0.32773967605428278,0.67386546038231432,0.32773967605428278
2021-02-25,6178,-0.60922730467676223,2.311385609214077,2.7250702922553893,6178,857,1036,1896,4243,1896,1.0,0.1387180317254775,0.16769180964713498,0.30689543541599223,0.68679184202007126,0.30689543541599223
2021-02-26,6820,-0.52696424504631734,2.0777379113730605,2.5375807560363723,6820,856,1018,1895,4217,1895,1.0,0.12551319648093842,0.14926686217008797,0.27785923753665687,0.61832844574780055,0.27785923753665687
2021-02-27,3759,-0.98971671667492844,1.9153817086826772,2.6794973769233352,3759,451,656,1051,2533,1051,1.0,0.11997871774408088,0.17451449853684489,0.2795956371375366,0.6738494280393722,0.2795956371375366
2021-02-28,3059,-0.78036345218539482,1.5266111392959349,2.5271400443784726,3059,479,403,959,1925,959,1.0,0.15658711997384767,0.13174239947695326,0.31350114416475972,0.62929061784897022,0.31350114416475972
2021-03-01,5515,-0.19113458090558766,2.246554052272709,2.1623544120075331,5515,745,762,1464,3794,1464,1.0,0.13508612873980055,0.13816863100634633,0.2654578422484134,0.68794197642792387,0.2654578422484134
2021-03-02,5892,-0.43734596511469204,2.0723943101639426,2.5016705025996759,5892,896,831,1898,4137,1898,1.0,0.15207060420909707,0.1410386965376782,0.32213170400543112,0.70213849287169039,0.32213170400543112
2021-03-03,6062,-0.2536337171904029,2.2412093126045987,2.4710955258081051,6062,986,1023,1856,4252,1856,1.0,0.162652589904322,0.16875618607720225,0.30616958099637082,0.70141867370504785,0.30616958099637082
2021-03-04,6227,-0.65460338149020081,2.1866471426263252,2.8523494055970393,6227,1062,996,1948,4268,1948,1.0,0.17054761522402442,0.15994861088806808,0.31283121888549864,0.685402280391842,0.31283121888549864
2021-03-05,6047,-0.22486331735885196,2.1860648405831204,2.3834526204371569,6047,1039,1070,1918,4341,1918,1.0,0.17182073755581281,0.17694724656854638,0.31718207375558127,0.71787663304117744,0.31718207375558127
2021-03-06,3276,-0.625411620524274,2.0285409280831881,2.7416231617870652,3276,527,409,851,2164,851,1.0,0.16086691086691088,0.12484737484737485,0.25976800976800979,0.66056166056166055,0.25976800976800979
2021-03-07,2883,-0.37447099445826992,2.0594645503351519,2.4653871469296322,2883,481,396,844,1984,844,1.0,0.16684009712105446,0.13735691987513007,0.29275060700659034,0.68817204301075274,0.29275060700659034
2021-03-08,5115,-0.11048616226149965,2.2736417880586144,2.47082074179075,5115,848,827,1590,3487,1590,1.0,0.16578690127077225,0.16168132942326491,0.31085043988269795,0.68172043010752692,0.31085043988269795
2021-03-09,6578,-0.26328812973073251,2.1670141477992066,2.4698599530005314,6578,1037,1145,2083,4541,2083,1.0,0.15764670112496199,0.17406506536941319,0.31666159927029491,0.69033140772271206,0.31666159927029491
2021-03-10,7242,-0.33993044888169333,2.1064854999648719,2.3971547220683611,7242,976,984,2214,5251,2214,1.0,0.1347694007180337,0.13587406793703397,0.30571665285832644,0.7250759458713063,0.30571665285832644
2021-03-11,6499,-0.51873562874084123,2.04848282745152,2.5297816493840592,6499,1115,979,2186,4720,2186,1.0,0.17156485613171257,0.15063855977842744,0.33635943991383288,0.72626557931989533,0.33635943991383288
2021-03-12,6892,-0.30577281689790831,2.0430755069784752,2.690707141470464,6892,1150,959,1718,4884,1718,1.0,0.16686012768427161,0.13914683691236215,0.24927452118398144,0.70864770748694139,0.24927452118398144
2021-03-13,3296,-0.21303064274844968,2.0127212396367464,2.5284801558908407,3296,410,414,758,2177,758,1.0,0.12439320388349515,0.12560679611650485,0.22997572815533981,0.660497572815534,0.22997572815533981
2021-03-14,2892,-0.26620348808162064,1.8405681685823052,2.4634213863458196,2892,447,344,822,1973,822,1.0,0.1545643153526971,0.11894882434301521,0.28423236514522821,0.68222683264177042,0.28423236514522821
2021-03-15,5794,-0.29295077123200508,2.1366325044852692,2.5497552564743491,5794,946,1199,1701,3880,1701,1.0,0.16327235070762858,0.20693821194338971,0.29357956506731103,0.66965826717293753,0.29357956506731103
2021-03-16,7460,-0.507784951115176,2.0793868817262582,2.5135567756847474,7460,1053,1206,2513,5473,2513,1.0,0.14115281501340482,0.1616621983914209,0.33686327077747991,0.73364611260053614,0.33686327077747991
2021-03-17,6380,-0.35384398160055669,2.1376111172468444,2.5868353129870192,6380,1090,1035,1803,4421,1803,1.0,0.17084639498432602,0.16222570532915362,0.28260188087774296,0.69294670846394979,0.28260188087774296
2021-03-18,6553,-0.558156076657416,2.1085373049997713,2.794688616028207,6553,876,989,1993,4528,1993,1.0,0.13367923088661682,0.15092324126354342,0.30413551045322751,0.69098122997100564,0.30413551045322751
2021-03-19,6697,-0.43589664078505841,2.1237741537325716,2.7649998396846085,6697,900,1030,1881,4525,1881,1.0,0.13438853217858743,0.15380020904882782,0.28087203225324775,0.67567567567567566,0.28087203225324775
2021-03-20,3760,-0.71768236655472306,1.906374210919725,2.4611750023331855,3760,664,510,974,2589,974,1.0,0.17659574468085107,0.13563829787234041,0.25904255319148939,0.68856382978723407,0.25904255319148939
2021-03-21,3665,-0.83115532966319461,1.9447484133583763,2.7696814080155208,3665,491,462,828,2431,828,1.0,0.13396998635743521,0.12605729877216917,0.22592087312414735,0.66330150068212823,0.22592087312414735
2021-03-22,6744,-0.59040652537879168,2.1274954440469878,3.0308150596565837,6744,859,1098,1718,4546,1718,1.0,0.12737247924080664,0.16281138790035588,0.25474495848161327,0.67408066429418745,0.25474495848161327
2021-03-23,6926,-0.30962825613364153,2.0433618712374959,2.7120523534039576,6926,884,1052,1772,4900,1772,1.0,0.12763499855616517,0.15189142362113775,0.25584753104244873,0.70747906439503316,0.25584753104244873
2021-03-24,6894,-0.6272765074287926,2.2288750126827694,2.7920652347641757,6894,875,980,1943,4624,1943,1.0,0.12692196112561649,0.14215259646069045,0.28183928053379753,0.67072816942268643,0.28183928053379753
2021-03-25,6673,-0.48923357101451825,2.3443993283653559,2.6550745735975485,6673,1124,1031,2082,4833,2082,1.0,0.16843998201708377,0.1545032219391578,0.31200359658324589,0.7242619511464109,0.31200359658324589
2021-03-26,6799,-0.57873108859728994,2.2646851282607159,2.8902704415980955,6799,1112,811,1702,4551,1702,1.0,0.16355346374466834,0.11928224738932196,0.25033093101926757,0.66936314163847621,0.25033093101926757
2021-03-27,4202,-0.095656318211009436,2.0695328317455446,2.1992264374968542,4202,597,534,1240,2711,1240,1.0,0.14207520228462636,0.12708234174202759,0.2950975725844836,0.64516896715849592,0.2950975725844836
2021-03-28,3302,-0.630888108237554,1.9889777670589541,2.4445592598846435,3302,368,488,969,2216,969,1.0,0.11144760751059964,0.14778921865536038,0.29345850999394307,0.67110841913991526,0.29345850999394307
2021-03-29,5727,0.012403371303789986,2.197591491469995,2.4556598036713222,5727,836,1188,2026,3786,2026,1.0,0.1459752051685001,0.20743844944997381,0.35376287759734593,0.66107909900471451,0.35376287759734593
2021-03-30,6718,-0.10626699331456423,2.3740067036365216,2.5372993732449896,6718,907,1158,2134,4199,2134,1.0,0.13501041976778802,0.17237272997916048,0.31765406370943733,0.62503721345638585,0.31765406370943733
2021-03-31,7511,-0.2820843598954878,2.1735233610708877,2.3702957885552096,7511,1015,1133,2302,5195,2302,1.0,0.13513513513513514,0.15084542670749568,0.30648382372520305,0.69165224337638131,0.30648382372520305
2021-04-01,6824,-0.17564335627795069,2.2121797288712512,2.218273090499439,6824,882,1086,2052,4805,2052,1.0,0.12924970691676435,0.15914419695193435,0.3007033997655334,0.70413247362250875,0.3007033997655334
2021-04-02,4930,-0.26646514251197151,1.8700571272320865,2.5895756051611492,4930,629,688,1355,3141,1355,1.0,0.12758620689655173,0.13955375253549696,0.2748478701825558,0.63711967545638948,0.2748478701825558
2021-04-03,3196,-0.22242528288441521,2.0841560891506883,2.7114891481651378,3196,422,481,782,1875,782,1.0,0.13204005006257821,0.15050062578222778,0.24468085106382978,0.58667083854818525,0.24468085106382978
2021-04-04,2670,-0.93520542400282036,1.8295748942918646,2.9999593346229005,2670,312,320,567,1497,567,1.0,0.11685393258426967,0.1198501872659176,0.21235955056179776,0.56067415730337078,0.21235955056179776
2021-04-05,4822,-1.3684117643961473,1.9327851451494369,3.4806065044079189,4822,481,835,1078,2679,1078,1.0,0.099751140605557856,0.1731646619659892,0.22355868934052261,0.555578598092078,0.22355868934052261
2021-04-06,6269,-0.66336126799889594,2.1038405639908411,2.9717865178289848,6269,829,922,1634,3882,1634,1.0,0.13223799649066836,0.14707289838889775,0.26064763120114853,0.61923751794544579,0.26064763120114853
2021-04-07,6245,-0.33890944755963465,2.024429727610574,2.6546847803085467,6245,931,1011,1780,4057,1780,1.0,0.14907926341072858,0.16188951160928744,0.28502802241793435,0.64963971176941548,0.28502802241793435
2021-04-08,6197,-0.12355057528101171,2.2819886777135521,2.5310346642496144,6197,1010,1140,1898,4154,1898,1.0,0.16298208810714862,0.18395998063579153,0.30627723091818621,0.67032435049217365,0.30627723091818621
2021-04-09,5873,-0.64957720755120807,2.1324927070779172,2.7830193691892449,5873,868,800,1359,3855,1359,1.0,0.14779499404052443,0.13621658436914694,0.23139792269708837,0.65639366592882686,0.23139792269708837
2021-04-10,3460,-1.1127513867283725,2.0216484173588651,3.09680692056635,3460,392,353,861,2061,861,1.0,0.11329479768786127,0.10202312138728324,0.24884393063583815,0.59566473988439306,0.24884393063583815
2021-04-11,3120,-0.60305922266564627,2.0862153982706677,2.8335702776250908,3120,401,380,673,1869,673,1.0,0.128525641025641,0.12179487179487179,0.21570512820512822,0.59903846153846152,0.21570512820512822
2021-04-12,6228,-0.36111124494342212,2.1788620736366635,2.6004225347947636,6228,806,937,1577,4160,1577,1.0,0.12941554271034039,0.15044958253050739,0.25321130378933848,0.66795118818240207,0.25321130378933848
2021-04-13,6753,-0.23139649320166961,2.1943005200060264,2.5678961198829406,6753,1000,992,1723,4431,1723,1.0,0.14808233377758034,0.14689767510735968,0.25514586109877091,0.65615282096845851,0.25514586109877091
2021-04-14,7223,-0.72111879891810515,2.1103532279161192,2.8398782492758587,7223,1332,935,1787,4606,1787,1.0,0.18441090959435139,0.1294475979509899,0.24740412570953899,0.63768517236605293,0.24740412570953899
2021-04-15,8057,-0.971544356440521,1.9563657569358575,3.39022614897546,8057,1881,1076,2307,4954,2307,1.0,0.23346158619833685,0.13354846717140376,0.286334864093335,0.61486905796202063,0.286334864093335
2021-04-16,6975,-0.620989367105253,1.9869514878079435,2.8970893409509,6975,1193,1009,1903,4726,1903,1.0,0.17103942652329748,0.14465949820788532,0.272831541218638,0.67756272401433693,0.272831541218638
2021-04-17,3724,-0.36730361629112673,1.919008637062501,2.72832174207618,3724,424,643,1041,2435,1041,1.0,0.11385606874328678,0.17266380236305048,0.27953813104189046,0.65386680988184742,0.27953813104189046
2021-04-18,4745,-0.44598365787072108,1.7864057934517337,2.1953466520898117,4745,471,655,1074,2576,1074,1.0,0.099262381454162274,0.1380400421496312,0.22634351949420442,0.54288724973656477,0.22634351949420442
2021-04-19,8016,-0.70928279049985,1.8746440493429732,3.1153899985837339,8016,1287,1285,2217,5153,2217,1.0,0.16055389221556887,0.16030439121756487,0.27657185628742514,0.64283932135728539,0.27657185628742514
2021-04-20,8683,-0.69671877142167393,2.0640522932257968,3.1998599146700757,8683,1604,1603,2516,6072,2516,1.0,0.18472878037544627,0.18461361280663366,0.28976160313255789,0.699297477830243,0.28976160313255789
2021-04-21,10121,0.24092911823232802,2.1706273475530309,2.2861417291628685,10121,1251,2117,3188,7058,3188,1.0,0.12360438691828871,0.20916905444126074,0.31498863748641437,0.69736192075881831,0.31498863748641437
2021-04-22,15713,-0.031993832964598415,2.1711744146741649,2.2876654285527511,15713,1526,3271,5168,10705,5168,1.0,0.097117036848469424,0.208171577674537,0.32889963724304716,0.68128301406478708,0.32889963724304716
2021-04-23,10558,0.019599344759030669,2.0893663874691306,2.2487334326977249,10558,1254,2331,3718,7375,3718,1.0,0.11877249479068006,0.22078045084296269,0.35215002841447246,0.698522447433226,0.35215002841447246
2021-04-24,4892,-0.17834729813933559,1.9019152865909663,2.1179422755523576,4892,672,931,1626,3268,1626,1.0,0.1373671300081766,0.19031071136549468,0.33237939493049878,0.66802943581357321,0.33237939493049878
2021-04-25,3925,-0.45181391911671814,1.7864262727141142,2.5579696439516537,3925,540,541,1045,2539,1045,1.0,0.1375796178343949,0.13783439490445859,0.26624203821656051,0.64687898089171969,0.26624203821656051
2021-04-26,5807,-0.13723342201553004,2.1141684138213259,2.3222697308056834,5807,808,987,1806,3890,1806,1.0,0.13914241432753574,0.16996728086791804,0.31100396073704151,0.6698811778887549,0.31100396073704151
2021-04-27,6650,-0.15622023083965875,2.0564297701662779,2.3269758166740577,6650,904,1132,2000,4335,2000,1.0,0.13593984962406014,0.17022556390977445,0.3007518796992481,0.65187969924812028,0.3007518796992481
2021-04-28,7070,-0.3430200864812879,2.125022161252073,2.4475673077530895,7070,776,1288,2329,4976,2329,1.0,0.10975954738330976,0.18217821782178217,0.3294200848656294,0.70381895332390387,0.3294200848656294
2021-04-29,8245,-0.49915747946794881,1.9414405939286161,2.2348307091263173,8245,889,1280,2255,6156,2255,1.0,0.10782292298362645,0.15524560339599758,0.27349909035779263,0.74663432383262585,0.27349909035779263
2021-04-30,5675,-0.33888302502664852,2.128660125764513,2.5532565367785418,5675,741,868,1606,3823,1606,1.0,0.13057268722466961,0.15295154185022025,0.28299559471365637,0.6736563876651982,0.28299559471365637
2021-05-01,3525,-1.5674373848766532,2.0351943374553136,3.5671559872246061,3525,415,463,721,2405,721,1.0,0.11773049645390071,0.13134751773049647,0.20453900709219858,0.68226950354609928,0.20453900709219858
2021-05-02,3264,-1.3944093601866465,2.1040947436635875,3.3529529262093756,3264,383,356,991,2335,991,1.0,0.1173406862745098,0.10906862745098039,0.30361519607843135,0.71537990196078427,0.30361519607843135
2021-05-03,4639,-0.38461103394426827,2.1933329082226893,2.5839426376158041,4639,688,757,1348,3169,1348,1.0,0.14830782496227635,0.16318172019831861,0.29057986635050659,0.68312136236257814,0.29057986635050659
2021-05-04,6088,-0.021395845896001742,2.0603128714707815,2.3040430668089362,6088,662,906,1478,3965,1478,1.0,0.10873850197109067,0.1488173455978975,0.24277266754270696,0.651281208935611,0.24277266754270696
2021-05-05,6827,-0.45753555062077012,2.0959477811069092,2.5988955992239067,6827,649,1019,2091,4277,2091,1.0,0.095063717591914454,0.14926029002490113,0.30628387285777059,0.62648308188076751,0.30628387285777059
2021-05-06,6713,-0.36432626181585093,2.1235880433611083,2.5699545555461749,6713,764,1358,2147,4408,2147,1.0,0.11380902726053925,0.20229405630865485,0.319827200953374,0.65663637717860868,0.319827200953374
2021-05-07,6446,-0.62043617226421977,2.228381910057935,2.8547208325496078,6446,791,901,1765,4565,1765,1.0,0.12271175923053056,0.13977660564691283,0.27381321749922433,0.70819112627986347,0.27381321749922433
2021-05-08,3411,-0.32195095355757841,2.1160841089257549,2.585594019543608,3411,495,424,876,2246,876,1.0,0.14511873350923482,0.12430372324831428,0.256816182937555,0.65845793022574028,0.256816182937555
2021-05-09,3624,-0.8181169780589238,1.9149309799897722,2.564960854797913,3624,414,347,628,2600,628,1.0,0.11423841059602649,0.0957505518763797,0.17328918322295805,0.717439293598234,0.17328918322295805
2021-05-10,6159,-0.38064388391511184,1.9625440591806487,2.3730875610135529,6159,812,725,1690,4052,1690,1.0,0.13183958434810847,0.11771391459652542,0.27439519402500406,0.65789900957947722,0.27439519402500406
2021-05-11,5554,-0.29982945930025912,2.1528459600438108,2.5584807396312992,5554,800,951,1793,3645,1793,1.0,0.14404033129276198,0.17122794382427078,0.32283039250990275,0.65628375945264672,0.32283039250990275
2021-05-12,5731,-0.13711297238158665,2.0023178159630008,2.4666400908984287,5731,1011,1078,1995,4008,1995,1.0,0.17640900366428197,0.18809980806142035,0.34810678764613506,0.69935438841388942,0.34810678764613506
2021-05-13,6133,-0.4044302233601953,1.9670424631482319,2.5175361699897691,6133,951,1094,1879,3821,1879,1.0,0.15506277515082342,0.17837925974237731,0.30637534648622206,0.62302299037991193,0.30637534648622206
2021-05-14,5593,-0.57854931646376284,2.1392944930366453,2.750114669884097,5593,906,850,1688,3489,1688,1.0,0.16198819953513321,0.1519756838905775,0.30180582871446449,0.62381548364026462,0.30180582871446449
2021-05-15,3110,-0.84290839654850513,1.9644302430103393,2.7696110527325706,3110,465,447,826,1918,826,1.0,0.14951768488745981,0.14372990353697748,0.26559485530546623,0.61672025723472668,0.26559485530546623
2021-05-16,2791,-0.72321315587333634,1.9717390229952285,2.3999835881704592,2791,457,290,786,1790,786,1.0,0.16374059476890004,0.10390541024722322,0.28161949122178431,0.641347187388033,0.28161949122178431
2021-05-17,6026,-0.47404386083447225,2.1777445728495541,2.7579136296400182,6026,927,822,1737,3933,1737,1.0,0.15383338864918686,0.13640889478924659,0.28825091271158315,0.65267175572519087,0.28825091271158315
2021-05-18,7568,-0.637504503477661,1.9381467712718556,2.7610262832832957,7568,1072,1408,2495,5254,2495,1.0,0.14164904862579281,0.18604651162790697,0.32967758985200846,0.69423890063424942,0.32967758985200846
2021-05-19,7257,-0.65536760183113951,2.164843131060088,2.7817922869278888,7257,1070,1175,2453,4955,2453,1.0,0.14744384731982912,0.16191263607551329,0.33801846493041204,0.68278903128014334,0.33801846493041204
2021-05-20,8950,-0.734407025343505,2.0377121993410796,2.6589137343106461,8950,894,990,2613,5977,2613,1.0,0.099888268156424584,0.1106145251396648,0.29195530726256985,0.6678212290502793,0.29195530726256985
2021-05-21,8580,-0.835377108254899,1.9444774584469009,2.6176178634790697,8580,1040,911,1862,5576,1862,1.0,0.12121212121212122,0.10617715617715617,0.21701631701631702,0.64988344988344993,0.21701631701631702
2021-05-22,4751,-1.1260660322804887,1.9970698753978147,2.973024969273542,4751,435,343,918,2981,918,1.0,0.09155967164807409,0.072195327299515888,0.19322247947800464,0.62744685329404337,0.19322247947800464
2021-05-23,3589,-1.2860867435042724,2.0758659302929918,3.0666333502078005,3589,500,611,816,2147,816,1.0,0.13931457230426303,0.17024240735580942,0.22736138200055725,0.59821677347450541,0.22736138200055725
2021-05-24,6114,-0.80353605239702042,2.1126559549178885,3.0080818308991488,6114,921,873,1649,4221,1649,1.0,0.1506378802747792,0.14278704612365065,0.269708864900229,0.69038272816486757,0.269708864900229
2021-05-25,7066,-0.47730324125526208,2.112973238548645,2.7338110977693035,7066,1174,1412,2228,5025,2228,1.0,0.16614774978771582,0.1998301726577979,0.31531276535522218,0.71115199547127084,0.31531276535522218
2021-05-26,7311,-0.59128998020929224,2.1164849157057546,2.3982685372635553,7311,1255,1308,2771,4941,2771,1.0,0.17165914375598412,0.17890849405006154,0.37901791820544384,0.67583093967993435,0.37901791820544384
2021-05-27,8225,-0.72391973381236918,2.0213591076447903,2.6138804960755162,8225,1199,1369,2696,5673,2696,1.0,0.14577507598784195,0.16644376899696048,0.32778115501519756,0.68972644376899694,0.32778115501519756
2021-05-28,7171,-0.497069913079315,2.24066037468234,2.4797945188612562,7171,827,993,2170,5062,2170,1.0,0.11532561706874912,0.13847441082136383,0.30260772556128851,0.70589875888997355,0.30260772556128851
2021-05-29,3437,-0.49224462844344286,2.3162651053027874,2.59975366007863,3437,450,348,842,2369,842,1.0,0.13092813500145475,0.10125109106779168,0.24498108815827757,0.68926389292988066,0.24498108815827757
2021-05-30,3217,-0.59330669233409294,2.0922910527070919,2.5208984905938405,3217,441,429,1062,2103,1062,1.0,0.13708423997513211,0.13335405657444824,0.33012123096052221,0.65371464096984766,0.33012123096052221
2021-05-31,5633,-0.67201378127677036,2.0574806809226556,2.6860931046480276,5633,925,836,1518,3715,1518,1.0,0.16421090005325759,0.14841114858867388,0.26948340138469734,0.65950647967335341,0.26948340138469734
2021-06-01,6468,-0.57959179448515652,2.161392261364377,2.5768927993178319,6468,1015,932,1983,4351,1983,1.0,0.15692640692640691,0.14409400123685839,0.30658627087198514,0.67269635126777982,0.30658627087198514
2021-06-02,6785,-0.5068263372745262,2.2672006919898071,2.5121488069469167,6785,1010,1132,2229,4830,2229,1.0,0.14885777450257923,0.16683861459100957,0.32851879145173174,0.711864406779661,0.32851879145173174
2021-06-03,7664,-0.10645396317765045,2.2244186998047786,2.282579963155313,7664,1060,1534,2214,5096,2214,1.0,0.13830897703549061,0.20015657620041755,0.28888308977035493,0.66492693110647183,0.28888308977035493
2021-06-04,8018,-0.594536168524516,2.168829514945263,2.5420886455332723,8018,848,955,2388,5552,2388,1.0,0.10576203542030431,0.11910700922923423,0.29782988276378147,0.69244200548765278,0.29782988276378147
2021-06-05,6274,-0.5830050307162683,2.0260159812717737,2.6802540746115149,6274,584,818,1759,4330,1759,1.0,0.093082562958240356,0.13037934332164489,0.28036340452661779,0.6901498246732547,0.28036340452661779
2021-06-06,4318,-0.97802113235005683,1.9977273167367227,2.8305873602939231,4318,463,399,994,3040,994,1.0,0.10722556739231126,0.092403890690134327,0.23019916628068551,0.70402964335340434,0.23019916628068551
2021-06-07,6725,-0.58489034537579687,2.043891444641297,2.6427394652173493,6725,909,888,1855,4756,1855,1.0,0.13516728624535315,0.1320446096654275,0.27583643122676582,0.70721189591078071,0.27583643122676582
2021-06-08,7787,-0.43935031698619992,2.2089881955810222,2.4614447132762112,7787,946,1188,2237,5273,2237,1.0,0.12148452549120328,0.15256196224476692,0.28727366123025555,0.67715423141132658,0.28727366123025555
2021-06-09,7761,-0.37973275703432724,2.1368786967991293,2.464037050404781,7761,1030,1101,2289,5743,2289,1.0,0.13271485633294677,0.14186316196366447,0.29493621955933513,0.7399819610874887,0.29493621955933513
2021-06-10,8999,-0.27201043052621726,2.071663926614399,2.1360046018717442,8999,868,1034,2462,6760,2462,1.0,0.096455161684631627,0.11490165573952661,0.27358595399488833,0.75119457717524174,0.27358595399488833
2021-06-11,8786,-0.40997868716886032,1.9153556313435431,2.2021071792545408,8786,812,1009,2330,6505,2330,1.0,0.092419758707033922,0.11484179376280446,0.26519462781698155,0.74038242658775322,0.26519462781698155
2021-06-12,5252,-0.87006101883234366,1.9283156392648719,2.3267974562143934,5252,591,570,1304,3849,1304,1.0,0.11252856054836252,0.10853008377760853,0.24828636709824828,0.73286367098248284,0.24828636709824828
2021-06-13,6045,-0.48442568474712117,1.7275062282658336,1.8996895697214666,6045,372,777,1536,4669,1536,1.0,0.061538461538461542,0.12853598014888337,0.25409429280397022,0.77237386269644337,0.25409429280397022
2021-06-14,8260,-0.54542268374964475,1.9368896242872753,2.2505794878748944,8260,631,1014,1859,5980,1859,1.0,0.076392251815980625,0.12276029055690073,0.22506053268765133,0.72397094430992737,0.22506053268765133
2021-06-15,8401,-0.56807430161482386,2.1000711734059481,2.4478175288815929,8401,963,1096,2547,5928,2547,1.0,0.11462921080823711,0.13046065944530413,0.3031781930722533,0.7056302821092727,0.3031781930722533
2021-06-16,8938,-0.61518105777459842,2.3199669605855311,2.5700179692475755,8938,1017,1103,2630,6014,2630,1.0,0.11378384426046095,0.12340568359812039,0.29424927276795704,0.67285746251957934,0.29424927276795704
2021-06-17,7692,-0.67983327637622792,2.0632578440602303,2.7892614147767438,7692,999,1130,2082,5102,2082,1.0,0.12987519500780031,0.14690587623504942,0.27067082683307331,0.66328653146125849,0.27067082683307331
2021-06-18,7482,-0.81536545819229111,1.9859683621689972,2.8090471995753896,7482,857,972,1716,4599,1716,1.0,0.11454156642608929,0.12991178829190056,0.22935044105854049,0.61467522052927026,0.22935044105854049
2021-06-19,4217,-1.0035739462327653,1.8629723511129479,2.8372675090995032,4217,557,527,1060,2516,1060,1.0,0.13208442020393646,0.12497035807446051,0.2513635285748162,0.59663267725871472,0.2513635285748162
2021-06-20,3336,-0.94887270222285025,2.0568099689136119,2.7909529293314819,3336,457,404,709,2019,709,1.0,0.13699040767386092,0.1211031175059952,0.21252997601918466,0.60521582733812951,0.21252997601918466
2021-06-21,5798,-0.41220222214618274,1.97016245213755,2.4679619041857674,5798,806,875,1514,3824,1514,1.0,0.13901345291479822,0.15091410831321145,0.26112452569851674,0.659537771645395,0.26112452569851674
2021-06-22,7156,-0.64001292061761272,2.1818037116177225,2.7337307340259058,7156,898,1160,2118,4833,2118,1.0,0.12548910005589714,0.1621017328116266,0.295975405254332,0.6753773057574064,0.295975405254332
2021-06-23,7481,-0.66640647978084733,2.199461293047547,2.7662362961691622,7481,921,1050,2164,4908,2164,1.0,0.12311188343804304,0.14035556743750835,0.28926614089025532,0.65606202379361045,0.28926614089025532
2021-06-24,8057,-0.20746912988805238,2.37598463303235,2.7566340962433733,8057,947,1196,2486,5764,2486,1.0,0.11753754499193247,0.14844234826858632,0.308551570063299,0.715402755368003,0.308551570063299
2021-06-25,6829,-0.049436643988597068,2.2026247225475357,2.4524529657568537,6829,720,929,1996,4718,1996,1.0,0.10543271342802753,0.13603748718699663,0.29228291111436522,0.69087714160199154,0.29228291111436522
2021-06-26,3379,-0.60279374142761788,2.0723798210486915,2.7019096029153897,3379,396,455,732,1950,732,1.0,0.11719443622373484,0.13465522343888725,0.21663213968629771,0.57709381473808818,0.21663213968629771
2021-06-27,3538,-1.0404121682816097,2.0776657743406326,2.9847054746008963,3538,453,443,1003,2263,1003,1.0,0.12803843979649521,0.12521198417184851,0.28349349915206329,0.63962690785754661,0.28349349915206329
2021-06-28,7874,-0.25001812010790275,2.5101233172110313,2.3945438063187146,7874,1401,963,1789,4811,1789,1.0,0.1779273558547117,0.1223012446024892,0.22720345440690881,0.610998221996444,0.22720345440690881
2021-06-29,8335,-0.524156261954514,2.1035318159329917,2.4607449446159175,8335,851,1028,2044,5406,2044,1.0,0.1020995800839832,0.12333533293341331,0.24523095380923815,0.64859028194361124,0.24523095380923815
2021-06-30,8476,-0.80637501772227627,2.0276401136046935,2.8068526907205156,8476,917,1270,2242,5687,2242,1.0,0.10818782444549316,0.14983482774893817,0.26451156205757431,0.67095327984898534,0.26451156205757431
2021-07-01,8238,-1.002305908948127,2.1339846552116621,3.2008804746068096,8238,840,1330,2264,5618,2264,1.0,0.10196649672250546,0.16144695314396698,0.27482398640446709,0.68196164117504243,0.27482398640446709
2021-07-02,6667,-1.0277937063992562,2.1863477531631843,3.0057570381780638,6667,804,835,1732,4489,1732,1.0,0.12059397030148493,0.12524373781310935,0.25978701064946752,0.67331633418329084,0.25978701064946752
2021-07-03,3874,-1.3958118500935297,2.0493920250129936,3.2231566491428794,3874,428,408,758,2510,758,1.0,0.11048012390294269,0.10531750129065565,0.19566339700567889,0.64790913784202375,0.19566339700567889
2021-07-04,3874,-1.2526461604399686,1.8676327430932813,3.01792666414661,3874,368,518,970,2456,970,1.0,0.094992256066081568,0.13371192565823439,0.25038719669592152,0.63397005678884877,0.25038719669592152
2021-07-05,5954,-0.79890558531894651,2.0455100178785668,2.7945472616510378,5954,765,800,1592,3897,1592,1.0,0.1284850520658381,0.13436345314074571,0.267383271750084,0.65451797111185761,0.267383271750084
2021-07-06,6170,-0.35793947513855029,2.3563105962404567,2.8298753948881079,6170,779,799,1818,4030,1818,1.0,0.12625607779578607,0.12949756888168557,0.2946515397082658,0.653160453808752,0.2946515397082658
2021-07-07,6681,-0.38284589790423684,2.3015157106557775,2.7836991960237185,6681,887,938,2053,4370,2053,1.0,0.13276455620416105,0.14039814399042058,0.30728932794491842,0.65409369854812149,0.30728932794491842
2021-07-08,7643,-0.619427332168605,2.1434212210651253,2.7028226081921631,7643,1109,877,1961,4900,1961,1.0,0.14510009158707313,0.11474551877535,0.25657464346460812,0.64110951197173882,0.25657464346460812
2021-07-09,6786,-1.0753440350147898,2.1279068361501654,3.3330241073783524,6786,939,983,1872,4458,1872,1.0,0.13837312113174183,0.1448570586501621,0.27586206896551724,0.65694076038903626,0.27586206896551724
2021-07-10,3884,-1.082291046068655,2.1434428099367455,2.7646998136357306,3884,427,559,1008,2395,1008,1.0,0.10993820803295572,0.14392378990731206,0.25952626158599384,0.6166323377960865,0.25952626158599384
2021-07-11,3397,-0.87446479315208359,1.8677007015620721,2.5333024006404297,3397,434,437,803,2168,803,1.0,0.12775978804827789,0.12864292022372681,0.23638504562849574,0.63821018545775687,0.23638504562849574
2021-07-12,6039,-0.69959604583369372,2.06444617049061,2.8890074437258919,6039,888,890,1580,3944,1580,1.0,0.14704421261798312,0.14737539327703261,0.26163272064911408,0.65308825964563666,0.26163272064911408
2021-07-13,7609,-0.956915091108905,2.0511315014163909,3.0895276971940344,7609,981,1103,1995,4813,1995,1.0,0.12892627152056774,0.14495991588907872,0.26218951241950322,0.63254041266920746,0.26218951241950322
2021-07-14,9971,-0.509369544421065,1.9722260657365731,2.6864062226691168,9971,1464,1489,3090,6796,3090,1.0,0.14682579480493432,0.14933306589108414,0.30989870624811955,0.681576572058971,0.30989870624811955
2021-07-15,10225,-1.3104210240991438,1.9953468330553839,3.0918247262186469,10225,1330,1540,2995,7410,2995,1.0,0.13007334963325184,0.15061124694376529,0.29290953545232273,0.72469437652811741,0.29290953545232273
2021-07-16,10312,-1.9495051739833331,1.9200178685951512,3.9245250555316624,10312,1142,1767,2711,7686,2711,1.0,0.11074476338246703,0.17135376260667184,0.26289759503491078,0.7453452288595811,0.26289759503491078
2021-07-17,5890,-2.5362061134838187,1.9833068115657473,4.0853988971958977,5890,442,1229,1265,4203,1265,1.0,0.075042444821731752,0.20865874363327674,0.21477079796264856,0.71358234295415957,0.21477079796264856
2021-07-18,5102,-2.7512486089220123,1.9514794829808482,4.1608215308510985,5102,555,466,874,3504,874,1.0,0.10878087024696198,0.091336730693845555,0.17130537044296354,0.68678949431595449,0.17130537044296354
2021-07-19,7261,-1.4124904825582709,2.2029477964136097,3.4679583720482148,7261,942,965,1633,5162,1633,1.0,0.1297341963916816,0.13290180415920672,0.22490015149428452,0.71092136069411926,0.22490015149428452
2021-07-20,7652,-1.1576483827563739,2.2016067231784193,3.2100017213144536,7652,884,1462,1871,5001,1871,1.0,0.11552535284892838,0.19106116048092003,0.244511238891793,0.65355462624150551,0.244511238891793
2021-07-21,7838,-1.3667138446622284,2.1243425646924163,3.2998424584909705,7838,790,1392,2029,5187,2029,1.0,0.10079101811686655,0.17759632559326358,0.25886705792293951,0.66177596325593269,0.25886705792293951
2021-07-22,8390,-1.3768618534238126,2.1252002701764354,3.2181511923246866,8390,861,1585,2231,5856,2231,1.0,0.10262216924910608,0.18891537544696066,0.265911799761621,0.697973778307509,0.265911799761621
2021-07-23,7803,-1.3544391206113575,2.1775832968928066,3.2310768601129203,7803,966,1057,1840,4826,1840,1.0,0.12379853902345252,0.13546072023580674,0.23580674099705243,0.618480071767269,0.23580674099705243
2021-07-24,4617,-1.7642572655146047,2.1837876526702145,3.8574292320010115,4617,414,522,898,2837,898,1.0,0.089668615984405453,0.11306042884990253,0.19449859215941087,0.61446826943902966,0.19449859215941087
2021-07-25,4531,-1.7909532213649579,1.9402900623601584,3.4420507195401919,4531,377,367,1372,3061,1372,1.0,0.083204590598101966,0.080997572279849925,0.30280291326418007,0.67556830721694994,0.30280291326418007
2021-07-26,8371,-1.4955782843295116,2.3174918497192127,3.0434873008368015,8371,925,1202,2140,5622,2140,1.0,0.11050053757018277,0.14359096882092939,0.25564448691912556,0.67160434834547844,0.25564448691912556
2021-07-27,8009,-1.2484380426382551,2.1314212543905833,3.0913005442673511,8009,758,957,1772,5214,1772,1.0,0.094643526033212633,0.11949057310525658,0.22125109252091396,0.65101760519415652,0.22125109252091396
2021-07-28,7678,-0.937777113519179,2.1003787202289605,2.926965638904258,7678,1018,1014,2022,5123,2022,1.0,0.13258661109663974,0.13206564209429539,0.26334983068507423,0.66723104975253977,0.26334983068507423
2021-07-29,7431,-0.86273380726996707,2.0904731964919261,2.8995539310453471,7431,768,1091,1953,5110,1953,1.0,0.10335082761404925,0.14681738662360383,0.26281792490916434,0.68765980352577039,0.26281792490916434
2021-07-30,5181,-0.90654573077721357,2.156855544975071,2.96719100780545,5181,645,801,1399,3403,1399,1.0,0.12449334105385061,0.15460335842501446,0.27002509168114264,0.65682300714147845,0.27002509168114264
2021-07-31,3220,-1.6553364865989877,1.8214479667489121,3.4391600488290393,3220,227,499,630,1882,630,1.0,0.0704968944099379,0.15496894409937889,0.19565217391304349,0.584472049689441,0.19565217391304349
2021-08-01,3660,-2.0740068650376049,1.8160338675301886,3.6561070446846839,3660,293,617,1210,2469,1210,1.0,0.080054644808743164,0.1685792349726776,0.33060109289617484,0.67459016393442628,0.33060109289617484
2021-08-02,5133,-1.3781869258150832,2.0697421836808823,3.3558888207240334,5133,560,863,1331,3360,1331,1.0,0.10909799337619326,0.1681278005065264,0.25930255211377362,0.6545879602571596,0.25930255211377362
2021-08-03,5888,-1.1987871361889919,2.0257701776505219,3.1906500000666895,5888,639,1223,1604,3932,1604,1.0,0.10852581521739131,0.20771059782608695,0.27241847826086957,0.66779891304347827,0.27241847826086957
2021-08-04,7176,-1.3411289685357102,2.0615416091475827,3.1293188809393082,7176,648,1183,1746,4567,1746,1.0,0.0903010033444816,0.16485507246376813,0.24331103678929766,0.63642697881828314,0.24331103678929766
2021-08-05,7132,-1.2931390684021427,1.8646205956824398,3.0857933699514888,7132,620,965,1852,4748,1852,1.0,0.086932136848008976,0.13530566461020752,0.25967470555243971,0.66573191250701069,0.25967470555243971
2021-08-06,6179,-1.561991784563707,1.9619200962262393,3.24600108035934,6179,483,1021,1804,3681,1804,1.0,0.078167988347629072,0.16523709338080594,0.29195662728596861,0.595727463990937,0.29195662728596861
2021-08-07,3494,-2.3830220120268382,1.8245039480534748,3.7550537132886368,3494,189,417,882,2360,882,1.0,0.05409273039496279,0.11934745277618775,0.25243274184315972,0.6754436176302232,0.25243274184315972
2021-08-08,3146,-2.4847350250895959,1.7828553424427749,3.8141924996266265,3146,289,640,568,1992,568,1.0,0.091862682771773688,0.203432930705658,0.18054672600127145,0.63318499682136042,0.18054672600127145
2021-08-09,10693,-1.8809169999557227,1.861417794034431,2.8985514159057448,10693,718,1530,2703,6216,2703,1.0,0.0671467315065931,0.14308426073131955,0.25278219395866453,0.58131487889273359,0.25278219395866453
2021-08-10,7542,-1.4403571249170253,1.7562671547317443,2.927474180609499,7542,531,930,1730,5196,1730,1.0,0.07040572792362769,0.12330946698488465,0.22938212675682843,0.68894192521877484,0.22938212675682843
2021-08-11,7020,-1.5186442952515664,1.8999917420920647,2.993645832963856,7020,501,929,2230,4916,2230,1.0,0.071367521367521364,0.13233618233618233,0.31766381766381768,0.70028490028490031,0.31766381766381768
2021-08-12,7124,-1.7734540636377762,2.0440850199225613,3.2051905633093578,7124,739,1145,2149,4464,2149,1.0,0.10373385738349242,0.16072431218416619,0.30165637282425606,0.626614261650758,0.30165637282425606
2021-08-13,6082,-1.6042417884165079,2.0266982602685566,3.413291371039604,6082,465,940,1974,3779,1974,1.0,0.076455113449523188,0.15455442288720816,0.32456428806313714,0.62134166392634,0.32456428806313714
2021-08-14,3346,-2.4412993633839215,1.9266892335890562,3.772683534437594,3346,214,570,1051,2254,1051,1.0,0.0639569635385535,0.17035265989240886,0.31410639569635385,0.67364016736401677,0.31410639569635385
2021-08-15,2176,-1.6876232375049138,1.9869144408155857,3.090476032828565,2176,168,323,536,1311,536,1.0,0.07720588235294118,0.1484375,0.24632352941176472,0.60248161764705888,0.24632352941176472
2021-08-16,4338,-1.2194582665736335,2.0216141370856429,3.1739996344147485,4338,404,956,1575,2699,1575,1.0,0.093130474873213465,0.22037805440295066,0.36307053941908712,0.62217611802674044,0.36307053941908712
2021-08-17,4769,-1.3151538241686294,2.2295368682856411,3.3144730548584147,4769,966,894,1378,2767,1378,1.0,0.20255818829943384,0.18746068358146362,0.2889494652967079,0.58020549381421682,0.2889494652967079
2021-08-18,4401,-0.96580522746295072,2.1306350543291162,2.8437278913906039,4401,467,744,1260,2877,1260,1.0,0.10611224721654169,0.169052488070893,0.28629856850715746,0.65371506475800956,0.28629856850715746
2021-08-19,7019,-0.986144308893264,1.991086373570276,2.7216718220235507,7019,820,1449,2270,4545,2270,1.0,0.11682575865507908,0.20643966376976777,0.32340789286223109,0.64752813791138342,0.32340789286223109
2021-08-20,6443,-1.4483047331240004,2.06012041034358,3.2342975970773464,6443,782,862,1688,3823,1688,1.0,0.12137203166226913,0.13378860779140153,0.26198975632469346,0.5933571317709142,0.26198975632469346
2021-08-21,4015,-1.7250737019101683,2.153672338015336,3.3260761677337793,4015,364,606,984,2163,984,1.0,0.090660024906600245,0.15093399750933997,0.24508094645080947,0.53872976338729761,0.24508094645080947
2021-08-22,4308,-1.8297355572706955,1.6765001211752486,3.3756265885158556,4308,363,826,898,2538,898,1.0,0.084261838440111425,0.19173630454967502,0.20844939647168059,0.58913649025069637,0.20844939647168059
2021-08-23,7113,-1.5034402505818543,2.2126690910421232,3.2349285256433955,7113,827,1121,1784,4644,1784,1.0,0.11626599184591593,0.15759876282862365,0.25080837902432168,0.65288907633909743,0.25080837902432168
2021-08-24,7902,-1.0108187178439618,2.1118413174107498,2.8201969979604358,7902,934,800,1790,5237,1790,1.0,0.1181979245760567,0.10124019235636547,0.22652493039736776,0.66274360921285747,0.22652493039736776
2021-08-25,8147,-1.1584895880135975,2.1840237197015027,3.009786573124186,8147,907,1006,2180,5252,2180,1.0,0.11132932367742727,0.12348103596415859,0.26758315944519456,0.64465447403952381,0.26758315944519456
2021-08-26,7207,-0.645332080638989,2.2140826112887853,2.7582314682848561,7207,904,919,1692,4760,1692,1.0,0.12543360621617872,0.12751491605383655,0.23477174968780354,0.660468988483419,0.23477174968780354
2021-08-27,5650,-0.78006445726116691,2.2598656068670424,2.9407505216515557,5650,704,1004,1629,3683,1629,1.0,0.12460176991150443,0.17769911504424779,0.28831858407079647,0.651858407079646,0.28831858407079647
2021-08-28,4145,-1.4525957475444558,2.0505914493014776,3.2516319861135474,4145,379,595,1166,2619,1166,1.0,0.091435464414957784,0.14354644149577805,0.28130277442702051,0.6318455971049457,0.28130277442702051
2021-08-29,4043,-1.8012313376942723,2.0026486090034719,3.3689016715068356,4043,477,723,1292,2540,1292,1.0,0.11798169675983181,0.1788276032649023,0.31956467969329705,0.62824635171902055,0.31956467969329705
2021-08-30,7999,-1.7429444473825393,2.4878276875002241,3.6397909811720219,7999,1005,1514,2940,5583,2940,1.0,0.12564070508813602,0.18927365920740091,0.36754594324290535,0.69796224528066009,0.36754594324290535
2021-08-31,7559,-0.9789555768847733,2.0950215195068589,3.0215353695040861,7559,1059,1100,2424,5358,2424,1.0,0.14009789654716231,0.14552189443048022,0.32067733827225825,0.70882391850773907,0.32067733827225825
2021-09-01,8853,-1.6444530732400249,2.1178805173388286,3.7640294670076448,8853,1386,1364,2641,5424,2641,1.0,0.15655709928837683,0.1540720659663391,0.29831695470461989,0.61267366994239236,0.29831695470461989
2021-09-02,9532,-1.6459711959424681,2.1625551680851767,3.504733858370388,9532,1238,1508,2761,6128,2761,1.0,0.12987830465799413,0.15820394460763743,0.28965589592950064,0.64288711707931179,0.28965589592950064
2021-09-03,9870,-2.048659110162637,2.190840874096994,3.9616195701464818,9870,1247,1046,2580,6918,2580,1.0,0.12634245187436677,0.10597771023302938,0.26139817629179329,0.70091185410334345,0.26139817629179329
2021-09-04,5978,-1.6616849348125633,2.2036792348488006,3.440838386198239,5978,962,405,1070,4251,1070,1.0,0.16092338574774173,0.06774841083974574,0.17898962863834059,0.711107393777183,0.17898962863834059
2021-09-05,4324,-1.3398040096528683,2.1625180570415843,3.1694481411989579,4324,478,379,941,2785,941,1.0,0.11054579093432007,0.08765032377428307,0.21762257169287696,0.64407955596669753,0.21762257169287696
2021-09-06,6807,-0.88896720985458322,2.2063728809096728,2.91706341145746,6807,889,916,1744,4513,1744,1.0,0.1306008520640517,0.13456735713236373,0.25620684589393272,0.6629939767886,0.25620684589393272
2021-09-07,9459,-1.2228207700075013,2.1231338653796761,3.1508936428031342,9459,1079,1307,2325,6451,2325,1.0,0.1140712548895232,0.13817528279945027,0.24579765302886139,0.681995982662015,0.24579765302886139
2021-09-08,9086,-0.64548520817473309,2.1605641701666696,3.1001545312415226,9086,1001,1482,2370,6069,2370,1.0,0.11016949152542373,0.16310807836231564,0.26084085406119306,0.66795069337442214,0.26084085406119306
2021-09-09,9490,-0.3293226009980405,2.1640912388041289,2.5735688674130004,9490,1426,1446,2804,6452,2804,1.0,0.15026343519494204,0.15237091675447839,0.29546891464699682,0.67987355110642778,0.29546891464699682
2021-09-10,8828,-0.73220914881506027,2.0496192303173388,2.7100500585274641,8828,941,1163,2322,6280,2322,1.0,0.10659265971907567,0.13173991844132307,0.2630267331218849,0.71137290439510648,0.2630267331218849
2021-09-11,4411,-0.77023053185334422,1.9953611215733138,3.0355332490147009,4411,475,554,1026,2981,1026,1.0,0.10768533212423487,0.12559510315121289,0.23260031738834733,0.67581047381546133,0.23260031738834733
2021-09-12,3948,-0.89425261530204858,1.8542525856703977,2.7266594041314596,3948,421,626,970,2728,970,1.0,0.10663627152988855,0.1585612968591692,0.24569402228976697,0.690982776089159,0.24569402228976697
2021-09-13,8942,-0.81883403149749856,2.1883697653870509,2.8913148423762465,8942,1171,1281,2402,6294,2402,1.0,0.13095504361440394,0.14325654216059047,0.26861999552672783,0.70386938045180047,0.26861999552672783
2021-09-14,11466,-0.880165441483047,2.1501237171008194,2.7703880338863907,11466,1684,1626,3172,7708,3172,1.0,0.14686900401186115,0.14181057038199896,0.27664399092970521,0.67224838653410079,0.27664399092970521
2021-09-15,9863,-0.66181287660683452,2.0589209925714487,2.496778116434816,9863,1139,1514,2790,6971,2790,1.0,0.11548210483625672,0.15350299097637635,0.28287539288249014,0.70678292608739735,0.28287539288249014
2021-09-16,8883,-0.6103079873289925,2.1428527939,2.5144890804772086,8883,1216,1218,2450,6012,2450,1.0,0.13689069008217944,0.13711583924349882,0.27580772261623326,0.67679837892603845,0.27580772261623326
2021-09-17,10272,-0.64919446928589053,2.253613787721648,2.5262538499174805,10272,1133,1350,2846,6867,2846,1.0,0.11029984423676012,0.13142523364485981,0.27706386292834889,0.66851635514018692,0.27706386292834889
2021-09-18,5931,-0.70777799574672717,2.0149429287594232,2.2238566748645163,5931,652,581,1223,4007,1223,1.0,0.10993087169111448,0.097959871859720118,0.20620468723655369,0.6756027651323554,0.20620468723655369
2021-09-19,5048,-0.91267527803991189,1.7630677126068344,2.586977616183975,5048,384,413,941,3398,941,1.0,0.076069730586370843,0.081814580031695727,0.18641045958795563,0.67313787638668776,0.18641045958795563
2021-09-20,8850,-0.91537515632451261,1.890095448389677,2.6754045026573348,8850,656,985,1893,6207,1893,1.0,0.074124293785310741,0.11129943502824859,0.21389830508474575,0.70135593220338988,0.21389830508474575
2021-09-21,12041,-1.0947070643212979,2.012582502552938,2.8362475015687449,12041,1025,1254,2581,8887,2581,1.0,0.085125820114608425,0.10414417407192093,0.21435096752761398,0.73806162278880494,0.21435096752761398
2021-09-22,11803,-0.6702306164523173,2.056030315107459,2.7135001170454798,11803,1000,1476,3538,8412,3538,1.0,0.084724222655257142,0.12505295263915953,0.29975429975429974,0.71270016097602307,0.29975429975429974
2021-09-23,12239,-0.68321992855575508,1.9159353578144762,2.5029857249789336,12239,1591,1870,3188,8730,3188,1.0,0.12999428057847864,0.15279026064220932,0.26047879728736006,0.71329356973608959,0.26047879728736006
2021-09-24,11455,-0.69514093543299915,2.0915058031895426,2.6262010969378129,11455,1023,1574,2941,8484,2941,1.0,0.089305979921431689,0.13740724574421651,0.25674378000872983,0.74063727629855958,0.25674378000872983
2021-09-25,7675,-0.65275986077121417,2.0215336554653121,2.6920023079587891,7675,565,776,1875,5589,1875,1.0,0.0736156351791531,0.10110749185667753,0.24429967426710097,0.72820846905537462,0.24429967426710097
2021-09-26,8002,-0.31349523131608031,1.9699042378755678,2.2786355443022477,8002,909,858,1885,6016,1885,1.0,0.11359660084978755,0.10722319420144964,0.23556610847288179,0.751812046988253,0.23556610847288179
2021-09-27,10992,-0.6863205379866445,1.9837501733673037,2.7236361966629206,10992,1456,1356,2910,8181,2910,1.0,0.1324599708879185,0.12336244541484716,0.26473799126637554,0.74426855895196509,0.26473799126637554
2021-09-28,10373,-0.56966015134614056,2.3430477876731661,2.66721662374874,10373,1196,1675,3186,7627,3186,1.0,0.11529933481152993,0.16147691121179986,0.30714354574375785,0.73527426973874477,0.30714354574375785
2021-09-29,10590,-0.62283642740984679,2.1131151500142082,2.7687204539807624,10590,1173,1395,2774,7602,2774,1.0,0.11076487252124646,0.13172804532577903,0.26194523135033049,0.71784702549575075,0.26194523135033049
2021-09-30,9463,-0.62309279843869314,2.0761076536949403,2.6732213272159329,9463,1083,1356,2678,6613,2678,1.0,0.11444573602451653,0.14329493818028111,0.282996935432738,0.69882701046179863,0.282996935432738
2021-10-01,8696,-0.49187734718170595,2.0080038641564895,2.6629156811988612,8696,914,1404,2520,6145,2520,1.0,0.10510579576816928,0.16145354185832567,0.28978840846366144,0.70664673413063472,0.28978840846366144
2021-10-02,6062,-0.48907570920778526,1.9634211262383983,2.5129393140765171,6062,520,666,1613,4019,1613,1.0,0.085780270537776315,0.10986473111184428,0.26608380072583304,0.662982514021775,0.26608380072583304
2021-10-03,4833,-0.97207292263092826,1.9789495649269415,2.8594005941397342,4833,476,479,1083,3189,1083,1.0,0.098489551003517486,0.099110283467825369,0.22408441961514589,0.65983860955928,0.22408441961514589
2021-10-04,7637,-0.38982414562659012,2.0228069981753163,2.6798507664246132,7637,889,1429,2376,5040,2376,1.0,0.11640696608615948,0.18711535943433286,0.31111693073196284,0.65994500458295147,0.31111693073196284
2021-10-05,10506,-0.096421420025106841,2.918306157956037,2.7925779399088597,10506,777,1435,2837,6653,2837,1.0,0.0739577384351799,0.13658861602893585,0.27003616980772893,0.63325718636969353,0.27003616980772893
2021-10-06,9783,-0.1592652752938955,2.5231183886938533,2.6237001172405261,9783,915,1660,3317,6557,3317,1.0,0.093529592149647345,0.16968210160482469,0.33905754880915873,0.67024430133905755,0.33905754880915873
2021-10-07,9873,-0.25945952140257766,2.3333769514640497,2.665216177812153,9873,906,1575,3099,6412,3099,1.0,0.091765420844728052,0.15952597994530537,0.31388635673047705,0.649447989466221,0.31388635673047705
2021-10-08,9325,-0.32345460521969271,2.5629399958907539,2.938297382780386,9325,1137,1157,2760,6127,2760,1.0,0.12193029490616622,0.12407506702412868,0.29597855227882036,0.65705093833780159,0.29597855227882036
2021-10-09,5365,-0.076869378766773633,2.37738424111867,2.4443830109582851,5365,771,668,1579,3654,1579,1.0,0.14370922646784715,0.12451071761416589,0.29431500465983224,0.68108108108108112,0.29431500465983224
2021-10-10,4291,-0.4105464268032557,2.5702696194877324,2.5158445098653743,4291,592,637,1170,2688,1170,1.0,0.137963178746213,0.14845024469820556,0.27266371475180612,0.62642740619902115,0.27266371475180612
2021-10-11,8914,-0.53708265558096169,2.3686508840793814,2.9817924515564571,8914,1116,1704,2906,6289,2906,1.0,0.12519632039488446,0.19115997307606014,0.32600403859098048,0.70551940767332288,0.32600403859098048
2021-10-12,10782,-0.65191075879389071,2.0410787751458286,3.105221817866024,10782,1394,1686,3129,7294,3129,1.0,0.1292895566685216,0.1563717306622148,0.29020589872008906,0.67649786681506219,0.29020589872008906
2021-10-13,11521,-0.45886328437668145,2.150553076698003,2.8492833686096857,11521,1438,2483,4245,8384,4245,1.0,0.12481555420536412,0.21551948615571564,0.368457599166739,0.72771460810693511,0.368457599166739
2021-10-14,11271,-0.3488750981333209,2.1163462903588459,2.8012280023215341,11271,1267,1968,3375,8158,3375,1.0,0.11241238576878715,0.17460739952089432,0.29944104338568006,0.72380445390826009,0.29944104338568006
2021-10-15,9949,-0.51481292967140124,2.224424689445021,2.7145458094262751,9949,1166,1485,2712,7080,2712,1.0,0.11719770831239321,0.14926123228465171,0.27259021007136397,0.71162930947833958,0.27259021007136397
2021-10-16,5469,-0.63905162740137034,2.0426106177243377,2.6272805351165376,5469,573,730,1483,3841,1483,1.0,0.1047723532638508,0.13347961236057782,0.27116474675443408,0.702322179557506,0.27116474675443408
2021-10-17,5026,0.073992179628383878,2.5824525018661659,2.5341364114641087,5026,604,923,1728,3472,1728,1.0,0.120175089534421,0.18364504576203741,0.34381217668125746,0.69080779944289694,0.34381217668125746
2021-10-18,9378,-0.25929685142543046,2.5697513570370552,2.4906567234659267,9378,1364,1610,3054,6352,3054,1.0,0.145446790360418,0.17167839624653444,0.3256557901471529,0.67732992109191725,0.3256557901471529
2021-10-19,9987,-0.42256684147079748,2.1707239504762854,2.500666129342,9987,1724,2124,3479,7371,3479,1.0,0.17262441173525583,0.21267647942325021,0.3483528587163312,0.73805947732051669,0.3483528587163312
2021-10-20,10453,-0.441289098606531,2.0787370798617224,2.5385258273687361,10453,1580,1863,3630,7327,3630,1.0,0.15115277910647662,0.17822634650339617,0.34726872668133552,0.70094709652731269,0.34726872668133552
2021-10-21,10710,-0.6431276241690056,2.0126066971604963,2.5196882817078023,10710,1385,1841,3522,7741,3522,1.0,0.12931839402427639,0.17189542483660131,0.3288515406162465,0.72278244631185806,0.3288515406162465
2021-10-22,10039,-0.720996899224194,2.0606874422089425,2.6388332903230998,10039,1188,1530,3221,7202,3221,1.0,0.11833847992827971,0.15240561808945113,0.32084869010857653,0.717402131686423,0.32084869010857653
2021-10-23,6091,-0.32485423970522936,2.0643397214380133,2.0915153111008968,6091,929,1008,1943,4137,1943,1.0,0.15252011164012477,0.16549006731242819,0.31899523887703168,0.67919881792809067,0.31899523887703168
2021-10-24,5832,-0.41888132710649273,2.0300954799521254,2.5949637844939546,5832,667,841,1511,4005,1511,1.0,0.11436899862825789,0.14420438957475995,0.25908779149519889,0.68672839506172845,0.25908779149519889
2021-10-25,11476,-0.36300102199811385,2.1242741814179138,2.5614300382788242,11476,1332,1788,3332,7947,3332,1.0,0.11606831648658068,0.15580341582432902,0.29034506796793308,0.69248867201115372,0.29034506796793308
2021-10-26,13312,-0.32755883189073493,2.1887866836556533,2.4584659896704242,13312,1472,2288,4085,9552,4085,1.0,0.11057692307692307,0.171875,0.30686598557692307,0.71754807692307687,0.30686598557692307
2021-10-27,12685,-0.46248365976611072,2.1638468693007034,2.4842920577062961,12685,1710,2223,3998,9173,3998,1.0,0.1348048876625936,0.1752463539613717,0.31517540402049665,0.72313756405203,0.31517540402049665
2021-10-28,14680,-0.41752734720289775,2.0241148184709634,2.2908230104361786,14680,1703,3225,4662,10860,4662,1.0,0.11600817438692099,0.21968664850136241,0.317574931880109,0.73978201634877383,0.317574931880109
2021-10-29,15575,-0.63945995197593619,2.04147558688773,2.3339232705700756,15575,1448,2054,4616,11516,4616,1.0,0.092969502407704657,0.13187800963081861,0.29637239165329055,0.73939004815409315,0.29637239165329055
2021-10-30,11096,-0.549922586783604,1.9202458197904992,2.4082978092573892,11096,613,1238,2699,7634,2699,1.0,0.0552451333813987,0.11157173756308579,0.24324080749819754,0.68799567411679885,0.24324080749819754
2021-10-31,14461,-0.42372873633368119,1.7724391797726411,2.114378300749554,14461,876,1944,3975,9805,3975,1.0,0.060576723601410691,0.13443053730724017,0.27487725606804508,0.67803056496784453,0.27487725606804508
2021-11-01,19661,-0.4191811742407372,2.0854746773480581,2.1724617448074084,19661,1731,2828,5579,13787,5579,1.0,0.088042317277859716,0.14383805503280606,0.28375972737907534,0.7012359493413356,0.28375972737907534
2021-11-02,21542,-0.35510851837420837,2.0344593520622922,2.2122531896144153,21542,1950,3302,7263,15030,7263,1.0,0.090520843004363569,0.15328196082072232,0.33715532448240648,0.69770680531055618,0.33715532448240648
2021-11-03,16889,-0.35567793160414957,2.1273858272297983,2.3617900779226324,16889,1628,2671,5274,11925,5274,1.0,0.096394102670377166,0.15815027532713602,0.31227426135354375,0.7060808810468352,0.31227426135354375
2021-11-04,14648,-0.40785687029597839,2.1124553894917657,2.3639333744668116,14648,1501,2667,5604,10294,5604,1.0,0.10247132714363735,0.18207263790278536,0.3825778263244129,0.7027580557072638,0.3825778263244129
2021-11-05,13171,-0.63821950406746442,2.1446974071355078,2.5503435051791747,13171,1231,1902,3852,9033,3852,1.0,0.093462910940703053,0.14440816946321464,0.29246070913370281,0.68582491838129223,0.29246070913370281
2021-11-06,9630,-0.9643134851111913,1.7705008049139455,2.6399484073007713,9630,1011,1426,2574,6960,2574,1.0,0.10498442367601246,0.14807892004153686,0.26728971962616821,0.72274143302180682,0.26728971962616821
2021-11-07,6935,-0.84842514356191245,1.7852289878666234,2.5424115422144746,6935,740,807,1761,4751,1761,1.0,0.10670511896178803,0.116366258111031,0.25392934390771449,0.68507570295602016,0.25392934390771449
2021-11-08,11706,-0.86110976952458107,2.0433341461302743,2.6363263929569349,11706,1282,1527,3397,8273,3397,1.0,0.10951648727148471,0.13044592516658124,0.29019306338629763,0.70673159063728008,0.29019306338629763
2021-11-09,13020,-0.38083582293287394,2.1100437710929416,2.35957895106474,13020,1439,2295,4526,9227,4526,1.0,0.11052227342549924,0.17626728110599077,0.34761904761904761,0.708678955453149,0.34761904761904761
2021-11-10,13898,-0.37098074296366068,2.1370055006446207,2.4323509464615229,13898,1471,2050,4297,9855,4297,1.0,0.10584256727586704,0.14750323787595337,0.30918117714779103,0.70909483378903437,0.30918117714779103
2021-11-11,13509,-0.18322939294596843,2.2099434800295734,2.4436784291666438,13509,1489,1900,4091,9138,4091,1.0,0.11022281442001629,0.14064697609001406,0.30283514693907765,0.6764379302687098,0.30283514693907765
2021-11-12,12071,-0.43595283063364876,2.0859696602821924,2.4136319409036093,12071,1254,1696,3746,8432,3746,1.0,0.1038853450418358,0.14050202965785769,0.31033054427967854,0.69853367575180181,0.31033054427967854
2021-11-13,8635,-0.77723801808970228,1.934688309747771,2.2972425314494442,8635,886,894,3116,6035,3116,1.0,0.10260567458019687,0.10353213665315576,0.36085697741748696,0.69889982628836134,0.36085697741748696
2021-11-14,8385,-0.52044977496191835,1.8674745001976811,2.3210628759735452,8385,938,1047,2806,5804,2806,1.0,0.11186642814549791,0.12486583184257603,0.33464519976147883,0.69218843172331546,0.33464519976147883
2021-11-15,9788,-0.2235373603361186,2.0986885357393965,2.1350252543028696,9788,1276,1763,3611,6935,3611,1.0,0.13036371066612179,0.18011851246424193,0.36892112791172865,0.7085206375153249,0.36892112791172865
2021-11-16,10322,-0.2163690529878623,1.9882128689580871,2.3858953692373674,10322,1245,1636,3154,7458,3154,1.0,0.12061615965898081,0.15849641542336756,0.3055609378027514,0.72253439255958152,0.3055609378027514
2021-11-17,10562,-0.66533703434308611,2.1754871042932296,2.7675451093548826,10562,1249,1670,3687,7482,3687,1.0,0.11825411853815565,0.1581139935618254,0.34908161333080856,0.70838856277220219,0.34908161333080856
2021-11-18,9500,-0.24100086825733016,2.2189271167372282,2.60170320742198,9500,1283,1327,2950,6449,2950,1.0,0.13505263157894737,0.1396842105263158,0.31052631578947371,0.67884210526315791,0.31052631578947371
2021-11-19,9204,-0.43208227516602765,2.1454399046405443,2.4329933767614631,9204,1071,1092,2450,6629,2450,1.0,0.11636245110821382,0.11864406779661017,0.26618861364624075,0.72023033463711428,0.26618861364624075
2021-11-20,5147,-1.214366633001297,2.1990370496263121,3.298773948885239,5147,566,539,1180,3541,1180,1.0,0.10996697105109772,0.10472119681367786,0.22925976296871964,0.68797357684087823,0.22925976296871964
2021-11-21,4119,-0.32820956072050689,2.1039394568190168,2.5823925236854914,4119,594,600,1238,2701,1238,1.0,0.14420975965040059,0.14566642388929352,0.3005583879582423,0.65574168487496964,0.3005583879582423
2021-11-22,8298,-0.19696952260951148,2.2110282909023584,2.5245954508467481,8298,1286,1439,2641,5812,2641,1.0,0.15497710291636538,0.17341528079055193,0.3182694625210894,0.700409737286093,0.3182694625210894
2021-11-23,7751,-0.39288242271433288,2.2955639820333524,2.773296861855516,7751,1207,1141,2424,5236,2424,1.0,0.15572184234292349,0.14720681202425492,0.31273384079473615,0.67552573861437237,0.31273384079473615
2021-11-24,8791,-0.10997282463983687,2.3632680850845968,2.5186686246172671,8791,1177,1455,2929,6318,2929,1.0,0.13388692981458308,0.16551018086679559,0.33318166306449776,0.71868956887726088,0.33318166306449776
2021-11-25,7604,-0.8109627358684971,2.2932820449862432,3.302863964567107,7604,1053,1063,2630,5119,2630,1.0,0.13847974750131509,0.13979484481851656,0.34587059442398738,0.673198316675434,0.34587059442398738
2021-11-26,7817,-1.139562046609188,2.2923720344522049,3.4257927210111094,7817,1202,960,2597,5271,2597,1.0,0.15376742996034284,0.12280926186516566,0.3322246386081617,0.67429960342842521,0.3322246386081617
2021-11-27,4972,-0.87169128952167341,2.1708080002740568,3.0234466713403449,4972,792,583,1345,2779,1345,1.0,0.15929203539823009,0.11725663716814159,0.27051488334674173,0.55893000804505233,0.27051488334674173
2021-11-28,4061,-0.47760841261527737,2.3010916045105838,2.7735112192015992,4061,479,431,1010,2142,1010,1.0,0.11795124353607486,0.1061314947057375,0.24870721497168186,0.52745629155380447,0.24870721497168186
2021-11-29,7555,-0.29003066427410334,2.1920693261999169,2.6314081864249084,7555,944,959,2005,4672,2005,1.0,0.12495036399735275,0.12693580410324287,0.26538716082064856,0.61839841164791531,0.26538716082064856
2021-11-30,7920,0.0804382915000922,2.52702331627404,2.8426464821463604,7920,911,1115,2322,5058,2322,1.0,0.11502525252525253,0.14078282828282829,0.29318181818181815,0.63863636363636367,0.29318181818181815
2021-12-01,7617,-0.19608118339349284,2.3025532008461385,2.6617798521939422,7617,1221,1437,2510,5059,2510,1.0,0.16029933044505712,0.18865695155573059,0.32952606012865959,0.66417224629119076,0.32952606012865959
2021-12-02,8474,-0.566462309567346,2.3654181057594008,3.0449676207784182,8474,985,1166,2446,5561,2446,1.0,0.11623790417748407,0.13759735662025019,0.28864762803870664,0.65624262449846593,0.28864762803870664
2021-12-03,6777,-0.22105899062532056,2.2399569718462264,2.4346157129640642,6777,913,1049,1963,4646,1963,1.0,0.1347203777482662,0.15478825438984803,0.28965619005459642,0.68555407997639073,0.28965619005459642
2021-12-04,4987,-0.59295274759660632,2.1799688906629662,2.7504499782084357,4987,583,583,1221,3302,1221,1.0,0.11690395027070383,0.11690395027070383,0.24483657509524764,0.66212151594144775,0.24483657509524764
2021-12-05,4110,-0.2160111374062838,2.0996293453357859,2.6025610788751061,4110,572,475,1067,2623,1067,1.0,0.1391727493917275,0.11557177615571776,0.25961070559610705,0.6381995133819951,0.25961070559610705
2021-12-06,7536,-0.058070841131833133,2.1477052608394231,2.6065094504515831,7536,1264,1233,2241,5302,2241,1.0,0.16772823779193205,0.16361464968152867,0.29737261146496813,0.703556263269639,0.29737261146496813
2021-12-07,8303,0.058937127154749379,2.2641287528880372,2.539099167905531,8303,1257,1552,2663,5659,2663,1.0,0.15139106347103456,0.18692039022040227,0.32072744791039381,0.68156088160905692,0.32072744791039381
2021-12-08,9070,-0.4428509992356095,2.3286297565655274,2.694954116827518,9070,1307,1813,3067,6257,3067,1.0,0.14410143329658215,0.19988974641675855,0.33814773980154356,0.6898566703417861,0.33814773980154356
2021-12-09,8901,-0.32310653760989405,2.3051456339656333,2.4892993445041491,8901,1164,1359,2414,6160,2414,1.0,0.13077182339063026,0.15267947421638017,0.27120548253005278,0.69205707223907431,0.27120548253005278
2021-12-10,7688,-0.29130553433434553,2.2414992204176207,2.7220244986922277,7688,1119,1244,2175,5083,2175,1.0,0.14555150884495319,0.16181061394380852,0.28290842872008326,0.66116024973985432,0.28290842872008326
2021-12-11,5650,-0.76513328168284189,2.1142761370772951,3.015890166289708,5650,692,509,1226,3544,1226,1.0,0.12247787610619469,0.090088495575221236,0.21699115044247788,0.62725663716814162,0.21699115044247788
2021-12-12,5578,-2.1365996416985684,2.2108732196098235,3.8933290673949794,5578,495,650,1287,3702,1287,1.0,0.088741484403011828,0.11652922194334887,0.23072785944783075,0.66367873789888854,0.23072785944783075
2021-12-13,8413,-0.78446079649829781,2.28787566460406,3.2750773995486768,8413,1038,1549,2552,5336,2552,1.0,0.12338048258647331,0.18411981457268514,0.30334006894092475,0.63425650778557,0.30334006894092475
2021-12-14,9125,-0.69776211761171614,2.3512196512630612,3.0714168263078054,9125,969,1136,2352,5394,2352,1.0,0.10619178082191781,0.12449315068493151,0.25775342465753426,0.5911232876712329,0.25775342465753426
2021-12-15,8492,-0.51449167248840588,2.232593920683497,2.911189062784227,8492,985,1344,2627,5610,2627,1.0,0.11599152143193595,0.15826660386245878,0.30934997644842205,0.6606217616580311,0.30934997644842205
2021-12-16,8888,-0.96083316462150026,2.2761579212654564,3.2656823248559506,8888,1242,1532,2345,5948,2345,1.0,0.13973897389738973,0.17236723672367238,0.26383888388838883,0.66921692169216918,0.26383888388838883
2021-12-17,8045,-0.41236012148761075,2.3420331486462596,2.73467520888095,8045,1113,1248,2516,5249,2516,1.0,0.13834679925419516,0.15512740832815414,0.31274083281541332,0.6524549409571162,0.31274083281541332
2021-12-18,4472,-0.97811247115108257,2.1759944837261358,2.8506718615034243,4472,545,741,1292,2769,1292,1.0,0.12186940966010733,0.16569767441860464,0.2889087656529517,0.6191860465116279,0.2889087656529517
2021-12-19,4501,-0.93884840412055492,1.8961882120626297,2.9197588040759825,4501,481,452,1052,2818,1052,1.0,0.10686514107976006,0.10042212841590757,0.23372583870251054,0.62608309264607864,0.23372583870251054
2021-12-20,7606,-0.52841397562662684,2.2002365587082759,2.9496536576938972,7606,971,1122,2124,5162,2124,1.0,0.12766237181172757,0.14751511964238759,0.27925322114120432,0.67867473047594007,0.27925322114120432
2021-12-21,7871,-0.21429315248846989,2.21548031255855,2.5296746049893386,7871,1181,1024,2062,4766,2062,1.0,0.15004446703087282,0.1300978274679202,0.26197433617075339,0.60551391182823022,0.26197433617075339
2021-12-22,5963,-0.16317995405138078,2.3241087322264651,2.7498443410370808,5963,980,908,1711,3706,1711,1.0,0.16434680529934598,0.15227234613449606,0.28693610598691932,0.62149924534630219,0.28693610598691932
2021-12-23,6320,-0.20908958387159515,2.4146076645003078,2.7923711088319552,6320,1194,985,1834,4133,1834,1.0,0.1889240506329114,0.15585443037974683,0.29018987341772151,0.65395569620253169,0.29018987341772151
2021-12-24,4791,-0.088008201778902451,2.2951268531642253,2.726987832203998,4791,821,515,1205,2875,1205,1.0,0.17136297223961594,0.10749321644750574,0.25151325401795033,0.60008348987685245,0.25151325401795033
2021-12-25,3194,0.4110177928787539,2.4907581918712647,2.7317988440226868,3194,467,366,653,1463,653,1.0,0.14621164683782092,0.11458985597996243,0.204445835942392,0.45804633688165308,0.204445835942392
2021-12-26,3292,-0.25374426302093789,2.2388470812667887,2.7275701594802571,3292,442,334,722,1767,722,1.0,0.13426488456865127,0.10145808019441069,0.21931956257594168,0.53675577156743626,0.21931956257594168
2021-12-27,5883,-0.58919321027055571,2.3114549547725942,3.0354231121412965,5883,831,560,1655,3467,1655,1.0,0.141254462009179,0.095189529151793309,0.28131905490396059,0.58932517423083464,0.28131905490396059
2021-12-28,5098,-0.35243343252631654,2.424756161438177,2.8757720359691339,5098,801,621,1414,3087,1414,1.0,0.1571204393879953,0.12181247548058062,0.27736367202824636,0.60553158101216165,0.27736367202824636
2021-12-29,5852,-0.47968718461258886,2.2238126785373247,2.7241023221126528,5852,945,750,1653,3424,1653,1.0,0.16148325358851676,0.1281613123718387,0.28246753246753248,0.5850991114149009,0.28246753246753248
2021-12-30,5565,-0.35991097641747161,2.3322911000060351,2.7508466798463833,5565,841,689,1501,3337,1501,1.0,0.15112309074573224,0.12380952380952381,0.26972147349505843,0.59964061096136567,0.26972147349505843
2021-12-31,6707,-0.98668687555835077,2.1663853718400472,3.1244845831642429,6707,1041,1001,1615,4321,1615,1.0,0.15521097360966155,0.14924705531534219,0.24079320113314448,0.64425227374384975,0.24079320113314448
2022-01-01,4321,-0.72893694487550786,2.2051136472497164,2.9344286625124063,4321,612,357,962,2821,962,1.0,0.14163388104605415,0.082619763943531585,0.22263364961814394,0.6528581346910437,0.22263364961814394
2022-01-02,4255,-0.85627951976038108,1.9966486197068336,2.912917176562932,4255,466,635,984,2494,984,1.0,0.10951821386603995,0.1492361927144536,0.23125734430082256,0.58613396004700358,0.23125734430082256
2022-01-03,4968,-0.92385105369044,1.9524612873128635,2.8210001666068445,4968,671,814,1347,3001,1347,1.0,0.13506441223832527,0.16384863123993559,0.27113526570048307,0.60406602254428343,0.27113526570048307
2022-01-04,6265,-0.440832030551774,2.0734049153465732,2.8049729405008863,6265,1084,876,1765,3829,1765,1.0,0.17302474062250597,0.13982442138866719,0.28172386272944933,0.61117318435754187,0.28172386272944933
2022-01-05,5698,-0.51115714219011155,2.2104364064124224,2.8873563026127882,5698,892,785,1659,3564,1659,1.0,0.15654615654615656,0.13776763776763776,0.29115479115479115,0.62548262548262545,0.29115479115479115
2022-01-06,5865,-0.2596291060190124,2.4345043454177842,2.7050308837174679,5865,925,786,1619,3756,1619,1.0,0.1577152600170503,0.1340153452685422,0.27604433077578855,0.64040920716112537,0.27604433077578855
2022-01-07,5680,-0.55641219035264422,2.3150190757118039,2.8382384287959455,5680,1048,791,1615,3662,1615,1.0,0.18450704225352113,0.1392605633802817,0.28433098591549294,0.6447183098591549,0.28433098591549294
2022-01-08,3778,-0.78577857847297283,2.1532187710554505,2.8147108986782494,3778,576,512,901,2294,901,1.0,0.15246161990471149,0.13552143991529911,0.23848597141344627,0.60719957649550027,0.23848597141344627
2022-01-09,3451,-0.51215118684268313,2.367063245904542,2.9790163140011319,3451,596,361,792,1918,792,1.0,0.17270356418429442,0.1046073601854535,0.2294986960301362,0.55578093306288034,0.2294986960301362
2022-01-10,6899,-0.64337902986510276,2.2750912969305679,2.7516697507544037,6899,960,897,2023,4015,2023,1.0,0.13915060153645456,0.13001884331062472,0.29323090302942456,0.58196840121756777,0.29323090302942456
2022-01-11,7694,-0.65955292643221852,2.0972691240213854,3.0052021427079203,7694,1084,1075,2147,5195,2147,1.0,0.14088900441902782,0.13971926176241226,0.27904860930595271,0.67520145567975043,0.27904860930595271
2022-01-12,6924,-0.4613947888980367,2.3645177689898693,2.8564328297250543,6924,1185,1093,2202,4624,2202,1.0,0.17114384748700173,0.15785673021374927,0.31802426343154244,0.66782206816868861,0.31802426343154244
2022-01-13,7289,-0.28787426622006973,2.2628232860328605,2.642226510463292,7289,1201,989,2207,4516,2207,1.0,0.16476882974344903,0.13568390725751131,0.30278501852105916,0.61956372616271094,0.30278501852105916
2022-01-14,7751,-0.85098768808093994,2.2954104958496706,2.7974092995311843,7751,985,914,2060,4690,2060,1.0,0.12708037672558378,0.11792026835247064,0.26577215843117019,0.60508321506902341,0.26577215843117019
2022-01-15,4690,-0.86438727588920594,2.3517615849277749,2.8982282952303238,4690,603,469,1196,2543,1196,1.0,0.12857142857142856,0.1,0.25501066098081021,0.54221748400852876,0.25501066098081021
2022-01-16,3633,-0.454010899799259,2.3771248334651922,2.8294597807824067,3633,496,531,944,2172,944,1.0,0.13652628681530415,0.14616019818331957,0.25984035232590147,0.59785301403798519,0.25984035232590147
2022-01-17,6665,-0.72964066683854023,2.2253178318726103,2.8282741532190019,6665,948,1094,1871,4504,1871,1.0,0.14223555888972242,0.16414103525881471,0.28072018004501126,0.675768942235559,0.28072018004501126
2022-01-18,7704,-0.46913249239416782,2.2314184807309303,2.588660600177985,7704,1087,1501,2453,5354,2453,1.0,0.14109553478712358,0.19483385254413291,0.31840602284527519,0.694963655244029,0.31840602284527519
2022-01-19,7758,-0.32612243011924658,2.116306337853977,2.5268689274955847,7758,1177,1114,2225,5267,2225,1.0,0.15171435937097191,0.14359370971899973,0.28680072183552463,0.67891209074503733,0.28680072183552463
2022-01-20,7226,-0.392993167675398,2.3196060157277989,2.6161272548242915,7226,1149,1097,2235,5020,2235,1.0,0.15900913368391917,0.15181289786880708,0.30929975089952949,0.69471353445889839,0.30929975089952949
2022-01-21,6167,-0.4152084257292023,2.1716827162459786,2.5018262708985608,6167,1174,1092,2018,4300,2018,1.0,0.19036808821144802,0.17707150964812712,0.32722555537538511,0.697259607588779,0.32722555537538511
2022-01-22,3712,-0.80388552930441692,2.2594428697021409,2.6679245359234147,3712,599,514,952,2470,952,1.0,0.16136853448275862,0.13846982758620691,0.25646551724137934,0.66540948275862066,0.25646551724137934
2022-01-23,2934,-0.618364524176882,2.1065125877383037,2.50894066624555,2934,410,386,697,1891,697,1.0,0.13974096796182686,0.13156100886162236,0.23755964553510567,0.64451261077027944,0.23755964553510567
2022-01-24,5749,-0.40742338014340579,2.282681697121054,2.6000923957366493,5749,1037,832,1593,3651,1593,1.0,0.18037919638197947,0.14472082101234998,0.27709166811619412,0.63506696816837716,0.27709166811619412
2022-01-25,6180,-0.47299471832967355,2.4224760992191046,2.8489416815031894,6180,1084,1051,2063,4197,2063,1.0,0.17540453074433657,0.17006472491909386,0.33381877022653722,0.679126213592233,0.33381877022653722
2022-01-26,6239,-0.33200851795659658,2.4329825632534958,2.5294857054254103,6239,1010,939,1905,4269,1905,1.0,0.16188491745472031,0.15050488860394293,0.30533739381311109,0.6842442699150505,0.30533739381311109
2022-01-27,6577,-0.13241305927546804,2.3351567252904393,2.5137458986998928,6577,1033,1129,2224,4413,2224,1.0,0.15706249049718718,0.17165881100805838,0.33814809183518324,0.67097460848411128,0.33814809183518324
2022-01-28,6134,-0.6431975914132041,2.0321394648850597,2.6450709862712602,6134,809,1140,2184,4197,2184,1.0,0.131887838278448,0.18584936419954354,0.35604825562438863,0.68421910661884577,0.35604825562438863
2022-01-29,3450,-0.52148822155655783,2.1557579510747615,2.6743665893058055,3450,614,593,942,2185,942,1.0,0.17797101449275363,0.1718840579710145,0.27304347826086955,0.6333333333333333,0.27304347826086955
2022-01-30,3843,-1.6263729453408717,2.065861313284532,3.5010159943858876,3843,588,808,1099,2206,1099,1.0,0.15300546448087432,0.21025240697371844,0.28597449908925321,0.57403070517824617,0.28597449908925321
2022-01-31,5328,-0.81664817400542777,2.2067582378735313,2.7570236142565556,5328,685,864,1616,3408,1616,1.0,0.12856606606606608,0.16216216216216217,0.3033033033033033,0.63963963963963966,0.3033033033033033
2022-02-01,6572,-0.45199728297407638,2.1303705063733944,2.48505416587182,6572,549,987,1791,4020,1791,1.0,0.083536214242239809,0.15018259281801583,0.27251978088861839,0.61168594035301282,0.27251978088861839
2022-02-02,6595,-0.64608807070436058,2.1902744180403384,2.4657487722887783,6595,668,1095,1881,3990,1881,1.0,0.10128885519332828,0.16603487490523122,0.2852160727824109,0.60500379075056865,0.2852160727824109
2022-02-03,6201,-0.55419069050653125,2.1962029507726166,2.6065274240036196,6201,655,1092,1940,4089,1940,1.0,0.10562812449604903,0.1761006289308176,0.31285276568295434,0.65940977261731981,0.31285276568295434
2022-02-04,5464,-0.61215787244534892,2.0798229521620555,2.5441873693485832,5464,612,1060,1734,3493,1734,1.0,0.11200585651537336,0.19399707174231332,0.31734992679355783,0.63927525622254755,0.31734992679355783
2022-02-05,3366,-0.61825977761763229,2.0309361459651525,2.6089850547282913,3366,428,443,979,2059,979,1.0,0.12715389185977422,0.13161021984551396,0.2908496732026144,0.61170528817587644,0.2908496732026144
2022-02-06,2862,-0.41958847258376514,2.3033582104154786,2.6527077065279436,2862,394,479,833,1792,833,1.0,0.1376659678546471,0.16736547868623342,0.29105520614954578,0.62613556953179594,0.29105520614954578
2022-02-07,5415,-0.68791988265603443,2.1476820852031042,3.0146911112169104,5415,798,972,1848,3635,1848,1.0,0.14736842105263157,0.17950138504155125,0.34127423822714681,0.67128347183748849,0.34127423822714681
2022-02-08,6673,-0.50535921788368965,2.263184606370376,2.8379027190551129,6673,883,1043,1945,4266,1945,1.0,0.13232429192267345,0.156301513562116,0.29147310055447323,0.63929267196163642,0.29147310055447323
2022-02-09,6912,0.052718398666054427,2.2655086719758692,2.4456775145964684,6912,948,1088,2258,4425,2258,1.0,0.13715277777777779,0.15740740740740741,0.32667824074074076,0.64019097222222221,0.32667824074074076
2022-02-10,6645,-0.017796257276623925,2.2906415208015134,2.4299255083595925,6645,935,1166,2280,4453,2280,1.0,0.14070729872084273,0.17547027840481566,0.34311512415349887,0.67012791572610986,0.34311512415349887
2022-02-11,6183,-0.544035847559708,2.1538915788084094,2.904841279992278,6183,828,1008,1726,4359,1726,1.0,0.1339155749636099,0.16302765647743814,0.27915251496037524,0.70499757399320717,0.27915251496037524
2022-02-12,3220,-0.69058031540559472,2.1445525114946529,2.752598879669657,3220,456,472,1029,2200,1029,1.0,0.14161490683229813,0.14658385093167703,0.31956521739130433,0.68322981366459623,0.31956521739130433
2022-02-13,3353,-1.0534746219829134,2.1724161399444122,2.7459520665928641,3353,491,460,999,2214,999,1.0,0.14643602743811512,0.13719057560393677,0.29794214136594094,0.6603042051893826,0.29794214136594094
2022-02-14,5625,-0.697868679075018,2.2479831720298913,2.832513447460526,5625,978,830,1746,3481,1746,1.0,0.17386666666666667,0.14755555555555555,0.3104,0.61884444444444442,0.3104
2022-02-15,6723,-0.65201495895307837,2.2392986588237309,2.8571496062729476,6723,1099,876,2048,4076,2048,1.0,0.16346868957310726,0.13029897367246765,0.30462591105161385,0.60627695969061435,0.30462591105161385
2022-02-16,6799,-0.679917272542024,2.2487214328195484,2.985822099121147,6799,1399,1076,2012,4458,2012,1.0,0.20576555375790556,0.15825856743638769,0.29592587145168409,0.65568465950875132,0.29592587145168409
2022-02-17,6940,-0.710365612479432,2.2658789593274111,3.0340739563086689,6940,953,1281,1978,4646,1978,1.0,0.13731988472622478,0.18458213256484149,0.285014409221902,0.66945244956772332,0.285014409221902
2022-02-18,6670,-1.0109530742329078,2.2205596350779158,3.14761511729025,6670,908,1319,1748,4495,1748,1.0,0.13613193403298351,0.19775112443778112,0.2620689655172414,0.67391304347826086,0.2620689655172414
2022-02-19,3490,-1.3609671045941205,2.2355380575716395,3.2853809910670457,3490,467,568,789,2254,789,1.0,0.13381088825214899,0.16275071633237823,0.22607449856733525,0.64584527220630372,0.22607449856733525
2022-02-20,3364,-1.045208842565208,2.0567637964673073,2.8465867411854191,3364,438,581,853,2156,853,1.0,0.13020214030915578,0.17271105826397146,0.25356718192627825,0.64090368608799053,0.25356718192627825
2022-02-21,5672,-0.767468176477149,2.1933612466646157,2.9096364766334823,5672,871,1164,1778,3595,1778,1.0,0.15356135401974613,0.20521861777150915,0.31346967559943584,0.63381523272214391,0.31346967559943584
2022-02-22,6446,-0.51394672346588688,2.30195286921039,2.7563888266877075,6446,1064,1481,2064,4205,2064,1.0,0.16506360533664288,0.22975488675147379,0.32019857275829972,0.652342538008067,0.32019857275829972
2022-02-23,7652,-0.69469080743187639,2.4622209469341736,3.2034890852816984,7652,1201,1187,2456,5252,2456,1.0,0.15695243073706219,0.15512284370099322,0.32096184004181916,0.68635650810245685,0.32096184004181916
2022-02-24,5589,-0.21317788662788248,2.2561995303268918,2.7151816301902159,5589,896,893,2066,3876,2066,1.0,0.16031490427625694,0.15977813562354626,0.36965467883342279,0.69350509930220072,0.36965467883342279
2022-02-25,4941,-0.7715795450369427,2.3284384144132431,2.9944396935996793,4941,787,911,1823,3176,1823,1.0,0.15927949807731229,0.18437563246306415,0.36895365310665856,0.64278486136409629,0.36895365310665856
2022-02-26,2934,-1.1506929469824545,2.1313906008872734,3.1988970140030792,2934,408,407,953,1825,953,1.0,0.13905930470347649,0.1387184730743013,0.32481254260395365,0.62201772324471716,0.32481254260395365
2022-02-27,2673,-0.9801702417114343,2.154886058422278,2.9562072957626353,2673,460,428,979,1698,979,1.0,0.17209128320239431,0.16011971567527122,0.36625514403292181,0.63524130190796857,0.36625514403292181
2022-02-28,6920,-1.4527940287652219,2.4243939728156776,3.4888998384365317,6920,819,984,2512,4823,2512,1.0,0.11835260115606937,0.14219653179190753,0.36300578034682079,0.69696531791907512,0.36300578034682079
2022-03-01,7016,-0.81201674361565168,2.3523530101799213,2.9520484289440208,7016,931,999,2252,5007,2252,1.0,0.13269669327251996,0.14238882554161916,0.32098061573546183,0.713654503990878,0.32098061573546183
2022-03-02,7029,-0.88230896049472329,2.1420503559775836,2.8908069571772512,7029,946,1115,2730,5375,2730,1.0,0.13458528951486698,0.15862853891022904,0.38839095177123345,0.76468914497083507,0.38839095177123345
2022-03-03,6212,-0.53533999921426045,2.3906932362853146,2.8358069427602306,6212,1052,1129,2382,4369,2382,1.0,0.16934964584674822,0.18174500965872506,0.3834513844172569,0.70331616226658078,0.3834513844172569
2022-03-04,4998,-0.44903679117850859,2.4861816718251535,2.668225127506104,4998,851,808,1848,3541,1848,1.0,0.17026810724289715,0.16166466586634654,0.36974789915966388,0.70848339335734289,0.36974789915966388
2022-03-05,3021,-0.64048166925996552,2.5243572517683148,2.9470499695328982,3021,516,578,1111,2094,1111,1.0,0.17080436941410129,0.19132737504137703,0.36775902019198942,0.69314796425024827,0.36775902019198942
2022-03-06,3336,-1.0778616938043826,2.3557060840300768,3.2698555718658873,3336,600,653,1225,2313,1225,1.0,0.17985611510791366,0.19574340527577938,0.3672062350119904,0.69334532374100721,0.3672062350119904
2022-03-07,5650,-0.42188624580829209,2.4249108323413342,2.718083190715932,5650,1019,933,2253,3819,2253,1.0,0.18035398230088495,0.16513274336283185,0.39876106194690264,0.675929203539823,0.39876106194690264
2022-03-08,6560,-0.45788709981778392,2.4094145918157159,2.8269552560362561,6560,947,1131,2432,4485,2432,1.0,0.14435975609756097,0.17240853658536584,0.37073170731707317,0.68368902439024393,0.37073170731707317
2022-03-09,6909,-0.6160092504500726,2.3404983414195919,2.8307219040293043,6909,1146,921,2799,5053,2799,1.0,0.16587060356057318,0.13330438558402083,0.40512375162831088,0.7313648863800839,0.40512375162831088
2022-03-10,6196,-0.314205997052141,2.3377637202094661,2.5778134676282591,6196,1087,943,2235,4389,2235,1.0,0.17543576500968366,0.15219496449322142,0.3607165913492576,0.70836023240800516,0.3607165913492576
2022-03-11,5424,-0.28375651001650726,2.4476915708052536,2.5803767473322718,5424,1010,951,2026,3856,2026,1.0,0.1862094395280236,0.17533185840707965,0.37352507374631266,0.71091445427728617,0.37352507374631266
2022-03-12,3039,-0.57592367829197622,2.215296742023479,2.6145008100586753,3039,493,450,984,1925,984,1.0,0.16222441592629155,0.14807502467917077,0.32379072063178677,0.63343205001645275,0.32379072063178677
2022-03-13,2636,-0.761506382323431,2.2439000750030149,2.4868250105961476,2636,374,326,924,1658,924,1.0,0.14188163884673749,0.1236722306525038,0.35053110773899848,0.62898330804248859,0.35053110773899848
2022-03-14,5025,-0.52840269106785331,2.2886183132079658,2.8096524102618883,5025,847,790,1776,3450,1776,1.0,0.16855721393034825,0.1572139303482587,0.35343283582089552,0.68656716417910446,0.35343283582089552
2022-03-15,5824,-0.66513711718259438,2.2120694245210739,2.8987793396585988,5824,900,911,2403,4092,2403,1.0,0.15453296703296704,0.1564217032967033,0.41260302197802196,0.70260989010989006,0.41260302197802196
2022-03-16,5705,-0.2684651091003713,2.4242086101485896,2.6233091840139657,5705,1029,963,2241,3977,2241,1.0,0.18036809815950922,0.16879929886064857,0.39281332164767746,0.69710780017528484,0.39281332164767746
2022-03-17,5833,-0.2338010231455277,2.2541906145088162,2.6718288777796504,5833,1071,1021,2233,4097,2233,1.0,0.18361049202811588,0.17503857363277903,0.38282187553574493,0.70238299331390364,0.38282187553574493
2022-03-18,5307,-0.49914376192246962,2.2471375730091543,2.5975072479025108,5307,866,841,1836,3612,1836,1.0,0.16318070472960242,0.15846994535519127,0.34595816845675526,0.68061051441492371,0.34595816845675526
2022-03-19,2905,-0.48488252059028852,2.4063255237695751,2.6503443637969042,2905,451,415,845,1750,845,1.0,0.15524956970740103,0.14285714285714285,0.2908777969018933,0.60240963855421692,0.2908777969018933
2022-03-20,3060,-0.35509470454888187,2.2419867288605411,2.4756255349591334,3060,507,491,984,1908,984,1.0,0.16568627450980392,0.16045751633986929,0.32156862745098042,0.62352941176470589,0.32156862745098042
2022-03-21,6233,-0.42417224672418125,2.115496498070399,2.4392558639482682,6233,1107,1220,2231,4157,2231,1.0,0.17760308037862987,0.19573239210652976,0.35793357933579334,0.66693406064495431,0.35793357933579334
2022-03-22,7006,-0.29893069587816795,2.2749920306204441,2.509624039004914,7006,960,1184,2385,4771,2385,1.0,0.13702540679417641,0.16899800171281759,0.34042249500428207,0.68098772480730807,0.34042249500428207
2022-03-23,6542,-0.43319810224723204,2.290943431980589,2.6590616145566379,6542,931,1150,2378,4448,2378,1.0,0.14231121981045552,0.17578722103332314,0.36349740140629777,0.67991439926627939,0.36349740140629777
2022-03-24,6483,-0.29016716122692393,2.4451002525973449,2.5681859621099568,6483,1045,1140,2371,4284,2371,1.0,0.16119080672528149,0.17584451642757981,0.36572574425420329,0.66080518278574729,0.36572574425420329
2022-03-25,6793,-0.5152531834239199,2.3223767678203466,2.6622243855596142,6793,1001,895,2516,4693,2516,1.0,0.1473575739732077,0.13175327543059032,0.37038127484174888,0.690858236419844,0.37038127484174888
2022-03-26,3873,-0.47649991861495927,2.2800416467247118,2.6384209607306768,3873,517,451,1157,2426,1157,1.0,0.13348825200103279,0.11644719855409244,0.29873483088045444,0.62638781306480762,0.29873483088045444
2022-03-27,3207,-0.6565093140084991,2.2439306286792253,2.7558940262110379,3207,429,464,1044,2124,1044,1.0,0.13376987839101964,0.14468350483317743,0.32553788587464921,0.66230121608980352,0.32553788587464921
2022-03-28,5768,-0.21261625178672991,2.334872468653201,2.4817362720364855,5768,918,1015,2064,3974,2064,1.0,0.15915395284327324,0.17597087378640777,0.3578363384188627,0.68897364771151182,0.3578363384188627
2022-03-29,6974,-0.25930468476832497,2.3393711060531159,2.4733964975855565,6974,1008,1208,2407,4980,2407,1.0,0.14453685116145684,0.17321479782047605,0.34513908804129623,0.71408087180957847,0.34513908804129623
2022-03-30,6661,-0.27195726167728307,2.2967003225844227,2.6589443560087647,6661,1287,1263,2505,4523,2505,1.0,0.1932142320972827,0.18961116949406995,0.37606965921032875,0.67902717309713256,0.37606965921032875
2022-03-31,7165,-0.13438327360916574,2.4754688749380285,2.6504097801665516,7165,1387,1279,2688,4944,2688,1.0,0.19357990230286112,0.17850662944870901,0.37515701325889744,0.69002093510118634,0.37515701325889744
2022-04-01,6441,-0.44737849087576032,2.3287217713464168,2.8910122707208479,6441,1046,983,2532,4438,2532,1.0,0.16239714330072971,0.15261605340785592,0.39310666045645087,0.68902344356466383,0.39310666045645087
2022-04-02,3598,-0.730013262555568,2.0243597624833676,3.0576939156029561,3598,795,495,1351,2354,1351,1.0,0.22095608671484157,0.13757643135075043,0.3754863813229572,0.65425236242356866,0.3754863813229572
2022-04-03,2967,-1.0615510091049947,1.8587352512413609,2.8120739192276845,2967,504,381,1009,2066,1009,1.0,0.1698685540950455,0.12841253791708795,0.34007414897202559,0.69632625547691274,0.34007414897202559
2022-04-04,6837,-0.90991026823685783,2.1819055530810214,2.6753773198133182,6837,820,1559,3018,4620,3018,1.0,0.11993564428843059,0.22802398712885769,0.44142167617376044,0.67573497147871875,0.44142167617376044
2022-04-05,6389,-0.80924955441973967,2.1072779166528108,2.7901371808551958,6389,738,1494,2447,4236,2447,1.0,0.11551103459070278,0.23383941148849585,0.38300203474722178,0.66301455626858663,0.38300203474722178
2022-04-06,6345,-0.55963991290432746,2.1167356901849863,2.9157811883217608,6345,1026,1463,2442,4510,2442,1.0,0.16170212765957448,0.230575256107171,0.38486997635933806,0.710795902285264,0.38486997635933806
2022-04-07,6834,-0.42339154583582012,2.3070582681010321,2.6607879988144334,6834,1220,1252,2373,4860,2373,1.0,0.17851916886157448,0.18320163886450103,0.3472344161545215,0.71115013169446883,0.3472344161545215
2022-04-08,5830,-0.72411862030643082,2.1676213202493066,2.8479368364676567,5830,1154,983,2153,4017,2153,1.0,0.19794168096054887,0.16861063464837051,0.36929674099485421,0.68902229845626073,0.36929674099485421
2022-04-09,2921,-0.74609071342150146,2.38412874556176,2.9918783654626675,2921,510,462,907,1883,907,1.0,0.17459774049982882,0.15816501198219787,0.31051009928106815,0.64464224580623075,0.31051009928106815
2022-04-10,3272,-1.3497948609679604,1.9591216920863439,3.1509202958415989,3272,558,457,1085,2277,1085,1.0,0.17053789731051344,0.13966992665036676,0.331601466992665,0.69590464547677267,0.331601466992665
2022-04-11,5413,-0.47108149984775627,2.2557617189562675,2.7066168584458987,5413,1144,975,1951,3661,1951,1.0,0.21134306299648994,0.18012192869019028,0.36042859782006281,0.67633474967670426,0.36042859782006281
2022-04-12,6212,-0.67883932328491636,2.241681244584671,3.1059509495007354,6212,1045,1261,2381,4356,2381,1.0,0.16822279459111397,0.20299420476497101,0.383290405666452,0.70122343850611724,0.383290405666452
2022-04-13,6393,-0.753414489438291,2.1043196974122136,3.2018883281759787,6393,989,1240,2298,4428,2298,1.0,0.15470045362114812,0.19396214609729392,0.3594556546222431,0.69263256687001407,0.3594556546222431
2022-04-14,7185,-1.4243844683342162,2.2724847746448149,3.7554550124358292,7185,1071,1412,2700,5350,2700,1.0,0.14906054279749478,0.1965205288796103,0.37578288100208768,0.74460681976339593,0.37578288100208768
2022-04-15,4894,-0.77180507692538058,2.2084806780784052,2.8391675147139179,4894,971,899,1586,3476,1586,1.0,0.19840621168778097,0.18369431957498977,0.32407029015120553,0.71025745811197383,0.32407029015120553
2022-04-16,3704,-1.4567946801250651,2.158830582611091,3.0621257722499244,3704,455,675,1383,2706,1383,1.0,0.12284017278617711,0.1822354211663067,0.37338012958963285,0.730561555075594,0.37338012958963285
2022-04-17,2932,-0.88004146450603671,2.2784817745260324,2.771673200173967,2932,420,473,905,2051,905,1.0,0.1432469304229195,0.16132332878581174,0.30866302864938611,0.69952251023192358,0.30866302864938611
2022-04-18,4951,-0.26017226507380853,2.2083481415299095,2.6716113581067509,4951,1137,855,1723,3365,1723,1.0,0.22965057564128458,0.17269238537669157,0.34801050292870128,0.67966067461118962,0.34801050292870128
2022-04-19,6491,-0.36761037962768478,2.3339569180470741,2.4999014120606127,6491,1031,1182,2466,4521,2466,1.0,0.1588353104298259,0.18209828993991681,0.37991064550916653,0.69650285010013868,0.37991064550916653
2022-04-20,7449,-0.77343909752070628,2.2399459793448586,2.9943342010252527,7449,869,1809,2720,4994,2720,1.0,0.11665995435628944,0.24285138944824808,0.36514968452141228,0.67042556047791646,0.36514968452141228
2022-04-21,7521,-0.24131253268171221,2.332563205491013,2.7123012720397388,7521,908,1566,2611,5054,2611,1.0,0.12072862651243185,0.20821699242122058,0.34716128174444888,0.67198510836324954,0.34716128174444888
2022-04-22,10252,-0.28462793486245408,2.4416562770765866,2.8578702353866232,10252,1297,2081,3976,6548,3976,1.0,0.12651190011705032,0.20298478345688645,0.38782676550916895,0.63870464299648844,0.38782676550916895
2022-04-23,4869,-1.0840799546731437,2.3092711760939495,3.1111873205939724,4869,568,769,1247,3079,1247,1.0,0.11665639761758061,0.15793797494352024,0.25611008420620252,0.63236804271924418,0.25611008420620252
2022-04-24,4394,-0.92874432881137037,2.4258733073250256,2.916644611200538,4394,620,723,1267,2955,1267,1.0,0.14110150204824762,0.16454255803368228,0.2883477469276286,0.67250796540737368,0.2883477469276286
2022-04-25,6066,-0.15565436302241092,2.4854389102080514,2.7278107851947859,6066,978,1005,2044,3942,2044,1.0,0.16122650840751732,0.16567754698318496,0.33696010550609956,0.64985163204747776,0.33696010550609956
2022-04-26,6700,-0.62001813951381435,2.287258453178826,3.0338162827732051,6700,966,1078,2219,4690,2219,1.0,0.14417910447761195,0.16089552238805971,0.33119402985074625,0.7,0.33119402985074625
2022-04-27,6567,-0.42834735899638365,2.2304330401321026,2.8142174060739875,6567,1042,1130,2254,4562,2254,1.0,0.15867214862189735,0.17207248363027258,0.34323130805542867,0.69468554895690571,0.34323130805542867
2022-04-28,7016,-0.76389576620304389,2.3729524886462681,3.2342266393315025,7016,1078,1077,2315,4528,2315,1.0,0.15364880273660206,0.15350627137970355,0.32996009122006842,0.645381984036488,0.32996009122006842
2022-04-29,6842,-0.65901310064969376,2.2035077463765886,2.997002738843074,6842,1197,983,2087,4292,2087,1.0,0.17494884536685179,0.14367144109909383,0.30502776965799472,0.62730195849166914,0.30502776965799472
2022-04-30,3783,-0.90900968436441432,2.1974419716186877,2.7197937272772137,3783,516,517,1120,2432,1120,1.0,0.13639968279143536,0.13666402326196139,0.29606132698916204,0.64287602431932334,0.29606132698916204
2022-05-01,3257,-1.2442320202380956,1.8658720835897915,2.9789055634616726,3257,422,547,885,2015,885,1.0,0.12956708627571384,0.16794596254221678,0.27172244396684064,0.618667485416027,0.27172244396684064
2022-05-02,4939,-0.73404159562556948,2.24070643007501,2.7772357956918889,4939,850,964,1602,3192,1602,1.0,0.17209961530674225,0.19518121077141121,0.32435715731929543,0.64628467301073089,0.32435715731929543
2022-05-03,6098,-0.76015866530711407,2.3253464984184968,2.7295936003138261,6098,723,1203,2105,4196,2105,1.0,0.118563463430633,0.19727779599868808,0.34519514594949163,0.68809445719908169,0.34519514594949163
2022-05-04,5813,-0.62224778328229469,2.3179775624184038,3.1587422900890725,5813,605,1128,1862,3735,1862,1.0,0.10407706863925684,0.19404782384311026,0.32031653191123344,0.64252537416136246,0.32031653191123344
2022-05-05,6649,-0.64641241687617124,2.3102734897767574,2.8651019024637292,6649,1028,1417,1902,4545,1902,1.0,0.15460971574672883,0.21311475409836064,0.28605805384268312,0.68356143781019707,0.28605805384268312
2022-05-06,5506,-0.41755584261976081,2.406769402087455,2.5657244056786066,5506,900,911,1614,3611,1614,1.0,0.16345804576825282,0.16545586632764256,0.29313476207773337,0.65583000363240107,0.29313476207773337
2022-05-07,3542,-0.80841372354023211,2.128548430524011,2.8880917786282811,3542,659,487,970,2327,970,1.0,0.18605307735742518,0.13749294184076793,0.27385657820440429,0.65697346132128742,0.27385657820440429
2022-05-08,2772,-0.84265933910046209,2.1985186079757928,2.8770697551011226,2772,498,590,858,1942,858,1.0,0.17965367965367965,0.21284271284271283,0.30952380952380953,0.70057720057720063,0.30952380952380953
2022-05-09,6064,-0.3645268635154903,2.4999706920253453,2.6666405658058943,6064,836,1041,1766,4088,1766,1.0,0.13786279683377309,0.1716688654353562,0.29122691292875991,0.67414248021108181,0.29122691292875991
2022-05-10,7186,-0.30792409763411555,2.3853006905449337,2.7082033917222637,7186,1202,1057,2296,4837,2296,1.0,0.1672696910659616,0.14709156693570832,0.31951015864180349,0.67311438908989707,0.31951015864180349
2022-05-11,6957,-0.74339307905278618,2.2692425270878744,2.81534701307453,6957,1048,1125,2244,4874,2244,1.0,0.15063964352450768,0.16170763260025872,0.32255282449331607,0.70058933448325422,0.32255282449331607
2022-05-12,7106,-0.36172287213017396,2.4002747218116753,2.6029380815534857,7106,1204,1182,2228,4978,2228,1.0,0.16943428088938925,0.1663383056571911,0.31353785533352097,0.70053475935828879,0.31353785533352097
2022-05-13,6218,-0.47768256157156935,2.3259082743404167,2.6383672346263891,6218,972,1098,2032,4231,2032,1.0,0.15632036024445159,0.17658411064651014,0.32679318108716632,0.68044387262785466,0.32679318108716632
2022-05-14,3537,-1.0833834048442195,2.17088395700714,3.0054499198313662,3537,464,444,1032,2408,1032,1.0,0.13118461973423806,0.1255301102629347,0.2917726887192536,0.68080294034492506,0.2917726887192536
2022-05-15,3092,-0.99198906920734986,2.0260487329863519,2.7724907385768893,3092,537,408,1016,2154,1016,1.0,0.17367399741267789,0.13195342820181113,0.32858990944372574,0.69663648124191457,0.32858990944372574
2022-05-16,6834,-0.46177907541941321,2.2927576478874352,2.738259935007497,6834,1152,925,1924,4784,1924,1.0,0.16856892010535557,0.13535264852209541,0.28153350892595846,0.70002926543751831,0.28153350892595846
2022-05-17,7017,-0.63840631929304181,2.3881630311279696,2.859631709609423,7017,997,1106,2282,4995,2282,1.0,0.1420835114721391,0.1576172153341884,0.32521020379079379,0.711842667806755,0.32521020379079379
2022-05-18,7729,-0.89099966690330945,2.1962940938046316,3.1013263873332182,7729,937,1848,2683,5442,2683,1.0,0.12123172467330832,0.23909949540690906,0.34713417000905678,0.70410143614956655,0.34713417000905678
2022-05-19,8031,-0.91054161458107974,2.336097431107786,3.1892909068868343,8031,1086,1405,2577,5511,2577,1.0,0.13522599925289502,0.1749470800647491,0.32088158386253268,0.68621591333582366,0.32088158386253268
2022-05-20,7434,-0.764496759060532,2.3381667425515729,2.7992536951529252,7434,980,1173,2323,5043,2323,1.0,0.13182674199623351,0.15778853914447136,0.31248318536454128,0.67836965294592411,0.31248318536454128
2022-05-21,5060,-0.86569395294811291,1.9991455055854286,2.480996273506519,5060,437,599,1071,3607,1071,1.0,0.086363636363636365,0.1183794466403162,0.2116600790513834,0.71284584980237153,0.2116600790513834
2022-05-22,4663,-0.90800534618698181,1.9163173226835253,2.8447601881005142,4663,451,702,1204,3477,1204,1.0,0.096718850525412819,0.15054685824576453,0.25820287368646794,0.74565730216598758,0.25820287368646794
2022-05-23,8588,-1.0745100462360173,2.2187233517848579,3.3925126446226868,8588,1102,1198,2596,6251,2596,1.0,0.12831858407079647,0.13949697251979506,0.30228225430833722,0.72787610619469023,0.30228225430833722
2022-05-24,8901,-1.1912466146416636,2.3350116845145568,3.4047179043833524,8901,1060,1653,3067,6311,3067,1.0,0.11908774295023031,0.18570947084597236,0.34456802606448711,0.70902145826311647,0.34456802606448711
2022-05-25,7463,-0.561305044933105,2.3028642066162588,2.9929305838281026,7463,1141,1295,2534,5098,2534,1.0,0.1528875787216937,0.17352271204609407,0.33954173924695163,0.6831033096609942,0.33954173924695163
2022-05-26,7515,-0.44303118675608327,2.2958355359189597,2.55878553264944,7515,1081,1034,2568,5290,2568,1.0,0.14384564204923486,0.13759148369926813,0.34171656686626745,0.70392548236859609,0.34171656686626745
2022-05-27,6277,-0.37447934753827183,2.1685915250802523,2.6805178079902996,6277,1095,1031,2075,4253,2075,1.0,0.17444639158833838,0.16425043810737613,0.33057192926557272,0.677552971164569,0.33057192926557272
2022-05-28,3572,-1.0277971481206849,2.1780986154600921,3.0001002895169218,3572,485,460,931,2469,931,1.0,0.13577827547592386,0.12877939529675253,0.26063829787234044,0.69120940649496077,0.26063829787234044
2022-05-29,3599,-1.097407828752978,2.091042774766656,2.85567636630664,3599,449,422,843,2395,843,1.0,0.12475687691025285,0.11725479299805501,0.234231731036399,0.66546262850791882,0.234231731036399
2022-05-30,5886,-0.65185590385215553,2.3635949641033407,2.8800390717960416,5886,874,764,1733,3950,1733,1.0,0.14848793747876315,0.12979952429493713,0.29442745497791367,0.67108392796466187,0.29442745497791367
2022-05-31,6655,-0.64202123704657843,2.28339120494717,2.8790932955357253,6655,897,992,2016,4615,2016,1.0,0.13478587528174304,0.14906085649887302,0.30293012772351613,0.69346356123215624,0.30293012772351613
2022-06-01,7141,-0.57684385303670038,2.259899860964151,2.9676946205917618,7141,1083,1034,2131,4864,2131,1.0,0.15165943145217756,0.14479764738832096,0.29841758857302897,0.68113709564486768,0.29841758857302897
2022-06-02,6687,-0.472450318675262,2.2701244687180298,2.7238150931493079,6687,1009,1103,2233,4612,2233,1.0,0.15088978615223569,0.16494691191864813,0.3339315088978615,0.689696425901002,0.3339315088978615
2022-06-03,5898,-0.50647594204224977,2.1222076615283423,2.715107364520112,5898,599,995,1689,3694,1689,1.0,0.1015598507968803,0.1687012546625975,0.28636826042726349,0.626314004747372,0.28636826042726349
2022-06-04,3650,-0.73097458991664122,2.3996332811858458,2.8595843443639,3650,406,649,958,2337,958,1.0,0.11123287671232877,0.17780821917808221,0.26246575342465756,0.64027397260273977,0.26246575342465756
2022-06-05,4467,-0.94512054342736485,2.5737442205296754,3.5901186309006121,4467,401,1055,1126,3150,1126,1.0,0.089769420192522945,0.23617640474591448,0.2520707409894784,0.70517125587642715,0.2520707409894784
2022-06-06,6926,-0.60102516397849548,2.3916978617988125,2.80543224626599,6926,897,1385,2294,4927,2294,1.0,0.12951198382904996,0.19997112330349409,0.3312157089228992,0.71137741842333235,0.3312157089228992
2022-06-07,6963,-0.58606491150878148,2.3193119580214581,2.7880233956011162,6963,1163,1242,2219,4731,2219,1.0,0.16702570731006749,0.17837139164153382,0.31868447508257935,0.6794485135717363,0.31868447508257935
2022-06-08,8216,-0.7851181009252971,2.24646907461561,2.9854713348001196,8216,1060,1285,2256,5710,2256,1.0,0.12901655306718599,0.15640214216163584,0.27458617332035051,0.694985394352483,0.27458617332035051
2022-06-09,8035,-0.64644491459449549,2.1257469218303076,2.8621833921741362,8035,1125,1367,2492,5710,2492,1.0,0.14001244555071563,0.170130678282514,0.31014312383322962,0.71064094586185433,0.31014312383322962
2022-06-10,6278,-0.41482185651277909,2.3036997764326723,2.7646262581218428,6278,1019,870,1814,4140,1814,1.0,0.16231283848359351,0.13857916533928002,0.28894552405224594,0.65944568333864284,0.28894552405224594
2022-06-11,3587,-0.99490180493304226,2.2761291483065871,3.0106842727370848,3587,476,351,871,2483,871,1.0,0.13270142180094788,0.097853359353219954,0.24282129913576805,0.69222191246166709,0.24282129913576805
2022-06-12,3446,-1.1724558708157085,2.0538343285514737,2.7347202275373093,3446,425,417,860,2251,860,1.0,0.12333139872315728,0.12100986651189785,0.24956471271038885,0.65322112594312243,0.24956471271038885
2022-06-13,6241,-0.78151269668457657,2.1294604054569684,2.9078737936838577,6241,964,919,1958,4247,1958,1.0,0.15446242589328632,0.14725204294183625,0.31373177375420608,0.68049991988463387,0.31373177375420608
2022-06-14,7436,-1.0382647806907566,2.3035487126346257,3.30900520190643,7436,993,1306,2122,4837,2122,1.0,0.13353953738569124,0.17563206024744488,0.28536847767616996,0.650484131253362,0.28536847767616996
2022-06-15,7899,-0.57811929442627807,2.233073135319215,2.8786944567000132,7899,1280,1397,2489,5493,2489,1.0,0.16204582858589694,0.17685783010507658,0.31510317761741991,0.69540448157994683,0.31510317761741991
2022-06-16,7741,-1.0128034775857255,2.3038319571340664,3.0984980568628195,7741,1238,1226,2358,5355,2358,1.0,0.15992765792533264,0.15837747061103216,0.30461180726004394,0.69177108900658835,0.30461180726004394
2022-06-17,7142,-0.93686028326536186,2.247170809571243,2.9053809404876496,7142,880,1077,2250,4734,2250,1.0,0.12321478577429291,0.15079809577149259,0.3150378045365444,0.66283954074488938,0.3150378045365444
2022-06-18,4674,-2.2888257391134319,2.2667929427356182,3.9718885875681966,4674,471,489,1091,2842,1091,1.0,0.10077021822849808,0.10462130937098844,0.23341891313649979,0.60804450149764655,0.23341891313649979
2022-06-19,4263,-1.4497469531771245,2.0329129477608765,2.9827506355505737,4263,445,616,1038,2915,1038,1.0,0.10438658221909454,0.14449917898193759,0.24349049964813513,0.68379075768238329,0.24349049964813513
2022-06-20,6679,-0.90867044590779267,2.2794145394691587,3.2047664727223166,6679,886,895,1908,4470,1908,1.0,0.13265458901033089,0.13400209612217398,0.28567150771073513,0.66926186554873479,0.28567150771073513
2022-06-21,6807,-0.74274785485996631,2.3115725886954155,2.9885193113131532,6807,989,931,1815,4748,1815,1.0,0.14529161157631851,0.13677097105920377,0.26663728514764212,0.69751726164242689,0.26663728514764212
2022-06-22,7765,-0.62379310924657883,2.2482226916885568,3.0727445362984311,7765,1026,1201,2329,5466,2329,1.0,0.13213135866065678,0.15466838377334191,0.29993560849967804,0.70392788151963936,0.29993560849967804
2022-06-23,6770,-0.57342584728071411,2.2152428741138621,2.8222543632944057,6770,1052,1085,2236,4868,2236,1.0,0.15539143279172821,0.16026587887740029,0.33028064992614475,0.71905465288035453,0.33028064992614475
2022-06-24,6124,-0.79087990419432053,2.2489712246151279,2.9944603873312463,6124,838,919,1910,4078,1910,1.0,0.13683866753755716,0.1500653167864141,0.31188765512736771,0.66590463749183537,0.31188765512736771
2022-06-25,3992,-1.3865653892222203,2.0254333219703651,3.1479348985858815,3992,507,397,1178,2706,1178,1.0,0.12700400801603207,0.099448897795591185,0.29509018036072143,0.67785571142284573,0.29509018036072143
2022-06-26,5212,-0.56780846946484764,2.0444903997117536,2.5618156945705897,5212,499,568,2068,3448,2068,1.0,0.095740598618572523,0.10897927858787414,0.39677666922486571,0.66155026861089794,0.39677666922486571
2022-06-27,7268,-0.56968681337692417,2.1312469782172672,2.7929480657837948,7268,866,1157,2596,5100,2596,1.0,0.11915244909190974,0.15919097413318656,0.35718216840946615,0.70170610897083108,0.35718216840946615
2022-06-28,7852,-0.69893883440446125,2.2537585543590373,2.8379351438019076,7852,1091,1172,2849,5577,2849,1.0,0.1389454915944982,0.14926133469179828,0.36283749363219564,0.71026490066225167,0.36283749363219564
2022-06-29,8078,-0.36566206543816543,2.275233936583144,2.6117432959706024,8078,1007,1247,2589,5591,2589,1.0,0.12465956920029711,0.15436989353800445,0.32050012379301807,0.69212676405050755,0.32050012379301807
2022-06-30,8647,-0.31640486254043942,2.3019672129184938,2.5099386818305942,8647,1013,1374,2721,6410,2721,1.0,0.11715045680582861,0.15889904012952469,0.31467561003816352,0.74129755984734591,0.31467561003816352
2022-07-01,6785,-0.55184232681291223,2.303995479314259,2.5128203717840143,6785,886,1118,2326,5057,2326,1.0,0.13058216654384672,0.16477523949889461,0.3428150331613854,0.74532056005895353,0.3428150331613854
2022-07-02,3488,-0.99082983130988378,2.1378720186451541,2.8584074991529631,3488,412,480,1007,2359,1007,1.0,0.11811926605504587,0.13761467889908258,0.28870412844036697,0.67631880733944949,0.28870412844036697
2022-07-03,3767,-1.7954916984060971,1.954049088478117,3.4553716409546968,3767,395,390,844,2702,844,1.0,0.10485797717016193,0.10353066100345103,0.2240509689408017,0.71728165649057607,0.2240509689408017
2022-07-04,5891,-1.3127566740510432,2.1711810095219177,3.313453482646636,5891,764,876,1654,4021,1654,1.0,0.12968935664573078,0.14870140892887457,0.2807672721099983,0.68256662705822446,0.2807672721099983
2022-07-05,6825,-1.1748574501002866,2.3199831123961605,3.2041220348497141,6825,764,1052,2120,4678,2120,1.0,0.11194139194139194,0.15413919413919414,0.31062271062271063,0.68542124542124538,0.31062271062271063
2022-07-06,7171,-1.1294463374302754,2.3023349748824553,3.0762146669249213,7171,850,1159,2742,5176,2742,1.0,0.11853298005856924,0.16162320457397852,0.38237344861246686,0.72179612327429921,0.38237344861246686
2022-07-07,6852,-1.0967345824263433,2.2580272349371544,3.2206175840967015,6852,988,1007,2258,4963,2258,1.0,0.14419147694103912,0.14696438995913602,0.32953882078225338,0.724314068884997,0.32953882078225338
2022-07-08,6636,-0.95467168053326912,2.3627635370806477,3.063402874314717,6636,968,828,2096,4511,2096,1.0,0.14587100663050029,0.12477396021699819,0.31585292344786015,0.67977697408077153,0.31585292344786015
2022-07-09,3414,-1.6102938256396384,2.3801528237283218,3.532146533150772,3414,450,672,930,2261,930,1.0,0.13181019332161686,0.19683655536028119,0.27240773286467485,0.66227299355594615,0.27240773286467485
2022-07-10,3434,-1.2173466726306112,2.1048162595269222,2.8552947676368534,3434,557,753,938,2081,938,1.0,0.16220151426907398,0.21927781013395456,0.27315084449621435,0.60599883517763542,0.27315084449621435
2022-07-11,6583,-0.96433527647072659,2.1513859753645561,2.8608468930914008,6583,953,1260,1960,4551,1960,1.0,0.14476682363663984,0.19140209630867386,0.29773659425793714,0.69132614309585294,0.29773659425793714
2022-07-12,7077,-0.647108704235696,2.492444195052018,2.61670694003349,7077,825,1201,1916,4404,1916,1.0,0.11657481983891479,0.16970467712307474,0.27073618765013424,0.622297583721916,0.27073618765013424
2022-07-13,7458,-0.838457412946837,2.2984485018925591,2.9970367350241367,7458,1029,1306,2084,5035,2084,1.0,0.13797264682220434,0.17511397157414857,0.279431482971306,0.67511397157414854,0.279431482971306
2022-07-14,6976,-0.71314877731025128,2.3198441694067595,2.9897683650208893,6976,1041,1332,2028,4723,2028,1.0,0.14922591743119265,0.19094036697247707,0.29071100917431192,0.67703555045871555,0.29071100917431192
2022-07-15,7044,-0.87050231269989076,2.0579544819703188,2.7134578754869541,7044,1038,1157,2244,5057,2244,1.0,0.14735945485519591,0.16425326519023281,0.31856899488926749,0.717915956842703,0.31856899488926749
2022-07-16,5485,-1.5256654488455363,1.8763262652735071,3.0411997380593161,5485,525,844,1725,3920,1725,1.0,0.095715587967183227,0.15387420237010027,0.31449407474931634,0.71467639015496809,0.31449407474931634
2022-07-17,5137,-1.57406152374247,2.0130873108790155,3.241736647581738,5137,540,657,1188,3113,1188,1.0,0.10511971968074751,0.12789565894490948,0.23126338329764454,0.60599571734475377,0.23126338329764454
2022-07-18,9416,-1.3148113169936266,2.0163337802412791,3.0836027182388346,9416,987,1308,2537,5640,2537,1.0,0.10482158028887001,0.1389124893797791,0.26943500424808836,0.59898045879354289,0.26943500424808836
2022-07-19,10906,-1.2196680914553379,2.1049471089624352,2.8356822660583911,10906,963,1638,2860,7315,2860,1.0,0.088300018338529254,0.15019255455712452,0.2622409682743444,0.67073170731707321,0.2622409682743444
2022-07-20,10232,-1.1282142120644449,2.3758358513075124,2.8750714177226127,10232,1126,2022,3699,7399,3699,1.0,0.11004691164972635,0.19761532447224395,0.36151290070367476,0.72312353401094609,0.36151290070367476
2022-07-21,9318,-1.2394594089649853,2.2608237222654775,2.8952241895339048,9318,864,1342,2870,6204,2870,1.0,0.0927237604636188,0.14402232238677828,0.30800600987336341,0.66580811332904055,0.30800600987336341
2022-07-22,7103,-1.1048470767627461,2.3474034906184365,2.9006556588436747,7103,808,1065,2094,4880,2094,1.0,0.11375475151344502,0.14993664648739968,0.29480501196677461,0.68703364775447,0.29480501196677461
2022-07-23,4836,-2.0451868676332419,1.9957355726696586,3.5797735701912492,4836,497,615,1016,2626,1016,1.0,0.10277088502894954,0.12717121588089331,0.21009098428453268,0.543010752688172,0.21009098428453268
2022-07-24,4944,-2.1665248439078439,2.0992148624585849,3.3043238579794592,4944,375,510,1539,3208,1539,1.0,0.07584951456310679,0.10315533980582524,0.31128640776699029,0.64886731391585761,0.31128640776699029
2022-07-25,6784,-1.2182714231435561,2.2191762653485783,2.9834795987899563,6784,710,946,2034,4678,2034,1.0,0.10465801886792453,0.13944575471698112,0.29982311320754718,0.68956367924528306,0.29982311320754718
2022-07-26,7231,-0.94886759055633052,2.1786199525543481,3.0054394440480774,7231,869,1054,2114,5131,2114,1.0,0.12017701562716084,0.14576130549025032,0.29235237173281703,0.70958373668925456,0.29235237173281703
2022-07-27,6991,-0.67464785076751244,2.3135761613381507,2.8323974659356157,6991,965,1265,2173,4688,2173,1.0,0.13803461593477329,0.18094693176941781,0.31082820769560865,0.670576455442712,0.31082820769560865
2022-07-28,8676,-0.9287764100552679,2.1925260654165495,2.7042275889848235,8676,1052,1388,2840,6219,2840,1.0,0.12125403411710466,0.15998155832180727,0.32733978792070079,0.716804979253112,0.32733978792070079
2022-07-29,7181,-0.88152411517112084,2.2461876209455047,2.8918198123193561,7181,923,966,1901,4844,1901,1.0,0.12853363041359142,0.13452165436568722,0.26472636123102633,0.67455786102214177,0.26472636123102633
2022-07-30,4531,-1.9830459122285489,2.1443580829153013,3.589320547368593,4531,391,447,1414,3134,1414,1.0,0.086294416243654817,0.098653718825866252,0.31207239020083866,0.6916795409401898,0.31207239020083866
2022-07-31,4349,-1.4995978877240228,2.0069498617385126,2.7842708658259956,4349,316,541,1496,3079,1496,1.0,0.07266038169694182,0.1243964129684985,0.34398712347666133,0.70797884571165781,0.34398712347666133
2022-08-01,7022,-1.1890350442585673,2.1661859085834827,2.9167549513724587,7022,675,849,2079,4939,2079,1.0,0.0961264596980917,0.12090572486471091,0.29606949587012249,0.70336086585018509,0.29606949587012249
2022-08-02,7624,-1.3864805196531356,2.2305275174012698,3.23015250547919,7624,869,1046,2359,5263,2359,1.0,0.11398216159496327,0.13719832109129065,0.30941762854144805,0.69032004197271768,0.30941762854144805
2022-08-03,7201,-1.0703632524843116,2.411054799399388,3.0817093882787803,7201,785,1062,2439,5036,2439,1.0,0.10901263713373142,0.14747951673378698,0.33870295792251076,0.69934731287321206,0.33870295792251076
2022-08-04,6912,-0.902007905453438,2.2869314525160909,3.0089168832099387,6912,938,1030,2202,4426,2202,1.0,0.13570601851851852,0.14901620370370369,0.3185763888888889,0.64033564814814814,0.3185763888888889
2022-08-05,7410,-1.2889888633518443,2.294332470763615,3.0408435468118284,7410,831,1028,2025,5111,2025,1.0,0.11214574898785425,0.13873144399460188,0.27327935222672067,0.68974358974358974,0.27327935222672067
2022-08-06,5106,-1.9701698595635362,2.5072117681579726,3.3946159557111661,5106,397,601,1109,3749,1109,1.0,0.077751664708186452,0.11770466118292205,0.2171954563258911,0.73423423423423428,0.2171954563258911
2022-08-07,4511,-1.4766651967359559,1.8240022803545719,2.8089572814669919,4511,458,764,1293,3368,1293,1.0,0.10152959432498337,0.1693637774329417,0.28663267568166706,0.7466193748614498,0.28663267568166706
2022-08-08,7963,-1.1987440183502587,1.9263500323353662,2.9959193531267436,7963,1357,1504,2758,5440,2758,1.0,0.17041316086901923,0.1888735401230692,0.34635187743312823,0.6831596132111013,0.34635187743312823
2022-08-09,7898,-0.9985533245832563,2.1117824674748444,2.9586099137179134,7898,1284,1199,2320,5093,2320,1.0,0.16257280324132692,0.15181058495821728,0.29374525196252216,0.64484679665738165,0.29374525196252216
2022-08-10,6843,-0.80706307685105794,2.174827812755443,2.705923997476618,6843,904,933,1911,4472,1911,1.0,0.13210580154902821,0.13634370889960543,0.27926348092941694,0.65351454040625456,0.27926348092941694
2022-08-11,7992,-0.94748179122329235,2.1769369027161729,2.6449795738958857,7992,1049,1121,2448,4948,2448,1.0,0.13125625625625625,0.14026526526526525,0.30630630630630629,0.6191191191191191,0.30630630630630629
2022-08-12,6925,-1.1383811483515114,2.1011263513851368,2.9451165605054377,6925,1070,1326,2254,4550,2254,1.0,0.15451263537906137,0.19148014440433214,0.32548736462093864,0.65703971119133575,0.32548736462093864
2022-08-13,4433,-1.1471458062632771,1.7658641029538047,2.9618820118223423,4433,377,723,1295,3058,1295,1.0,0.085043988269794715,0.16309496954658245,0.29212722761109861,0.6898263027295285,0.29212722761109861
2022-08-14,3592,-1.5014908906520164,2.0725299719761057,3.3346164984627338,3592,352,393,1114,2408,1114,1.0,0.097995545657015584,0.1094097995545657,0.31013363028953228,0.6703786191536748,0.31013363028953228
2022-08-15,6243,-0.95000724600320519,2.1346408300236912,3.0045681272537261,6243,809,1022,1849,4164,1849,1.0,0.12958513535159377,0.16370334774947942,0.29617171231779593,0.66698702546852473,0.29617171231779593
2022-08-16,7797,-0.94251987971135187,2.2067224778496479,2.86390975836887,7797,1023,1652,2636,5702,2636,1.0,0.13120430934974991,0.21187636270360394,0.33807874823650119,0.73130691291522376,0.33807874823650119
2022-08-17,8117,-0.949609166622911,2.5836494759758244,3.0701258741571338,8117,1423,1748,2698,5972,2698,1.0,0.1753110755205125,0.21535049895281508,0.33238881360108413,0.735739805346803,0.33238881360108413
2022-08-18,7079,-1.358222062351915,2.5074394865749348,3.427919480625667,7079,1134,1428,2257,4813,2257,1.0,0.16019211753072468,0.20172340726091256,0.31883034326882326,0.67989829071902808,0.31883034326882326
2022-08-19,6260,-1.2387253943375716,2.3273839729991321,3.3910629090746309,6260,786,1019,1968,4384,1968,1.0,0.12555910543130991,0.16277955271565495,0.31437699680511183,0.70031948881789141,0.31437699680511183
2022-08-20,3498,-1.4911813565463836,2.2793665592930696,3.4024908845262485,3498,450,425,1058,2182,1058,1.0,0.12864493996569468,0.12149799885648942,0.30245854774156661,0.6237850200114351,0.30245854774156661
2022-08-21,3271,-1.6324659313630712,2.24613297139936,3.3398564502992394,3271,460,493,982,2207,982,1.0,0.1406297768266585,0.15071843472944055,0.30021400183430141,0.674717211861816,0.30021400183430141
2022-08-22,6086,-0.67900441947023937,2.4421274820072485,2.9136489830908134,6086,809,1144,1859,3997,1859,1.0,0.13292803154781466,0.1879723956621755,0.30545514295103515,0.6567532040749261,0.30545514295103515
2022-08-23,6807,-0.97594434971910748,2.6486825454074681,3.4048747218172766,6807,974,970,1930,4513,1930,1.0,0.14308799764947847,0.14250036726898779,0.28353165858674895,0.6629939767886,0.28353165858674895
2022-08-24,6972,-1.3049286205199915,2.2215504861866422,3.3330009828044163,6972,916,1144,2311,4883,2311,1.0,0.13138267355134825,0.16408491107286288,0.33146873207114169,0.70037292025243836,0.33146873207114169
2022-08-25,7269,-0.77746319117154394,2.1224949334939924,2.8559596866068437,7269,1005,1267,2641,5168,2641,1.0,0.13825835740817169,0.17430182968771496,0.36332370339799147,0.71096436923923512,0.36332370339799147
2022-08-26,6599,-0.98173166563841319,2.0897589394157987,3.0057501973878318,6599,903,998,2344,4481,2344,1.0,0.13683891498711925,0.15123503561145629,0.3552053341415366,0.679042279133202,0.3552053341415366
2022-08-27,4027,-1.6377456335092939,1.9989905926932334,3.6834770101313405,4027,639,556,1226,2760,1226,1.0,0.15867891730816985,0.13806804072510553,0.30444499627514277,0.685373727340452,0.30444499627514277
2022-08-28,4111,-1.8545124163277771,2.1509410898514658,3.591583751393284,4111,355,455,1168,2952,1168,1.0,0.086353685234736077,0.11067866699099976,0.28411578691315981,0.71807346144490392,0.28411578691315981
2022-08-29,6914,-1.2620497246648041,2.1721844024416304,3.5368320397361104,6914,824,1158,2365,4778,2365,1.0,0.1191784784495227,0.16748625976280013,0.34205958923922475,0.69106161411628575,0.34205958923922475
2022-08-30,7632,-1.4367569972074272,2.2864679953366749,3.4997804288867345,7632,765,1009,2412,5298,2412,1.0,0.10023584905660378,0.13220649895178196,0.31603773584905659,0.6941823899371069,0.31603773584905659
2022-08-31,7320,-0.9345556898886852,2.3427806203839583,3.1569021410771447,7320,923,1090,2384,4891,2384,1.0,0.12609289617486338,0.14890710382513661,0.3256830601092896,0.66816939890710381,0.3256830601092896
2022-09-01,7319,-1.0405245798915765,2.374851502229768,3.092966214446585,7319,888,1163,2401,5061,2401,1.0,0.12132805028009291,0.15890148927449105,0.32805028009290887,0.69148790818417816,0.32805028009290887
2022-09-02,6210,-0.963664386808853,2.2295332818582283,3.0510185532469869,6210,879,1243,2204,4280,2204,1.0,0.14154589371980678,0.20016103059581319,0.35491143317230273,0.68921095008051525,0.35491143317230273
2022-09-03,4699,-1.5458457423015497,2.325157707798577,3.0411133467084994,4699,397,570,1556,3060,1556,1.0,0.084486060864013626,0.1213024047669717,0.3311342838901894,0.651202383485848,0.3311342838901894
2022-09-04,3900,-1.7900124644879463,2.1463899475724131,3.3545791066115305,3900,342,677,1249,2517,1249,1.0,0.0876923076923077,0.17358974358974358,0.32025641025641027,0.64538461538461533,0.32025641025641027
2022-09-05,5596,-0.93074784722450765,2.3214971167490051,3.1688974921215411,5596,698,878,1830,3944,1830,1.0,0.12473195139385275,0.15689778413152253,0.32701929949964259,0.70478913509649754,0.32701929949964259
2022-09-06,6829,-0.7805677585398717,2.3381821687820952,3.1143612558568869,6829,899,1148,2173,4492,2173,1.0,0.13164445746082881,0.16810660418802167,0.3182017864987553,0.65778298433152727,0.3182017864987553
2022-09-07,7166,-0.74780786477051753,2.3696637790483548,2.9386927787458421,7166,827,1152,2181,4797,2181,1.0,0.1154060842869104,0.1607591403851521,0.30435389338543123,0.66941110801004744,0.30435389338543123
2022-09-08,7584,-0.920843808526173,2.2797280409143013,2.949336154742535,7584,800,1375,2509,5173,2509,1.0,0.10548523206751055,0.18130274261603377,0.33082805907172996,0.68209388185654007,0.33082805907172996
2022-09-09,6809,-0.84579869108987493,2.1458857225787225,3.0008842040076007,6809,874,1201,2196,4697,2196,1.0,0.12835952415920104,0.1763841973858129,0.32251431928330149,0.68982229402261708,0.32251431928330149
2022-09-10,4175,-1.3494099271491287,2.2686299770318814,3.5482184945077622,4175,512,753,1035,2676,1035,1.0,0.12263473053892215,0.18035928143712573,0.24790419161676647,0.64095808383233532,0.24790419161676647
2022-09-11,3177,-1.35181063487577,2.1795016409654031,3.1516241799913529,3177,318,393,769,1937,769,1.0,0.10009442870632672,0.12370160528800755,0.24205225055083412,0.60969468051621023,0.24205225055083412
2022-09-12,5518,-1.0422490520384433,2.3473968908052991,3.1884376381826112,5518,555,961,1723,3701,1723,1.0,0.10057992026096411,0.17415730337078653,0.312250815512867,0.67071402682131209,0.312250815512867
2022-09-13,7241,-0.75658602514209428,2.426704481878998,3.032827103987858,7241,667,1488,2400,5334,2400,1.0,0.092114348846844357,0.20549647838696314,0.33144593288219859,0.73663858583068642,0.33144593288219859
2022-09-14,7133,-0.5918406044549579,2.2047529180782686,2.866162626235921,7133,860,1264,2349,4932,2349,1.0,0.12056638160661713,0.1772045422683303,0.3293144539464461,0.69143417916725081,0.3293144539464461
2022-09-15,7856,-0.17972444593222803,2.2690040468579942,2.48808032392151,7856,958,1282,2518,5278,2518,1.0,0.12194501018329938,0.16318737270875763,0.3205193482688391,0.67184317718940934,0.3205193482688391
2022-09-16,6983,-1.0432292281301114,2.20318390758288,3.32223292513389,6983,920,1109,2078,4601,2078,1.0,0.13174853214950594,0.15881426321065445,0.29757983674638405,0.65888586567377916,0.29757983674638405
2022-09-17,4076,-0.91453801258542944,2.3558149701623146,3.037690310890838,4076,460,656,1351,2613,1351,1.0,0.11285574092247301,0.16094210009813542,0.3314524043179588,0.64106967615309129,0.3314524043179588
2022-09-18,4083,-1.0692750033741085,2.1459716733886687,2.9216599508982997,4083,342,618,1154,2658,1154,1.0,0.083761939750183687,0.15135929463629685,0.28263531716874846,0.65099191770756792,0.28263531716874846
2022-09-19,6091,-0.51148842800986127,2.3582219914612366,2.89403226381833,6091,632,976,1861,4314,1861,1.0,0.10375964537842719,0.16023641438187489,0.30553275324248891,0.70825808570021342,0.30553275324248891
2022-09-20,7979,-0.95566907399514034,2.3748079009620877,3.2598542744805044,7979,804,1191,2422,5679,2422,1.0,0.10076450683042988,0.14926682541671887,0.30354681037724024,0.71174332623135728,0.30354681037724024
2022-09-21,7871,-0.77311872472963172,2.4716478284178511,3.060166137225699,7871,879,1217,2359,5612,2359,1.0,0.1116757718206073,0.15461821877779189,0.29970778808283571,0.71299707788082833,0.29970778808283571
2022-09-22,7939,-0.59079593128021968,2.3470067016108378,2.9285591736800058,7939,912,1664,2697,5554,2697,1.0,0.11487592895830709,0.20959818616954276,0.33971532938657262,0.69958433052021662,0.33971532938657262
2022-09-23,7500,-0.85958782507004627,2.3891411402172178,3.099509334364567,7500,886,1147,2334,5112,2334,1.0,0.11813333333333334,0.15293333333333334,0.3112,0.6816,0.3112
2022-09-24,4629,-1.4989410623148276,2.1478285214941479,3.271868961601911,4629,384,628,1193,3104,1193,1.0,0.0829552819183409,0.13566645063728666,0.25772305033484555,0.67055519550658893,0.25772305033484555
2022-09-25,4307,-1.1699623369550773,2.014033174572103,3.2669486706646325,4307,297,656,1213,3098,1213,1.0,0.068957511028558155,0.1523101927095426,0.28163454840956581,0.71929417227768744,0.28163454840956581
2022-09-26,6201,-0.68092496280533044,2.2661894282952431,2.9492531995103346,6201,809,1151,1988,4378,1988,1.0,0.13046282857603611,0.18561522335107242,0.32059345266892436,0.70601515884534749,0.32059345266892436
2022-09-27,7240,-0.85642846332161582,2.3264426220761969,3.0742655303536148,7240,863,1247,2582,5331,2582,1.0,0.1191988950276243,0.17223756906077348,0.35662983425414363,0.73632596685082874,0.35662983425414363
2022-09-28,6976,-0.86431242104833139,2.383592188528747,3.3390926391583333,6976,816,1295,2379,4857,2379,1.0,0.11697247706422019,0.18563646788990826,0.341026376146789,0.69624426605504586,0.341026376146789
2022-09-29,7840,-1.0189000916481736,2.3995254298471367,3.4423446837527942,7840,913,1358,2653,5534,2653,1.0,0.11645408163265306,0.17321428571428571,0.33839285714285716,0.70586734693877551,0.33839285714285716
2022-09-30,7818,-1.5489147666634493,2.2947921854155937,3.6369018829978823,7818,891,1476,2712,5426,2712,1.0,0.11396776669224866,0.18879508825786645,0.34689178818112049,0.69403939626502942,0.34689178818112049
2022-10-01,4489,-1.8043829614927427,2.074839900164982,3.755407859897951,4489,443,856,1670,3370,1670,1.0,0.098685676097126307,0.19068834929828471,0.37202049454221431,0.75072399198039652,0.37202049454221431
2022-10-02,4476,-1.5306648929365678,2.0785721669708752,3.3016075442176391,4476,870,507,1236,3416,1236,1.0,0.19436997319034852,0.11327077747989277,0.27613941018766758,0.76318141197497769,0.27613941018766758
2022-10-03,5803,-0.93482147786117176,2.3128534437928145,3.1769535321784312,5803,639,823,1818,4104,1818,1.0,0.1101154575219714,0.14182319489919007,0.31328623125969324,0.70722040323970359,0.31328623125969324
2022-10-04,6515,-0.18588778703925296,2.7352700815949875,2.8016835401107265,6515,568,958,1909,4552,1909,1.0,0.087183422870299315,0.14704528012279355,0.29301611665387567,0.69869531849577893,0.29301611665387567
2022-10-05,5971,-0.6968064606985731,2.127376739531337,2.96167566970654,5971,602,909,1785,4178,1785,1.0,0.10082063305978899,0.15223580639758835,0.2989449003516999,0.69971529057109361,0.2989449003516999
2022-10-06,6610,-0.84261859607117218,2.2999761397337566,3.0730869751124033,6610,616,1098,2144,4535,2144,1.0,0.093192133131618754,0.16611195158850228,0.324357034795764,0.68608169440242062,0.324357034795764
2022-10-07,5494,-0.70850630622156463,2.2192487430187859,2.9771031619207444,5494,539,908,1690,3737,1690,1.0,0.098107025846377871,0.16527120495085548,0.30760829996359668,0.68019657808518386,0.30760829996359668
2022-10-08,3737,-0.94112544929753683,2.1860332669664353,3.260167730454651,3737,526,473,1107,2570,1107,1.0,0.14075461600214076,0.12657211667112658,0.29622691998929623,0.68771742039068773,0.29622691998929623
2022-10-09,3479,-0.703485978462292,2.2299951800262754,2.8915262290451409,3479,497,490,954,2288,954,1.0,0.14285714285714285,0.14084507042253522,0.27421672894509919,0.65766024719747052,0.27421672894509919
2022-10-10,5861,-0.92551010404058887,2.3466884577609308,3.2963496691497056,5861,691,779,1678,3664,1678,1.0,0.11789796962975602,0.1329124722743559,0.28629926633680258,0.62514929192970481,0.28629926633680258
2022-10-11,7327,-0.82344945965380534,2.3708008879555651,3.0068458048498683,7327,928,1017,1941,4792,1941,1.0,0.12665483826941448,0.13880169237068377,0.26491060461307492,0.65401938037395935,0.26491060461307492
2022-10-12,6287,-0.39819244124984443,2.2772916171439319,2.8974085582626143,6287,771,942,1894,4200,1894,1.0,0.12263400668045173,0.14983298870685541,0.30125656115794497,0.66804517257833629,0.30125656115794497
2022-10-13,7029,-0.85198888530695216,2.2784734293005529,3.1334617484865537,7029,887,1050,2103,4914,2103,1.0,0.1261914923886755,0.14938113529662825,0.29918907383696114,0.69910371318822018,0.29918907383696114
2022-10-14,6017,-0.92303485329450174,2.2223193200758034,3.12184686599394,6017,721,900,1983,3994,1983,1.0,0.11982715639022769,0.14957620076450059,0.32956622901778293,0.66378593983712819,0.32956622901778293
2022-10-15,4681,-1.6617201392613898,2.0776441188699373,3.6010968167813213,4681,354,407,1606,3047,1606,1.0,0.075624866481521044,0.086947233497116,0.34308908352916045,0.65092928861354415,0.34308908352916045
2022-10-16,4320,-1.5617544827929113,2.296773446300381,3.286629859202026,4320,258,378,1566,2968,1566,1.0,0.059722222222222225,0.0875,0.3625,0.687037037037037,0.3625
2022-10-17,6610,-0.90737800242408873,2.456244896425785,3.2315318475415316,6610,798,998,2045,4594,2045,1.0,0.12072617246596067,0.15098335854765507,0.30937972768532529,0.69500756429652044,0.30937972768532529
2022-10-18,6606,-0.38734868956679519,2.57042407952251,2.93682609434328,6606,761,1263,2302,4635,2302,1.0,0.11519830457160157,0.19118982742960944,0.34847108689070544,0.70163487738419617,0.34847108689070544
2022-10-19,6750,-0.51694008122084223,2.5599166672905538,3.1646833992991912,6750,698,1120,2262,4607,2262,1.0,0.10340740740740741,0.16592592592592592,0.33511111111111114,0.68251851851851852,0.33511111111111114
2022-10-20,7117,-0.55494383886178866,2.3853864966282226,2.8135660032216805,7117,730,1267,2491,4935,2491,1.0,0.10257130813545033,0.17802444850358298,0.35000702543206408,0.6934101447239005,0.35000702543206408
2022-10-21,5656,-0.26453151653207435,2.6064159279527654,2.7999853178799996,5656,589,978,1850,3745,1850,1.0,0.10413719943422914,0.17291371994342292,0.32708628005657708,0.66212871287128716,0.32708628005657708
2022-10-22,3268,-0.49150700902651584,2.5402777675253931,2.8286450166768495,3268,382,519,1075,2135,1075,1.0,0.11689106487148103,0.15881272949816402,0.32894736842105265,0.65330477356181149,0.32894736842105265
2022-10-23,2966,-0.74181785845121329,2.3602309726087514,2.8046045712267422,2966,266,350,901,2031,901,1.0,0.089683074848280517,0.11800404585300067,0.30377612946729604,0.68476062036412677,0.30377612946729604
2022-10-24,5834,-0.70221468501247475,2.3674117641838754,2.8040626007233169,5834,623,1008,2043,3951,2043,1.0,0.10678779568049365,0.17278025368529312,0.35018854988001369,0.67723688721289,0.35018854988001369
2022-10-25,6782,-0.75192707894213517,2.298049357574667,3.1646319256923015,6782,739,1339,2402,4702,2402,1.0,0.10896490710704806,0.19743438513712769,0.35417281038041876,0.693305809495724,0.35417281038041876
2022-10-26,8446,-0.78627764183548865,2.3204782742407519,2.9529264044249111,8446,830,1430,3170,5742,3170,1.0,0.0982713710632252,0.169310916410135,0.37532559791617331,0.67984844896992658,0.37532559791617331
2022-10-27,8321,-0.48053818713927887,2.2141382292297935,2.421073736784082,8321,869,1676,3071,6109,3071,1.0,0.10443456315346714,0.20141809878620359,0.36906621800264389,0.73416656651844725,0.36906621800264389
2022-10-28,7154,-0.6733896833721833,2.3458780688885059,2.6838460098471382,7154,658,1280,2382,5205,2382,1.0,0.091976516634050876,0.17892088342186191,0.33296058149287111,0.7275649986021806,0.33296058149287111
2022-10-29,3937,-0.98537881426108143,2.122058520694563,3.0546138516128285,3937,322,527,1076,2777,1076,1.0,0.08178816357632715,0.13385826771653545,0.2733045466090932,0.70535941071882147,0.2733045466090932
2022-10-30,3291,-0.93093489285519737,2.361253023712826,2.7906147269629744,3291,333,417,969,2274,969,1.0,0.10118505013673655,0.1267092069279854,0.29443938012762078,0.690975387420237,0.29443938012762078
2022-10-31,7307,-0.42658015938518723,2.440464454811945,2.864316760009407,7307,883,1099,2198,5074,2198,1.0,0.12084302723415903,0.15040372245791706,0.30080744491583411,0.69440262761735327,0.30080744491583411
2022-11-01,6591,-0.10326976179578642,2.5710883036817607,2.7538108046233369,6591,845,1062,2311,4618,2311,1.0,0.12820512820512819,0.16112881201638599,0.35062964648763467,0.70065240479441659,0.35062964648763467
2022-11-02,7498,-0.49846726593134189,2.4126147581130786,2.6077179363004386,7498,817,1309,2586,5301,2586,1.0,0.10896238997065884,0.17457988797012536,0.34489197119231796,0.70698853027474,0.34489197119231796
2022-11-03,8829,-0.70141482151983048,2.5081625906668017,3.0631558424918213,8829,977,1616,2998,6022,2998,1.0,0.11065805867029109,0.18303318609129007,0.33956280439460867,0.68207044965454755,0.33956280439460867
2022-11-04,8245,-0.65134337631969463,2.3424173370607315,2.8059930228338943,8245,842,1236,2572,5817,2572,1.0,0.10212249848392965,0.14990903577926015,0.31194663432383263,0.70551849605821715,0.31194663432383263
2022-11-05,5215,-0.78539041359973893,2.5268907399118556,2.6192529369590951,5215,373,730,1456,3473,1456,1.0,0.07152444870565676,0.13998082454458294,0.2791946308724832,0.66596356663470757,0.2791946308724832
2022-11-06,7372,-1.3756059110427525,2.4324366717216841,3.0746081765933404,7372,450,1112,2077,4782,2077,1.0,0.061041779706999456,0.15084102007596312,0.2817417254476397,0.64867064568638089,0.2817417254476397
2022-11-07,13192,-1.1089662968945033,2.4417518939511735,3.0658337987843778,13192,905,2014,4208,9203,4208,1.0,0.068602183141297762,0.15266828380836872,0.31898120072771374,0.69761976955730742,0.31898120072771374
2022-11-08,12639,-0.62455800795251926,2.3260121585700406,2.842218007609028,12639,1055,2050,4059,8917,4059,1.0,0.083471793654561283,0.162196376295593,0.32114882506527415,0.70551467679405011,0.32114882506527415
2022-11-09,10963,-0.50888688788277614,2.2483811461639278,2.7128796120060126,10963,884,2084,3595,8046,3595,1.0,0.080634862720058376,0.190093952385296,0.327921189455441,0.73392319620541824,0.327921189455441
2022-11-10,9037,-0.56057174815333888,2.322928535338602,2.8569638542725673,9037,869,1782,3056,6520,3056,1.0,0.096160230164877722,0.19718933274316697,0.33816532034967356,0.72147836671461774,0.33816532034967356
2022-11-11,1992,-0.95792970059337024,2.2027608752258647,2.7570564919046339,1992,159,447,762,1368,762,1.0,0.079819277108433728,0.22439759036144577,0.38253012048192769,0.68674698795180722,0.38253012048192769
2022-11-12,6552,-0.72824503729694867,2.1647769134735144,2.7353492707328519,6552,565,1008,1992,4618,1992,1.0,0.086233211233211232,0.15384615384615385,0.304029304029304,0.70482295482295487,0.304029304029304
2022-11-13,5531,-0.75574673801840553,2.4010612792307424,2.7427728850064934,5531,562,839,1799,4055,1799,1.0,0.10160911227626107,0.15169047188573495,0.32525763876333391,0.73314048092569151,0.32525763876333391
2022-11-14,9982,-0.397502383894225,2.4362121243831103,2.5596798975737847,9982,1000,1518,3211,6926,3211,1.0,0.10018032458425165,0.15207373271889402,0.32167902224003203,0.69384892807052689,0.32167902224003203
2022-11-15,11119,-0.213717356091919,2.4792317534307626,2.3744808196354219,11119,1066,1672,3310,7847,3310,1.0,0.09587193092904038,0.15037323500314775,0.29768864106484394,0.70572893245795487,0.29768864106484394
2022-11-16,9264,-0.24787597030588007,2.4720813661511367,2.7387407629596074,9264,1097,1377,2693,6658,2693,1.0,0.1184153713298791,0.148639896373057,0.29069516407599311,0.71869602763385143,0.29069516407599311
2022-11-17,9452,-0.22731334925467414,2.3418777810697664,2.6333515516245947,9452,1109,1386,2770,6742,2770,1.0,0.11732966567922133,0.14663563267033433,0.29305966991112992,0.71328819297503177,0.29305966991112992
2022-11-18,8134,-0.50370778324838372,2.4963486811169866,2.8426015982444768,8134,861,1066,2263,5374,2263,1.0,0.10585197934595525,0.13105483157118269,0.27821490041799851,0.66068355052864525,0.27821490041799851
2022-11-19,4739,-0.6347155325397823,2.4728475262574623,2.5359128323418512,4739,386,597,1462,2986,1462,1.0,0.081451783076598436,0.12597594429204473,0.30850390377716819,0.63009073644228741,0.30850390377716819
2022-11-20,6007,-1.4003586194153967,2.0967286011511836,3.0136277736094521,6007,688,868,1972,3866,1972,1.0,0.11453304478108874,0.14449808556683869,0.32828366905277179,0.64358248709838517,0.32828366905277179
2022-11-21,7327,-0.70324482296431945,2.2861623128576678,2.8932912882316639,7327,745,1050,2122,4878,2122,1.0,0.10167872253309676,0.14330558209362632,0.28961375733588096,0.66575678995496113,0.28961375733588096
2022-11-22,6139,-0.33991156967172209,2.3665730623085763,2.929588712723477,6139,814,1013,2059,4218,2059,1.0,0.13259488516044959,0.16501058804365532,0.33539664440462619,0.68708258674051148,0.33539664440462619
2022-11-23,5943,-0.22716358611693716,2.3875042777607449,2.9484647147449272,5943,797,871,1845,4009,1845,1.0,0.13410735318862527,0.14655897694766953,0.31044926804644118,0.67457513040551909,0.31044926804644118
2022-11-24,4988,-0.0856394836696653,2.4541850766366471,2.7102975882964717,4988,838,739,1495,3471,1495,1.0,0.16800320769847635,0.14815557337610263,0.29971932638332,0.69587008821170815,0.29971932638332
2022-11-25,4610,-0.51352358797853259,2.3245675985649745,2.8803279711457246,4610,734,663,1397,3237,1397,1.0,0.15921908893709327,0.14381778741865509,0.30303687635574839,0.70216919739696315,0.30303687635574839
2022-11-26,3331,-1.0585471749013411,2.20898267902817,2.7346661912351542,3331,543,398,934,2384,934,1.0,0.16301410987691384,0.11948363854698289,0.28039627739417594,0.71570099069348547,0.28039627739417594
2022-11-27,3072,-0.71597495067392114,2.2877809270568186,2.9164177703867522,3072,398,427,847,1993,847,1.0,0.12955729166666666,0.13899739583333334,0.27571614583333331,0.64876302083333337,0.27571614583333331
2022-11-28,5900,-0.28264400688925517,2.8565991168812426,2.8940120048285904,5900,1029,841,1492,3696,1492,1.0,0.17440677966101695,0.14254237288135593,0.2528813559322034,0.6264406779661017,0.2528813559322034
2022-11-29,7030,-0.56071741248749918,2.3435854516865646,2.6562850841627732,7030,924,873,1947,4934,1947,1.0,0.1314366998577525,0.12418207681365576,0.27695590327169273,0.70184921763869135,0.27695590327169273
2022-11-30,6806,-0.39081935268277807,2.4686285963380659,2.94098096340756,6806,898,1012,2048,4818,2048,1.0,0.13194240376138702,0.14869233029679693,0.30091096091683811,0.70790478989127237,0.30091096091683811
2022-12-01,7041,-0.25218682307135315,2.4383150026282192,2.7084007355743709,7041,952,960,1913,5072,1913,1.0,0.13520806703593238,0.13634426927993182,0.27169436159636418,0.72035222269563981,0.27169436159636418
2022-12-02,6380,-0.19657356313619112,2.3521369503114755,2.8095159329202568,6380,934,1036,1783,4351,1783,1.0,0.1463949843260188,0.16238244514106584,0.27946708463949843,0.681974921630094,0.27946708463949843
2022-12-03,3932,-0.55621410984725272,2.310895531889138,2.9536872840332009,3932,412,443,1354,2636,1354,1.0,0.10478128179043744,0.11266531027466938,0.344354018311292,0.67039674465920651,0.344354018311292
2022-12-04,2714,-0.630075470070789,2.5354000035738222,2.9249514163137738,2714,344,370,696,1775,696,1.0,0.12675018422991893,0.13633014001473839,0.25644804716285924,0.65401621223286666,0.25644804716285924
2022-12-05,5687,-0.23690400729203206,2.3251521422525245,2.4654588992449238,5687,1104,1059,1995,3916,1995,1.0,0.19412695621593107,0.18621417267452084,0.3508000703358537,0.688588007736944,0.3508000703358537
2022-12-06,6036,-0.34516141919016929,2.4961822394730224,2.8678978365402568,6036,933,1080,2106,4033,2106,1.0,0.15457256461232605,0.17892644135188868,0.34890656063618292,0.66815772034459908,0.34890656063618292
2022-12-07,7111,-0.3212283356577243,2.3136208072277897,2.5090072117858204,7111,1046,1096,2313,4677,2313,1.0,0.14709604837575588,0.15412740824075377,0.3252707073548024,0.65771340177190274,0.3252707073548024
2022-12-08,6166,-0.21985492285433256,2.5032448378039054,2.5710748481730468,6166,834,1136,2159,4361,2159,1.0,0.13525786571521245,0.18423613363606878,0.350145961725592,0.70726565034057731,0.350145961725592
2022-12-09,6091,-0.21639668627506092,2.8007834724502212,3.2028150146149539,6091,815,905,2171,4271,2171,1.0,0.13380397307502873,0.14857987194220981,0.35642751600722378,0.70119848957478248,0.35642751600722378
2022-12-10,4385,-0.22078270776176365,2.9204290496402079,2.85428902309728,4385,472,715,1575,3107,1575,1.0,0.10763968072976055,0.16305587229190421,0.35917901938426455,0.708551881413911,0.35917901938426455
2022-12-11,3664,-0.53363913286691889,2.164808949457957,2.5565961081902322,3664,812,496,945,2297,945,1.0,0.22161572052401746,0.13537117903930132,0.25791484716157204,0.62691048034934493,0.25791484716157204
2022-12-12,6535,-0.27747137142802752,2.4732554927778945,2.7366526389243249,6535,1199,849,1777,4372,1777,1.0,0.18347360367253251,0.1299158377964805,0.271920428462127,0.66901300688599852,0.271920428462127
2022-12-13,7901,-0.33606972986431444,2.248862363308147,2.9407028766217578,7901,1167,1190,2790,5059,2790,1.0,0.14770282242754082,0.15061384634856348,0.35311985824579167,0.64029869636754844,0.35311985824579167
2022-12-14,7061,-0.19579362345622775,2.3448077220543464,2.8072385848989545,7061,1062,1037,2233,4711,2233,1.0,0.15040362554878911,0.14686305055941085,0.31624415805126754,0.66718595099844213,0.31624415805126754
2022-12-15,7119,-0.3072506636778255,2.4684504097819255,2.7009910340171479,7119,1182,1157,1977,5008,1977,1.0,0.16603455541508638,0.1625228262396404,0.27770754319426888,0.70346958842534069,0.27770754319426888
2022-12-16,7391,0.32803222056717313,2.8516991495721151,2.6471541369915461,7391,1715,1150,1954,4791,1954,1.0,0.23203896631037749,0.1555946421323231,0.26437559193613852,0.64822080909213908,0.26437559193613852
2022-12-17,3889,-0.2858369928125567,2.3751508859908221,2.7497519731846283,3889,776,592,1051,2685,1051,1.0,0.19953715608125483,0.152224222165081,0.27024942144510156,0.69040884546155823,0.27024942144510156
2022-12-18,3334,-0.47360023123218181,2.0931400355991916,2.7220016999166754,3334,690,319,670,2123,670,1.0,0.20695860827834434,0.09568086382723455,0.20095980803839233,0.63677264547090584,0.20095980803839233
2022-12-19,6403,-0.059729934143144425,2.3179493829509545,2.454697992935492,6403,1048,986,1686,4360,1686,1.0,0.16367327815086677,0.15399031703888802,0.26331407152897079,0.680930813681087,0.26331407152897079
2022-12-20,6740,-0.00647877974521173,2.3510501066520408,2.659321175792404,6740,1080,1066,1948,4240,1948,1.0,0.16023738872403562,0.15816023738872403,0.28902077151335309,0.629080118694362,0.28902077151335309
2022-12-21,6002,-0.33905009227110905,2.4152241177777256,2.7660597238032354,6002,1221,1006,1715,4019,1715,1.0,0.20343218927024326,0.16761079640119961,0.28573808730423195,0.66961012995668112,0.28573808730423195
2022-12-22,5751,-0.35910686726366314,2.4987719214165924,2.8072942067824171,5751,1076,1036,1808,3777,1808,1.0,0.1870978960180838,0.18014258389845245,0.31438010780733783,0.656755346896192,0.31438010780733783
2022-12-23,5242,-0.7646120506158659,2.2177070763221267,2.8432011422162775,5242,1003,857,1367,3262,1367,1.0,0.19133918351774132,0.16348721861884777,0.26077832888210606,0.62228157191911482,0.26077832888210606
2022-12-24,3730,-1.6092675265883563,2.0481841387804951,3.3325412959871965,3730,653,729,826,2005,826,1.0,0.17506702412868633,0.19544235924932976,0.22144772117962466,0.53753351206434319,0.22144772117962466
2022-12-25,2923,-1.7160937162710952,2.3335528064594704,3.5751027875047088,2923,712,426,703,1765,703,1.0,0.24358535750940813,0.14574067738624702,0.24050632911392406,0.6038316797810469,0.24050632911392406
2022-12-26,4620,-2.2478818518306367,2.4133341529214181,4.2947301188293761,4620,1055,1247,1094,2749,1094,1.0,0.22835497835497837,0.26991341991341994,0.23679653679653678,0.595021645021645,0.23679653679653678
2022-12-27,5339,-1.6000669251561868,2.4978485509220634,3.6983423843216365,5339,1098,901,1415,3292,1415,1.0,0.20565648997939689,0.16875819441843043,0.2650309046637947,0.61659486795280016,0.2650309046637947
2022-12-28,5883,-1.1777201257473608,2.1361329510333054,3.13583773021212,5883,901,656,1517,3473,1517,1.0,0.15315315315315314,0.11150773414924359,0.25786163522012578,0.59034506204317527,0.25786163522012578
2022-12-29,5732,-1.017007138242993,2.3054408736522878,2.9276297783381429,5732,918,667,1583,3513,1583,1.0,0.16015352407536637,0.11636427076064201,0.276168876482903,0.61287508722958828,0.276168876482903
2022-12-30,5123,-0.7589833279161452,2.0731076019537453,2.6315947925628627,5123,719,660,1648,3509,1648,1.0,0.14034745266445442,0.12883076322467304,0.32168651180948665,0.684950224477845,0.32168651180948665
2022-12-31,4079,-1.0739595496145813,2.2428867816144975,3.0513110228744424,4079,626,570,1173,2566,1173,1.0,0.15346898749693552,0.13974013238538857,0.28757048296151017,0.62907575386124048,0.28757048296151017
2023-01-01,3500,-1.0008888495129056,1.9234896930138699,2.6118923650237735,3500,360,355,776,2108,776,1.0,0.10285714285714286,0.10142857142857142,0.22171428571428572,0.60228571428571431,0.22171428571428572
2023-01-02,4270,-1.3285903879371046,2.0051290631041114,2.9444341175415296,4270,521,531,1180,2562,1180,1.0,0.12201405152224824,0.12435597189695551,0.27634660421545665,0.6,0.27634660421545665
2023-01-03,5126,-0.68851474214836306,2.1747622746315143,2.6469831057678457,5126,995,812,1586,3110,1586,1.0,0.19410846664065548,0.15840811548966055,0.30940304330862273,0.60671088568084275,0.30940304330862273
2023-01-04,6229,-0.68039808942937241,2.0990124431162327,2.5952772113095111,6229,1036,1063,1833,3795,1833,1.0,0.16631883127307753,0.1706533954085728,0.29426874297640071,0.60924707015572321,0.29426874297640071
2023-01-05,6257,-0.76392007567218612,2.121968767274633,2.6942321294255391,6257,1029,1262,2055,3725,2055,1.0,0.16445580949336744,0.2016941026050823,0.32843215598529646,0.59533322678599965,0.32843215598529646
2023-01-06,5407,-0.97675318980400161,2.1996454790418616,2.7812379265873108,5407,945,816,1482,3389,1482,1.0,0.17477344183465879,0.15091547993341964,0.27408914370260773,0.62678009987053818,0.27408914370260773
2023-01-07,3103,-1.0239693262440452,1.9376788349535847,2.5958068011961273,3103,488,418,835,1726,835,1.0,0.15726716081211731,0.13470834676119883,0.2690944247502417,0.5562359007412182,0.2690944247502417
2023-01-08,3281,-1.4878741177528463,2.057959164154914,2.8412871978374268,3281,448,436,872,1992,872,1.0,0.13654373666565073,0.13288631514782079,0.26577263029564158,0.60713197195976831,0.26577263029564158
2023-01-09,6543,-0.7819753784125193,2.3261666151626712,2.6858834752207246,6543,1188,908,1703,3909,1703,1.0,0.18156808803301239,0.13877426257068623,0.26027815986550512,0.59743237047226039,0.26027815986550512
2023-01-10,8871,-1.3406833030998211,2.2115100569112864,3.1301854457126477,8871,958,1060,2175,5828,2175,1.0,0.10799233457332882,0.11949047458009243,0.24518092661481231,0.6569721564648856,0.24518092661481231
2023-01-11,7295,-1.2135372696739823,2.2965932008168641,3.2443469818333206,7295,879,1138,2099,4955,2099,1.0,0.12049348869088417,0.15599725839616174,0.28773132282385194,0.67923235092529133,0.28773132282385194
2023-01-12,7595,-0.70352024674060676,2.2953205159000993,2.6832016746302445,7595,972,1484,2583,5026,2583,1.0,0.12797893350888742,0.19539170506912443,0.34009216589861752,0.6617511520737327,0.34009216589861752
2023-01-13,7398,-1.2833689781022857,2.2342275791476003,3.1279683955516306,7398,906,1283,2793,5170,2793,1.0,0.12246553122465531,0.17342525006758583,0.37753446877534469,0.69883752365504193,0.37753446877534469
2023-01-14,3907,-1.3734503291170113,2.2172810507302003,3.2753868297817803,3907,447,570,1357,2410,1357,1.0,0.11441003327361146,0.14589198873816228,0.34732531353980034,0.61684156641924748,0.34732531353980034
2023-01-15,4166,-1.7453037994852414,2.4552897972531254,3.5811328276462469,4166,517,499,1118,2421,1118,1.0,0.12409985597695632,0.11977916466634661,0.26836293807009121,0.5811329812770043,0.26836293807009121
2023-01-16,6235,-0.740856338710488,2.48959041422939,2.8125966470627684,6235,872,840,1785,3970,1785,1.0,0.13985565356856455,0.1347233360064154,0.2862870890136327,0.63672814755412988,0.2862870890136327
2023-01-17,7599,-0.7656498804205516,2.611788499741257,2.9155565392572007,7599,950,1027,2098,5076,2098,1.0,0.12501644953283328,0.13514936175812606,0.27608895907356229,0.66798262929332808,0.27608895907356229
2023-01-18,7730,-0.80322040882425,2.5359794943746752,3.1228410319644531,7730,1013,1091,2689,5107,2689,1.0,0.13104786545924968,0.14113842173350583,0.3478654592496766,0.66067270375161713,0.3478654592496766
2023-01-19,7162,-0.50025278275507223,2.3280740244896463,2.7072592929197139,7162,1015,1102,2127,4798,2127,1.0,0.14172018989109186,0.15386763473889975,0.29698408265847531,0.66992460206646187,0.29698408265847531
2023-01-20,5700,-0.54151397383512112,2.311213658062488,2.6348567576938975,5700,733,916,1745,3580,1745,1.0,0.12859649122807018,0.1607017543859649,0.306140350877193,0.62807017543859645,0.306140350877193
2023-01-21,3773,-0.948498898998106,2.3219824390946151,2.7279607278975426,3773,402,454,1065,2419,1065,1.0,0.10654651470978002,0.12032865094089584,0.28226875165650678,0.64113437582825339,0.28226875165650678
2023-01-22,2810,-0.91863716350361979,2.2104213886604795,2.7304391939650312,2810,284,355,822,1792,822,1.0,0.10106761565836299,0.12633451957295375,0.29252669039145907,0.63772241992882561,0.29252669039145907
2023-01-23,4998,-0.55068626203325677,2.1698368443431391,2.6435387544938993,4998,678,777,1504,3108,1504,1.0,0.13565426170468187,0.15546218487394958,0.30092036814725892,0.62184873949579833,0.30092036814725892
2023-01-24,5253,-0.96204767602863128,2.1876373760588517,3.1014879073970252,5253,398,763,1377,3224,1377,1.0,0.075766228821625745,0.14525033314296593,0.26213592233009708,0.61374452693698833,0.26213592233009708
2023-01-25,5482,-0.69822014053031833,2.403672466193834,2.7319896857876276,5482,515,881,1422,3367,1422,1.0,0.093943816125501636,0.16070777088653776,0.25939438161255018,0.61419190076614372,0.25939438161255018
2023-01-26,5480,-0.35037129656686322,2.2322803089882832,2.6507317180541841,5480,582,1008,1577,3721,1577,1.0,0.1062043795620438,0.18394160583941604,0.28777372262773721,0.679014598540146,0.28777372262773721
2023-01-27,5508,-0.62080997868600984,2.3354661172271531,2.6569551169031418,5508,534,873,1570,3796,1570,1.0,0.096949891067538124,0.15849673202614378,0.285039941902687,0.6891793754538853,0.285039941902687
2023-01-28,3331,-0.60435963496349343,2.4137547532256565,2.6735687339141023,3331,635,502,957,2232,957,1.0,0.19063344341038727,0.15070549384569198,0.28730111077754428,0.67006904833383374,0.28730111077754428
2023-01-29,2999,-0.7462867016768151,2.3159335429868779,2.7187134646206008,2999,559,573,944,2006,944,1.0,0.18639546515505168,0.19106368789596531,0.31477159053017673,0.66888962987662559,0.31477159053017673
2023-01-30,5261,-0.303762777970761,2.4854927387245542,2.6748618654039218,5261,840,924,1697,3439,1697,1.0,0.15966546283976429,0.17563200912374075,0.32256225052271431,0.65367800798327313,0.32256225052271431
2023-01-31,5981,-0.303065416343619,2.4043329506772007,2.5369435259256643,5981,960,1057,1972,4114,1972,1.0,0.16050827620799196,0.17672629994984115,0.32971075071058353,0.68784484199966556,0.32971075071058353
2023-02-01,5765,-0.32676365555434539,2.1999367754644439,2.4166286948725579,5765,898,1063,1835,3854,1835,1.0,0.15576756287944493,0.18438855160450998,0.31830008673026888,0.6685169124024285,0.31830008673026888
2023-02-02,5850,-0.27970637933212045,2.1877628255910109,2.3571991435382,5850,1008,1092,1961,3996,1961,1.0,0.1723076923076923,0.18666666666666668,0.33521367521367523,0.683076923076923,0.33521367521367523
2023-02-03,5582,-0.46222042659197504,2.3121257842320215,2.5005770445686641,5582,878,933,1605,3891,1605,1.0,0.15729129344321033,0.16714439269079184,0.2875313507703332,0.69706198495163019,0.2875313507703332
2023-02-04,3284,-0.73556162286522442,2.2499672741439811,2.6656218351197682,3284,412,650,735,2294,735,1.0,0.12545676004872108,0.19792935444579782,0.2238124238733252,0.69853836784409262,0.2238124238733252
2023-02-05,3086,-0.97342035522426851,2.1414805437387412,2.8215599859047575,3086,391,614,947,2292,947,1.0,0.12670123136746597,0.19896305897602073,0.30686973428386261,0.74270900842514587,0.30686973428386261
2023-02-06,5187,-0.68478905951485691,2.2633703380607839,3.0621023397116334,5187,706,873,1669,3642,1669,1.0,0.13610950453055717,0.16830537883169461,0.32176595334490071,0.70213996529786,0.32176595334490071
2023-02-07,5853,-0.72284363303338139,2.1879137753180911,2.8382933037152647,5853,780,1087,2074,4079,2074,1.0,0.13326499231163505,0.18571672646506066,0.35434819750555269,0.69690756876815307,0.35434819750555269
2023-02-08,5807,-0.51160835541005822,2.2788358530888715,2.616383544628345,5807,817,1108,1908,4240,1908,1.0,0.14069226795247117,0.19080420182538316,0.32856896848630962,0.7301532633029103,0.32856896848630962
2023-02-09,5151,-0.45271572448288283,2.4131097025888817,2.7127852047476848,5151,752,759,1640,3542,1640,1.0,0.14599106969520481,0.14735002912055911,0.318384779654436,0.68763346922927582,0.318384779654436
2023-02-10,5224,-0.60943922579335874,2.3157848661508,2.7693053508608054,5224,809,882,1508,3581,1508,1.0,0.15486217457886678,0.16883614088820828,0.2886676875957121,0.68549004594180707,0.2886676875957121
2023-02-11,2726,-0.72207672982731752,2.2758482488985794,2.6124055590253765,2726,420,364,890,1809,890,1.0,0.15407190022010273,0.13352898019075568,0.326485693323551,0.66360968451944236,0.326485693323551
2023-02-12,2277,-0.71685970346079575,2.2259080613617361,2.9944476042874033,2277,286,349,670,1521,670,1.0,0.12560386473429952,0.15327184892402285,0.29424681598594643,0.66798418972332019,0.29424681598594643
2023-02-13,4862,-0.3418291982628146,2.2876585456115124,2.8019593715916149,4862,631,935,1592,3346,1592,1.0,0.12978198272315919,0.19230769230769232,0.32743726861373923,0.68819415878239409,0.32743726861373923
2023-02-14,5752,-0.356718852527785,2.2729127032962122,2.688750919735134,5752,736,1106,1928,4165,1928,1.0,0.12795549374130738,0.19228094575799723,0.33518776077885953,0.724095966620306,0.33518776077885953
2023-02-15,5836,-0.52525282452500111,2.3019456591370924,2.7889454708841868,5836,712,860,1796,4177,1796,1.0,0.12200137080191913,0.14736120630568883,0.30774503084304317,0.71572995202193279,0.30774503084304317
2023-02-16,5695,-0.53889056534080548,2.2329761353948117,2.789862093770429,5695,757,888,1488,3772,1488,1.0,0.13292361720807727,0.15592625109745389,0.26128182616330115,0.66233538191395958,0.26128182616330115
2023-02-17,5427,-0.33574029054638865,2.2610938680824066,2.8487862683712053,5427,808,909,1465,3567,1465,1.0,0.14888520361157176,0.16749585406301823,0.26994656347890178,0.65726920950801548,0.26994656347890178
2023-02-18,3018,-0.99893915518692544,2.1388463412677492,2.9337478892139446,3018,428,425,732,1850,732,1.0,0.14181577203445991,0.14082173624917163,0.24254473161033796,0.61298873426110012,0.24254473161033796
2023-02-19,2757,-0.69450545428873578,2.1008382509946215,2.8930666322091141,2757,328,431,774,1866,774,1.0,0.11896989481320276,0.15632934348929997,0.2807399347116431,0.676822633297062,0.2807399347116431
2023-02-20,5201,-0.87320999455756854,2.2599240552855053,3.0746218782210373,5201,720,675,1226,3463,1226,1.0,0.13843491636223804,0.12978273408959815,0.2357238992501442,0.665833493558931,0.2357238992501442
2023-02-21,6088,-0.39118389175222879,2.1636593482205551,2.8133237916183997,6088,731,957,1714,4394,1714,1.0,0.12007227332457293,0.15719448094612351,0.28153745072273323,0.72174770039421809,0.28153745072273323
2023-02-22,5934,-0.45341762691783449,2.3038356610388182,2.9672961289121207,5934,754,1014,1742,4060,1742,1.0,0.12706437478934951,0.17087967644084934,0.29356252106504888,0.68419278732726663,0.29356252106504888
2023-02-23,5925,-0.57354482220482816,2.3619620629599609,2.8016293849449525,5925,727,952,1660,3967,1660,1.0,0.12270042194092827,0.16067510548523206,0.280168776371308,0.66953586497890294,0.280168776371308
2023-02-24,5774,-0.668107254792414,2.2725161051754705,2.8652870089669165,5774,794,698,1655,3894,1655,1.0,0.13751298926220989,0.12088673363352961,0.28662971943193627,0.67440249393834428,0.28662971943193627
2023-02-25,3349,-1.1393709273478729,2.2082228976039713,2.9466877168441195,3349,449,518,1054,2234,1054,1.0,0.13406987160346373,0.15467303672738131,0.31472081218274112,0.66706479546133179,0.31472081218274112
2023-02-26,2737,-1.098364020694597,2.2861597686982313,3.2776659779704871,2737,475,365,677,1849,677,1.0,0.17354767994154183,0.13335769090244792,0.24735111435878698,0.67555717939349658,0.24735111435878698
2023-02-27,5684,-0.67010540621508452,2.4152629538373978,2.99582823084291,5684,664,844,1548,3956,1548,1.0,0.11681914144968332,0.14848698099929628,0.27234342012667134,0.69598874032371572,0.27234342012667134
2023-02-28,6235,-0.4882818756263817,2.2185733635458291,2.6336137708929845,6235,869,1035,1960,4419,1960,1.0,0.13937449879711308,0.16599839615076184,0.31435445068163592,0.70874097834803529,0.31435445068163592
2023-03-01,6073,-0.28473090158338521,2.353802801029945,2.7205730036064755,6073,989,1020,2018,4182,2018,1.0,0.16285196772600033,0.16795652889840276,0.33229046599703604,0.68862176848345136,0.33229046599703604
2023-03-02,7068,-0.66954849724782561,2.2702445195514507,2.8464031646526022,7068,898,1282,2414,4710,2414,1.0,0.12705149971703453,0.18138087153367288,0.34153933220147142,0.666383701188455,0.34153933220147142
2023-03-03,6017,-0.26090922122388582,2.1976983779793238,2.6396968580586853,6017,801,996,1843,4100,1843,1.0,0.13312281868040551,0.16553099551271397,0.30629882000997177,0.68140269237161377,0.30629882000997177
2023-03-04,3378,-0.49126996219473085,2.4157744103267564,2.5408134333365937,3378,361,408,986,2373,986,1.0,0.1068679692125518,0.12078152753108348,0.29188869153345176,0.70248667850799285,0.29188869153345176
2023-03-05,3405,-0.43044940251648645,2.6206503797353613,2.853398346394632,3405,682,484,954,2319,954,1.0,0.20029368575624082,0.14214390602055801,0.28017621145374449,0.681057268722467,0.28017621145374449
2023-03-06,5340,-0.42271989262603404,2.4613849103893459,2.8396741014226752,5340,780,738,1459,3783,1459,1.0,0.14606741573033707,0.13820224719101123,0.27322097378277155,0.70842696629213486,0.27322097378277155
2023-03-07,5724,-0.51365430332940076,2.4662077001538214,3.0265208567665534,5724,926,841,1724,3967,1724,1.0,0.16177498252969952,0.14692522711390635,0.30118798043326345,0.693046820405311,0.30118798043326345
2023-03-08,5465,-0.28201766259783295,2.6070110552269008,2.7777416386705394,5465,917,889,1642,3611,1642,1.0,0.16779505946935042,0.1626715462031107,0.30045745654162853,0.66075022872827083,0.30045745654162853
2023-03-09,5913,-0.45631098667427317,2.5294313329750451,2.7113635292180378,5913,806,950,2005,4098,2005,1.0,0.13630982580754269,0.1606629460510739,0.33908337561305596,0.69304921359715876,0.33908337561305596
2023-03-10,5845,-0.56045503866273472,2.3549644401539216,3.1975723124495987,5845,845,1009,1708,3835,1708,1.0,0.14456800684345594,0.1726261762189906,0.29221556886227545,0.65611633875106934,0.29221556886227545
2023-03-11,3150,-0.63501778236328521,2.3846166197434369,3.0279678762679509,3150,425,424,958,2016,958,1.0,0.13492063492063491,0.13460317460317461,0.30412698412698413,0.64,0.30412698412698413
2023-03-12,3058,-0.64676664447929078,2.3360670209981453,2.56059941544334,3058,403,417,1021,2071,1021,1.0,0.13178548070634402,0.13636363636363635,0.33387835186396336,0.67724002616088952,0.33387835186396336
2023-03-13,6584,-0.42702417274594373,2.4391296964898559,2.5991964027773351,6584,689,1048,2337,5004,2337,1.0,0.10464763061968409,0.1591737545565006,0.354951397326853,0.7600243013365735,0.354951397326853
2023-03-14,5986,-0.70150561162119907,2.4147068918440371,2.8766311728231195,5986,681,952,1888,4210,1888,1.0,0.11376545272302038,0.15903775476110926,0.31540260608085535,0.703307718008687,0.31540260608085535
2023-03-15,6051,-0.779390202249266,2.4648052660113029,2.9986984231564766,6051,913,1295,2148,4299,2148,1.0,0.15088415137993719,0.21401421252685507,0.35498264749628161,0.71046108081308879,0.35498264749628161
2023-03-16,5554,-0.47647686854257842,2.4390188935631394,2.9907671882293632,5554,909,896,1668,3662,1668,1.0,0.16366582643140079,0.1613251710478934,0.30032409074540872,0.65934461649261789,0.30032409074540872
2023-03-17,5422,-0.68850406688204346,2.3897979638971951,3.1410881375268636,5422,904,785,1635,3623,1635,1.0,0.16672814459609,0.14478052379195869,0.30154924382146808,0.66820361490225011,0.30154924382146808
2023-03-18,3052,-0.64379089071623175,2.3861911363196451,2.991546506955868,3052,624,324,843,2023,843,1.0,0.20445609436435125,0.10615989515072084,0.27621231979030142,0.66284403669724767,0.27621231979030142
2023-03-19,2788,-0.60398269124574666,2.1027202949481882,2.5969160147807355,2788,484,363,751,1741,751,1.0,0.17360114777618366,0.13020086083213772,0.26936872309899568,0.62446197991391683,0.26936872309899568
2023-03-20,6959,-0.88327096823982654,2.3014375501037416,2.7680932247798467,6959,995,1257,2280,4723,2280,1.0,0.14298031326339991,0.18062940077597356,0.32763328064377067,0.67868946687742493,0.32763328064377067
2023-03-21,6966,-0.5436861522288623,2.2065365618637056,2.5982907033168896,6966,1098,1111,2262,4816,2262,1.0,0.15762273901808785,0.15948894631065175,0.32472006890611543,0.691358024691358,0.32472006890611543
2023-03-22,2487,-0.36773707614745577,2.29222024674892,2.5743408045872069,2487,239,475,794,1730,794,1.0,0.096099718536389225,0.19099316445516687,0.31926015279453157,0.69561720948934458,0.31926015279453157
2023-03-23,5032,-0.79918373028816736,2.0484574914406677,3.0081560025299048,5032,484,789,1315,3340,1315,1.0,0.096184419713831473,0.15679650238473769,0.26132750397456278,0.66375198728139906,0.26132750397456278
2023-03-24,9773,-0.51594967663029268,2.2161750228179078,2.6189982476353997,9773,627,1676,2687,6344,2687,1.0,0.064156349125140691,0.17149288857055153,0.27494116443262051,0.64913537296633583,0.27494116443262051
2023-03-25,6853,-0.69002342186041088,2.0099579193202524,2.50583080261287,6853,361,1009,1573,4585,1573,1.0,0.052677659419232456,0.14723478768422588,0.22953451043338685,0.669050051072523,0.22953451043338685
2023-03-26,5846,-0.48500396525061251,1.7058763283778275,2.6426461413707316,5846,259,882,1174,4182,1174,1.0,0.044303797468354431,0.15087239137872049,0.20082107423879575,0.715360930550804,0.20082107423879575
2023-03-27,9490,-0.56050288244949775,2.13230015849638,2.5914023234345485,9490,940,1741,2939,6512,2939,1.0,0.099051633298208638,0.18345626975763962,0.30969441517386725,0.68619599578503687,0.30969441517386725
2023-03-28,9973,-0.47017219661973547,2.2932646909034458,2.6214056413478137,9973,996,2409,3378,7016,3378,1.0,0.099869648049734278,0.24155219091547178,0.33871452922891809,0.70349944851097967,0.33871452922891809
2023-03-29,11457,-0.509965225225716,2.1898199330916781,2.5783116277717242,11457,1033,2021,3350,7942,3350,1.0,0.09016321899275552,0.17639870821331938,0.29239766081871343,0.693200663349917,0.29239766081871343
2023-03-30,11095,-0.5430044475432747,2.1937120094358074,2.6095367080517766,11095,1625,3074,3917,7792,3917,1.0,0.14646237043713384,0.27706173952230734,0.35304191077061742,0.70229833258224428,0.35304191077061742
2023-03-31,8550,-0.5851611594082774,2.2613429390465338,2.8273847257578431,8550,1016,1349,2269,5580,2269,1.0,0.11883040935672515,0.15777777777777777,0.26538011695906433,0.65263157894736845,0.26538011695906433
2023-04-01,5343,-1.1397264038948145,1.9597940406508469,3.1653521010156482,5343,747,809,1239,3423,1239,1.0,0.13980909601347558,0.15141306382182296,0.23189219539584502,0.64065131948343623,0.23189219539584502
2023-04-02,4933,-1.393668028945227,2.0106605187010556,3.3654546204725886,4933,276,603,1390,3058,1390,1.0,0.055949726332860328,0.12223798905331441,0.28177579566186906,0.61990675045611188,0.28177579566186906
2023-04-03,7801,-0.35619942341089533,2.2137748513980458,2.6938969353058981,7801,606,1303,1997,5111,1997,1.0,0.077682348416869634,0.16702986796564542,0.25599282143314961,0.65517241379310343,0.25599282143314961
2023-04-04,8398,-0.35406757600664218,2.2854780452989263,2.7112009487424236,8398,595,1496,2577,5682,2577,1.0,0.0708502024291498,0.17813765182186234,0.30685877589902355,0.67658966420576327,0.30685877589902355
2023-04-05,8912,-0.39256801922075785,2.481249558554282,2.7643992441235712,8912,814,1673,2625,5738,2625,1.0,0.0913375224416517,0.18772441651705565,0.29454667863554757,0.643850987432675,0.29454667863554757
2023-04-06,9153,-0.7821197717063203,2.3469568890090735,3.1150624543924748,9153,692,1339,2175,5992,2175,1.0,0.0756036272260461,0.14629083360646783,0.23762700753851196,0.65464874904402925,0.23762700753851196
2023-04-07,6270,-0.65406664890138111,2.1468824155103543,2.8507254027114937,6270,460,832,1463,3815,1463,1.0,0.0733652312599681,0.13269537480063795,0.23333333333333334,0.60845295055821369,0.23333333333333334
2023-04-08,3611,-1.0796128336371684,2.0902645923077405,2.8797745577998048,3611,335,470,933,2223,933,1.0,0.092772085294932152,0.13015785101080032,0.25837718083633343,0.61561894212129609,0.25837718083633343
2023-04-09,3640,-0.5288773475720876,2.12528107424022,2.3929407791375619,3640,265,448,811,1911,811,1.0,0.072802197802197807,0.12307692307692308,0.22280219780219782,0.525,0.22280219780219782
2023-04-10,5739,-0.67571910640169064,2.2452037150090662,2.9242908785329078,5739,487,975,1539,3554,1539,1.0,0.084857989196724173,0.16989022477783586,0.26816518557239938,0.61927165011326013,0.26816518557239938
2023-04-11,8094,-0.72945771990130825,2.3731277692276151,2.998380429321899,8094,630,1428,2247,5175,2247,1.0,0.07783543365455893,0.17642698295033357,0.27761304670126019,0.639362490733877,0.27761304670126019
2023-04-12,8484,-0.52388510293079471,2.1098691748574976,2.6266395861790754,8484,462,1448,2413,5575,2413,1.0,0.054455445544554455,0.17067421027817067,0.28441772748703442,0.65711928335690717,0.28441772748703442
2023-04-13,8499,-0.32476100260115826,2.3840034216746475,2.8285246443468117,8499,538,1404,2301,5598,2301,1.0,0.063301564889987061,0.16519590540063536,0.27073773385104127,0.65866572537945645,0.27073773385104127
2023-04-14,9452,-0.92780044652997729,2.1195596849077742,3.1050356364037603,9452,527,1486,2316,6002,2316,1.0,0.055755395683453238,0.15721540414727042,0.24502750740584003,0.63499788404570456,0.24502750740584003
2023-04-15,5839,-0.77042748504087355,2.0898264259395778,2.90034526955326,5839,359,1205,1743,3994,1743,1.0,0.061483130673060458,0.20637095393046753,0.29851001883884226,0.68402123651310154,0.29851001883884226
2023-04-16,5801,-0.45902107539734455,1.8705152496553976,2.6305668555292154,5801,383,1510,2403,3896,2403,1.0,0.066023099465609372,0.26029994828477848,0.41423892432339254,0.67160834338907083,0.41423892432339254
2023-04-17,8577,-0.52965340515218828,2.0080521233472641,2.580610522475915,8577,892,1623,2418,5688,2418,1.0,0.10399906727293926,0.18922700244840854,0.28191675410982864,0.66316894018887718,0.28191675410982864
2023-04-18,9923,-0.43146661084114662,2.2730878535118242,2.67607605364617,9923,717,1759,3172,6431,3172,1.0,0.072256374080419225,0.17726494003829488,0.31966139272397459,0.64809029527360673,0.31966139272397459
2023-04-19,9408,-0.5673205998485884,2.3154316502505563,2.9050460794930428,9408,753,1557,2527,6224,2527,1.0,0.080038265306122444,0.16549744897959184,0.26860119047619047,0.66156462585034015,0.26860119047619047
2023-04-20,12462,-0.34403920562683005,2.4104184602304914,2.584262424536913,12462,1231,2383,3705,8086,3705,1.0,0.098780292087947363,0.19122131279088428,0.297303803562831,0.6488525116353715,0.297303803562831
2023-04-21,11434,-0.22359847722997708,2.2802894530805426,2.5098789637726524,11434,1106,1691,3340,7508,3340,1.0,0.096729053699492737,0.14789225118068916,0.29211124715760012,0.65663809690397057,0.29211124715760012
2023-04-22,7903,-0.64145663076836523,2.1535316260308073,2.6131657707900136,7903,731,1293,2302,4697,2302,1.0,0.092496520308743516,0.16360875616854359,0.29128179172466151,0.59433126660761737,0.29128179172466151
2023-04-23,4973,-0.78582130317411,2.1417021159775942,2.7870811249610474,4973,545,761,1458,3207,1458,1.0,0.10959179569676251,0.15302634224813996,0.2931831892217977,0.64488236476975669,0.2931831892217977
2023-04-24,9500,-0.55017611313278048,2.3328969260673951,2.8179440024365636,9500,1007,1785,3064,6310,3064,1.0,0.106,0.18789473684210525,0.32252631578947366,0.66421052631578947,0.32252631578947366
2023-04-25,9963,-0.46487985899971052,2.3936419550608474,2.719289298123249,9963,937,1525,2888,6398,2888,1.0,0.094047977516812209,0.15306634547826961,0.28987252835491317,0.64217605139014355,0.28987252835491317
2023-04-26,10537,-0.45162761370826887,2.200179534654207,2.8233194198498288,10537,1100,1861,2682,6983,2682,1.0,0.10439404004934991,0.17661573502894562,0.25453165037486952,0.66271234696782766,0.25453165037486952
2023-04-27,10322,-0.49799260737128209,2.3319017022377628,3.0207486473408021,10322,1128,1528,3025,6770,3025,1.0,0.10928114706452238,0.14803332687463669,0.29306335981398951,0.65588064328618489,0.29306335981398951
2023-04-28,10034,-0.31289568710922178,2.3987763722560369,2.6294302659962372,10034,1264,1420,2762,6956,2762,1.0,0.12597169623280846,0.14151883595774367,0.27526410205301971,0.6932429738887782,0.27526410205301971
2023-04-29,4730,-0.59261157253286667,2.3778749108972752,2.8093766059941281,4730,558,650,1191,3270,1191,1.0,0.11797040169133192,0.13742071881606766,0.25179704016913318,0.69133192389006337,0.25179704016913318
2023-04-30,5181,-0.55057186995388308,2.2556559496505844,2.91537670610667,5181,561,833,1512,3492,1512,1.0,0.10828025477707007,0.16077977224474041,0.29183555298204977,0.6740011580775912,0.29183555298204977
2023-05-01,5852,-0.3270822267976089,2.3972597358213452,2.43794779172249,5852,642,930,1584,3988,1584,1.0,0.10970608339029392,0.15892002734107996,0.27067669172932329,0.68147641831852357,0.27067669172932329
2023-05-02,8379,0.00061163250943147267,2.4389287482657336,2.5509019993723383,8379,982,1496,2488,5564,2488,1.0,0.11719775629550065,0.17854159207542666,0.29693280821100371,0.66404105501849864,0.29693280821100371
2023-05-03,9953,-0.53538098020129055,2.3071975368735731,2.894275327488502,9953,879,1716,2812,6470,2812,1.0,0.088315080880136648,0.17241032854415755,0.28252788104089221,0.65005525972068723,0.28252788104089221
2023-05-04,9894,-0.31278106230631952,2.2974955649274369,2.7115355857198469,9894,1007,1831,2918,6716,2918,1.0,0.1017788558722458,0.18506165352739035,0.29492621790984436,0.678795229431979,0.29492621790984436
2023-05-05,8649,-0.42381661879634597,2.3036972598895376,2.6801974438211684,8649,911,1232,2190,5654,2190,1.0,0.10533009596485143,0.1424442132038386,0.25320846340617414,0.65371719273904494,0.25320846340617414
2023-05-06,5534,-0.18580551489519287,2.5071188777672067,2.9063392270554762,5534,520,831,1422,3548,1422,1.0,0.093964582580412,0.15016263100831226,0.2569569931333574,0.641127574990965,0.2569569931333574
2023-05-07,4344,-0.71631114336553015,2.2116791838290606,2.9432815383004787,4344,412,546,1018,2782,1018,1.0,0.094843462246777158,0.12569060773480664,0.2343462246777164,0.64042357274401474,0.2343462246777164
2023-05-08,8324,-0.87068870248015851,2.37175846681762,3.1027171821341875,8324,902,1268,2538,5601,2538,1.0,0.10836136472849592,0.15233061028351755,0.30490148966842862,0.672873618452667,0.30490148966842862
2023-05-09,9931,-0.32085742649703153,2.3714402069803131,2.598309739404328,9931,1281,1681,3187,6704,3187,1.0,0.12899003121538616,0.1692679488470446,0.32091430873023863,0.67505789950659556,0.32091430873023863
2023-05-10,9795,-0.4347318772266911,2.30396786968577,2.6543649091025281,9795,1198,1507,2528,6292,2528,1.0,0.12230729964267484,0.15385400714650332,0.25809086268504339,0.64236855538540072,0.25809086268504339
2023-05-11,9366,-0.46634335917929742,2.3569186594334117,2.6788975123226537,9366,1347,1617,2992,6467,2992,1.0,0.143818065342729,0.1726457399103139,0.31945334187486651,0.69047619047619047,0.31945334187486651
2023-05-12,8870,-0.73701695501513376,2.47183687612114,2.9908157399275086,8870,1056,1371,2648,6267,2648,1.0,0.11905298759864713,0.15456595264937995,0.29853438556933481,0.70653889515219848,0.29853438556933481
2023-05-13,5382,-0.85729021710232078,2.1673877569700628,2.9048789509310655,5382,511,911,1665,3663,1665,1.0,0.09494611668524712,0.16926793013749536,0.30936454849498329,0.6806020066889632,0.30936454849498329
2023-05-14,5060,-1.2944957272806275,2.1781312955944321,3.1038591390922861,5060,488,1075,1323,3481,1323,1.0,0.096442687747035571,0.21245059288537549,0.26146245059288536,0.68794466403162058,0.26146245059288536
2023-05-15,9217,-0.51882140594025083,2.3455621156040554,2.8565147140635436,9217,1132,1972,2658,6394,2658,1.0,0.12281653466420744,0.21395247911467941,0.28838016708256481,0.69371812954323531,0.28838016708256481
2023-05-16,9708,-0.35905550865732277,2.3980657025791507,2.7841909769706672,9708,1174,1857,2876,6670,2876,1.0,0.12093119077049856,0.19128553770086526,0.29625051503914296,0.68706221672847134,0.29625051503914296
2023-05-17,11054,-0.61378997107041389,2.4166116347486626,2.641325046793678,11054,1096,1540,2857,7132,2857,1.0,0.0991496290935408,0.13931608467523068,0.25845847656956755,0.645196309028406,0.25845847656956755
2023-05-18,10944,-0.7336639691984036,2.3211274046193511,2.8125962770550843,10944,1104,1757,3050,7507,3050,1.0,0.10087719298245613,0.16054459064327486,0.27869152046783624,0.68594663742690054,0.27869152046783624
2023-05-19,10916,-1.0077660782012776,2.3290433076645565,3.17245805116166,10916,947,1518,2843,7074,2843,1.0,0.086753389519970692,0.13906192744595089,0.26044338585562476,0.64803957493587394,0.26044338585562476
2023-05-20,7349,-0.97197731228973627,1.9537280805282486,2.8416367197673935,7349,652,928,1599,4763,1599,1.0,0.088719553680772889,0.12627568376649884,0.21758062321404273,0.648115389848959,0.21758062321404273
2023-05-21,6110,-1.0507349989247963,2.2616790209229882,2.932072537414423,6110,465,656,1451,4155,1451,1.0,0.076104746317512281,0.10736497545008183,0.23747954173486088,0.68003273322422264,0.23747954173486088
2023-05-22,10192,-0.46013657223937304,2.3679999489474506,2.92522087132834,10192,840,1583,2891,7005,2891,1.0,0.082417582417582416,0.15531789638932497,0.28365384615384615,0.6873037676609105,0.28365384615384615
2023-05-23,10931,-0.85243743456586984,2.4141579875082262,3.2777130008953885,10931,891,1750,3209,7458,3209,1.0,0.081511298142896343,0.16009514225596927,0.29356874942823163,0.682279754825725,0.29356874942823163
2023-05-24,10467,-0.80296761340699008,2.3570484385425741,3.2193736353806091,10467,1130,1720,2876,7111,2876,1.0,0.10795834527562817,0.1643259768797172,0.27476831948027131,0.67937326836724943,0.27476831948027131
2023-05-25,9729,-0.52576890034532708,2.3549689906690356,2.8242984911389075,9729,1162,1616,2965,6463,2965,1.0,0.11943673553294275,0.16610134648987562,0.30475896803371366,0.6643026004728132,0.30475896803371366
2023-05-26,9207,-0.55164545747895832,2.3711841463727805,2.88091602113212,9207,923,1510,2869,6158,2869,1.0,0.10024980992722929,0.16400564787661562,0.31161073096556968,0.668838926903443,0.31161073096556968
2023-05-27,4998,-0.7253793161339146,2.3356680364574154,2.9696429341663886,4998,411,580,1188,3397,1188,1.0,0.0822328931572629,0.11604641856742696,0.23769507803121248,0.679671868747499,0.23769507803121248
2023-05-28,4420,-0.92239313864346162,2.1020505739217885,3.0366375639768397,4420,460,626,1050,2835,1050,1.0,0.10407239819004525,0.1416289592760181,0.23755656108597284,0.64140271493212675,0.23755656108597284
2023-05-29,7384,-0.5890300545850452,2.4403730345345438,3.0444626139897344,7384,840,1000,1868,4671,1868,1.0,0.11375947995666305,0.13542795232936078,0.25297941495124593,0.63258396533044425,0.25297941495124593
2023-05-30,8925,-0.53696221205589634,2.2021165355942558,2.7695192448773471,8925,1012,1219,2451,6223,2451,1.0,0.11338935574229692,0.1365826330532213,0.2746218487394958,0.69725490196078432,0.2746218487394958
2023-05-31,11343,-0.67495113455796929,2.3433684786507545,2.617079254840728,11343,1024,1480,3375,7537,3375,1.0,0.090275941109054042,0.13047694613417968,0.29754033324517326,0.66446266419818389,0.29754033324517326
2023-06-01,11270,-0.776764945879781,2.2706871508194126,2.97260406733344,11270,1132,1676,3494,7515,3494,1.0,0.10044365572315883,0.1487133984028394,0.31002661934338954,0.66681455190771965,0.31002661934338954
2023-06-02,8911,-0.64257802036131684,2.3564738958813578,2.8723527147520431,8911,965,1206,2727,6043,2727,1.0,0.10829312086185613,0.13533834586466165,0.30602625967904834,0.67815060038155084,0.30602625967904834
2023-06-03,6374,-0.823618200254693,2.1680705799434707,2.6243425452301357,6374,533,736,2116,4633,2116,1.0,0.083620960150611864,0.11546909319108879,0.33197364292438031,0.72685911515531854,0.33197364292438031
2023-06-04,5068,-0.4043763412638573,2.4157424372712271,2.530128023117034,5068,477,860,1349,3194,1349,1.0,0.0941199684293607,0.1696921862667719,0.26617995264404104,0.6302288871349645,0.26617995264404104
2023-06-05,11329,-0.22983459392876382,2.2849195611853474,2.4496013648591157,11329,1116,1912,3338,7606,3338,1.0,0.098508253155618328,0.16877041221643568,0.29464206902639245,0.67137434901580018,0.29464206902639245
2023-06-06,10769,-0.40030806953990361,2.2336729109125089,2.6860800218903207,10769,1268,1849,3097,7355,3097,1.0,0.11774538025814839,0.17169653635435045,0.2875847339585848,0.68297892097687807,0.2875847339585848
2023-06-07,11940,-0.56932065791361441,2.3677727561078341,2.6505993038293996,11940,1450,1869,3162,7518,3162,1.0,0.12144053601340034,0.15653266331658292,0.26482412060301508,0.62964824120603013,0.26482412060301508
2023-06-08,12066,-0.6263243089895929,2.41996887624193,2.7195957168161407,12066,1456,1893,3140,7915,3140,1.0,0.12066965025692027,0.15688712083540526,0.26023537212000664,0.65597546825791475,0.26023537212000664
2023-06-09,10717,-0.68917918215914109,2.3438464045098653,2.7350643239846488,10717,1016,1591,2723,6771,2723,1.0,0.094802649995334512,0.14845572454978073,0.25408229915088176,0.631799944014183,0.25408229915088176
2023-06-10,5025,-0.8720184293513199,2.1312708744415043,2.7814648894208731,5025,477,658,1137,3214,1137,1.0,0.094925373134328361,0.1309452736318408,0.22626865671641791,0.63960199004975127,0.22626865671641791
2023-06-11,5094,-0.983362822592624,2.2389421211546203,3.0059636615905134,5094,334,678,1321,3334,1321,1.0,0.065567334118570866,0.13309776207302709,0.25932469572045541,0.65449548488417741,0.25932469572045541
2023-06-12,8883,-0.644275848053907,2.2605950583470182,2.8046325926604356,8883,753,1322,2395,5979,2395,1.0,0.084768659236744343,0.14882359563210626,0.26961612067995044,0.67308341776426883,0.26961612067995044
2023-06-13,9440,-0.5933073466865304,2.5067366407589255,3.0408290601914514,9440,1065,1654,2583,6024,2583,1.0,0.1128177966101695,0.17521186440677966,0.27362288135593221,0.638135593220339,0.27362288135593221
2023-06-14,11721,-0.87318350322290839,2.367136796293126,3.3521747791940859,11721,1342,2004,3297,7987,3297,1.0,0.11449535022608992,0.17097517276682878,0.28128999232147428,0.68142649944543976,0.28128999232147428
2023-06-15,11199,-0.75480383112032512,2.4568870338505864,3.097060207120653,11199,1146,2059,3257,7455,3257,1.0,0.1023305652290383,0.18385570140191088,0.29082953835163855,0.665684436110367,0.29082953835163855
2023-06-16,9985,-0.74313251193475094,2.6895969048355339,2.961584302906366,9985,1011,1680,2490,6417,2490,1.0,0.10125187781672509,0.16825237856785177,0.24937406109163746,0.64266399599399093,0.24937406109163746
2023-06-17,5585,-0.874564419843685,2.4969290255751271,3.2379675947245716,5585,518,628,1396,3590,1396,1.0,0.0927484333034915,0.11244404655326769,0.24995523724261415,0.64279319606087737,0.24995523724261415
2023-06-18,5774,-1.0924240542559933,1.949591989762371,2.9454340002455317,5774,430,790,1548,4125,1548,1.0,0.0744717700034638,0.13682022861101489,0.26809837201246967,0.7144094215448562,0.26809837201246967
2023-06-19,10614,-0.64778205227247554,2.247645102405134,2.811178910024736,10614,875,1833,2817,7049,2817,1.0,0.082438289052195218,0.17269643866591294,0.26540418315432446,0.66412285660448467,0.26540418315432446
2023-06-20,11124,-0.64476418613241793,2.3038940760344562,2.7293034025867779,11124,1024,1799,2798,7372,2798,1.0,0.0920532182668105,0.16172240201366414,0.25152822725638257,0.66271125494426464,0.25152822725638257
2023-06-21,10739,-0.36340983609032163,2.4301941435007417,2.8738880578827946,10739,838,1758,3159,7358,3159,1.0,0.078033336437284662,0.16370239314647547,0.29416146754818884,0.68516621659372379,0.29416146754818884
2023-06-22,11291,-0.65142519885862071,2.4076926370361469,2.95576265852095,11291,652,1818,2877,7650,2877,1.0,0.0577451067221681,0.16101319635107608,0.25480471171729696,0.67753077672482509,0.25480471171729696
2023-06-23,10107,-0.46025678071005727,2.4537698286574883,2.8303343643694561,10107,710,1662,2861,6772,2861,1.0,0.070248342732759469,0.16444048679133275,0.28307113881468288,0.67003067181161569,0.28307113881468288
2023-06-24,5407,-0.68936457465351841,2.2922323614475886,2.6421960235759019,5407,385,661,1441,3607,1441,1.0,0.071203994821527644,0.1222489365637137,0.26650638061771775,0.66709820602922143,0.26650638061771775
2023-06-25,4606,-0.77619107468507276,2.2839160614512939,2.6347570435030088,4606,556,642,1018,2923,1018,1.0,0.12071211463308727,0.13938341293964393,0.22101606600086843,0.634607034303083,0.22101606600086843
2023-06-26,9212,-0.34839038354028862,2.2322382229823345,2.5699139176966055,9212,1005,1532,2368,6142,2368,1.0,0.10909683022145028,0.16630481980026052,0.25705601389491967,0.66673903603994789,0.25705601389491967
2023-06-27,10735,-0.34298258456103187,2.5360306204106249,2.6799744618097128,10735,1151,1752,3006,7449,3006,1.0,0.1072193758733116,0.1632044713553796,0.280018630647415,0.6938984629715883,0.280018630647415
2023-06-28,9919,-0.38859065998468484,2.4536970973002878,2.6481334752746144,9919,969,1697,2576,6721,2576,1.0,0.097691299526161915,0.17108579493900594,0.25970359915314045,0.67758846657929228,0.25970359915314045
2023-06-29,9207,-0.40451806984312311,2.4706736245992489,2.8780586830119192,9207,966,1409,2244,6339,2244,1.0,0.10492016943629846,0.15303573368089496,0.24372759856630824,0.68849788204626916,0.24372759856630824
2023-06-30,9361,-0.81163324780580592,2.3624673059392665,2.856749159425922,9361,1102,1408,2216,6233,2216,1.0,0.11772246554855251,0.15041128084606345,0.23672684542249758,0.66584766584766586,0.23672684542249758
2023-07-01,4950,-1.1443889911923135,2.2615581711836725,3.0076958684318762,4950,531,665,1293,3143,1293,1.0,0.10727272727272727,0.13434343434343435,0.26121212121212123,0.63494949494949493,0.26121212121212123
2023-07-02,4259,-1.0293915220217169,2.1339290409942384,3.1805336691698565,4259,449,480,916,2694,916,1.0,0.10542380840572904,0.11270251232683728,0.21507396102371448,0.6325428504343743,0.21507396102371448
2023-07-03,8513,-0.680589125943262,2.2175061424185878,2.7199415338095791,8513,899,1072,1926,5526,1926,1.0,0.10560319511335604,0.12592505579701632,0.22624221778456477,0.64912486784917189,0.22624221778456477
2023-07-04,8590,-0.630871893013394,2.3566385077919931,2.7004444112504875,8590,786,1076,2091,5374,2091,1.0,0.091501746216530844,0.12526193247962747,0.24342258440046566,0.62561117578579739,0.24342258440046566
2023-07-05,10919,-0.71951568221416362,2.3709863553621551,2.6655811974907753,10919,861,1549,2508,6320,2508,1.0,0.078853374851176841,0.14186280794944592,0.22969136367799248,0.57880758311200664,0.22969136367799248
2023-07-06,11343,-0.77358925004118617,2.2235872335647615,2.7745224314095438,11343,943,1613,3571,7240,3571,1.0,0.08313497311116988,0.142202239266508,0.31481971259807812,0.63827911487260869,0.31481971259807812
2023-07-07,11154,-0.88701186517544051,2.2102409243142165,2.9070866163532005,11154,931,1471,2554,6670,2554,1.0,0.08346781423704501,0.13188093957324726,0.22897615205307514,0.59799175183790565,0.22897615205307514
2023-07-08,7094,-1.006766399850149,2.0938226657435219,2.587149336757101,7094,617,961,1699,4554,1699,1.0,0.0869749083732732,0.13546659148576262,0.23949816746546376,0.64195094446010714,0.23949816746546376
2023-07-09,7041,-0.83993073304324317,1.8539327655178679,2.628394492298483,7041,541,1154,1565,4875,1565,1.0,0.076835676750461587,0.16389717369691806,0.22226956398238887,0.69237324243715381,0.22226956398238887
2023-07-10,11489,-0.75762837627135438,2.3048254348778321,2.8256336487393949,11489,901,1390,2591,7538,2591,1.0,0.078422839237531558,0.12098529027765689,0.22552006266863958,0.65610584036904862,0.22552006266863958
2023-07-11,11900,-0.59885816788566526,2.4742881795361806,2.8327733127003785,11900,882,1692,2964,7489,2964,1.0,0.074117647058823524,0.14218487394957982,0.24907563025210083,0.629327731092437,0.24907563025210083
2023-07-12,11066,-0.42367907130064825,2.3543516073964113,2.814359233139931,11066,1048,1635,2762,7123,2762,1.0,0.094704500271100667,0.14774986444966565,0.24959334899692753,0.64368335441894087,0.24959334899692753
2023-07-13,13078,-0.63262275720785,2.314183830121062,2.8432713914594077,13078,1347,2234,3567,8590,3567,1.0,0.10299740021410002,0.17082122648723047,0.27274812662486619,0.65682826120201865,0.27274812662486619
2023-07-14,10972,-0.89230971180484431,2.281836577532983,2.8516398796399018,10972,1141,1740,2754,7120,2754,1.0,0.10399197958439664,0.15858549033904484,0.25100255195041926,0.64892453518045934,0.25100255195041926
2023-07-15,7383,-1.1890269386923609,2.0990789060919592,2.863943195141561,7383,810,1313,1706,4916,1706,1.0,0.10971149939049167,0.17784098604903156,0.23107138019775159,0.66585398889340375,0.23107138019775159
2023-07-16,6721,-1.4098232093657783,2.0604942713515033,2.9732140591670237,6721,580,982,1433,4408,1433,1.0,0.0862966820413629,0.14610920993899718,0.21321231959529832,0.655854783514358,0.21321231959529832
2023-07-17,12332,-0.9800845306555187,2.2744904590346882,2.8709101152292766,12332,912,2108,3327,8391,3327,1.0,0.073953940966590984,0.17093739863769056,0.26978592280246511,0.68042491080116774,0.26978592280246511
2023-07-18,13976,-1.0632995615454621,2.3023581093305769,2.7518595204213954,13976,960,2175,3178,9143,3178,1.0,0.068689181453921014,0.15562392673153977,0.227389811104751,0.65419290211791647,0.227389811104751
2023-07-19,12296,-0.951384323960127,2.4733515326371247,2.8966604583728053,12296,938,1858,3034,8161,3034,1.0,0.076284970722186082,0.15110605074821079,0.24674690956408588,0.663711776187378,0.24674690956408588
2023-07-20,13934,-0.5994560122727477,2.4756663546308832,2.9430358032453645,13934,1310,1952,3689,9441,3689,1.0,0.094014640447825468,0.14008899095737046,0.26474809817712069,0.6775513133342902,0.26474809817712069
2023-07-21,11843,-0.9798194981509164,2.3192640885743039,2.8789453206136417,11843,994,2058,3014,8031,3014,1.0,0.0839314362914802,0.17377353711052942,0.25449632694418645,0.67812209744152663,0.25449632694418645
2023-07-22,7992,-1.285545540927711,2.3355669210616821,2.9035705362030484,7992,656,1055,2329,4990,2329,1.0,0.082082082082082078,0.13200700700700702,0.29141641641641641,0.62437437437437437,0.29141641641641641
2023-07-23,7419,-1.4234095936671947,2.1776341825519854,3.0315049110894066,7419,657,849,1540,4955,1540,1.0,0.088556409219571378,0.11443590780428629,0.20757514489823425,0.66787976816282513,0.20757514489823425
2023-07-24,11071,-1.258379131001591,2.3947454877074557,3.3096677643040393,11071,850,1746,3131,7333,3131,1.0,0.0767771655676994,0.15770933068376841,0.28281094752054919,0.66236112365639965,0.28281094752054919
2023-07-25,13368,-1.4423322065223294,2.4196153846774138,3.1502108380460938,13368,1070,1971,3232,8437,3232,1.0,0.080041891083183728,0.14744165170556553,0.24177139437462597,0.631134051466188,0.24177139437462597
2023-07-26,12748,-1.3499218471378931,2.212378151680559,3.1159688050741439,12748,992,1998,2994,8149,2994,1.0,0.077816128020081587,0.15673046752431755,0.23486037025415751,0.63923752745528706,0.23486037025415751
2023-07-27,14017,-1.3052756127285483,2.3259380207960225,2.9210995647118772,14017,1217,2164,3369,8310,3369,1.0,0.086823143325961333,0.15438396233145465,0.24035100235428408,0.59285153741884855,0.24035100235428408
2023-07-28,11038,-1.2771189961461957,2.2548291184160862,3.1106272328632243,11038,866,1668,2412,6640,2412,1.0,0.078456242072839286,0.15111433230657728,0.21851784743612973,0.60155825330675849,0.21851784743612973
2023-07-29,6906,-1.3144806951006081,2.0762575683135012,3.0259680883898743,6906,446,913,1386,4488,1386,1.0,0.0645815233130611,0.13220388068346364,0.20069504778453517,0.64986967854039968,0.20069504778453517
2023-07-30,6014,-1.485720114291202,1.84160724952134,3.0103622547943583,6014,572,900,1245,4134,1245,1.0,0.0951114067176588,0.14965081476554706,0.20701696042567344,0.68739607582307949,0.20701696042567344
2023-07-31,10308,-0.89006074974605309,2.1374870163965443,2.7690676474735318,10308,1088,1791,2966,7062,2966,1.0,0.10554908808692277,0.17374854481955762,0.28773767947225454,0.68509895227008144,0.28773767947225454
2023-08-01,10897,-1.0028052971732286,2.2201841244534917,2.8999611126549523,10897,1029,1660,2769,6926,2769,1.0,0.094429659539322752,0.15233550518491329,0.25410663485362944,0.63558777645223452,0.25410663485362944
2023-08-02,11125,-0.62856845893004154,2.2796351909560815,2.7149374343283919,11125,1027,2067,3411,7384,3411,1.0,0.092314606741573033,0.18579775280898878,0.30660674157303369,0.6637303370786517,0.30660674157303369
2023-08-03,10431,-0.95110291943819258,2.3879631805162171,3.0307408010791752,10431,895,1474,2736,6802,2736,1.0,0.085801936535327389,0.14130955804812578,0.26229508196721313,0.65209471766848814,0.26229508196721313
2023-08-04,9270,-0.97274536006738876,2.2085873113615095,2.8381174656860195,9270,866,1209,2198,5674,2198,1.0,0.093419633225458473,0.13042071197411004,0.237108953613808,0.61208198489751886,0.237108953613808
2023-08-05,6591,-1.4515171992919877,2.3683428588786151,3.1437752408669852,6591,575,786,1188,4155,1188,1.0,0.087240175997572444,0.11925352753755121,0.18024578971324534,0.63040509786071919,0.18024578971324534
2023-08-06,5502,-1.3853705220858636,2.0051077855003263,2.9306997790860145,5502,374,719,1231,3646,1231,1.0,0.06797528171573973,0.13067975281715741,0.2237368229734642,0.66266812068338787,0.2237368229734642
2023-08-07,9433,-1.3129388980469852,2.178539877147057,3.2951074740209023,9433,775,1271,2136,6008,2136,1.0,0.082158380154775792,0.1347397434538323,0.22643909678787236,0.63691296512244244,0.22643909678787236
2023-08-08,12441,-1.259556152893363,2.0612723932836672,2.8924038315411966,12441,1023,1982,3206,7653,3206,1.0,0.082228116710875335,0.15931195241540069,0.25769632666184389,0.61514347721244278,0.25769632666184389
2023-08-09,11668,-1.2670876589831228,2.2075866723070092,2.9986585532549661,11668,1001,1670,3544,7615,3544,1.0,0.085790195406239292,0.14312649982859102,0.3037367158039081,0.652639698320192,0.3037367158039081
2023-08-10,11183,-1.5742522333721216,2.3574332547042927,3.3796788831600284,11183,886,2965,2605,7288,2605,1.0,0.0792273987302155,0.26513457927210943,0.23294285969775552,0.6517034784941429,0.23294285969775552
2023-08-11,10067,-1.415872709127185,2.3689802079265148,3.6043872145627569,10067,1115,2032,2459,6558,2459,1.0,0.11075792192311514,0.201847620939704,0.24426343498559649,0.65143538293433989,0.24426343498559649
2023-08-12,5208,-1.208537557962009,2.2608253383560255,3.2197283022664651,5208,416,785,1164,3177,1164,1.0,0.079877112135176648,0.15072964669738864,0.22350230414746544,0.61002304147465436,0.22350230414746544
2023-08-13,5031,-1.5539490400514535,2.2851785488082723,3.4247555769336424,5031,493,703,1051,3275,1051,1.0,0.097992446829656132,0.13973365136155833,0.20890479030013914,0.65096402305704626,0.20890479030013914
2023-08-14,9553,-1.3901802160433947,2.2993029709611696,3.5443538345851331,9553,907,1541,2237,6318,2237,1.0,0.094943996650266926,0.16131058306291218,0.23416727729509054,0.661362922642102,0.23416727729509054
2023-08-15,8808,-0.8923699292989169,2.3774494446920005,3.0579312956409952,8808,1047,1778,2422,5951,2422,1.0,0.11886920980926431,0.20186194368755678,0.27497729336966392,0.67563578564940963,0.27497729336966392
2023-08-16,8840,-0.60380083807087337,2.3298491652525515,2.9633219741607641,8840,914,1885,2455,5669,2455,1.0,0.10339366515837103,0.21323529411764705,0.27771493212669685,0.641289592760181,0.27771493212669685
2023-08-17,9863,-1.010326664448445,2.3539156644517161,3.1254163163365849,9863,1079,1503,2580,6641,2580,1.0,0.10939876305383757,0.15238771164959952,0.26158369664402309,0.67332454628409211,0.26158369664402309
2023-08-18,9357,-1.0030532064213693,2.2119069989805631,2.9415669787159011,9357,1042,1297,2517,6385,2517,1.0,0.11136047878593566,0.13861280324890457,0.26899647322859893,0.68237683018061346,0.26899647322859893
2023-08-19,5810,-1.929263498070634,2.3945126887151122,3.714435801102109,5810,408,995,1566,4036,1566,1.0,0.070223752151463,0.17125645438898451,0.26953528399311533,0.69466437177280549,0.26953528399311533
2023-08-20,6093,-1.603791787092369,2.2232375709687213,3.2953696583235259,6093,541,881,1601,3907,1601,1.0,0.088790415230592487,0.14459215493188907,0.26276054488757589,0.64122763827342855,0.26276054488757589
2023-08-21,9349,-1.060306813694923,2.369371632911272,3.1898759178409932,9349,900,1620,2655,6483,2655,1.0,0.09626698042571398,0.17328056476628517,0.28398759225585624,0.693443148999893,0.28398759225585624
2023-08-22,10461,-1.0511223884420429,2.4750744905698774,3.1120844320107359,10461,966,1768,2526,7101,2526,1.0,0.092342988242041874,0.16900869897715323,0.24146831086894177,0.67880699741898476,0.24146831086894177
2023-08-23,10150,-0.94726258454679335,2.3007530491635189,3.0014530655637657,10150,1244,1821,2767,7161,2767,1.0,0.1225615763546798,0.17940886699507388,0.27261083743842363,0.70551724137931038,0.27261083743842363
2023-08-24,11324,-1.319276662523349,2.2569400711867185,3.1590896998594329,11324,991,1857,2802,7952,2802,1.0,0.0875132462027552,0.16398799010950194,0.24743906746732602,0.70222536206287534,0.24743906746732602
2023-08-25,9223,-1.119276453701497,2.5323663461283341,3.2762556178222555,9223,811,1541,2407,6250,2407,1.0,0.087932343055404968,0.16708229426433915,0.26097798980808845,0.67765369185731328,0.26097798980808845
2023-08-26,5827,-1.6365080284862064,2.2807779623688615,3.5633057377393103,5827,532,914,1482,4112,1482,1.0,0.091299124764029516,0.15685601510211086,0.25433327612836792,0.70568045306332594,0.25433327612836792
2023-08-27,5499,-1.2876830271571937,2.3438409324875829,3.2147205741538576,5499,408,817,1353,3905,1353,1.0,0.074195308237861426,0.14857246772140389,0.24604473540643754,0.71012911438443349,0.24604473540643754
2023-08-28,8740,-1.02275910700422,2.371567849502568,3.0742116731303288,8740,802,1245,2005,5684,2005,1.0,0.09176201372997711,0.14244851258581237,0.2294050343249428,0.65034324942791766,0.2294050343249428
2023-08-29,10167,-1.0408528719289345,2.44132825128472,3.0862329731295297,10167,890,1609,2515,6870,2515,1.0,0.087538113504475268,0.15825710632438281,0.24736893872332055,0.67571555030982589,0.24736893872332055
2023-08-30,10705,-1.2690160692955816,2.4600722618567774,3.5139528124278021,10705,922,1798,2606,6859,2606,1.0,0.086127977580569823,0.16795889771134984,0.24343764595983186,0.64072863148061654,0.24343764595983186
2023-08-31,9794,-1.1368966181123741,2.3700679047532591,3.3936026953747338,9794,1017,1759,2428,6401,2428,1.0,0.10383908515417603,0.17959975495201144,0.24790688176434553,0.653563406167041,0.24790688176434553
2023-09-01,9054,-0.67963548645110439,2.2183951305853857,2.7779064662818644,9054,828,1373,2255,6078,2255,1.0,0.091451292246520877,0.15164568146675503,0.24906118842500552,0.67130550033134528,0.24906118842500552
2023-09-02,5755,-1.0333278815839368,2.4203787169014443,3.0408480304287946,5755,457,583,1119,3926,1119,1.0,0.0794092093831451,0.10130321459600347,0.19443961772371851,0.68218940052128585,0.19443961772371851
2023-09-03,5238,-0.93474061142808118,2.0971130099384627,3.0062681706066186,5238,415,564,1151,3608,1151,1.0,0.079228713249331811,0.10767468499427263,0.21974035891561663,0.68881252386407021,0.21974035891561663
2023-09-04,8874,-0.98334268001813,2.2128082779946103,3.0598444747854092,8874,811,1597,2250,6230,2250,1.0,0.091390579220193821,0.17996393959882803,0.25354969574036512,0.70205093531665541,0.25354969574036512
2023-09-05,10944,-0.76296756893973772,2.3205510249758112,3.0306219709043889,10944,1073,2283,3266,7415,3266,1.0,0.098044590643274851,0.20860745614035087,0.2984283625730994,0.67754020467836262,0.2984283625730994
2023-09-06,13497,-0.87489798751488868,2.116870763913405,3.0039859363946171,13497,1240,2095,3655,8803,3655,1.0,0.091872267911387709,0.1552196784470623,0.27080091872267914,0.65221901163221452,0.27080091872267914
2023-09-07,13037,-0.70446247909085868,2.35737852497368,2.8607164192099463,13037,1142,1772,3406,9010,3406,1.0,0.087596839763749323,0.13592084068420648,0.2612564240239319,0.69110991792590315,0.2612564240239319
2023-09-08,12805,-1.1674808830026342,2.3035578633924203,3.1998412868734594,12805,1099,1967,3164,9026,3164,1.0,0.085825849277625932,0.15361187036313939,0.24709098008590394,0.70488090589613428,0.24709098008590394
2023-09-09,8334,-1.0191924639603445,2.087734253990265,2.9904541196801895,8334,577,1527,2251,5856,2251,1.0,0.069234461243100551,0.18322534197264218,0.27009839212862968,0.70266378689704823,0.27009839212862968
2023-09-10,7517,-0.80199289430300125,2.0733737061394515,2.8599090241881631,7517,380,1140,1826,5151,1826,1.0,0.050552081947585474,0.15165624584275642,0.24291605693760809,0.68524677397898093,0.24291605693760809
2023-09-11,10067,-0.75865030739941064,2.4838717023971952,3.1987025760026859,10067,872,1484,2485,6639,2485,1.0,0.0866196483560147,0.14741233733982317,0.24684613092281713,0.65948147412337343,0.24684613092281713
2023-09-12,11518,-0.6548657703122166,2.3090664023568435,3.0534334410868658,11518,923,2098,3253,8080,3253,1.0,0.080135440180586909,0.18214967876367424,0.28242750477513456,0.70151067893731556,0.28242750477513456
2023-09-13,13270,-1.1191995054373505,2.1644312681997806,3.1698857237260083,13270,1054,1911,3573,9387,3573,1.0,0.079427279577995474,0.14400904295403166,0.26925395629238885,0.7073850791258478,0.26925395629238885
2023-09-14,12135,-0.71232235744941508,2.228606675118741,3.134754951327261,12135,1110,1897,3224,8206,3224,1.0,0.091470951792336219,0.15632468067573135,0.26567779151215493,0.6762257931602802,0.26567779151215493
2023-09-15,10992,-0.9010771859917216,2.4085542943403606,2.9911281370690981,10992,1020,1609,3106,7571,3106,1.0,0.0927947598253275,0.14637918486171761,0.28256914119359533,0.68877365356623,0.28256914119359533
2023-09-16,7130,-1.7136214193481987,2.3500195043494765,3.4734744272011335,7130,572,1273,2003,5011,2003,1.0,0.080224403927068727,0.1785413744740533,0.28092566619915849,0.70280504908835906,0.28092566619915849
2023-09-17,6706,-1.3836510910614268,2.1587336253458052,3.0472047314900337,6706,383,894,1897,4790,1897,1.0,0.057113033104682374,0.13331345064121683,0.28288100208768269,0.7142857142857143,0.28288100208768269
2023-09-18,10932,-0.589107259484214,2.4737859082898974,2.7642552900349853,10932,864,1672,3433,7612,3433,1.0,0.079034028540065859,0.15294548115623857,0.31403219904866447,0.6963044273691914,0.31403219904866447
2023-09-19,13823,-0.60092319480583856,2.4270493931115453,2.7167324983394003,13823,1039,1672,3673,9699,3673,1.0,0.075164580771178477,0.12095782391666064,0.26571655935759242,0.701656659191203,0.26571655935759242
2023-09-20,14110,-0.65648697827156544,2.2780996625686996,2.7893053547356677,14110,1036,2206,4224,10421,4224,1.0,0.073423104181431609,0.156343019135365,0.29936215450035436,0.73855421686746991,0.29936215450035436
2023-09-21,11522,-0.28811672470649363,2.3543598527791079,2.5706142663860203,11522,1031,1753,3750,8219,3750,1.0,0.08948099288318,0.15214372504773477,0.3254643291095296,0.71333101892032635,0.3254643291095296
2023-09-22,11009,-0.48382951815481068,2.2807013259633204,2.6359358578183207,11009,980,2355,3260,7608,3260,1.0,0.089018076119538561,0.21391588700154418,0.29612135525479155,0.691070941956581,0.29612135525479155
2023-09-23,6637,-0.78113227224165327,2.174918583129855,3.0829529883616291,6637,423,1228,1842,4172,1842,1.0,0.063733614584902815,0.18502335392496611,0.27753503088744913,0.62859725779719755,0.27753503088744913
2023-09-24,6111,-1.0737553242591567,2.1482710320118956,3.019276638262951,6111,498,1292,1619,3893,1619,1.0,0.081492390770741288,0.21142202585501554,0.26493208967435772,0.6370479463262968,0.26493208967435772
2023-09-25,9961,-0.287988724817411,2.3827481949372338,2.7766625528770366,9961,782,1597,2858,6921,2858,1.0,0.078506174078907739,0.16032526854733462,0.28691898403774724,0.69480975805642009,0.28691898403774724
2023-09-26,11298,-0.30399315715333564,2.2497187970172168,2.589291760919453,11298,1163,2150,3338,7509,3338,1.0,0.10293857319879625,0.19029916799433527,0.29545052221632145,0.66463090812533188,0.29545052221632145
2023-09-27,10292,-0.40628630521293335,2.4696474613545703,2.708270013249376,10292,923,1785,3010,7116,3010,1.0,0.089681305868635833,0.17343567819665759,0.29246016323357948,0.691410804508356,0.29246016323357948
2023-09-28,9903,-0.7757260117852105,2.4638191925002677,2.9538210784121541,9903,839,1400,2750,6688,2750,1.0,0.084721801474300723,0.14137130162576997,0.2776936281934767,0.67535090376653539,0.2776936281934767
2023-09-29,8855,-0.64893834411961659,2.2251542292002808,2.74169348170206,8855,681,1311,2341,5725,2341,1.0,0.076905702992659516,0.14805194805194805,0.26437041219649915,0.64652738565782042,0.26437041219649915
2023-09-30,5520,-1.0158336399377255,2.2047693811806321,2.980503220584009,5520,443,982,1914,3542,1914,1.0,0.0802536231884058,0.17789855072463767,0.34673913043478261,0.64166666666666672,0.34673913043478261
2023-10-01,4752,-0.79289798053017191,2.1952741795112951,2.9701679076931971,4752,477,601,1160,3198,1160,1.0,0.10037878787878787,0.12647306397306396,0.24410774410774411,0.672979797979798,0.24410774410774411
2023-10-02,9149,-0.50921893008980457,2.28476396782416,2.7431453868493811,9149,927,1525,2710,6178,2710,1.0,0.10132254891244945,0.1666848835938354,0.29620723576347141,0.675265056290305,0.29620723576347141
2023-10-03,9687,-0.24537003926206225,2.4241155762570825,2.739206322475098,9687,977,1529,2613,6270,2613,1.0,0.1008568184164344,0.15784040466604729,0.26974295447506969,0.647259213378755,0.26974295447506969
2023-10-04,11130,-0.744096019046911,2.4624556657867878,3.0160154953619287,11130,902,1806,2897,7600,2897,1.0,0.081042228212039533,0.16226415094339622,0.26028751123090743,0.68283917340521116,0.26028751123090743
2023-10-05,11683,-0.64090757048939284,2.1681469091393675,2.7155974522676427,11683,910,1972,3502,7146,3502,1.0,0.077890952666267221,0.16879226226140545,0.29975177608490972,0.61165796456389621,0.29975177608490972
2023-10-06,10129,-1.0848074863700918,2.4722315125981544,3.3595876767406714,10129,661,1625,2761,6604,2761,1.0,0.065258169612005132,0.16043044723072367,0.27258367064863265,0.651989337545661,0.27258367064863265
2023-10-07,4644,-0.88196347384248275,2.170782908171033,3.0148607213921959,4644,418,730,1199,2899,1199,1.0,0.090008613264427217,0.15719207579672695,0.258182601205857,0.62424633936261842,0.258182601205857
2023-10-08,5066,-0.70802149948595949,2.5223025175419185,2.91701316373089,5066,488,736,1355,3194,1355,1.0,0.096328464271614692,0.14528227398341886,0.26746940386893014,0.63047769443347812,0.26746940386893014
2023-10-09,8060,-0.33533455263683176,2.495832061117615,2.9419713638174114,8060,796,1286,2307,5521,2307,1.0,0.098759305210918108,0.15955334987593053,0.28622828784119109,0.68498759305210921,0.28622828784119109
2023-10-10,9222,-0.56561915895825077,2.332543870183879,2.7851504152307105,9222,1168,1338,2348,6187,2348,1.0,0.126653654304923,0.14508783344176968,0.25460854478421169,0.670895684233355,0.25460854478421169
2023-10-11,9031,-0.34008656882076788,2.2799430221659231,2.8327555531316739,9031,937,1444,2395,5967,2395,1.0,0.10375373712767136,0.15989369947957036,0.26519765253017386,0.6607241722954269,0.26519765253017386
2023-10-12,8753,-0.18570147790840086,2.4185878834372327,2.7461646817242817,8753,933,1621,2550,5859,2550,1.0,0.10659202559122587,0.18519364789215126,0.29132868730720896,0.66937050154232836,0.29132868730720896
2023-10-13,8377,-0.52327922527819615,2.4172415071627933,3.0721187267887258,8377,920,1426,2661,5649,2661,1.0,0.10982451951772711,0.17022800525247703,0.317655485257252,0.67434642473439177,0.317655485257252
2023-10-14,4520,-0.46470406463764785,2.3420187625496292,2.8341082637812223,4520,535,757,1241,3049,1241,1.0,0.11836283185840708,0.16747787610619469,0.27455752212389378,0.67455752212389386,0.27455752212389378
2023-10-15,4098,-0.36525813366575594,2.1591488651022877,2.6543202619788731,4098,401,543,1169,2716,1169,1.0,0.097852611029770623,0.13250366032210834,0.285261102977062,0.66276232308443139,0.285261102977062
2023-10-16,8142,-0.18270253057380809,2.4290999369536173,2.6288643971218164,8142,1108,1314,2488,5335,2488,1.0,0.13608450012281995,0.16138540899042003,0.30557602554654878,0.65524441169245884,0.30557602554654878
2023-10-17,8945,-0.17414770030110344,2.5998470264505706,2.7257161029122789,8945,1429,1597,2783,5945,2783,1.0,0.15975405254332029,0.17853549468977081,0.31112353269983228,0.66461710452766909,0.31112353269983228
2023-10-18,9058,-0.1311424200890523,2.5822189268811346,2.7803746399476927,9058,955,1410,2606,6118,2606,1.0,0.10543166261867962,0.15566350187679398,0.28770147935526608,0.67542503863987635,0.28770147935526608
2023-10-19,9508,-0.14948218578020128,2.5256109119856842,2.7457269008711314,9508,1070,1511,2572,5968,2572,1.0,0.11253681110643668,0.15891880521665966,0.27050904501472445,0.627681952040387,0.27050904501472445
2023-10-20,8244,-0.39428881735547366,2.7311434788068607,2.7282765268312583,8244,927,1224,2104,5315,2104,1.0,0.11244541484716157,0.14847161572052403,0.25521591460456089,0.64471130519165454,0.25521591460456089
2023-10-21,4858,-0.68112065010374989,2.3459594152508125,2.991478296702307,4858,574,623,1154,3232,1154,1.0,0.11815561959654179,0.12824207492795389,0.23754631535611362,0.66529435981885554,0.23754631535611362
2023-10-22,4492,-0.36543123923576126,2.4672169681016856,2.8507441257272355,4492,425,767,1134,3097,1134,1.0,0.0946126447016919,0.1707479964381122,0.25244879786286734,0.68944790739091721,0.25244879786286734
2023-10-23,9332,-0.54951257970858558,2.2636616124441731,2.6900925550256858,9332,1249,1423,2928,6306,2928,1.0,0.13384054864980713,0.15248606943849122,0.31375910844406346,0.6757393913416202,0.31375910844406346
2023-10-24,9730,-0.34035811366360769,2.4647029286058868,2.5855664736155775,9730,1143,1786,2938,6560,2938,1.0,0.11747173689619733,0.18355601233299074,0.30195272353545732,0.67420349434737925,0.30195272353545732
2023-10-25,9776,-0.47236049114126327,2.4658160994510738,2.9935918348575834,9776,1066,1693,2847,6549,2847,1.0,0.10904255319148937,0.17317921440261866,0.29122340425531917,0.6699058919803601,0.29122340425531917
2023-10-26,9483,-0.5013091579966279,2.4550392043709106,2.8216982696545352,9483,1043,1741,2764,6475,2764,1.0,0.1099862912580407,0.18359169039333545,0.29146894442686916,0.68280080143414534,0.29146894442686916
2023-10-27,8481,-0.30904439829140562,2.4155932756944583,2.8846001413885971,8481,1095,1104,2506,5763,2506,1.0,0.12911213300318358,0.13017332861690839,0.29548402311048227,0.67951892465511143,0.29548402311048227
2023-10-28,4592,-0.57609166940245149,2.3874045644169719,3.0735326673716652,4592,665,655,1421,3079,1421,1.0,0.1448170731707317,0.14263937282229966,0.30945121951219512,0.67051393728223,0.30945121951219512
2023-10-29,5005,-0.43890342685372519,2.5584545166172648,3.0860021275292544,5005,529,884,1343,3396,1343,1.0,0.1056943056943057,0.17662337662337663,0.26833166833166833,0.67852147852147848,0.26833166833166833
2023-10-30,9046,-0.43905003728410041,2.3900756450214371,2.607876313103823,9046,1179,1685,2786,6132,2786,1.0,0.1303338492151227,0.18627017466283441,0.30798142825558256,0.67786867123590533,0.30798142825558256
2023-10-31,9854,-0.43840367510610118,2.5626802518852365,2.8167334027626,9854,1395,1786,3178,6943,3178,1.0,0.14156687639537244,0.18124619443880657,0.32250862593870511,0.70458696975847368,0.32250862593870511
2023-11-01,10080,-0.38972441600873486,2.1753939173259171,2.8144401924986657,10080,1185,1581,2879,6922,2879,1.0,0.11755952380952381,0.15684523809523809,0.28561507936507935,0.68670634920634921,0.28561507936507935
2023-11-02,9842,-0.32651257457699978,2.5489667823701545,2.770051584392264,9842,1309,1940,2693,6893,2693,1.0,0.13300142247510668,0.19711440764072344,0.27362324730745785,0.7003657793131477,0.27362324730745785
2023-11-03,9726,-0.59679848767205623,2.4514360119930445,3.1039206302027189,9726,1535,1841,2409,6678,2409,1.0,0.15782438823771336,0.18928644869422168,0.24768661320172733,0.68661320172732876,0.24768661320172733
2023-11-04,5107,-0.39690339812154263,2.547803165338077,2.7947841761536676,5107,840,794,1195,3267,1195,1.0,0.16448012531819073,0.15547288036028981,0.2339925592324261,0.6397102016839632,0.2339925592324261
2023-11-05,4182,-0.3411522734282702,2.925072779909391,2.8747155222185046,4182,526,558,1094,2633,1094,1.0,0.12577714012434241,0.133428981348637,0.2615973218555715,0.62960306073648975,0.2615973218555715
2023-11-06,8631,-0.33862921558340392,2.6198349819821423,2.8035471877621263,8631,1352,1086,2400,6068,2400,1.0,0.15664465299501795,0.12582551268682657,0.27806743135210288,0.70304715560190012,0.27806743135210288
2023-11-07,9845,-0.14324703347805137,2.5754363913590792,2.7354569736553955,9845,1348,1346,2648,6885,2648,1.0,0.13692229558151345,0.13671914677501271,0.26896901980700866,0.69933976637887252,0.26896901980700866
2023-11-08,10948,-0.48953859287724577,2.502914071702147,2.5653038775221351,10948,1183,1793,3033,6706,3033,1.0,0.10805626598465473,0.16377420533430764,0.27703690171720863,0.612531969309463,0.27703690171720863
2023-11-09,9779,-0.19501147860246149,2.5299360615843547,2.4734861197594378,9779,1183,1417,2901,6546,2901,1.0,0.12097351467430208,0.14490234175273545,0.29665609980570612,0.66939359852745683,0.29665609980570612
2023-11-10,10239,-0.32477000580939286,2.5807384741116519,2.822087160935717,10239,1637,1327,2681,6670,2681,1.0,0.15987889442328351,0.12960250024416448,0.26184197675554255,0.65143080378943252,0.26184197675554255
2023-11-11,5011,-0.72893726004774673,2.2711320461660485,2.8021539875600054,5011,623,532,935,2923,935,1.0,0.12432648174017162,0.10616643384553981,0.18658950309319497,0.58331670325284379,0.18658950309319497
2023-11-12,4814,-1.220498992170358,1.9958028574363675,3.0994832386199582,4814,626,679,1185,3301,1185,1.0,0.13003739094308267,0.1410469464063149,0.24615704196094723,0.68570835064395508,0.24615704196094723
2023-11-13,8260,-0.83576570834212061,2.2924095659614685,3.0039201959975608,8260,881,1187,1962,5313,1962,1.0,0.10665859564164649,0.14370460048426151,0.23753026634382565,0.64322033898305087,0.23753026634382565
2023-11-14,10622,-0.5032946068635431,2.2397449700083949,2.7637493953315757,10622,1256,1753,2818,7432,2818,1.0,0.11824515157220862,0.16503483336471475,0.26529843720579926,0.69967990962154025,0.26529843720579926
2023-11-15,12725,-0.63572960107422394,2.3533988349979844,2.9151100138046129,12725,1277,1980,3779,8766,3779,1.0,0.10035363457760314,0.15559921414538311,0.2969744597249509,0.68888015717092332,0.2969744597249509
2023-11-16,10617,-0.41088201918761313,2.3620066802737045,2.5909072860518139,10617,1210,1736,2836,7045,2836,1.0,0.11396816426485824,0.16351134972214373,0.26711877178110577,0.66355844400489783,0.26711877178110577
2023-11-17,10204,-0.15019192151100635,2.4973363427764266,2.6271199641134242,10204,1134,1387,3077,6815,3077,1.0,0.1111328890631125,0.13592708741669934,0.30154841238729913,0.667875343002744,0.30154841238729913
2023-11-18,5597,-0.050920516998308858,2.365788757827775,2.5435750723866923,5597,610,665,1511,3957,1511,1.0,0.1089869572985528,0.11881365016973379,0.26996605324280865,0.70698588529569417,0.26996605324280865
2023-11-19,5280,-0.70236588493737806,2.2230418912249919,2.7726605058802258,5280,655,681,1405,3505,1405,1.0,0.1240530303030303,0.12897727272727272,0.26609848484848486,0.66382575757575757,0.26609848484848486
2023-11-20,10655,-0.31859270581092225,2.4722916367149894,2.5883145747131171,10655,999,1463,2899,7398,2899,1.0,0.093758798686062877,0.13730642890661662,0.27207883622712342,0.69432191459408732,0.27207883622712342
2023-11-21,10434,-0.34312841391390569,2.2908832628976938,2.5791495944660361,10434,1129,1921,3088,7200,3088,1.0,0.10820394862948055,0.18410964155645007,0.29595552999808317,0.69005175388154116,0.29595552999808317
2023-11-22,10274,-0.2644789249542836,2.3968380629775163,2.6934880798790015,10274,1469,1791,2802,7183,2802,1.0,0.14298228538057231,0.17432353513723964,0.27272727272727271,0.69914346895074941,0.27272727272727271
2023-11-23,10021,-0.17490664245190674,2.2819483916183727,2.5801804222853044,10021,1801,1817,2955,6863,2955,1.0,0.17972258257658916,0.18131922961780261,0.29488075042410938,0.684861790240495,0.29488075042410938
2023-11-24,8638,-0.42873151632214934,2.2923017491305284,2.58514496103048,8638,1272,1692,2707,5892,2707,1.0,0.14725630933086362,0.19587867561935635,0.31338272748321372,0.68210233850428337,0.31338272748321372
2023-11-25,6321,-1.0083342174609544,2.1548599955895393,2.811635312722645,6321,563,948,1463,4059,1463,1.0,0.08906818541370036,0.14997626957759849,0.23145071982281284,0.64214523018509728,0.23145071982281284
2023-11-26,5531,-1.0091179540403488,2.2443789411193933,3.0170206217839639,5531,647,718,1472,3396,1472,1.0,0.11697703851021515,0.12981377689387091,0.26613632254565178,0.61399385282950647,0.26613632254565178
2023-11-27,10812,-0.54005269396998679,2.3802001778405142,2.7491793210973059,10812,1317,1964,3326,7477,3326,1.0,0.12180910099889013,0.18165001849796522,0.30762116167221604,0.69154642989271176,0.30762116167221604
2023-11-28,12544,-0.51769601956248446,2.3902240489401705,2.7807252155824069,12544,1442,2319,3885,8657,3885,1.0,0.11495535714285714,0.18486926020408162,0.30970982142857145,0.69013073979591832,0.30970982142857145
2023-11-29,13118,-0.43378784473839271,2.2330491750020953,2.647117927475934,13118,1646,2525,3904,8872,3904,1.0,0.12547644457996646,0.19248361030644914,0.29760634243024853,0.67632261015398687,0.29760634243024853
2023-11-30,15614,-0.48817331630598382,2.1301220949544719,2.6078495330397033,15614,1802,3026,5121,10026,5121,1.0,0.11540924811066991,0.19380043550659665,0.32797489432560523,0.64211604969898806,0.32797489432560523
2023-12-01,15671,-0.40201328243585704,2.3203898753389161,2.4907369871070619,15671,1375,3485,5210,10256,5210,1.0,0.087741688469146831,0.22238529768361942,0.3324612341267309,0.65445727777423268,0.3324612341267309
2023-12-02,11424,-0.40775770104704434,2.3153788209419877,2.7091155720652025,11424,938,3318,5078,7008,5078,1.0,0.0821078431372549,0.29044117647058826,0.44450280112044815,0.61344537815126055,0.44450280112044815
2023-12-03,8505,-0.37372352116682028,2.4487095745057781,2.5608722619246214,8505,704,1593,3246,5577,3246,1.0,0.082774838330393882,0.1873015873015873,0.381657848324515,0.655731922398589,0.381657848324515
2023-12-04,12557,-0.13377600131360856,2.5436848201141635,2.5594937464638141,12557,1164,2409,4349,8097,4349,1.0,0.092697300310583736,0.1918451859520586,0.34634068646969818,0.64481962252130287,0.34634068646969818
2023-12-05,13528,-0.22151104583510389,2.4326932194968851,2.5646990843280282,13528,1351,2886,5257,8784,5257,1.0,0.099866942637492614,0.21333530455351862,0.38860141927853342,0.64931992903607338,0.38860141927853342
2023-12-06,12283,-0.24901797887975879,2.4471835122749623,2.4561248905691748,12283,1211,2233,4307,8064,4307,1.0,0.098591549295774641,0.18179597818122609,0.35064723601725961,0.6565171375071237,0.35064723601725961
2023-12-07,10945,-0.17507956972881175,2.4889761234398948,2.6785984614109712,10945,1377,2006,3559,7230,3559,1.0,0.12581087254454087,0.18328003654636821,0.32517131110095931,0.66057560529922343,0.32517131110095931
2023-12-08,10565,-0.31095258082264093,2.2509674289776203,2.7713871239202521,10565,1253,2092,3474,6807,3474,1.0,0.11859914813061997,0.19801230477993376,0.32882158069096074,0.64429720776147659,0.32882158069096074
2023-12-09,7356,-0.25324701809629,2.4096047407579793,2.4447806279598181,7356,708,1563,2656,4872,2656,1.0,0.096247960848287115,0.21247960848287112,0.3610657966286025,0.66231647634584012,0.3610657966286025
2023-12-10,6720,-0.1526218134207859,2.4549657390428754,2.4306386030093794,6720,991,1430,2581,4499,2581,1.0,0.1474702380952381,0.21279761904761904,0.384077380952381,0.66949404761904763,0.384077380952381
2023-12-11,11420,-0.43294366919667793,2.3176088951684588,2.7170310839246219,11420,1554,2548,4011,7299,4011,1.0,0.136077057793345,0.22311733800350261,0.3512259194395797,0.63914185639229426,0.3512259194395797
2023-12-12,10889,-0.40194739080531372,2.2555507473972036,2.6516459557921843,10889,1214,2192,3886,7145,3886,1.0,0.11148865827899715,0.20130406832583342,0.35687390944990355,0.65616677380843058,0.35687390944990355
2023-12-13,12815,-0.26587756247828714,2.2829119454765463,2.5192807354154341,12815,1681,3168,5395,8101,5395,1.0,0.13117440499414748,0.24721030042918454,0.42099102614124073,0.63214982442450252,0.42099102614124073
2023-12-14,9978,0.13964428323696254,2.6872965472082937,2.5628081971794252,9978,1384,2171,3722,6743,3722,1.0,0.13870515133293246,0.21757867308077772,0.37302064541992386,0.67578673080777707,0.37302064541992386
2023-12-15,8585,-0.26756434303740784,2.4212496853174308,2.5322392832331064,8585,1108,1699,2672,5800,2672,1.0,0.12906231799650553,0.19790331974373909,0.3112405358182877,0.675596971461852,0.3112405358182877
2023-12-16,4511,-0.26823907900331234,2.445616999803681,2.6042016651054993,4511,600,836,1377,2879,1377,1.0,0.13300820217246731,0.18532476169363776,0.30525382398581247,0.63821769009088891,0.30525382398581247
2023-12-17,4025,-0.35198132246825342,2.2116785332478455,2.6604722064836306,4025,539,570,957,2533,957,1.0,0.13391304347826086,0.14161490683229813,0.2377639751552795,0.62931677018633536,0.2377639751552795
2023-12-18,8132,-0.37657580357626286,2.5629748861048687,2.9788663530717105,8132,1205,1447,2399,5463,2399,1.0,0.14818002951303491,0.1779390063944909,0.29500737825873091,0.67179045745204136,0.29500737825873091
2023-12-19,8962,-0.44775324670666683,2.291567072977617,2.6114114347480424,8962,1423,1492,2494,6105,2494,1.0,0.15878152198170051,0.16648069627315332,0.27828609685338096,0.68120955143941087,0.27828609685338096
2023-12-20,8388,-0.27543133474139547,2.3873452541721472,2.5741457543331783,8388,1241,1416,2604,5759,2604,1.0,0.14794945159752027,0.16881258941344779,0.31044349070100141,0.68657606103958035,0.31044349070100141
2023-12-21,7954,-0.42299596458362254,2.4242524512398496,2.7372322549610848,7954,1002,1592,2396,5072,2396,1.0,0.12597435252703043,0.20015086748805633,0.30123208448579331,0.63766658285139555,0.30123208448579331
2023-12-22,7033,-0.5590753327752469,2.360262074229257,2.7957478085971208,7033,855,1321,2248,4584,2248,1.0,0.12156974264183136,0.18782880705246693,0.319636001706242,0.65178444476041519,0.319636001706242
2023-12-23,4005,-1.0654008176442242,2.2153770736527467,3.3611453259155426,4005,465,551,1040,2387,1040,1.0,0.11610486891385768,0.13757802746566791,0.2596754057428215,0.59600499375780269,0.2596754057428215
2023-12-24,3296,-0.88885423907241567,2.2505456860853386,2.8865650159258549,3296,462,454,679,1791,679,1.0,0.14016990291262135,0.13774271844660194,0.20600728155339806,0.54338592233009708,0.20600728155339806
2023-12-25,4093,-0.62000660525382445,2.5523929052911338,2.966014272893378,4093,689,520,778,2314,778,1.0,0.16833618372831663,0.12704617639872953,0.1900806254580992,0.5653554849743464,0.1900806254580992
2023-12-26,5205,-1.1002048949869212,2.2487830964249804,3.4689934224324004,5205,818,878,1497,3146,1497,1.0,0.15715658021133525,0.16868395773294909,0.28760806916426512,0.604418828049952,0.28760806916426512
2023-12-27,6764,-1.2913990146870586,2.3713469753227785,3.2329237153765531,6764,828,1063,1710,4107,1710,1.0,0.12241277350680072,0.15715552927261975,0.25280898876404495,0.60718509757539918,0.25280898876404495
2023-12-28,6477,-1.346471951318563,2.3872050989653335,3.5656769958849122,6477,728,842,1493,4066,1493,1.0,0.11239771499150841,0.12999845607534352,0.23050795121198087,0.62775976532345223,0.23050795121198087
2023-12-29,6535,-0.87736266888204473,2.2724200032886586,2.8933064875585197,6535,859,1043,1693,4253,1693,1.0,0.13144605967865342,0.15960214231063505,0.2590665646518745,0.65080336648814074,0.2590665646518745
2023-12-30,4438,-1.112276804403747,2.172095070673572,3.075673285599211,4438,572,597,1252,2767,1252,1.0,0.12888688598467779,0.13452005407841369,0.28210905813429471,0.62347904461469128,0.28210905813429471
2023-12-31,4897,-0.94434497453463362,2.3126566858155693,2.7752104868053293,4897,661,604,1403,3318,1403,1.0,0.13498060036757198,0.12334082091076169,0.2865019399632428,0.67755768838064123,0.2865019399632428
2024-01-01,4029,-0.67964403187441946,2.1625322559268945,2.7516776298104557,4029,413,393,967,2625,967,1.0,0.10250682551501614,0.0975428145941921,0.24000992802184165,0.65152643335815341,0.24000992802184165
2024-01-02,5700,-0.84968847249928181,2.3641217657656606,2.9322113765751587,5700,845,850,1443,3503,1443,1.0,0.14824561403508771,0.14912280701754385,0.25315789473684208,0.614561403508772,0.25315789473684208
2024-01-03,6214,-0.75085798838805484,2.3146127457086747,2.8882497586733127,6214,943,978,1676,3776,1676,1.0,0.15175410363694883,0.15738654650788542,0.26971355004827807,0.60766012230447375,0.26971355004827807
2024-01-04,6457,-0.80271453194308462,2.2794562696545677,2.872371406321276,6457,921,1054,1729,3893,1729,1.0,0.1426358990243147,0.16323369986061639,0.26777141087192197,0.60291156884001862,0.26777141087192197
2024-01-05,6693,-0.74047247928470561,1.9271883910683518,2.7153622887750295,6693,754,921,1431,4072,1431,1.0,0.11265501269983565,0.1376064545047064,0.2138054683998207,0.60839683251157928,0.2138054683998207
2024-01-06,3563,-0.95514517093881612,2.2413312198613693,2.8078791026083532,3563,494,388,700,2056,700,1.0,0.13864720740948638,0.10889699691271401,0.19646365422396855,0.57704181869211335,0.19646365422396855
2024-01-07,3468,-1.120252720173269,2.1033104302270731,2.9574258341157886,3468,500,424,824,1875,824,1.0,0.14417531718569782,0.12226066897347174,0.23760092272202998,0.54065743944636679,0.23760092272202998
2024-01-08,6835,-1.1066271379283308,2.3087287179692937,3.3511847549120479,6835,1198,997,2007,4386,2007,1.0,0.17527432333577175,0.14586686174103877,0.29363569861009509,0.641697147037308,0.29363569861009509
2024-01-09,8608,-1.0723731855062095,2.2830169258803781,2.9405160535955805,8608,1133,1353,2145,4862,2145,1.0,0.1316217472118959,0.15717936802973978,0.24918680297397769,0.56482342007434949,0.24918680297397769
2024-01-10,8488,-0.99763137693094517,2.4615096599504596,3.3248322423355581,8488,856,1328,2329,5377,2329,1.0,0.10084825636192271,0.15645617342130066,0.27438737040527805,0.63348256361922717,0.27438737040527805
2024-01-11,7527,-0.7730691905322078,2.4207157125449248,2.9596451276128732,7527,868,1177,1937,4922,1937,1.0,0.11531818785704796,0.15637039989371596,0.25734024179620035,0.65391258137372132,0.25734024179620035
2024-01-12,7710,-0.69614154333740541,2.69319291464103,3.0780451342084834,7710,961,1198,2055,4551,2055,1.0,0.12464332036316472,0.15538261997405967,0.26653696498054474,0.590272373540856,0.26653696498054474
2024-01-13,4541,-0.91338858322347816,2.6227513343938917,2.8665890928371325,4541,483,621,1172,2575,1172,1.0,0.10636423695221317,0.13675401893855979,0.258092931072451,0.56705571460030835,0.258092931072451
2024-01-14,4554,-0.89877531420577417,2.1189356356799212,2.71971332238808,4554,498,815,1456,2751,1456,1.0,0.10935441370223979,0.17896354852876592,0.31971892841458061,0.60408432147562585,0.31971892841458061
2024-01-15,7596,-0.86417188341574147,2.3700456443964351,2.7473691599213796,7596,952,1269,2072,5025,2072,1.0,0.1253291205897841,0.16706161137440759,0.27277514481305948,0.66153238546603477,0.27277514481305948
2024-01-16,8640,-0.72534673327062626,2.2787556500425303,2.683384562242535,8640,1153,1358,2323,5778,2323,1.0,0.13344907407407408,0.15717592592592591,0.26886574074074077,0.66875,0.26886574074074077
2024-01-17,8844,-0.81995086673460771,2.3952534094141646,2.9568462731464042,8844,954,1168,2146,5612,2146,1.0,0.1078697421981004,0.1320669380370873,0.24265038444142922,0.634554500226142,0.24265038444142922
2024-01-18,8440,-0.71960007225214251,2.2403528945491709,2.8552790729746738,8440,1028,1251,2196,5391,2196,1.0,0.12180094786729857,0.14822274881516587,0.26018957345971566,0.63874407582938386,0.26018957345971566
2024-01-19,7623,-0.51675718727624376,2.4597754401555774,2.7910595109222331,7623,939,1161,2146,4840,2146,1.0,0.12317985045257772,0.15230224321133412,0.28151646333464514,0.63492063492063489,0.28151646333464514
2024-01-20,4594,-0.98153146656886681,2.386195075574125,2.9072849186205323,4594,503,685,995,2724,995,1.0,0.10949063996517196,0.14910753156290815,0.21658685241619505,0.59294732259468874,0.21658685241619505
2024-01-21,4106,-0.9734846542514537,2.2181588875085105,2.9449850905619184,4106,405,591,929,2602,929,1.0,0.098636142230881643,0.14393570384802729,0.22625426205552848,0.63370677057963953,0.22625426205552848
2024-01-22,7558,-0.61317253761806578,2.4442991933007661,2.9002827475479465,7558,961,1032,1846,4477,1846,1.0,0.12715003969304048,0.13654405927494045,0.24424450912939932,0.59235247419952364,0.24424450912939932
2024-01-23,8216,-0.87700852738186641,2.3576956555961295,3.4196834990306209,8216,1016,1055,1924,5091,1924,1.0,0.12366114897760468,0.12840798442064263,0.23417721518987342,0.61964459591041865,0.23417721518987342
2024-01-24,8038,-0.49732362453658663,2.6188526618685839,3.0278536371817788,8038,875,1134,2025,5205,2025,1.0,0.10885792485692958,0.14107987061458074,0.25192834038317991,0.64754914157750687,0.25192834038317991
2024-01-25,8328,-0.664896545055973,2.4313610112826018,3.1780756966642372,8328,1158,1112,2140,5389,2140,1.0,0.13904899135446686,0.13352545629202689,0.25696445725264166,0.64709414024975986,0.25696445725264166
2024-01-26,7563,-0.49610401476548516,2.4660583467776007,2.8995698052956884,7563,833,902,2303,5029,2303,1.0,0.11014147824937194,0.11926484199391776,0.30450879280708715,0.664947772048129,0.30450879280708715
2024-01-27,4691,-0.31219676917065303,2.6840981406147044,2.9004670486448303,4691,776,473,1605,3082,1605,1.0,0.16542315071413344,0.10083137923683649,0.34214453208271156,0.65700277126412276,0.34214453208271156
2024-01-28,3948,-0.8087967978266426,2.1147109662207066,2.7831599664123297,3948,513,417,1143,2533,1143,1.0,0.12993920972644377,0.10562310030395136,0.28951367781155013,0.64159067882472143,0.28951367781155013
2024-01-29,6702,-0.34002906684076145,2.2192197063321828,2.5354512975985033,6702,1116,1155,1834,4492,1834,1.0,0.16651745747538049,0.17233661593554164,0.27364965681886005,0.670247687257535,0.27364965681886005
2024-01-30,7650,-0.46012018385154063,2.4074046634029926,2.544142803570383,7650,1033,960,2102,4850,2102,1.0,0.13503267973856209,0.12549019607843137,0.27477124183006535,0.63398692810457513,0.27477124183006535
2024-01-31,7737,-0.59047129329696091,2.4118100822887705,2.8997133646220128,7737,866,987,1902,4948,1902,1.0,0.1119296885097583,0.12756882512601783,0.24583171772004653,0.639524363448365,0.24583171772004653
2024-02-01,8561,-0.47523397647050442,2.518148565107476,2.8591682605853084,8561,1066,1108,2442,6016,2442,1.0,0.12451816376591519,0.12942413269477865,0.28524705057820349,0.70272164466767906,0.28524705057820349
2024-02-02,8155,-0.552817751261506,2.5560173769209289,2.8360389946164997,8155,862,1098,2152,5399,2152,1.0,0.10570202329858983,0.13464132434089515,0.26388718577559778,0.66204782342121393,0.26388718577559778
2024-02-03,4246,-1.1641300088684277,2.4558153838589969,3.3569769414022734,4246,439,554,1189,2620,1189,1.0,0.10339142722562411,0.13047574187470559,0.28002826189354685,0.61705134243994353,0.28002826189354685
2024-02-04,4339,-0.99551951831672614,2.2702041248247555,3.21005647928716,4339,492,612,1075,2966,1075,1.0,0.11339018206960129,0.14104632403779674,0.24775293846508412,0.68356764231389722,0.24775293846508412
2024-02-05,7287,-0.96458030220396418,2.1748018935884526,3.0531311096136537,7287,936,962,1699,4794,1699,1.0,0.12844792095512556,0.13201591875943461,0.23315493344311788,0.65788390284067522,0.23315493344311788
2024-02-06,9367,-0.98299435809172553,2.1277008949832061,2.9140397846030646,9367,992,1558,2265,6359,2265,1.0,0.10590370449450197,0.16632860040567951,0.24180634141133767,0.67887263798441333,0.24180634141133767
2024-02-07,9010,-0.85139665809151255,2.2709524178813156,3.0056479978070749,9010,935,1392,2503,5954,2503,1.0,0.10377358490566038,0.15449500554938958,0.27780244173140956,0.66082130965593788,0.27780244173140956
2024-02-08,9303,-0.49485023690803887,2.3831613875787174,2.4495934400440658,9303,818,1286,2311,5586,2311,1.0,0.08792862517467484,0.13823497796409762,0.24841448994947865,0.600451467268623,0.24841448994947865
2024-02-09,7195,-0.4532416381468774,2.573455008809272,2.6704626868535595,7195,671,1193,1783,4449,1783,1.0,0.093259207783182765,0.16580958999305073,0.24781097984711606,0.61834607366226546,0.24781097984711606
2024-02-10,3726,-0.91650410265012938,2.2579808342906493,2.7775897712286746,3726,426,450,848,2204,848,1.0,0.1143317230273752,0.12077294685990338,0.22758990874932905,0.59151905528717119,0.22758990874932905
2024-02-11,3389,-0.69545537458199069,2.0461553445445304,2.55050467530414,3389,351,524,754,1737,754,1.0,0.10357037474181174,0.15461788138093832,0.22248450870463263,0.51254057244024787,0.22248450870463263
2024-02-12,6420,-0.65515430896370153,2.3721028065496315,2.7963669959639037,6420,497,844,1503,3869,1503,1.0,0.077414330218068539,0.13146417445482866,0.23411214953271028,0.60264797507788159,0.23411214953271028
2024-02-13,8259,-0.623039437852006,2.4691370006148561,2.8580781438015217,8259,759,1111,2223,5276,2223,1.0,0.0918997457319288,0.13451991766557694,0.26916091536505632,0.63881825886911248,0.26916091536505632
2024-02-14,8257,-1.0774428075268265,2.2691389840989471,3.1443965345366895,8257,822,1059,2401,5274,2401,1.0,0.099551895361511447,0.12825481409712972,0.29078357757054618,0.6387307738888216,0.29078357757054618
2024-02-15,7816,-0.59252907471873828,2.2539004106817746,2.623908882020439,7816,650,1038,1959,4992,1959,1.0,0.083162743091095184,0.13280450358239509,0.25063971340839303,0.638689866939611,0.25063971340839303
2024-02-16,7075,-0.41132721705141634,2.1846173117120187,2.6102157406291546,7075,736,983,1833,4548,1833,1.0,0.10402826855123674,0.1389399293286219,0.25908127208480564,0.64282685512367488,0.25908127208480564
2024-02-17,4431,-0.65887688250493393,2.2659305366080704,2.5928757990048283,4431,435,442,897,2600,897,1.0,0.0981719702098849,0.099751749040848561,0.2024373730534868,0.58677499435793279,0.2024373730534868
2024-02-18,3897,-0.65126261332129787,2.3229047421932489,2.5240875461987407,3897,568,497,931,2362,931,1.0,0.14575314344367463,0.12753400051321528,0.23890171927123427,0.60610726199640752,0.23890171927123427
2024-02-19,6807,-0.55907880378243624,2.3247830285881874,2.7788173873060993,6807,796,883,1789,4298,1789,1.0,0.1169384457176436,0.1297194064933157,0.26281768767445279,0.6314088438372264,0.26281768767445279
2024-02-20,7982,-0.58473663144450883,2.35870207780131,2.90298539275667,7982,826,1285,2153,5225,2153,1.0,0.10348283638185918,0.16098722124780757,0.26973189676772741,0.654597845151591,0.26973189676772741
2024-02-21,8574,-0.48410100122818045,2.4525990351719904,2.7458682409525736,8574,986,1470,2222,5487,2222,1.0,0.11499883368322837,0.17144856543037088,0.25915558665733612,0.63995801259622109,0.25915558665733612
2024-02-22,9073,-1.0244640062324952,2.2814808224959231,3.1985272747270779,9073,1031,1412,2240,5938,2240,1.0,0.11363385870164223,0.1556265843712113,0.24688636614129836,0.65446930452992391,0.24688636614129836
2024-02-23,7002,-0.35789656874934267,2.3576402158783702,2.6649700711614206,7002,975,1073,1772,4664,1772,1.0,0.13924592973436162,0.15324193087689231,0.25307055127106542,0.66609540131391032,0.25307055127106542
2024-02-24,4019,-0.63895507125496365,2.3548082424760604,2.5835989424587713,4019,543,453,855,2513,855,1.0,0.13510823587957202,0.11271460562328937,0.21273948743468524,0.62527992037820357,0.21273948743468524
2024-02-25,3990,-1.1335419016700297,2.2426086534558736,2.874130079172287,3990,354,400,721,2482,721,1.0,0.0887218045112782,0.10025062656641603,0.18070175438596492,0.62205513784461153,0.18070175438596492
2024-02-26,8092,-0.76672252632544258,2.3703558110800076,2.9816661914781908,8092,1125,1408,2123,5482,2123,1.0,0.13902619871478003,0.17399901136925358,0.26235788433020268,0.67745921898171035,0.26235788433020268
2024-02-27,8172,-0.47370809200001596,2.4809680319572176,2.7422205963813844,8172,1140,1492,2079,5437,2079,1.0,0.1395007342143906,0.18257464512971122,0.25440528634361231,0.66532060695056294,0.25440528634361231
2024-02-28,8820,-0.7358535424653353,2.534127689719635,2.8803992854305651,8820,1223,1539,1985,5830,1985,1.0,0.13866213151927437,0.17448979591836736,0.22505668934240364,0.66099773242630389,0.22505668934240364
2024-02-29,8984,-0.61405388281614337,2.5058019821540496,2.8083875337077919,8984,779,1277,2177,6042,2177,1.0,0.086709706144256452,0.14214158504007124,0.24231967943009794,0.67252894033837929,0.24231967943009794
2024-03-01,9310,-0.22634689872411043,2.5449918534234941,2.5311202300028519,9310,846,1492,2545,6258,2545,1.0,0.090870032223415678,0.16025778732545651,0.27336197636949516,0.67218045112781954,0.27336197636949516
2024-03-02,4474,-0.77853040173767929,2.3977105609944322,3.0387602327488219,4474,410,563,960,2767,960,1.0,0.091640590075994635,0.12583817612874384,0.21457308895842647,0.61846222619579794,0.21457308895842647
2024-03-03,4449,-0.75507147558777332,2.2880665241587508,2.7565444319110428,4449,461,550,932,2857,932,1.0,0.10361879073949203,0.123623286131715,0.20948527759046978,0.64216677905147224,0.20948527759046978
2024-03-04,7979,-0.33546231669310694,2.4875326015135868,2.6143571791199993,7979,791,1562,2118,5297,2118,1.0,0.099135229978694075,0.1957638801854869,0.26544679784434139,0.66386765258804359,0.26544679784434139
2024-03-05,8233,-0.36874456038219527,2.5373609820480931,3.1163473636987034,8233,993,1067,2099,5326,2099,1.0,0.12061217053321997,0.12960038867970364,0.25494959310093523,0.64690878173205391,0.25494959310093523
2024-03-06,8463,-0.41033481119613252,2.4579442189723513,2.8889810256459523,8463,1025,1104,2010,5687,2010,1.0,0.12111544369608886,0.130450194966324,0.23750443105281815,0.67198393004844614,0.23750443105281815
2024-03-07,8903,-0.27757914175609832,2.5376432950949712,2.5036869660891226,8903,1069,1213,2463,5620,2463,1.0,0.12007188588116366,0.13624620914298552,0.2766483207907447,0.63124789396832526,0.2766483207907447
2024-03-08,7716,-0.30145611464128563,2.6172682719148566,2.4668867295415553,7716,979,1124,1784,5065,1784,1.0,0.12687921202695698,0.14567133229652671,0.23120787973043028,0.65642820114048728,0.23120787973043028
2024-03-09,4110,-0.17853891408795333,2.682615464617891,2.5969802773649278,4110,633,644,1181,2639,1181,1.0,0.15401459854014599,0.15669099756690996,0.28734793187347935,0.64209245742092458,0.28734793187347935
2024-03-10,4506,-0.089005688241406158,2.8831646594898692,2.420193957373145,4506,631,761,1512,2975,1512,1.0,0.14003550821127386,0.16888592987128273,0.33555259653794939,0.66023080337328011,0.33555259653794939
2024-03-11,7664,-0.49801444101431364,2.6852983791548004,3.1468361639136924,7664,783,986,1918,5067,1918,1.0,0.10216597077244259,0.12865344467640918,0.25026096033402923,0.661143006263048,0.25026096033402923
2024-03-12,9222,-0.45098726880886986,2.479720554255914,2.7234062128899668,9222,1205,2020,2872,6396,2872,1.0,0.13066579917588375,0.21904142268488397,0.31142919106484496,0.69355888093689,0.31142919106484496
2024-03-13,9085,-0.39827538555532693,2.538949255286076,2.5405063857492043,9085,1034,1409,2608,6092,2608,1.0,0.11381397908640617,0.1550908090258668,0.28706659328563566,0.67055586130985145,0.28706659328563566
2024-03-14,9010,-0.31034992142493312,2.5414643416951694,2.6545640747826127,9010,932,1663,2573,5936,2573,1.0,0.10344062153163153,0.18457269700332962,0.28557158712541619,0.6588235294117647,0.28557158712541619
2024-03-15,8007,-0.35222714236068464,2.3176152550450122,2.7379602496716395,8007,843,1415,2304,5182,2304,1.0,0.10528287748220307,0.17672036967653304,0.28774822030723118,0.64718371425003118,0.28774822030723118
2024-03-16,4867,-0.74796989744687714,2.2959899176315051,2.999545752694349,4867,625,517,1193,2920,1193,1.0,0.12841586192726526,0.10622560098623382,0.24512019724676393,0.5999589069241833,0.24512019724676393
2024-03-17,3831,-0.8223385099067716,2.3459953937129012,2.9134777397303848,3831,491,461,787,2235,787,1.0,0.12816496998172802,0.12033411641868964,0.20542939180370659,0.58339859044635867,0.20542939180370659
2024-03-18,7412,-0.46919379826054569,2.3982828203021942,2.7155133628555586,7412,820,1111,1824,4539,1824,1.0,0.11063140852671344,0.14989206691851054,0.24608742579600648,0.61238532110091748,0.24608742579600648
2024-03-19,9230,-0.42923533759092269,2.3061211420096104,2.6176568593289486,9230,1122,1414,2498,5886,2498,1.0,0.12156013001083424,0.15319609967497291,0.27063921993499457,0.63770314192849409,0.27063921993499457
2024-03-20,9475,-0.35234900434177785,2.376061015743054,2.6105872691832817,9475,1034,1383,2749,6154,2749,1.0,0.10912928759894459,0.14596306068601583,0.290131926121372,0.64949868073878625,0.290131926121372
2024-03-21,10493,-0.14919300407515382,2.4456575874483724,2.3495780544487785,10493,1255,1755,2957,6901,2957,1.0,0.11960354522062328,0.16725436004955685,0.28180691889831316,0.65767654626894123,0.28180691889831316
2024-03-22,9299,-0.4977687241520406,2.3271320333440961,2.6478520440666751,9299,1117,1034,1930,5803,1930,1.0,0.12012044305839338,0.11119475212388429,0.2075491988385848,0.62404559630067746,0.2075491988385848
2024-03-23,4515,-0.36804965559146163,2.2565758939696372,2.7914539391315993,4515,464,483,904,2550,904,1.0,0.10276854928017719,0.10697674418604651,0.20022148394241418,0.56478405315614622,0.20022148394241418
2024-03-24,4519,-0.74766326659162252,2.2072813217712532,2.8702417649440486,4519,389,486,1120,2897,1120,1.0,0.08608099136977207,0.10754591723832706,0.24784244301836689,0.64107103341447225,0.24784244301836689
2024-03-25,8056,-0.094376976173809732,2.7722327696391571,2.8018853785089783,8056,948,1272,2006,5237,2006,1.0,0.11767626613704071,0.15789473684210525,0.24900695134061568,0.65007447864945378,0.24900695134061568
2024-03-26,8488,-0.038956113656723648,2.5531822390163703,2.5842116172252183,8488,1094,1466,2398,5518,2398,1.0,0.12888784165881245,0.17271442035815268,0.28251649387370403,0.65009425070688032,0.28251649387370403
2024-03-27,9232,-0.35444406151223656,2.3579637978136523,2.8182022840482754,9232,1154,1244,2478,6299,2478,1.0,0.125,0.13474870017331023,0.26841421143847488,0.68230069324090126,0.26841421143847488
2024-03-28,9214,-0.25032364474482843,2.4772983501339731,2.5251290509380619,9214,1125,1478,2503,6170,2503,1.0,0.12209680920338616,0.160408074668982,0.27165183416540045,0.66963316691990449,0.27165183416540045
2024-03-29,7066,-0.38866036883963939,2.2953467304027777,2.5261104152917295,7066,940,1281,2044,4761,2044,1.0,0.1330314180583074,0.18129068780073593,0.28927257288423436,0.67378998018681,0.28927257288423436
2024-03-30,4400,-0.57997913449027039,2.2559277074765913,2.5722089769079091,4400,458,617,1185,2646,1185,1.0,0.1040909090909091,0.14022727272727273,0.26931818181818185,0.60136363636363632,0.26931818181818185
2024-03-31,3920,-0.92208335931370922,2.1336118961262329,2.8942693334401537,3920,548,464,859,2321,859,1.0,0.13979591836734695,0.11836734693877551,0.21913265306122448,0.5920918367346939,0.21913265306122448
2024-04-01,6720,-0.66541001991619586,2.26965490339752,2.7190440080041216,6720,1332,1085,1853,4344,1853,1.0,0.1982142857142857,0.16145833333333334,0.27574404761904764,0.64642857142857146,0.27574404761904764
2024-04-02,8715,-0.26486666124756675,2.2826337893259012,2.5637961142674097,8715,1457,1636,2268,5617,2268,1.0,0.16718301778542743,0.18772231784279977,0.26024096385542167,0.644520940906483,0.26024096385542167
2024-04-03,8366,-0.52873889420148257,2.3941387329194441,2.7964375060409785,8366,968,1536,2077,5539,2077,1.0,0.11570643079129811,0.18360028687544824,0.2482667941668659,0.66208462825723169,0.2482667941668659
2024-04-04,7934,-0.27955394349859158,2.3220601882783791,2.6869757559909337,7934,794,1586,2049,5214,2049,1.0,0.10007562389715149,0.19989916813713132,0.25825560877237208,0.65717166624653389,0.25825560877237208
2024-04-05,7312,-0.42890278129917281,2.3160610327688462,2.6086273256446808,7312,863,1471,2054,4554,2054,1.0,0.11802516411378555,0.20117614879649889,0.2809080962800875,0.62281181619256021,0.2809080962800875
2024-04-06,4702,-1.1955682033516097,2.2121577663807588,3.0736340835656417,4702,429,824,1171,2951,1171,1.0,0.091237771161208,0.17524457677584007,0.24904296044236496,0.62760527435133984,0.24904296044236496
2024-04-07,4751,-0.83349966195021852,2.2027511986840675,2.7983234791829945,4751,621,836,1012,3001,1012,1.0,0.13070932435276783,0.17596295516733318,0.21300778783414018,0.63165649336981688,0.21300778783414018
2024-04-08,7832,-0.36479401735811473,2.4263283642180742,2.70908301147194,7832,886,1517,2127,4941,2127,1.0,0.11312563840653728,0.19369254341164455,0.27157814096016342,0.63087334014300311,0.27157814096016342
2024-04-09,10926,-0.68055659723658812,2.3529416252603088,2.6130775207071339,10926,1047,1472,2425,6933,2425,1.0,0.0958264689730917,0.13472451034230276,0.22194764781255721,0.63454146073585938,0.22194764781255721
2024-04-10,7845,-0.53899805362977793,2.5450763303318036,2.8576901827686,7845,1076,1065,2013,5325,2013,1.0,0.137157425111536,0.13575525812619502,0.25659655831739964,0.67877629063097511,0.25659655831739964
2024-04-11,8444,-0.36223246367712147,2.369174877801477,2.67068678825453,8444,1065,1382,2170,5859,2170,1.0,0.12612505921364281,0.16366650876361913,0.25698720985315016,0.69386546660350545,0.25698720985315016
2024-04-12,8329,-0.41021933393269733,2.4424630898492308,2.6232234217704842,8329,1070,1457,2436,5719,2436,1.0,0.12846680273742345,0.17493096410133269,0.29247208548445192,0.68663705126665864,0.29247208548445192
2024-04-13,4171,-0.41608272616010605,2.1476237015573982,2.6058099956764873,4171,416,427,887,2511,887,1.0,0.099736274274754261,0.10237353152721169,0.21265883481179573,0.60201390553824019,0.21265883481179573
2024-04-14,3057,-0.72581872528996749,2.326142193255845,2.9118457421295747,3057,271,367,716,1865,716,1.0,0.088649002289826626,0.12005233889434086,0.2342165521753353,0.610075237160615,0.2342165521753353
2024-04-15,7823,-0.84515629501822487,2.2415130146633562,2.9662097085455761,7823,834,1211,1973,5091,1973,1.0,0.10660871788316503,0.15479994886872045,0.2522050364310367,0.65077336060334912,0.2522050364310367
2024-04-16,8317,-0.41904678614365792,2.433256468004346,2.6675851077578865,8317,1130,1218,2422,5455,2422,1.0,0.13586629794397018,0.14644703619093424,0.291210773115306,0.65588553564987373,0.291210773115306
2024-04-17,9866,-0.88765905473130968,2.3555260128074118,3.1398426659728127,9866,1004,1632,2651,6628,2651,1.0,0.10176363267788364,0.1654165822015001,0.26870058787755929,0.67180214879383737,0.26870058787755929
2024-04-18,10557,-0.6699274524121317,2.3858738923100509,2.875736266787547,10557,1158,1721,2822,6978,2822,1.0,0.1096902529127593,0.16301979729089702,0.26731078904991951,0.66098323387325941,0.26731078904991951
2024-04-19,8401,-0.42671050965376878,2.5153530251452607,2.8144031268702028,8401,1214,1226,2375,5549,2375,1.0,0.14450660635638615,0.14593500773717413,0.28270443994762529,0.66051660516605171,0.28270443994762529
2024-04-20,5177,-1.1202136259215205,2.2930065957660815,3.0076931034129539,5177,548,580,1173,3242,1173,1.0,0.10585281050801623,0.11203399652308287,0.22657909986478655,0.62623140815143907,0.22657909986478655
2024-04-21,4346,-0.57627159997778332,2.163367647263081,2.6439243792800813,4346,375,573,958,2758,958,1.0,0.086286240220892776,0.13184537505752417,0.2204325816843074,0.63460653474459272,0.2204325816843074
2024-04-22,11780,-0.54368063703477909,2.3658800626412537,2.9672790596872649,11780,804,2512,3724,7139,3724,1.0,0.068251273344651947,0.21324278438030561,0.31612903225806449,0.60602716468590834,0.31612903225806449
2024-04-23,10395,-0.54900383310500123,2.4779792365748259,3.0312344720809556,10395,936,1579,2639,6737,2639,1.0,0.09004329004329005,0.1518999518999519,0.25387205387205386,0.64810004810004807,0.25387205387205386
2024-04-24,9296,-0.503557834296619,2.3831617317773626,2.9409823017237562,9296,908,1405,2419,6303,2419,1.0,0.097676419965576591,0.15114027538726335,0.2602194492254733,0.67803356282271943,0.2602194492254733
2024-04-25,8885,-0.68084250087382836,2.4216678435415044,2.9324009351886211,8885,1157,1471,2516,5839,2516,1.0,0.13021947101857062,0.16555993247045583,0.28317388857625209,0.65717501406865508,0.28317388857625209
2024-04-26,8642,-0.49715735118201493,2.4743889321956827,2.6106885774684652,8642,912,1444,2453,5445,2453,1.0,0.1055311270539227,0.16709095116871095,0.28384633186762326,0.63006248553575561,0.28384633186762326
2024-04-27,4824,-0.66516528284057164,2.4121306142561383,2.9220031988545974,4824,384,653,1060,2913,1060,1.0,0.079601990049751242,0.1353648424543947,0.21973466003316749,0.60385572139303478,0.21973466003316749
2024-04-28,5256,-0.9001198457101901,2.3266043711412192,2.9166845369028587,5256,575,665,1339,3330,1339,1.0,0.10939878234398782,0.1265220700152207,0.25475646879756469,0.63356164383561642,0.25475646879756469
2024-04-29,8541,-0.54430157680430891,2.3308966023685591,2.7967054044659512,8541,866,1303,2208,5615,2208,1.0,0.10139327947547126,0.15255824844865939,0.25851773796979277,0.65741716426647934,0.25851773796979277
2024-04-30,9027,-0.25713201785038492,2.5303664143831783,2.8198979387553669,9027,924,1419,2448,6155,2448,1.0,0.10235958790295779,0.15719508142239946,0.2711864406779661,0.68184335881245151,0.2711864406779661
2024-05-01,6953,-0.413685653736657,2.4478540021805197,2.7182754148730508,6953,812,1102,1805,4626,1805,1.0,0.11678412196174313,0.15849273694807997,0.25960017258737234,0.66532432043722134,0.25960017258737234
2024-05-02,7902,-0.712211824943673,2.3874115919323611,3.0546184333455795,7902,769,1236,2110,5271,2110,1.0,0.097317134902556321,0.15641609719058466,0.26702100733991396,0.667046317388003,0.26702100733991396
2024-05-03,7610,-0.90285843114351116,2.2174972501466779,3.1627108197774,7610,827,1032,1616,4854,1616,1.0,0.10867279894875165,0.13561103810775296,0.21235216819973718,0.63784494086727994,0.21235216819973718
2024-05-04,4715,-1.1636350405080971,2.23491136251371,3.4386368404541314,4715,317,667,934,2994,934,1.0,0.0672322375397667,0.14146341463414633,0.19809119830328739,0.63499469777306472,0.19809119830328739
2024-05-05,4426,-1.2314925110343973,2.5074251939905094,3.5495323406824815,4426,343,413,1016,2963,1016,1.0,0.077496610935381835,0.093312245820153641,0.22955264347040216,0.66945323090826936,0.22955264347040216
2024-05-06,7318,-0.59554641516189322,2.3789099214416645,2.8152099266408337,7318,767,1066,1711,4863,1711,1.0,0.10481005739273025,0.14566821535938781,0.23380705110685979,0.66452582672861438,0.23380705110685979
2024-05-07,7567,-0.23256577179202545,2.5380198424199385,2.8122434804943426,7567,717,981,1712,4827,1712,1.0,0.094753535086560065,0.12964186599709263,0.22624553984405973,0.637901414034624,0.22624553984405973
2024-05-08,8896,-0.591573544976745,2.4552717037517495,2.7255324184504683,8896,842,1376,2099,5311,2099,1.0,0.094649280575539563,0.15467625899280577,0.23594874100719423,0.59700989208633093,0.23594874100719423
2024-05-09,7787,-0.46614128248293524,2.5130630169584944,2.8266852283804673,7787,963,1239,2114,5291,2114,1.0,0.12366765121356106,0.15911133941184025,0.27147810453319637,0.679465776293823,0.27147810453319637
2024-05-10,7475,-0.65555987857275011,2.3412925196240892,2.9264695131534237,7475,962,1369,2165,4803,2165,1.0,0.12869565217391304,0.1831438127090301,0.28963210702341136,0.64254180602006694,0.28963210702341136
2024-05-11,5274,-1.5174145350376618,2.2996324604525062,3.7316918246878368,5274,554,816,1177,3504,1177,1.0,0.10504361016306409,0.1547212741751991,0.22317026924535457,0.664391353811149,0.22317026924535457
2024-05-12,4049,-1.1202657252921302,2.8746350299010088,3.5677371815203327,4049,386,477,948,2572,948,1.0,0.095332180785379111,0.11780686589281304,0.23413188441590516,0.63521857248703384,0.23413188441590516
2024-05-13,8558,-0.56438307602743776,2.3225275877671039,2.7995951546401674,8558,908,1377,2206,5411,2206,1.0,0.10609955597102126,0.16090207992521618,0.25777050712783361,0.63227389577003978,0.25777050712783361
2024-05-14,9370,-0.37171352237355987,2.5364005427716325,2.7893691860701169,9370,957,1724,2606,6339,2606,1.0,0.10213447171824973,0.183991462113127,0.27812166488794021,0.67652081109925288,0.27812166488794021
2024-05-15,8972,-0.7036379514660035,2.4049782538361422,3.0739937770210881,8972,978,1330,2349,6024,2349,1.0,0.10900579580918413,0.14823896567097636,0.26181453410610789,0.67142220240749,0.26181453410610789
2024-05-16,8533,-0.44532386524361162,2.3851720533623988,2.8285870196253096,8533,1053,1446,2348,5781,2348,1.0,0.12340325793976327,0.16945974452127036,0.27516699871088712,0.67748740185163481,0.27516699871088712
2024-05-17,8046,-0.585303817510365,2.3766261041375558,2.9385828575042883,8046,849,1305,2189,5117,2189,1.0,0.10551826994780016,0.1621923937360179,0.27206065125528212,0.63596818294804869,0.27206065125528212
2024-05-18,5010,-1.2562990301713155,2.3848611747404007,3.48841565480555,5010,635,503,978,3009,978,1.0,0.12674650698602793,0.10039920159680639,0.19520958083832335,0.60059880239520957,0.19520958083832335
2024-05-19,4378,-0.9677844143233475,2.1021604955108959,3.26316072328203,4378,548,403,751,2597,751,1.0,0.12517131110095933,0.092051164915486525,0.17153951576062129,0.59319323892188214,0.17153951576062129
2024-05-20,7599,-0.287490308508437,2.3473711786439675,2.7564759122310858,7599,818,1018,1742,4676,1742,1.0,0.10764574286090275,0.13396499539413081,0.22924068956441637,0.6153441242268719,0.22924068956441637
2024-05-21,9247,-0.9359214122999211,2.3815080716570609,3.1873928235557329,9247,977,1383,2141,6093,2141,1.0,0.10565588839623662,0.14956202011463177,0.23153455174651238,0.65891640532064455,0.23153455174651238
2024-05-22,10626,-1.211623769834502,2.6023343297080559,3.3795515735956445,10626,1292,1954,2277,7042,2277,1.0,0.12158855637116507,0.183888575192923,0.21428571428571427,0.66271409749670618,0.21428571428571427
2024-05-23,9896,-1.0049884345693212,2.3808098169001286,3.19173809549324,9896,1108,2062,2600,6417,2600,1.0,0.11196443007275667,0.20836701697655619,0.26273241713823769,0.64844381568310427,0.26273241713823769
2024-05-24,8710,-0.72611600686576938,2.2458477509401389,2.9250929362159743,8710,1023,1299,2625,5746,2625,1.0,0.117451205510907,0.14913892078071184,0.30137772675086105,0.65970149253731347,0.30137772675086105
2024-05-25,4848,-0.8274771920791012,2.34602751662909,2.9520846689967954,4848,386,715,1150,2966,1150,1.0,0.079620462046204626,0.14748349834983498,0.23721122112211221,0.61179867986798675,0.23721122112211221
2024-05-26,5381,-2.2824317305551438,2.2715885627567327,4.2624053406021893,5381,382,935,1015,3510,1015,1.0,0.070990522207768067,0.17375952425199778,0.18862664932168741,0.65229511243263338,0.18862664932168741
2024-05-27,8136,-1.3629618719729928,2.4989636745001911,3.94358414174418,8136,745,1172,2179,5569,2179,1.0,0.091568338249754175,0.14405113077679449,0.26782202556538842,0.68448869223205511,0.26782202556538842
2024-05-28,9304,-0.88951267159084879,2.4784956897171271,3.2939873579754297,9304,1079,1540,2698,6039,2698,1.0,0.11597162510748066,0.16552020636285469,0.28998280309544283,0.64907566638005154,0.28998280309544283
2024-05-29,9632,-0.26467685898716276,2.4017581388349205,2.7770902760860845,9632,1102,1637,2661,6340,2661,1.0,0.11441029900332225,0.16995431893687707,0.27626661129568109,0.65822259136212624,0.27626661129568109
2024-05-30,9036,-0.016533884281750674,2.8168820733723767,2.6574357261140484,9036,1356,1432,2648,5740,2648,1.0,0.150066401062417,0.15847720230190349,0.29305002213368747,0.63523683045595392,0.29305002213368747
2024-05-31,9263,-0.41193555804921866,2.4834623215404505,2.6782227793954649,9263,1257,1589,2528,6320,2528,1.0,0.13570117672460327,0.17154269675051279,0.27291374284788944,0.68228435711972368,0.27291374284788944
2024-06-01,5271,-0.82807999566799773,2.2221228267802262,2.8493479921444234,5271,595,629,1107,3463,1107,1.0,0.11288180610889774,0.11933219502940619,0.21001707455890722,0.656991083285904,0.21001707455890722
2024-06-02,4114,-0.88579233384888989,2.3329400738947741,2.7464452067214675,4114,424,564,929,2634,929,1.0,0.10306271268838113,0.13709285367039378,0.22581429265921243,0.64025279533300927,0.22581429265921243
2024-06-03,9558,-0.7373418791969506,2.3429320458915286,2.9720157775553586,9558,830,1294,2453,6158,2453,1.0,0.086838250680058585,0.13538397154216364,0.25664364929901651,0.64427704540698894,0.25664364929901651
2024-06-04,9734,-0.4875035162223,2.44285822007704,2.8258768467390265,9734,927,1372,2432,6564,2432,1.0,0.095233203205259909,0.14094925005136635,0.24984590096568729,0.67433737415245532,0.24984590096568729
2024-06-05,12688,-0.30250671502808513,2.3575217283584715,2.6142348341999271,12688,1218,2126,3779,8292,3779,1.0,0.095996216897856243,0.16755989911727617,0.29784047919293821,0.65353089533417408,0.29784047919293821
2024-06-06,10778,-0.35868277352859013,2.3145869045230181,2.666962598517022,10778,1296,1664,2955,7035,2955,1.0,0.1202449434032288,0.15438856930784933,0.27416960475041752,0.65271850064947112,0.27416960475041752
2024-06-07,9136,-0.095976311498853523,2.6833496309482707,2.4857906403452743,9136,1053,1444,2718,5950,2718,1.0,0.11525831873905429,0.15805604203152365,0.29750437828371279,0.65126970227670755,0.29750437828371279
2024-06-08,5106,-0.47537975799815657,2.3228062564318361,2.4094927832641471,5106,433,588,1441,3283,1441,1.0,0.084802193497845665,0.11515863689776733,0.28221699960830393,0.64296905601253429,0.28221699960830393
2024-06-09,4865,-0.65298837554606637,2.0415592843044976,2.3115933031354792,4865,347,548,1031,3469,1031,1.0,0.071325796505652614,0.11264131551901337,0.2119218910585817,0.71305241521068863,0.2119218910585817
2024-06-10,7932,-0.38650275677699075,2.3952600197197906,2.6226626656813461,7932,702,1185,1804,5481,1804,1.0,0.088502269288956131,0.1493948562783661,0.22743318204740293,0.69099848714069589,0.22743318204740293
2024-06-11,8636,-0.36270065926435952,2.4482736484723469,2.6911766225406661,8636,952,1284,2187,5800,2187,1.0,0.11023622047244094,0.14867994441871238,0.25324224177860122,0.67160722556739227,0.25324224177860122
2024-06-12,8961,-0.53549824797528145,2.2655826433665993,2.6890240114747663,8961,900,1385,2282,5774,2282,1.0,0.1004352192835621,0.15455864300859279,0.25465907822787637,0.64434772904809734,0.25465907822787637
2024-06-13,10619,-0.61011706176374025,2.3064917232434063,2.8354287706683361,10619,1086,1453,2787,7192,2787,1.0,0.10226951690366325,0.1368302100009417,0.26245409172238443,0.67727657971560407,0.26245409172238443
2024-06-14,9082,-0.55948963793058293,2.4488092410879641,2.7312736636503434,9082,871,1152,2330,6042,2330,1.0,0.095903985906188066,0.12684430742127284,0.25655142039198414,0.66527196652719667,0.25655142039198414
2024-06-15,5278,-0.92687361483174213,2.3365939974948553,2.8599956449999318,5278,419,615,1337,3346,1337,1.0,0.079386131110269043,0.11652140962485789,0.253315649867374,0.63395225464190985,0.253315649867374
2024-06-16,4203,-1.2263613767856163,2.1285255184487015,3.1452188747951504,4203,399,471,927,2755,927,1.0,0.094932191291934337,0.11206281227694503,0.22055674518201285,0.655484177968118,0.22055674518201285
2024-06-17,7553,-0.58248333993208112,2.3931260488405308,2.6995826136614749,7553,741,985,1678,5008,1678,1.0,0.0981067125645439,0.130411756917781,0.22216337878988482,0.663047795577916,0.22216337878988482
2024-06-18,8505,-0.51672178708056438,2.4927484524543067,2.8629751894869022,8505,920,1304,2106,5335,2106,1.0,0.10817166372721929,0.15332157554379777,0.24761904761904763,0.62727807172251615,0.24761904761904763
2024-06-19,9808,-0.99525455093897064,2.3280921160629426,3.0714869825718263,9808,1279,1616,2970,6721,2970,1.0,0.13040375203915172,0.16476345840130505,0.30281402936378465,0.68525693311582381,0.30281402936378465
2024-06-20,10206,-0.83676339007721212,2.37291326961735,2.83901747939583,10206,1011,1485,3138,6588,3138,1.0,0.099059376837154614,0.14550264550264549,0.30746619635508526,0.64550264550264547,0.30746619635508526
2024-06-21,9332,-0.93024231101427179,2.4839906709606132,2.9926620814822296,9332,862,1549,2279,5991,2279,1.0,0.09237033861980283,0.16598799828546934,0.24421345906558078,0.64198456922417491,0.24421345906558078
2024-06-22,5387,-1.3753669730496563,2.3491168459680578,3.1232244138510934,5387,422,898,1221,3593,1221,1.0,0.07833673658808242,0.16669760534620381,0.22665676628921477,0.66697605346203825,0.22665676628921477
2024-06-23,4657,-1.423983240406365,2.2418646613186546,3.1908657161395806,4657,417,654,1228,3167,1228,1.0,0.08954262400687138,0.14043375563667598,0.26368907021687782,0.68005153532316942,0.26368907021687782
2024-06-24,7736,-0.57803699153292221,2.5814569576563136,2.9732183972631763,7736,917,1200,2158,5159,2158,1.0,0.11853671147880042,0.15511892450879008,0.27895553257497413,0.66688210961737326,0.27895553257497413
2024-06-25,8512,-0.5673718790874438,2.4666339440921021,2.9612949438863918,8512,918,1171,2225,5554,2225,1.0,0.10784774436090226,0.13757048872180452,0.26139567669172931,0.65249060150375937,0.26139567669172931
2024-06-26,9164,-0.36535131585264358,2.4318698178704632,2.8645667836021813,9164,1036,1435,2583,5976,2583,1.0,0.11305106940200786,0.1565910082933217,0.28186381492797907,0.65211697948494107,0.28186381492797907
2024-06-27,9436,-0.67587929205730291,2.43363699535619,3.0072748742734716,9436,920,1274,2543,6214,2543,1.0,0.097498940228910549,0.13501483679525222,0.26949978804578212,0.65854175498092415,0.26949978804578212
2024-06-28,9583,-0.71490296241802032,2.524829192823927,3.200068007995315,9583,822,1218,2333,6697,2333,1.0,0.0857768965877074,0.127100073046019,0.24345194615464885,0.69884169884169889,0.24345194615464885
2024-06-29,5122,-0.71369354723471834,2.2305783175721379,2.8046693032904266,5122,440,661,1122,3260,1122,1.0,0.085903943771964072,0.12905115189379149,0.21905505661850838,0.6364701288559157,0.21905505661850838
2024-06-30,4580,-1.3538223479939133,2.2569446215390268,3.7132617080444406,4580,358,670,814,2824,814,1.0,0.078165938864628817,0.14628820960698691,0.17772925764192141,0.616593886462882,0.17772925764192141
2024-07-01,8002,-0.7685923089052934,2.5401965944447888,3.1906514600376226,8002,723,1307,1899,5192,1899,1.0,0.090352411897025739,0.16333416645838542,0.23731567108222945,0.6488377905523619,0.23731567108222945
2024-07-02,9456,-1.1976631637373296,2.5039594400343832,3.5625907204569689,9456,913,1815,2302,5913,2302,1.0,0.096552453468697119,0.19194162436548223,0.24344331641285957,0.62531725888324874,0.24344331641285957
2024-07-03,8811,-0.95476828712551565,2.4146697281392022,3.1613461912570009,8811,861,1371,2019,5761,2019,1.0,0.097718760640108954,0.15560095335376234,0.22914538644875723,0.65384178867324938,0.22914538644875723
2024-07-04,8580,-0.62113839279261385,2.4944902748960445,3.0207516947207314,8580,931,1210,2000,5406,2000,1.0,0.10850815850815851,0.14102564102564102,0.23310023310023309,0.63006993006993006,0.23310023310023309
2024-07-05,7684,-0.76038941183797892,2.55104558509396,3.105556367878366,7684,795,1308,1871,5162,1871,1.0,0.10346173867777199,0.17022384174908903,0.243492972410203,0.67178552837064032,0.243492972410203
2024-07-06,4500,-0.97358607091999949,2.3436183643262858,3.0593870995097805,4500,379,627,903,2872,903,1.0,0.084222222222222226,0.13933333333333334,0.20066666666666666,0.63822222222222225,0.20066666666666666
2024-07-07,4075,-1.1777891674500596,2.4965130129368371,3.2554665322133545,4075,286,471,726,2583,726,1.0,0.0701840490797546,0.11558282208588957,0.178159509202454,0.63386503067484667,0.178159509202454
2024-07-08,8921,-0.85996050537524427,2.4505037489419741,2.9450441365944084,8921,874,1366,2183,5016,2183,1.0,0.097971079475395129,0.15312184732653289,0.24470350857527184,0.562268803945746,0.24470350857527184
2024-07-09,9508,-0.76879609900065193,2.5000067689565437,3.1161356676283236,9508,920,1533,2508,5981,2508,1.0,0.096760622633571727,0.16123264619267985,0.26377787126630209,0.62904922170803534,0.26377787126630209
2024-07-10,9052,-0.76589288280181744,2.286830526267619,2.9193711706184517,9052,839,1402,2544,5700,2544,1.0,0.092686699072028284,0.15488289880689352,0.28104286345558993,0.62969509500662835,0.28104286345558993
2024-07-11,9123,-0.731666969345021,2.2778649518727536,2.9771301107852484,9123,901,1407,2542,6044,2542,1.0,0.098761372355584784,0.15422558368957578,0.27863641346048451,0.66250137016332344,0.27863641346048451
2024-07-12,8140,-0.49072403474876364,2.6697446938104958,2.8806210292677386,8140,864,1202,2197,5524,2197,1.0,0.10614250614250614,0.14766584766584767,0.26990171990171991,0.67862407862407859,0.26990171990171991
2024-07-13,4729,-1.0480276769982868,2.3981890814936517,3.2647448555694041,4729,469,593,1220,3025,1220,1.0,0.099175301332205534,0.12539648974413195,0.25798266018185662,0.63967012053288219,0.25798266018185662
2024-07-14,4774,-1.6815503202773785,2.1881853543547418,3.2823873473773832,4774,1780,588,908,2231,908,1.0,0.37285295349811481,0.12316715542521994,0.19019689987431923,0.4673229995810641,0.19019689987431923
2024-07-15,7460,-0.33623529974350264,2.3764323338768878,2.7991516239107419,7460,1163,1104,1969,4602,1969,1.0,0.15589812332439679,0.14798927613941018,0.263941018766756,0.61689008042895443,0.263941018766756
2024-07-16,8646,-0.585123423673261,2.2271957237936864,2.7901003633521331,8646,1420,1256,2004,5310,2004,1.0,0.16423779782558409,0.14526948878093915,0.23178348369188065,0.6141568355308813,0.23178348369188065
2024-07-17,8626,-0.56205579468295042,2.3658060129923628,2.7430926069187929,8626,939,1513,2272,5564,2272,1.0,0.10885694412242058,0.17539995362856481,0.26338975191282171,0.64502666357523764,0.26338975191282171
2024-07-18,8833,-0.13836157701641058,2.6488707697404212,2.6561672186222069,8833,981,1283,2339,5961,2339,1.0,0.11106079474697159,0.14525076417978036,0.26480244537529718,0.67485565493037469,0.26480244537529718
2024-07-19,7639,-0.47353743410238441,2.6949652692212664,2.8224037867318761,7639,1012,994,2153,5119,2153,1.0,0.13247807304621023,0.13012174368372822,0.28184317319020813,0.67011388925251991,0.28184317319020813
2024-07-20,4151,-0.95083675813682966,2.3540384589411767,2.9889069021794406,4151,406,418,746,2517,746,1.0,0.097807757166947729,0.10069862683690677,0.17971573114912071,0.60635991327390992,0.17971573114912071
2024-07-21,4627,-0.51072881405041393,2.0500840186378109,2.9167627999220396,4627,322,745,1054,3193,1054,1.0,0.069591527987897125,0.1610114545061595,0.22779338664361357,0.69007996542035877,0.22779338664361357
2024-07-22,8075,-0.14065817634013886,2.5948763618855786,2.5376963958271421,8075,872,1382,2241,5697,2241,1.0,0.1079876160990712,0.17114551083591331,0.2775232198142415,0.70551083591331265,0.2775232198142415
2024-07-23,8787,-0.26760210995244743,2.4552918003643258,2.6380528212710423,8787,1277,1266,2403,5621,2403,1.0,0.14532832593604189,0.14407647661317857,0.27347217480368724,0.63969500398315693,0.27347217480368724
2024-07-24,9213,-0.44696289667189526,2.3741239393363269,2.6419312965982473,9213,1011,1433,2212,5816,2212,1.0,0.10973624226636275,0.15554108325192662,0.24009551720395095,0.6312818842939325,0.24009551720395095
2024-07-25,9524,-0.90273366914707465,2.4290339874170974,3.1064981875277904,9524,953,1350,2550,6546,2550,1.0,0.10006299874002519,0.14174716505669888,0.26774464510709783,0.68731625367492655,0.26774464510709783
2024-07-26,8148,-1.0025795320543385,2.4249494051420624,3.2261494516262763,8148,1039,1661,2429,5488,2429,1.0,0.12751595483554246,0.20385370643102602,0.29810996563573883,0.67353951890034369,0.29810996563573883
2024-07-27,5240,-1.4647806969004675,2.2936657309307469,3.2822161228194058,5240,374,768,1639,3531,1639,1.0,0.071374045801526717,0.14656488549618321,0.31278625954198475,0.67385496183206106,0.31278625954198475
2024-07-28,4419,-1.1627188640426558,2.06094430160155,2.976138898394693,4419,406,517,906,2832,906,1.0,0.091875990042996153,0.11699479520253452,0.20502376103190767,0.64086897488119487,0.20502376103190767
2024-07-29,7834,-0.49505213200088305,2.5163466928536358,2.7282780129308546,7834,843,1385,1837,4988,1837,1.0,0.10760786316058207,0.17679346438600971,0.23449068164411541,0.63671176921113093,0.23449068164411541
2024-07-30,8362,-1.170385769761912,2.3667389537331243,3.4425463920404931,8362,900,1281,2122,5526,2122,1.0,0.10762975364745277,0.15319301602487442,0.25376704137766087,0.66084668739536,0.25376704137766087
2024-07-31,7511,-0.74856836145504213,2.4739522595154559,3.1972183076838356,7511,845,1288,1962,4910,1962,1.0,0.11250166422580216,0.17148182665424044,0.26121688190653708,0.65370789508720539,0.26121688190653708
2024-08-01,7494,-0.87246978834559974,2.467395203225478,3.1971569447240444,7494,818,1178,1999,4626,1999,1.0,0.10915398985855351,0.1571924206031492,0.26674673071790767,0.61729383506805446,0.26674673071790767
2024-08-02,7098,-0.61724093815102432,2.5449784028765952,3.0404110568899032,7098,915,1031,1954,4520,1954,1.0,0.12890955198647505,0.14525218371372217,0.27528881375035219,0.63679909833755988,0.27528881375035219
2024-08-03,3773,-1.4069931965794411,2.211636038847101,3.4413261007035625,3773,383,500,866,2148,866,1.0,0.10151073416379539,0.13252054068380598,0.22952557646435198,0.56930824277763048,0.22952557646435198
2024-08-04,3494,-1.1943335851548562,2.5059460815537067,3.3388406359897083,3494,275,614,970,2113,970,1.0,0.078706353749284488,0.17572982255294792,0.27761877504293075,0.60475100171722951,0.27761877504293075
2024-08-05,6311,-1.1248030558523838,2.5602046926055526,3.3455479544544358,6311,682,1098,1806,4027,1806,1.0,0.1080652828394866,0.17398193630169545,0.28616700998257011,0.63809221993344956,0.28616700998257011
2024-08-06,7758,-0.99984042237493376,2.4625360053161258,3.3305356551354053,7758,879,1136,1826,4965,1826,1.0,0.11330239752513535,0.14642949213714876,0.23536994070636763,0.639984532095901,0.23536994070636763
2024-08-07,7381,-0.61172478697143784,2.4437246034353777,2.8475796159754729,7381,787,966,1775,4209,1775,1.0,0.10662511854762227,0.13087657498983876,0.24048231946890666,0.57024793388429751,0.24048231946890666
2024-08-08,7705,-0.58553031485630358,2.5871647743509443,2.7267118599839355,7705,797,1092,2044,4413,2044,1.0,0.10343932511356262,0.14172615184944842,0.26528228423101879,0.572744970798183,0.26528228423101879
2024-08-09,6328,-0.39895455743456809,2.6801914575349244,2.6516590969927485,6328,797,892,1667,3769,1667,1.0,0.12594816687737043,0.14096080910240202,0.2634323640960809,0.59560682680151711,0.2634323640960809
2024-08-10,3998,-0.97021992278298008,2.3626624292707641,2.9270704511562395,3998,412,530,960,2413,960,1.0,0.10305152576288144,0.13256628314157079,0.24012006003001501,0.603551775887944,0.24012006003001501
2024-08-11,3729,-0.79228200313222386,2.4958751467974518,2.9788138043194552,3729,400,807,792,2230,792,1.0,0.10726736390453205,0.21641190667739341,0.21238938053097345,0.59801555376776616,0.21238938053097345
2024-08-12,7545,-0.83048022871308758,2.7271252560681671,3.084538958864278,7545,924,1491,1791,5006,1791,1.0,0.12246520874751492,0.19761431411530814,0.23737574552683896,0.66348575215374417,0.23737574552683896
2024-08-13,8860,-1.0611611638501417,2.3702681684788427,3.0864685769377531,8860,724,1238,2509,5831,2509,1.0,0.081715575620767492,0.13972911963882617,0.28318284424379231,0.65812641083521439,0.28318284424379231
2024-08-14,8016,-0.88940846505765325,2.2549228676346207,2.9910639549444484,8016,828,1159,1992,5222,1992,1.0,0.10329341317365269,0.14458582834331338,0.24850299401197604,0.65144710578842313,0.24850299401197604
2024-08-15,7041,-0.49863041394175,2.5918591979684895,2.9514502083493457,7041,820,1080,1928,4663,1928,1.0,0.11646073000994177,0.15338730293992331,0.2738247408038631,0.66226388297116889,0.2738247408038631
2024-08-16,7064,-0.514516809546669,2.5041214899829769,2.73490253500253,7064,926,952,1863,4556,1863,1.0,0.13108720271800681,0.13476783691959229,0.26373159682899205,0.644960362400906,0.26373159682899205
2024-08-17,4731,-0.4720400108474242,2.4843136088821751,2.8339533881214569,4731,571,643,1124,3072,1124,1.0,0.12069329951384486,0.1359120693299514,0.23758190657366307,0.64933417882054534,0.23758190657366307
2024-08-18,4245,-1.0775626483292484,2.2809460023505634,3.069994911411309,4245,548,657,1096,2739,1096,1.0,0.12909305064782098,0.15477031802120142,0.25818610129564196,0.6452296819787986,0.25818610129564196
2024-08-19,6836,-0.80962174392252917,2.3246975744836793,3.1513472633265627,6836,874,952,1620,4290,1620,1.0,0.12785254534815682,0.13926272674078408,0.23698069046225864,0.62755997659449969,0.23698069046225864
2024-08-20,7066,-0.59219315448093324,2.4448845699248256,2.9059117948204882,7066,785,1035,1813,4581,1813,1.0,0.11109538635720351,0.14647608264930653,0.25658080951033119,0.64831587885649589,0.25658080951033119
2024-08-21,7333,-0.44331195207677537,2.407671408627881,2.9494847596773925,7333,840,1206,1895,4647,1895,1.0,0.11455066139369971,0.16446202100095458,0.25842083731078686,0.63371062321014593,0.25842083731078686
2024-08-22,7738,-0.75255548036740616,2.3874921785419474,2.8486266256241919,7738,792,1221,1705,4843,1705,1.0,0.1023520289480486,0.15779271129490824,0.22034117342982684,0.62587231842853452,0.22034117342982684
2024-08-23,7488,-0.722922582043761,2.3629470338914409,2.6705242470350545,7488,764,1531,1892,4723,1892,1.0,0.10202991452991453,0.20446047008547008,0.25267094017094016,0.6307425213675214,0.25267094017094016
2024-08-24,4388,-1.19491374594093,2.4440751181856335,3.1931765848114795,4388,474,697,1142,2721,1142,1.0,0.10802187784867821,0.15884229717411122,0.26025524156791247,0.62010027347310848,0.26025524156791247
2024-08-25,3797,-0.70482845432749586,2.3483437459037355,2.9551659513566264,3797,393,509,796,2339,796,1.0,0.10350276534105873,0.13405319989465367,0.20963918883328944,0.61601264155912561,0.20963918883328944
2024-08-26,6333,-0.79083095948946847,2.4913721581312092,2.9278416093691031,6333,780,871,1586,3883,1586,1.0,0.1231643770724775,0.13753355439759987,0.25043423338070425,0.6131375335543976,0.25043423338070425
2024-08-27,8219,-0.75648753168214711,2.5341217767456095,2.8266007604504582,8219,885,1103,2042,5170,2042,1.0,0.10767733300888185,0.13420124102688891,0.2484487163888551,0.62903029565640589,0.2484487163888551
2024-08-28,7881,-0.67255043323502139,2.4767975444743056,3.1858651329602172,7881,770,1336,2008,5106,2008,1.0,0.097703337139956853,0.16952163431036671,0.25479000126887452,0.647887323943662,0.25479000126887452
2024-08-29,8818,-0.59675244167699526,2.3099101498336809,2.8954992467321881,8818,1049,1502,2367,5946,2367,1.0,0.11896121569516897,0.17033340893626672,0.26842821501474257,0.674302562939442,0.26842821501474257
2024-08-30,8461,-0.81780271128814919,2.3407767723839044,2.8023111726593615,8461,1047,1445,2847,5953,2847,1.0,0.12374423826970807,0.17078359531970216,0.33648504904857585,0.70358113698144431,0.33648504904857585
2024-08-31,4234,-1.0730435163700776,2.4148802042478845,3.205701993483753,4234,416,484,1189,2657,1189,1.0,0.098252243741143122,0.11431270666036844,0.28082191780821919,0.627538970240907,0.28082191780821919
2024-09-01,4178,-0.80544627876003361,2.0651132122518154,2.8961432014547852,4178,521,789,995,2672,995,1.0,0.12470081378650072,0.18884633796074676,0.23815222594542843,0.63954044997606507,0.23815222594542843
2024-09-02,7138,-0.34452238292235005,2.73609582829791,2.7007105624269112,7138,1219,1479,1731,4629,1731,1.0,0.17077612776688147,0.2072008966096946,0.2425049033342673,0.64850098066685347,0.2425049033342673
2024-09-03,8372,-0.38457959829304911,2.25368004823487,2.8504603773484858,8372,1467,1084,1814,5354,1814,1.0,0.17522694696607741,0.12947921643573818,0.21667462971810797,0.63951266125179174,0.21667462971810797
2024-09-04,7963,-0.61514266745679547,2.5486866369559626,3.1829591878290726,7963,1063,1054,1771,5042,1771,1.0,0.13349240236091925,0.13236217505965089,0.22240361672736406,0.63317845033278919,0.22240361672736406
2024-09-05,8783,-0.40989733772159032,2.4218094956481138,2.8222339330355397,8783,1091,1406,2137,5721,2137,1.0,0.12421723784583855,0.16008197654559944,0.24331094159171127,0.65137196857565749,0.24331094159171127
2024-09-06,8888,-0.62598276069858827,2.43881116709301,2.7652248857007784,8888,988,1430,2118,5466,2118,1.0,0.11116111611161116,0.1608910891089109,0.23829882988298831,0.614986498649865,0.23829882988298831
2024-09-07,5078,-0.858565781739565,2.0995741341389396,2.9075810624673664,5078,642,764,1076,3134,1076,1.0,0.12642772745175265,0.15045293422607325,0.21189444663253248,0.61717211500590785,0.21189444663253248
2024-09-08,4439,-0.991416046432184,2.3324621735201903,3.0275450953164684,4439,400,542,894,2723,894,1.0,0.090110385221896822,0.1220995719756702,0.20139671097093939,0.61342644739806262,0.20139671097093939
2024-09-09,8182,-0.52576240981866418,2.6231498215397089,3.2271393648959243,8182,853,1075,1721,5447,1721,1.0,0.10425323881691519,0.13138596920068443,0.21033977022732828,0.66572965045221222,0.21033977022732828
2024-09-10,8453,-0.7436414887917514,2.536926785340921,3.0367510930052628,8453,1046,1338,2105,5730,2105,1.0,0.12374304980480302,0.15828699869868687,0.24902401514255293,0.6778658464450491,0.24902401514255293
2024-09-11,8867,-1.0563513727858744,2.433297849162642,3.2308886565920618,8867,1082,1245,2445,6041,2445,1.0,0.12202548776361791,0.14040825532874704,0.275741513476937,0.68129017706101269,0.275741513476937
2024-09-12,9306,-0.80035119792623455,2.3281103925239663,3.1661719319609438,9306,958,1469,2353,6219,2353,1.0,0.10294433698689018,0.15785514721684935,0.25284762518805071,0.66827852998065762,0.25284762518805071
2024-09-13,8890,-0.63224171043894417,2.4423715403251274,2.6894304562089695,8890,1051,1189,2375,6067,2375,1.0,0.11822272215973004,0.13374578177727783,0.26715410573678289,0.68245219347581554,0.26715410573678289
2024-09-14,5312,-1.0331426009557538,2.4143320695776982,3.0837511507173092,5312,605,1030,1320,3527,1320,1.0,0.11389307228915663,0.19390060240963855,0.24849397590361447,0.66396837349397586,0.24849397590361447
2024-09-15,5050,-1.5919583749987698,2.2301268879967475,3.7877636721270651,5050,577,662,1128,3249,1128,1.0,0.11425742574257426,0.13108910891089109,0.22336633663366337,0.64336633663366338,0.22336633663366337
2024-09-16,7892,-0.961692771533264,2.2667808562454743,3.2828953664177036,7892,831,1288,1781,5211,1781,1.0,0.10529650278763304,0.16320324379118095,0.22567156614292955,0.66028890015205266,0.22567156614292955
2024-09-17,8905,-0.84792404037853619,2.50922385264836,3.2157373958495707,8905,786,1482,2081,5997,2081,1.0,0.088265019651880966,0.16642335766423358,0.23368893879842784,0.67344188658057269,0.23368893879842784
2024-09-18,8786,-0.79612499620531829,2.4569060998115182,3.2187799585412296,8786,1017,1244,2182,5916,2182,1.0,0.11575233325745504,0.14158889141816527,0.24834964716594582,0.67334395629410426,0.24834964716594582
2024-09-19,8570,-0.60044842140888355,2.4867846091218113,3.131094426286821,8570,1188,1244,2197,5679,2197,1.0,0.13862310385064178,0.14515752625437572,0.25635939323220536,0.66266044340723451,0.25635939323220536
2024-09-20,8532,-0.60691028857497142,2.4302862818601549,2.891937592465665,8532,1002,1070,2242,5591,2242,1.0,0.11744022503516174,0.1254102203469292,0.26277543366150963,0.65529770276605714,0.26277543366150963
2024-09-21,5430,-0.4607762081936822,2.2047435847624817,2.9430163326340408,5430,756,604,1121,3360,1121,1.0,0.13922651933701657,0.11123388581952118,0.20644567219152854,0.61878453038674031,0.20644567219152854
2024-09-22,6264,-2.0779696988416489,2.32337766370592,4.2510115961638508,6264,572,602,1789,3973,1789,1.0,0.0913154533844189,0.096104725415070244,0.28560025542784162,0.6342592592592593,0.28560025542784162
2024-09-23,9722,-0.72900775966955322,2.4199727503930011,2.9540322454493273,9722,1057,1312,2323,6549,2323,1.0,0.10872248508537338,0.13495165603785228,0.23894260440238635,0.67362682575601729,0.23894260440238635
2024-09-24,10870,-0.70076180462498983,2.3852744365418106,3.0095701346312835,10870,1267,1471,2708,7432,2708,1.0,0.11655933762649494,0.13532658693652255,0.24912603495860167,0.68371665133394666,0.24912603495860167
2024-09-25,10767,-0.71411941213046526,2.41588555599415,3.1066920512507057,10767,1210,1570,3012,7129,3012,1.0,0.11238042165877217,0.1458159190117953,0.27974366118696015,0.66211572397139407,0.27974366118696015
2024-09-26,10158,-0.61870451235284307,2.3133009218371328,3.0909152577482915,10158,1332,1463,2556,6683,2556,1.0,0.13112817483756645,0.14402441425477455,0.251624335499114,0.65790509942902142,0.251624335499114
2024-09-27,8921,-0.94158693180613717,2.4671957178145534,3.582552986713671,8921,1224,1507,2193,5784,2193,1.0,0.13720434928819639,0.16892725030826142,0.24582445914135187,0.64835780742069271,0.24582445914135187
2024-09-28,5473,-1.6602946242820951,2.4686555083297073,3.9054236032623622,5473,581,1066,1003,3636,1003,1.0,0.10615750045678787,0.19477434679334918,0.18326329252695048,0.66435227480358117,0.18326329252695048
2024-09-29,5688,-1.4686430303498907,2.3125930662122762,4.0168473248685279,5688,562,651,1333,3969,1333,1.0,0.098804500703234877,0.11445147679324895,0.23435302390998594,0.69778481012658233,0.23435302390998594
2024-09-30,8985,-1.0933571805908822,2.3816099283763186,3.2940129356912089,8985,949,1711,2207,6131,2207,1.0,0.10562047857540345,0.19042849193099609,0.24563160823594882,0.68235948803561486,0.24563160823594882
2024-10-01,9301,-0.88985221464876152,2.422928976292904,3.0481487982141209,9301,899,1805,2561,6506,2561,1.0,0.09665627351897646,0.19406515428448554,0.27534673691000966,0.6994946779916138,0.27534673691000966
2024-10-02,9381,-1.2831298242985085,2.3926839606213832,3.4452040220975384,9381,711,1715,2418,6786,2418,1.0,0.075791493444195709,0.18281633088156912,0.25775503677646305,0.72337703869523506,0.25775503677646305
2024-10-03,7783,-0.56832145875330486,2.4684872975554155,3.00731916804615,7783,761,1258,2095,5014,2095,1.0,0.097777206732622385,0.16163433123474238,0.26917641012463062,0.64422459205961713,0.26917641012463062
2024-10-04,8056,-0.61378021057025944,2.30719135248292,3.1303988867851675,8056,1221,1698,2539,5386,2539,1.0,0.15156405163853029,0.21077457795431975,0.31516881827209531,0.66857000993048654,0.31516881827209531
2024-10-05,4958,-1.2916536163922703,2.5773081183481565,3.4989467750161709,4958,576,656,1171,3192,1171,1.0,0.11617587736990723,0.13231141589350545,0.23618394513916902,0.64380798709156917,0.23618394513916902
2024-10-06,4001,-1.1225757858613223,2.4925836845996261,3.4456345189549658,4001,527,590,936,2607,936,1.0,0.13171707073231692,0.14746313421644588,0.23394151462134466,0.651587103224194,0.23394151462134466
2024-10-07,7181,-0.98191530750703493,2.6308576785417097,3.5431892953843094,7181,701,1335,1797,4631,1797,1.0,0.097618716056259575,0.185907255256928,0.2502436986492132,0.64489625400362072,0.2502436986492132
2024-10-08,10133,-1.2012575322036607,2.5094180508564228,3.3627892570044078,10133,1412,1713,1984,6680,1984,1.0,0.13934668903582353,0.16905161353991907,0.19579591433928747,0.65923221158590739,0.19579591433928747
2024-10-09,9855,-1.5510522585899726,2.5986195898593496,3.8252673721604031,9855,1166,1823,2110,6355,2110,1.0,0.11831557584982243,0.18498224251648909,0.21410451547437848,0.64485032978183665,0.21410451547437848
2024-10-10,9871,-1.366677379331491,2.6573273561704194,3.6838566223601119,9871,1031,1704,2108,6329,2108,1.0,0.10444737108702259,0.17262688684023908,0.21355485766386384,0.64117110728396309,0.21355485766386384
2024-10-11,8688,-0.79521851245411712,2.4349961917485268,3.1893932515971661,8688,968,1494,2116,5675,2116,1.0,0.11141804788213629,0.17196132596685082,0.24355432780847144,0.6531998158379374,0.24355432780847144
2024-10-12,4774,-1.0813714673926955,2.3812692854162445,3.2415184850142551,4774,824,524,993,2988,993,1.0,0.17260159195643066,0.10976120653540009,0.20800167574361123,0.62589023879346461,0.20800167574361123
2024-10-13,4000,-0.81623747352855769,2.400604628509,3.0899629949201972,4000,565,568,850,2625,850,1.0,0.14125,0.142,0.2125,0.65625,0.2125
2024-10-14,7074,-0.32820629959381137,2.5248124740560089,3.0529323038684422,7074,1025,1258,1898,4807,1898,1.0,0.1448968052021487,0.17783432287249082,0.26830647441334465,0.67953067571388182,0.26830647441334465
2024-10-15,8618,-0.29804902024234292,2.4407092532564554,3.025776654758173,8618,1162,1416,2266,5814,2266,1.0,0.13483406822928753,0.1643072638663263,0.26293803666744026,0.67463448595961939,0.26293803666744026
2024-10-16,8480,-0.33138235157450929,2.47195508615464,2.8918023632930083,8480,996,1539,2487,5617,2487,1.0,0.11745283018867925,0.18148584905660378,0.29327830188679244,0.66238207547169814,0.29327830188679244
2024-10-17,8817,-0.39740755325121857,2.4479737938851258,2.9160701733526717,8817,995,1485,2356,5911,2356,1.0,0.11285017579675627,0.16842463422932971,0.26721106952478169,0.67040943631620731,0.26721106952478169
2024-10-18,7907,-0.30696450096391265,2.5005018159191232,2.9336967211125846,7907,1014,1432,2174,5160,2174,1.0,0.12824079929176679,0.18110534969014797,0.27494625015808777,0.65258631592260019,0.27494625015808777
2024-10-19,4170,-0.36448084705973,2.3201997859426435,2.6444625288399464,4170,593,673,1098,2646,1098,1.0,0.1422062350119904,0.16139088729016787,0.2633093525179856,0.63453237410071939,0.2633093525179856
2024-10-20,4187,-0.67320592014176173,2.4092036548528175,2.7584854239722234,4187,473,582,1066,2724,1066,1.0,0.1129687126821113,0.1390016718414139,0.25459756388822546,0.650585144494865,0.25459756388822546
2024-10-21,7514,-0.19722620363861426,2.2872583306470942,2.6202378374858952,7514,735,1035,1822,4958,1822,1.0,0.097817407505988815,0.13774287995741283,0.24248070268831515,0.65983497471386743,0.24248070268831515
2024-10-22,7947,-0.10587359838220763,2.5968749032946215,2.6538961385956248,7947,955,1169,2189,5277,2189,1.0,0.12017113376116774,0.14709953441550269,0.27544985529130489,0.6640241600604001,0.27544985529130489
2024-10-23,8973,-0.34231245606667016,2.44275145481224,2.6757112778596168,8973,1111,1181,2225,6179,2225,1.0,0.12381589212080686,0.13161707344254986,0.24796612058397413,0.68862141981500058,0.24796612058397413
2024-10-24,9733,-0.30719826314640292,2.356559236203307,2.5561196952686829,9733,1018,1520,2342,7039,2342,1.0,0.10459262303503544,0.1561697318401315,0.24062467892736053,0.72320969896229326,0.24062467892736053
2024-10-25,8827,-0.47626797393922438,2.5863190735755306,2.880258519021178,8827,846,1481,2343,6249,2343,1.0,0.095842302027869045,0.1677806729353121,0.26543559533250255,0.70794154299308942,0.26543559533250255
2024-10-26,4556,-0.44632643464862781,2.3137583675040312,2.8144741564047773,4556,491,486,1011,3104,1011,1.0,0.10776997366110623,0.10667251975417033,0.22190517998244075,0.68129938542581214,0.22190517998244075
2024-10-27,4016,-0.55821928350111538,2.5103447975022908,3.0523044396608316,4016,526,558,885,2541,885,1.0,0.13097609561752988,0.13894422310756971,0.22036852589641434,0.63271912350597614,0.22036852589641434
2024-10-28,8229,-0.28071364726674625,2.5839808999610825,2.6335283021966558,8229,984,1181,2321,5061,2321,1.0,0.11957710535909588,0.14351683072062218,0.28205128205128205,0.61502005103900836,0.28205128205128205
2024-10-29,8642,-0.32259208317679366,2.6507859495232533,2.8233391287518179,8642,1173,1265,2319,5752,2319,1.0,0.13573246933580191,0.14637815320527656,0.26834066188382316,0.66558666975237213,0.26834066188382316
2024-10-30,10603,-1.2221522813928365,2.7297976932412253,3.5570922597871779,10603,1090,1537,2521,7317,2521,1.0,0.1028010940299915,0.14495897387531831,0.23776289729321889,0.69008771102518152,0.23776289729321889
2024-10-31,10272,-1.4610121431929155,2.6220469015836989,3.8712192759430519,10272,980,1401,2242,6872,2242,1.0,0.095404984423676009,0.13639018691588786,0.2182632398753894,0.6690031152647975,0.2182632398753894
2024-11-01,8746,-1.039744745388635,2.500150211243624,3.4355539343455117,8746,811,1151,2081,5940,2081,1.0,0.092728104276240564,0.13160301852275325,0.23793734278527326,0.67916761948319226,0.23793734278527326
2024-11-02,5725,-1.3961293885301091,2.3069722595093034,3.2262406700575972,5725,400,533,1134,3828,1134,1.0,0.069868995633187769,0.093100436681222712,0.19807860262008734,0.668646288209607,0.19807860262008734
2024-11-03,4849,-1.2666757546954481,2.58600286847119,3.4526555632660907,4849,376,505,967,3286,967,1.0,0.077541761187873787,0.104145184574139,0.19942256135285627,0.6776654980408332,0.19942256135285627
2024-11-04,8368,-0.51941169106377727,2.3991351174182904,2.7930921743779447,8368,856,1324,2291,5807,2291,1.0,0.1022944550669216,0.15822179732313577,0.27378107074569791,0.69395315487571707,0.27378107074569791
2024-11-05,9180,-0.47343649831471907,2.4974508143170873,2.8213305544830711,9180,795,1240,2282,6412,2282,1.0,0.086601307189542481,0.13507625272331156,0.24858387799564269,0.6984749455337691,0.24858387799564269
2024-11-06,10541,-0.20283025958230971,2.662417155493809,2.7047523916873746,10541,806,1273,2765,7709,2765,1.0,0.076463333649558859,0.12076653068968789,0.26230907883502513,0.73133478797078078,0.26230907883502513
2024-11-07,12019,-0.514210937580283,2.5400023784959362,2.6202392382626853,12019,1307,1516,3078,8427,3078,1.0,0.10874448789416757,0.12613362176553791,0.25609451701472669,0.70113986188534816,0.25609451701472669
2024-11-08,8993,-0.45350121566662488,2.5583219273254278,2.75906948001854,8993,1089,1283,2428,6237,2428,1.0,0.1210941843656177,0.14266651840320249,0.26998776826420551,0.69353941954853771,0.26998776826420551
2024-11-09,5311,-0.43652025124007066,2.436103231297845,2.8327322096240213,5311,412,721,1449,3515,1449,1.0,0.077574844662022219,0.13575597815853888,0.27282997552250049,0.66183392958011678,0.27282997552250049
2024-11-10,5363,-0.73936156248005491,2.3028408066771924,2.8215906690216368,5363,440,694,1589,3634,1589,1.0,0.082043632295357077,0.12940518366585865,0.29628939026664181,0.677605817639381,0.29628939026664181
2024-11-11,11658,-0.34176252075006741,2.4293066358122983,2.4696100429692938,11658,876,1902,3532,7519,3532,1.0,0.075141533710756561,0.16314976839938239,0.30296791902556186,0.64496483101732716,0.30296791902556186
2024-11-12,13575,-0.27586268147404042,2.5090945147218235,2.7279338000298226,13575,1267,2306,4302,8926,4302,1.0,0.093333333333333338,0.16987108655616942,0.31690607734806631,0.65753222836095759,0.31690607734806631
2024-11-13,13298,-0.32497161023649485,2.3923798519299475,2.7819606425699153,13298,1213,2412,3995,8683,3995,1.0,0.091216724319446538,0.18138065874567605,0.30042111595728682,0.65295533162881636,0.30042111595728682
2024-11-14,11504,-0.21134980978451481,2.430008767780004,2.7904261190484525,11504,1008,1893,3308,7792,3308,1.0,0.087621696801112661,0.16455146036161336,0.2875521557719054,0.67732962447844225,0.2875521557719054
2024-11-15,10183,-0.039044219705801242,2.3065525808735661,2.5660081722239183,10183,906,1718,3446,6705,3446,1.0,0.088971815771383675,0.16871256014926839,0.33840714917018561,0.65845035844053812,0.33840714917018561
2024-11-16,7530,-0.64006768979768713,2.3916375234779785,2.95040446189825,7530,619,1173,2398,5133,2398,1.0,0.082204515272244358,0.1557768924302789,0.31845949535192564,0.68167330677290838,0.31845949535192564
2024-11-17,7484,-1.0059614636566518,2.288724350076687,2.9231491006756807,7484,584,951,2814,5393,2814,1.0,0.078033137359700688,0.12707108498129344,0.37600213789417425,0.72060395510422237,0.37600213789417425
2024-11-18,11598,-0.43538187668836636,2.4853981408616224,2.7052790258458863,11598,1143,1546,3015,8300,3015,1.0,0.098551474392136573,0.13329884462838421,0.259958613554061,0.71564062769443,0.259958613554061
2024-11-19,12377,-0.26132816793750591,2.4910747376283666,2.6759200982486835,12377,1425,1822,3090,8722,3090,1.0,0.11513290781287873,0.14720853195443162,0.24965662115213702,0.70469419083784435,0.24965662115213702
2024-11-20,11717,-0.39110407622366428,2.5456014215383811,2.9094559056617997,11717,1051,2176,3232,7538,3232,1.0,0.089698728343432621,0.18571306648459504,0.27583852521976615,0.643338738584962,0.27583852521976615
2024-11-21,11308,0.0044929784460818276,2.6066326181848893,2.722503473997206,11308,993,1991,3259,7518,3259,1.0,0.087813937035726916,0.17607003891050585,0.2882030420940927,0.66483905199858506,0.2882030420940927
2024-11-22,9148,-0.15317051531817771,2.5957178276720989,2.7662078568835069,9148,991,1509,2587,5754,2587,1.0,0.10832968954962834,0.16495408832531702,0.28279405334499347,0.62898994315697421,0.28279405334499347
2024-11-23,5955,-0.79553739365928466,2.4642192190512762,2.6936039614375846,5955,438,814,1470,3425,1470,1.0,0.073551637279596974,0.13669185558354324,0.24685138539042822,0.57514693534844663,0.24685138539042822
2024-11-24,7109,-0.77768053401850312,2.3943714622571148,2.7228403446166674,7109,583,800,2296,4430,2296,1.0,0.082008721339147564,0.11253340835560557,0.322970881980588,0.62315374876916585,0.322970881980588
2024-11-25,8740,-0.41824791653710558,2.3315485109944589,2.7809386561763212,8740,925,1500,2450,5863,2450,1.0,0.10583524027459955,0.17162471395881007,0.2803203661327231,0.67082379862700225,0.2803203661327231
2024-11-26,8065,-0.16598056049609169,2.5713233569538927,2.6702354491742279,8065,903,1114,2057,5374,2057,1.0,0.11196528208307502,0.13812771233725976,0.25505269683818971,0.66633601983880963,0.25505269683818971
2024-11-27,8705,-0.28696875123546606,2.6620861134872262,2.7419346555204607,8705,1028,1146,2184,5759,2184,1.0,0.11809304997128087,0.13164847788627226,0.25089029293509479,0.661573808156232,0.25089029293509479
2024-11-28,7970,-0.15341868388198573,2.7661237562812713,2.8953086133818213,7970,1058,1027,1947,5275,1947,1.0,0.1327478042659975,0.12885821831869509,0.24429109159347553,0.66185696361355084,0.24429109159347553
2024-11-29,7450,-0.43342903506455965,2.5803775239520617,2.90576496014455,7450,781,1008,1912,4934,1912,1.0,0.10483221476510067,0.13530201342281878,0.25664429530201344,0.66228187919463088,0.25664429530201344
2024-11-30,4431,-0.65760454688566572,2.4926637284945956,2.9293982505444522,4431,419,507,960,2776,960,1.0,0.094561047167682238,0.11442112389979689,0.2166553825321598,0.62649514782216209,0.2166553825321598
2024-12-01,4485,-0.82556546867420044,2.4880660739911002,2.8568563080806006,4485,362,551,987,3041,987,1.0,0.080713489409141581,0.12285395763656633,0.22006688963210702,0.67803790412486065,0.22006688963210702
2024-12-02,7976,-0.60708042309274146,2.6117774895160468,2.9072204129133783,7976,834,986,1997,5283,1997,1.0,0.10456369107321965,0.12362086258776329,0.25037612838515544,0.66236208625877635,0.25037612838515544
2024-12-03,8308,-0.15508588038376706,2.4954952366144139,2.6856439533252554,8308,962,1252,2125,5513,2125,1.0,0.1157920077034184,0.15069812229176696,0.25577756379393357,0.66357727491574381,0.25577756379393357
2024-12-04,7750,-0.016130753872093603,2.6293052592446955,2.7682678280079918,7750,1041,1136,2032,4978,2032,1.0,0.13432258064516128,0.14658064516129032,0.2621935483870968,0.64232258064516135,0.2621935483870968
2024-12-05,8085,-0.15138212726277789,2.6547638575149355,2.7698948748905958,8085,1168,1223,1972,5227,1972,1.0,0.14446505875077303,0.15126777983920842,0.24390847247990105,0.64650587507730362,0.24390847247990105
2024-12-06,7793,-0.11026003101247348,2.5605585694229429,2.6817644186732639,7793,978,1351,2038,5114,2038,1.0,0.1254972411138201,0.17336070832798667,0.26151674579751061,0.65622994995508788,0.26151674579751061
2024-12-07,4086,-0.53783216706954518,2.4961139374190737,2.89420168635972,4086,479,550,828,2458,828,1.0,0.11722956436612825,0.13460597161037691,0.20264317180616739,0.60156632403328436,0.20264317180616739
2024-12-08,3492,-0.46336177967936959,2.3837345203750342,2.801420731350019,3492,477,441,748,2146,748,1.0,0.13659793814432988,0.12628865979381443,0.21420389461626574,0.61454753722794964,0.21420389461626574
2024-12-09,7482,-0.37666775042941475,2.4522028976406407,2.7757009535967732,7482,855,1273,2157,4653,2157,1.0,0.11427425821972735,0.17014167334937183,0.28829190056134724,0.6218925421010425,0.28829190056134724
2024-12-10,8040,-0.11678991167482758,2.6157595315156148,2.6630782384695424,8040,1136,1093,2115,5246,2115,1.0,0.14129353233830846,0.13594527363184081,0.26305970149253732,0.65248756218905468,0.26305970149253732
2024-12-11,8603,-0.31566164419938852,2.6427151247153162,2.676981635664601,8603,944,1102,1870,5526,1870,1.0,0.10972916424503081,0.12809485063349993,0.21736603510403349,0.64233406951063587,0.21736603510403349
2024-12-12,7788,0.012263744428879829,2.6307733465641743,2.5484364534344435,7788,1023,1161,2096,5153,2096,1.0,0.13135593220338984,0.14907550077041604,0.26913199794555726,0.66165896250642009,0.26913199794555726
2024-12-13,7850,-0.2247561338876598,2.5573449723713981,2.5450149317269157,7850,1320,1408,2293,5540,2293,1.0,0.16815286624203821,0.17936305732484076,0.2921019108280255,0.70573248407643308,0.2921019108280255
2024-12-14,4155,-0.34716107301406368,2.4782532843107989,2.6741596268986982,4155,587,504,931,2423,931,1.0,0.14127557160048135,0.12129963898916968,0.22406738868832732,0.58315282791817091,0.22406738868832732
2024-12-15,3993,-0.75365234319151719,2.5061958146357273,3.5743558963098137,3993,513,447,774,2582,774,1.0,0.12847483095416981,0.11194590533433509,0.19383921863260706,0.64663160530929131,0.19383921863260706
2024-12-16,7537,-0.5990500959413475,2.6816598821962074,3.0588892991691736,7537,1097,1108,1729,4833,1729,1.0,0.14554862677457875,0.1470080934058644,0.22940161868117287,0.64123656627305292,0.22940161868117287
2024-12-17,8268,-0.48818039553542852,2.6126170069801886,2.8479453332343296,8268,1078,1045,1841,5593,1841,1.0,0.13038219641993226,0.12639090469279149,0.22266569908079342,0.676463473633285,0.22266569908079342
2024-12-18,7864,-0.18289805546033089,2.631850725995486,2.7698997229146221,7864,858,1286,2144,5177,2144,1.0,0.10910478128179044,0.16353001017293997,0.27263479145473041,0.65831637843336721,0.27263479145473041
2024-12-19,7558,-0.1421707385737242,2.6526239702372254,2.8108033018483,7558,1012,1460,2118,5092,2118,1.0,0.13389785657581371,0.19317279703625298,0.28023286583752316,0.67372320719767131,0.28023286583752316
2024-12-20,6687,-0.0801857663264885,2.6842489382201822,2.455466892898658,6687,915,1079,1930,4388,1930,1.0,0.13683266038582323,0.161357858531479,0.28861970988485119,0.65619859428742333,0.28861970988485119
2024-12-21,3746,-0.56891982915034223,2.6663771650686559,2.6606528192877406,3746,515,469,803,2257,803,1.0,0.13747997864388681,0.12520021356113187,0.21436198611852642,0.60250934329951944,0.21436198611852642
2024-12-22,3610,-0.79396465280694817,2.4213985114883547,2.85987547621902,3610,351,554,928,2177,928,1.0,0.097229916897506929,0.15346260387811633,0.25706371191135735,0.60304709141274238,0.25706371191135735
2024-12-23,6324,-0.3240543891290823,2.7316508314092625,2.920328156497622,6324,821,930,1549,4064,1549,1.0,0.12982289690069576,0.14705882352941177,0.24493991144845034,0.64263124604680577,0.24493991144845034
2024-12-24,5367,-0.36934989580005878,2.775933762730022,2.7591717439852652,5367,703,810,1195,3362,1195,1.0,0.13098565306502702,0.15092230296254891,0.22265697782746413,0.626420719209987,0.22265697782746413
2024-12-25,4251,-0.96033451956006666,2.904000677797951,3.2232173641507886,4251,954,439,844,2458,844,1.0,0.22441778405081159,0.10326981886614914,0.19854151964243708,0.57821689014349564,0.19854151964243708
2024-12-26,5977,-1.1806308543971316,2.6171736438333495,3.1741216790786808,5977,1195,736,1437,3604,1437,1.0,0.19993307679437844,0.12313869834365065,0.24042161619541577,0.602978082650159,0.24042161619541577
2024-12-27,6042,-1.4275271523799875,2.5017827209918231,3.5240637124790779,6042,812,856,1588,4051,1588,1.0,0.1343925852366766,0.14167494207216152,0.26282687851704734,0.67047335319430656,0.26282687851704734
2024-12-28,3696,-1.0374475646362245,2.3757152387644744,3.064359481335686,3696,602,358,846,2277,846,1.0,0.16287878787878787,0.096861471861471857,0.2288961038961039,0.6160714285714286,0.2288961038961039
2024-12-29,3369,-1.0415221282061093,2.3353317958666606,3.1717133642018656,3369,517,397,725,2004,725,1.0,0.15345799940635205,0.1178391214010092,0.21519738794894627,0.59483526268922526,0.21519738794894627
2024-12-30,6912,-0.85578141201265212,2.3920195233922277,3.145766329552421,6912,1026,1289,1584,4123,1584,1.0,0.1484375,0.18648726851851852,0.22916666666666666,0.59649884259259256,0.22916666666666666
2024-12-31,6695,-0.87428361336122717,2.5929488103392875,2.8889478732300842,6695,808,1430,1441,4402,1441,1.0,0.12068707991038088,0.21359223300970873,0.2152352501867065,0.65750560119492163,0.2152352501867065